
*** Running vivado
    with args -log rvfpganexys.vds -m64 -product Vivado -mode batch -messageDb vivado.pb -notrace -source rvfpganexys.tcl


****** Vivado v2025.2 (64-bit)
  **** SW Build 6299465 on Fri Nov 14 12:34:56 MST 2025
  **** IP Build 6300035 on Fri Nov 14 10:48:45 MST 2025
  **** SharedData Build 6298862 on Thu Nov 13 04:50:51 MST 2025
  **** Start of session at: Mon Jun  8 12:18:13 2026
    ** Copyright 1986-2022 Xilinx, Inc. All Rights Reserved.
    ** Copyright 2022-2025 Advanced Micro Devices, Inc. All Rights Reserved.

source rvfpganexys.tcl -notrace
Command: synth_design -top rvfpganexys -part xc7a100tcsg324-1
Starting synth_design
Attempting to get a license for feature 'Synthesis' and/or device 'xc7a100t'
INFO: [Common 17-349] Got license for feature 'Synthesis' and/or device 'xc7a100t'
INFO: [Device 21-403] Loading part xc7a100tcsg324-1
INFO: [Synth 8-7079] Multithreading enabled for synth_design using a maximum of 7 processes.
INFO: [Synth 8-7078] Launching helper process for spawning children vivado processes
INFO: [Synth 8-7075] Helper process launched with PID 268014
---------------------------------------------------------------------------------
Starting RTL Elaboration : Time (s): cpu = 00:00:03 ; elapsed = 00:00:03 . Memory (MB): peak = 2217.285 ; gain = 481.844 ; free physical = 4500 ; free virtual = 8682
---------------------------------------------------------------------------------
WARNING: [Synth 8-6901] identifier 'Enables_Reg' is used before its declaration [/run/media/sackb/Windows-SSD/Users/sackb/OneDrive/Desktop/University/Course_Work/2025-2026/Spring_2026/ECE_540/ece540sp26-Final_Project/Hardware/Hardware.srcs/sources_1/imports/vga.srcs/sources_1/imports/src/VeeRwolf/Peripherals/SystemController/veerwolf_syscon.sv:217]
WARNING: [Synth 8-6901] identifier 'Digits_Reg' is used before its declaration [/run/media/sackb/Windows-SSD/Users/sackb/OneDrive/Desktop/University/Course_Work/2025-2026/Spring_2026/ECE_540/ece540sp26-Final_Project/Hardware/Hardware.srcs/sources_1/imports/vga.srcs/sources_1/imports/src/VeeRwolf/Peripherals/SystemController/veerwolf_syscon.sv:220]
WARNING: [Synth 8-6901] identifier 'Digits_Reg' is used before its declaration [/run/media/sackb/Windows-SSD/Users/sackb/OneDrive/Desktop/University/Course_Work/2025-2026/Spring_2026/ECE_540/ece540sp26-Final_Project/Hardware/Hardware.srcs/sources_1/imports/vga.srcs/sources_1/imports/src/VeeRwolf/Peripherals/SystemController/veerwolf_syscon.sv:221]
WARNING: [Synth 8-6901] identifier 'Digits_Reg' is used before its declaration [/run/media/sackb/Windows-SSD/Users/sackb/OneDrive/Desktop/University/Course_Work/2025-2026/Spring_2026/ECE_540/ece540sp26-Final_Project/Hardware/Hardware.srcs/sources_1/imports/vga.srcs/sources_1/imports/src/VeeRwolf/Peripherals/SystemController/veerwolf_syscon.sv:222]
WARNING: [Synth 8-6901] identifier 'Digits_Reg' is used before its declaration [/run/media/sackb/Windows-SSD/Users/sackb/OneDrive/Desktop/University/Course_Work/2025-2026/Spring_2026/ECE_540/ece540sp26-Final_Project/Hardware/Hardware.srcs/sources_1/imports/vga.srcs/sources_1/imports/src/VeeRwolf/Peripherals/SystemController/veerwolf_syscon.sv:223]
WARNING: [Synth 8-11065] parameter 'STATESIZE' becomes localparam in 'axi2wb' with formal parameter declaration list [/run/media/sackb/Windows-SSD/Users/sackb/OneDrive/Desktop/University/Course_Work/2025-2026/Spring_2026/ECE_540/ece540sp26-Final_Project/Hardware/Hardware.srcs/sources_1/imports/vga.srcs/sources_1/imports/src/VeeRwolf/Interconnect/AxiToWb/axi2wb.v:83]
WARNING: [Synth 8-11065] parameter 'IDLE' becomes localparam in 'axi2wb' with formal parameter declaration list [/run/media/sackb/Windows-SSD/Users/sackb/OneDrive/Desktop/University/Course_Work/2025-2026/Spring_2026/ECE_540/ece540sp26-Final_Project/Hardware/Hardware.srcs/sources_1/imports/vga.srcs/sources_1/imports/src/VeeRwolf/Interconnect/AxiToWb/axi2wb.v:86]
WARNING: [Synth 8-11065] parameter 'AWACK' becomes localparam in 'axi2wb' with formal parameter declaration list [/run/media/sackb/Windows-SSD/Users/sackb/OneDrive/Desktop/University/Course_Work/2025-2026/Spring_2026/ECE_540/ece540sp26-Final_Project/Hardware/Hardware.srcs/sources_1/imports/vga.srcs/sources_1/imports/src/VeeRwolf/Interconnect/AxiToWb/axi2wb.v:87]
WARNING: [Synth 8-11065] parameter 'WBWACK' becomes localparam in 'axi2wb' with formal parameter declaration list [/run/media/sackb/Windows-SSD/Users/sackb/OneDrive/Desktop/University/Course_Work/2025-2026/Spring_2026/ECE_540/ece540sp26-Final_Project/Hardware/Hardware.srcs/sources_1/imports/vga.srcs/sources_1/imports/src/VeeRwolf/Interconnect/AxiToWb/axi2wb.v:88]
WARNING: [Synth 8-11065] parameter 'WBRACK1' becomes localparam in 'axi2wb' with formal parameter declaration list [/run/media/sackb/Windows-SSD/Users/sackb/OneDrive/Desktop/University/Course_Work/2025-2026/Spring_2026/ECE_540/ece540sp26-Final_Project/Hardware/Hardware.srcs/sources_1/imports/vga.srcs/sources_1/imports/src/VeeRwolf/Interconnect/AxiToWb/axi2wb.v:89]
WARNING: [Synth 8-11065] parameter 'WBR2' becomes localparam in 'axi2wb' with formal parameter declaration list [/run/media/sackb/Windows-SSD/Users/sackb/OneDrive/Desktop/University/Course_Work/2025-2026/Spring_2026/ECE_540/ece540sp26-Final_Project/Hardware/Hardware.srcs/sources_1/imports/vga.srcs/sources_1/imports/src/VeeRwolf/Interconnect/AxiToWb/axi2wb.v:90]
WARNING: [Synth 8-11065] parameter 'WBRACK2' becomes localparam in 'axi2wb' with formal parameter declaration list [/run/media/sackb/Windows-SSD/Users/sackb/OneDrive/Desktop/University/Course_Work/2025-2026/Spring_2026/ECE_540/ece540sp26-Final_Project/Hardware/Hardware.srcs/sources_1/imports/vga.srcs/sources_1/imports/src/VeeRwolf/Interconnect/AxiToWb/axi2wb.v:91]
WARNING: [Synth 8-11065] parameter 'BAXI' becomes localparam in 'axi2wb' with formal parameter declaration list [/run/media/sackb/Windows-SSD/Users/sackb/OneDrive/Desktop/University/Course_Work/2025-2026/Spring_2026/ECE_540/ece540sp26-Final_Project/Hardware/Hardware.srcs/sources_1/imports/vga.srcs/sources_1/imports/src/VeeRwolf/Interconnect/AxiToWb/axi2wb.v:92]
WARNING: [Synth 8-11065] parameter 'RRAXI' becomes localparam in 'axi2wb' with formal parameter declaration list [/run/media/sackb/Windows-SSD/Users/sackb/OneDrive/Desktop/University/Course_Work/2025-2026/Spring_2026/ECE_540/ece540sp26-Final_Project/Hardware/Hardware.srcs/sources_1/imports/vga.srcs/sources_1/imports/src/VeeRwolf/Interconnect/AxiToWb/axi2wb.v:93]
WARNING: [Synth 8-11065] parameter 'slave_sel_bits' becomes localparam in 'wb_mux' with formal parameter declaration list [/run/media/sackb/Windows-SSD/Users/sackb/OneDrive/Desktop/University/Course_Work/2025-2026/Spring_2026/ECE_540/ece540sp26-Final_Project/Hardware/Hardware.srcs/sources_1/imports/vga.srcs/sources_1/imports/src/VeeRwolf/Interconnect/WishboneInterconnect/wb_intercon_1.2.2-r1/rtl/verilog/wb_mux.v:87]
INFO: [Synth 8-6157] synthesizing module 'rvfpganexys' [/run/media/sackb/Windows-SSD/Users/sackb/OneDrive/Desktop/University/Course_Work/2025-2026/Spring_2026/ECE_540/ece540sp26-Final_Project/Hardware/Hardware.srcs/sources_1/imports/vga.srcs/sources_1/imports/src/rvfpganexys.sv:25]
INFO: [Synth 8-6157] synthesizing module 'AXI_BUS' [/run/media/sackb/Windows-SSD/Users/sackb/OneDrive/Desktop/University/Course_Work/2025-2026/Spring_2026/ECE_540/ece540sp26-Final_Project/Hardware/Hardware.srcs/sources_1/imports/vga.srcs/sources_1/imports/src/VeeRwolf/Interconnect/AxiInterconnect/pulp-platform.org__axi_0.25.0/src/axi_intf.sv:20]
	Parameter AXI_ADDR_WIDTH bound to: 32'b00000000000000000000000000100000 
	Parameter AXI_DATA_WIDTH bound to: 32'b00000000000000000000000001000000 
	Parameter AXI_ID_WIDTH bound to: 32'b00000000000000000000000000000110 
	Parameter AXI_USER_WIDTH bound to: 32'b00000000000000000000000000000001 
INFO: [Synth 8-6155] done synthesizing module 'AXI_BUS' (0#1) [/run/media/sackb/Windows-SSD/Users/sackb/OneDrive/Desktop/University/Course_Work/2025-2026/Spring_2026/ECE_540/ece540sp26-Final_Project/Hardware/Hardware.srcs/sources_1/imports/vga.srcs/sources_1/imports/src/VeeRwolf/Interconnect/AxiInterconnect/pulp-platform.org__axi_0.25.0/src/axi_intf.sv:20]
INFO: [Synth 8-6157] synthesizing module 'AXI_BUS' [/run/media/sackb/Windows-SSD/Users/sackb/OneDrive/Desktop/University/Course_Work/2025-2026/Spring_2026/ECE_540/ece540sp26-Final_Project/Hardware/Hardware.srcs/sources_1/imports/vga.srcs/sources_1/imports/src/VeeRwolf/Interconnect/AxiInterconnect/pulp-platform.org__axi_0.25.0/src/axi_intf.sv:20]
	Parameter AXI_ADDR_WIDTH bound to: 32'b00000000000000000000000000100000 
	Parameter AXI_DATA_WIDTH bound to: 32'b00000000000000000000000001000000 
	Parameter AXI_ID_WIDTH bound to: 32'b00000000000000000000000000000110 
	Parameter AXI_USER_WIDTH bound to: 32'b00000000000000000000000000000001 
INFO: [Synth 8-6155] done synthesizing module 'AXI_BUS' (0#1) [/run/media/sackb/Windows-SSD/Users/sackb/OneDrive/Desktop/University/Course_Work/2025-2026/Spring_2026/ECE_540/ece540sp26-Final_Project/Hardware/Hardware.srcs/sources_1/imports/vga.srcs/sources_1/imports/src/VeeRwolf/Interconnect/AxiInterconnect/pulp-platform.org__axi_0.25.0/src/axi_intf.sv:20]
INFO: [Synth 8-6157] synthesizing module 'AXI_BUS' [/run/media/sackb/Windows-SSD/Users/sackb/OneDrive/Desktop/University/Course_Work/2025-2026/Spring_2026/ECE_540/ece540sp26-Final_Project/Hardware/Hardware.srcs/sources_1/imports/vga.srcs/sources_1/imports/src/VeeRwolf/Interconnect/AxiInterconnect/pulp-platform.org__axi_0.25.0/src/axi_intf.sv:20]
	Parameter AXI_ADDR_WIDTH bound to: 32'b00000000000000000000000000100000 
	Parameter AXI_DATA_WIDTH bound to: 32'b00000000000000000000000001000000 
	Parameter AXI_ID_WIDTH bound to: 32'b00000000000000000000000000000110 
	Parameter AXI_USER_WIDTH bound to: 32'b00000000000000000000000000000001 
INFO: [Synth 8-6155] done synthesizing module 'AXI_BUS' (0#1) [/run/media/sackb/Windows-SSD/Users/sackb/OneDrive/Desktop/University/Course_Work/2025-2026/Spring_2026/ECE_540/ece540sp26-Final_Project/Hardware/Hardware.srcs/sources_1/imports/vga.srcs/sources_1/imports/src/VeeRwolf/Interconnect/AxiInterconnect/pulp-platform.org__axi_0.25.0/src/axi_intf.sv:20]
INFO: [Synth 8-6157] synthesizing module 'AXI_BUS' [/run/media/sackb/Windows-SSD/Users/sackb/OneDrive/Desktop/University/Course_Work/2025-2026/Spring_2026/ECE_540/ece540sp26-Final_Project/Hardware/Hardware.srcs/sources_1/imports/vga.srcs/sources_1/imports/src/VeeRwolf/Interconnect/AxiInterconnect/pulp-platform.org__axi_0.25.0/src/axi_intf.sv:20]
	Parameter AXI_ADDR_WIDTH bound to: 32'b00000000000000000000000000100000 
	Parameter AXI_DATA_WIDTH bound to: 32'b00000000000000000000000001000000 
	Parameter AXI_ID_WIDTH bound to: 32'b00000000000000000000000000000110 
	Parameter AXI_USER_WIDTH bound to: 32'b00000000000000000000000000000001 
INFO: [Synth 8-6155] done synthesizing module 'AXI_BUS' (0#1) [/run/media/sackb/Windows-SSD/Users/sackb/OneDrive/Desktop/University/Course_Work/2025-2026/Spring_2026/ECE_540/ece540sp26-Final_Project/Hardware/Hardware.srcs/sources_1/imports/vga.srcs/sources_1/imports/src/VeeRwolf/Interconnect/AxiInterconnect/pulp-platform.org__axi_0.25.0/src/axi_intf.sv:20]
INFO: [Synth 8-6157] synthesizing module 'clk_gen_nexys' [/run/media/sackb/Windows-SSD/Users/sackb/OneDrive/Desktop/University/Course_Work/2025-2026/Spring_2026/ECE_540/ece540sp26-Final_Project/Hardware/Hardware.srcs/sources_1/imports/vga.srcs/sources_1/imports/src/OtherSources/clk_gen_nexys.v:24]
INFO: [Synth 8-6157] synthesizing module 'PLLE2_BASE' [/tools/Xilinx/2025.2/Vivado/scripts/rt/data/unisim_comp.v:133986]
	Parameter BANDWIDTH bound to: OPTIMIZED - type: string 
	Parameter CLKFBOUT_MULT bound to: 15 - type: integer 
	Parameter CLKIN1_PERIOD bound to: 1.000000e+01 - type: double 
	Parameter CLKOUT0_DIVIDE bound to: 60 - type: integer 
	Parameter CLKOUT1_DIVIDE bound to: 15 - type: integer 
	Parameter CLKOUT2_DIVIDE bound to: 12 - type: integer 
	Parameter DIVCLK_DIVIDE bound to: 1 - type: integer 
	Parameter STARTUP_WAIT bound to: FALSE - type: string 
INFO: [Synth 8-6155] done synthesizing module 'PLLE2_BASE' (0#1) [/tools/Xilinx/2025.2/Vivado/scripts/rt/data/unisim_comp.v:133986]
INFO: [Synth 8-6155] done synthesizing module 'clk_gen_nexys' (0#1) [/run/media/sackb/Windows-SSD/Users/sackb/OneDrive/Desktop/University/Course_Work/2025-2026/Spring_2026/ECE_540/ece540sp26-Final_Project/Hardware/Hardware.srcs/sources_1/imports/vga.srcs/sources_1/imports/src/OtherSources/clk_gen_nexys.v:24]
INFO: [Synth 8-6157] synthesizing module 'axi_cdc_intf' [/run/media/sackb/Windows-SSD/Users/sackb/OneDrive/Desktop/University/Course_Work/2025-2026/Spring_2026/ECE_540/ece540sp26-Final_Project/Hardware/Hardware.srcs/sources_1/imports/vga.srcs/sources_1/imports/src/VeeRwolf/Interconnect/AxiInterconnect/pulp-platform.org__axi_0.25.0/src/axi_cdc.sv:133]
	Parameter AXI_ID_WIDTH bound to: 32'b00000000000000000000000000000110 
	Parameter AXI_ADDR_WIDTH bound to: 32'b00000000000000000000000000100000 
	Parameter AXI_DATA_WIDTH bound to: 32'b00000000000000000000000001000000 
	Parameter AXI_USER_WIDTH bound to: 32'b00000000000000000000000000000001 
INFO: [Synth 8-6157] synthesizing module 'axi_cdc' [/run/media/sackb/Windows-SSD/Users/sackb/OneDrive/Desktop/University/Course_Work/2025-2026/Spring_2026/ECE_540/ece540sp26-Final_Project/Hardware/Hardware.srcs/sources_1/imports/vga.srcs/sources_1/imports/src/VeeRwolf/Interconnect/AxiInterconnect/pulp-platform.org__axi_0.25.0/src/axi_cdc.sv:23]
	Parameter LogDepth bound to: 32'b00000000000000000000000000000001 
INFO: [Synth 8-6157] synthesizing module 'cdc_fifo_gray' [/run/media/sackb/Windows-SSD/Users/sackb/OneDrive/Desktop/University/Course_Work/2025-2026/Spring_2026/ECE_540/ece540sp26-Final_Project/Hardware/Hardware.srcs/sources_1/imports/vga.srcs/sources_1/imports/src/OtherSources/pulp-platform.org__common_cells_1.20.0/src/cdc_fifo_gray.sv:78]
	Parameter WIDTH bound to: 32'b00000000000000000000000001001010 
	Parameter LOG_DEPTH bound to: 32'sb00000000000000000000000000000001 
INFO: [Synth 8-6157] synthesizing module 'cdc_fifo_gray_src' [/run/media/sackb/Windows-SSD/Users/sackb/OneDrive/Desktop/University/Course_Work/2025-2026/Spring_2026/ECE_540/ece540sp26-Final_Project/Hardware/Hardware.srcs/sources_1/imports/vga.srcs/sources_1/imports/src/OtherSources/pulp-platform.org__common_cells_1.20.0/src/cdc_fifo_gray.sv:148]
	Parameter LOG_DEPTH bound to: 32'sb00000000000000000000000000000001 
INFO: [Synth 8-6157] synthesizing module 'sync' [/run/media/sackb/Windows-SSD/Users/sackb/OneDrive/Desktop/University/Course_Work/2025-2026/Spring_2026/ECE_540/ece540sp26-Final_Project/Hardware/Hardware.srcs/sources_1/imports/vga.srcs/sources_1/imports/src/OtherSources/pulp-platform.org__common_cells_1.20.0/src/sync.sv:13]
	Parameter STAGES bound to: 32'b00000000000000000000000000000010 
INFO: [Synth 8-6155] done synthesizing module 'sync' (0#1) [/run/media/sackb/Windows-SSD/Users/sackb/OneDrive/Desktop/University/Course_Work/2025-2026/Spring_2026/ECE_540/ece540sp26-Final_Project/Hardware/Hardware.srcs/sources_1/imports/vga.srcs/sources_1/imports/src/OtherSources/pulp-platform.org__common_cells_1.20.0/src/sync.sv:13]
INFO: [Synth 8-6157] synthesizing module 'gray_to_binary' [/run/media/sackb/Windows-SSD/Users/sackb/OneDrive/Desktop/University/Course_Work/2025-2026/Spring_2026/ECE_540/ece540sp26-Final_Project/Hardware/Hardware.srcs/sources_1/imports/vga.srcs/sources_1/imports/src/OtherSources/pulp-platform.org__common_cells_1.20.0/src/gray_to_binary.sv:15]
	Parameter N bound to: 32'sb00000000000000000000000000000010 
INFO: [Synth 8-6155] done synthesizing module 'gray_to_binary' (0#1) [/run/media/sackb/Windows-SSD/Users/sackb/OneDrive/Desktop/University/Course_Work/2025-2026/Spring_2026/ECE_540/ece540sp26-Final_Project/Hardware/Hardware.srcs/sources_1/imports/vga.srcs/sources_1/imports/src/OtherSources/pulp-platform.org__common_cells_1.20.0/src/gray_to_binary.sv:15]
INFO: [Synth 8-6157] synthesizing module 'binary_to_gray' [/run/media/sackb/Windows-SSD/Users/sackb/OneDrive/Desktop/University/Course_Work/2025-2026/Spring_2026/ECE_540/ece540sp26-Final_Project/Hardware/Hardware.srcs/sources_1/imports/vga.srcs/sources_1/imports/src/OtherSources/pulp-platform.org__common_cells_1.20.0/src/binary_to_gray.sv:15]
	Parameter N bound to: 32'sb00000000000000000000000000000010 
INFO: [Synth 8-6155] done synthesizing module 'binary_to_gray' (0#1) [/run/media/sackb/Windows-SSD/Users/sackb/OneDrive/Desktop/University/Course_Work/2025-2026/Spring_2026/ECE_540/ece540sp26-Final_Project/Hardware/Hardware.srcs/sources_1/imports/vga.srcs/sources_1/imports/src/OtherSources/pulp-platform.org__common_cells_1.20.0/src/binary_to_gray.sv:15]
INFO: [Synth 8-6155] done synthesizing module 'cdc_fifo_gray_src' (0#1) [/run/media/sackb/Windows-SSD/Users/sackb/OneDrive/Desktop/University/Course_Work/2025-2026/Spring_2026/ECE_540/ece540sp26-Final_Project/Hardware/Hardware.srcs/sources_1/imports/vga.srcs/sources_1/imports/src/OtherSources/pulp-platform.org__common_cells_1.20.0/src/cdc_fifo_gray.sv:148]
INFO: [Synth 8-6157] synthesizing module 'cdc_fifo_gray_dst' [/run/media/sackb/Windows-SSD/Users/sackb/OneDrive/Desktop/University/Course_Work/2025-2026/Spring_2026/ECE_540/ece540sp26-Final_Project/Hardware/Hardware.srcs/sources_1/imports/vga.srcs/sources_1/imports/src/OtherSources/pulp-platform.org__common_cells_1.20.0/src/cdc_fifo_gray.sv:206]
	Parameter LOG_DEPTH bound to: 32'sb00000000000000000000000000000001 
INFO: [Synth 8-6157] synthesizing module 'spill_register' [/run/media/sackb/Windows-SSD/Users/sackb/OneDrive/Desktop/University/Course_Work/2025-2026/Spring_2026/ECE_540/ece540sp26-Final_Project/Hardware/Hardware.srcs/sources_1/imports/vga.srcs/sources_1/imports/src/OtherSources/pulp-platform.org__common_cells_1.20.0/src/spill_register.sv:17]
INFO: [Synth 8-6155] done synthesizing module 'spill_register' (0#1) [/run/media/sackb/Windows-SSD/Users/sackb/OneDrive/Desktop/University/Course_Work/2025-2026/Spring_2026/ECE_540/ece540sp26-Final_Project/Hardware/Hardware.srcs/sources_1/imports/vga.srcs/sources_1/imports/src/OtherSources/pulp-platform.org__common_cells_1.20.0/src/spill_register.sv:17]
INFO: [Synth 8-6155] done synthesizing module 'cdc_fifo_gray_dst' (0#1) [/run/media/sackb/Windows-SSD/Users/sackb/OneDrive/Desktop/University/Course_Work/2025-2026/Spring_2026/ECE_540/ece540sp26-Final_Project/Hardware/Hardware.srcs/sources_1/imports/vga.srcs/sources_1/imports/src/OtherSources/pulp-platform.org__common_cells_1.20.0/src/cdc_fifo_gray.sv:206]
INFO: [Synth 8-6155] done synthesizing module 'cdc_fifo_gray' (0#1) [/run/media/sackb/Windows-SSD/Users/sackb/OneDrive/Desktop/University/Course_Work/2025-2026/Spring_2026/ECE_540/ece540sp26-Final_Project/Hardware/Hardware.srcs/sources_1/imports/vga.srcs/sources_1/imports/src/OtherSources/pulp-platform.org__common_cells_1.20.0/src/cdc_fifo_gray.sv:78]
INFO: [Synth 8-6157] synthesizing module 'cdc_fifo_gray__parameterized0' [/run/media/sackb/Windows-SSD/Users/sackb/OneDrive/Desktop/University/Course_Work/2025-2026/Spring_2026/ECE_540/ece540sp26-Final_Project/Hardware/Hardware.srcs/sources_1/imports/vga.srcs/sources_1/imports/src/OtherSources/pulp-platform.org__common_cells_1.20.0/src/cdc_fifo_gray.sv:78]
	Parameter WIDTH bound to: 32'b00000000000000000000000000001001 
	Parameter LOG_DEPTH bound to: 32'sb00000000000000000000000000000001 
INFO: [Synth 8-6157] synthesizing module 'cdc_fifo_gray_src__parameterized0' [/run/media/sackb/Windows-SSD/Users/sackb/OneDrive/Desktop/University/Course_Work/2025-2026/Spring_2026/ECE_540/ece540sp26-Final_Project/Hardware/Hardware.srcs/sources_1/imports/vga.srcs/sources_1/imports/src/OtherSources/pulp-platform.org__common_cells_1.20.0/src/cdc_fifo_gray.sv:148]
	Parameter LOG_DEPTH bound to: 32'sb00000000000000000000000000000001 
INFO: [Synth 8-6155] done synthesizing module 'cdc_fifo_gray_src__parameterized0' (0#1) [/run/media/sackb/Windows-SSD/Users/sackb/OneDrive/Desktop/University/Course_Work/2025-2026/Spring_2026/ECE_540/ece540sp26-Final_Project/Hardware/Hardware.srcs/sources_1/imports/vga.srcs/sources_1/imports/src/OtherSources/pulp-platform.org__common_cells_1.20.0/src/cdc_fifo_gray.sv:148]
INFO: [Synth 8-6157] synthesizing module 'cdc_fifo_gray_dst__parameterized0' [/run/media/sackb/Windows-SSD/Users/sackb/OneDrive/Desktop/University/Course_Work/2025-2026/Spring_2026/ECE_540/ece540sp26-Final_Project/Hardware/Hardware.srcs/sources_1/imports/vga.srcs/sources_1/imports/src/OtherSources/pulp-platform.org__common_cells_1.20.0/src/cdc_fifo_gray.sv:206]
	Parameter LOG_DEPTH bound to: 32'sb00000000000000000000000000000001 
INFO: [Synth 8-6157] synthesizing module 'spill_register__parameterized0' [/run/media/sackb/Windows-SSD/Users/sackb/OneDrive/Desktop/University/Course_Work/2025-2026/Spring_2026/ECE_540/ece540sp26-Final_Project/Hardware/Hardware.srcs/sources_1/imports/vga.srcs/sources_1/imports/src/OtherSources/pulp-platform.org__common_cells_1.20.0/src/spill_register.sv:17]
INFO: [Synth 8-6155] done synthesizing module 'spill_register__parameterized0' (0#1) [/run/media/sackb/Windows-SSD/Users/sackb/OneDrive/Desktop/University/Course_Work/2025-2026/Spring_2026/ECE_540/ece540sp26-Final_Project/Hardware/Hardware.srcs/sources_1/imports/vga.srcs/sources_1/imports/src/OtherSources/pulp-platform.org__common_cells_1.20.0/src/spill_register.sv:17]
INFO: [Synth 8-6155] done synthesizing module 'cdc_fifo_gray_dst__parameterized0' (0#1) [/run/media/sackb/Windows-SSD/Users/sackb/OneDrive/Desktop/University/Course_Work/2025-2026/Spring_2026/ECE_540/ece540sp26-Final_Project/Hardware/Hardware.srcs/sources_1/imports/vga.srcs/sources_1/imports/src/OtherSources/pulp-platform.org__common_cells_1.20.0/src/cdc_fifo_gray.sv:206]
INFO: [Synth 8-6155] done synthesizing module 'cdc_fifo_gray__parameterized0' (0#1) [/run/media/sackb/Windows-SSD/Users/sackb/OneDrive/Desktop/University/Course_Work/2025-2026/Spring_2026/ECE_540/ece540sp26-Final_Project/Hardware/Hardware.srcs/sources_1/imports/vga.srcs/sources_1/imports/src/OtherSources/pulp-platform.org__common_cells_1.20.0/src/cdc_fifo_gray.sv:78]
INFO: [Synth 8-6157] synthesizing module 'cdc_fifo_gray__parameterized1' [/run/media/sackb/Windows-SSD/Users/sackb/OneDrive/Desktop/University/Course_Work/2025-2026/Spring_2026/ECE_540/ece540sp26-Final_Project/Hardware/Hardware.srcs/sources_1/imports/vga.srcs/sources_1/imports/src/OtherSources/pulp-platform.org__common_cells_1.20.0/src/cdc_fifo_gray.sv:78]
	Parameter WIDTH bound to: 32'b00000000000000000000000001000100 
	Parameter LOG_DEPTH bound to: 32'sb00000000000000000000000000000001 
INFO: [Synth 8-6157] synthesizing module 'cdc_fifo_gray_src__parameterized1' [/run/media/sackb/Windows-SSD/Users/sackb/OneDrive/Desktop/University/Course_Work/2025-2026/Spring_2026/ECE_540/ece540sp26-Final_Project/Hardware/Hardware.srcs/sources_1/imports/vga.srcs/sources_1/imports/src/OtherSources/pulp-platform.org__common_cells_1.20.0/src/cdc_fifo_gray.sv:148]
	Parameter LOG_DEPTH bound to: 32'sb00000000000000000000000000000001 
INFO: [Synth 8-6155] done synthesizing module 'cdc_fifo_gray_src__parameterized1' (0#1) [/run/media/sackb/Windows-SSD/Users/sackb/OneDrive/Desktop/University/Course_Work/2025-2026/Spring_2026/ECE_540/ece540sp26-Final_Project/Hardware/Hardware.srcs/sources_1/imports/vga.srcs/sources_1/imports/src/OtherSources/pulp-platform.org__common_cells_1.20.0/src/cdc_fifo_gray.sv:148]
INFO: [Synth 8-6157] synthesizing module 'cdc_fifo_gray_dst__parameterized1' [/run/media/sackb/Windows-SSD/Users/sackb/OneDrive/Desktop/University/Course_Work/2025-2026/Spring_2026/ECE_540/ece540sp26-Final_Project/Hardware/Hardware.srcs/sources_1/imports/vga.srcs/sources_1/imports/src/OtherSources/pulp-platform.org__common_cells_1.20.0/src/cdc_fifo_gray.sv:206]
	Parameter LOG_DEPTH bound to: 32'sb00000000000000000000000000000001 
INFO: [Synth 8-6157] synthesizing module 'spill_register__parameterized1' [/run/media/sackb/Windows-SSD/Users/sackb/OneDrive/Desktop/University/Course_Work/2025-2026/Spring_2026/ECE_540/ece540sp26-Final_Project/Hardware/Hardware.srcs/sources_1/imports/vga.srcs/sources_1/imports/src/OtherSources/pulp-platform.org__common_cells_1.20.0/src/spill_register.sv:17]
INFO: [Synth 8-6155] done synthesizing module 'spill_register__parameterized1' (0#1) [/run/media/sackb/Windows-SSD/Users/sackb/OneDrive/Desktop/University/Course_Work/2025-2026/Spring_2026/ECE_540/ece540sp26-Final_Project/Hardware/Hardware.srcs/sources_1/imports/vga.srcs/sources_1/imports/src/OtherSources/pulp-platform.org__common_cells_1.20.0/src/spill_register.sv:17]
INFO: [Synth 8-6155] done synthesizing module 'cdc_fifo_gray_dst__parameterized1' (0#1) [/run/media/sackb/Windows-SSD/Users/sackb/OneDrive/Desktop/University/Course_Work/2025-2026/Spring_2026/ECE_540/ece540sp26-Final_Project/Hardware/Hardware.srcs/sources_1/imports/vga.srcs/sources_1/imports/src/OtherSources/pulp-platform.org__common_cells_1.20.0/src/cdc_fifo_gray.sv:206]
INFO: [Synth 8-6155] done synthesizing module 'cdc_fifo_gray__parameterized1' (0#1) [/run/media/sackb/Windows-SSD/Users/sackb/OneDrive/Desktop/University/Course_Work/2025-2026/Spring_2026/ECE_540/ece540sp26-Final_Project/Hardware/Hardware.srcs/sources_1/imports/vga.srcs/sources_1/imports/src/OtherSources/pulp-platform.org__common_cells_1.20.0/src/cdc_fifo_gray.sv:78]
INFO: [Synth 8-6155] done synthesizing module 'axi_cdc' (0#1) [/run/media/sackb/Windows-SSD/Users/sackb/OneDrive/Desktop/University/Course_Work/2025-2026/Spring_2026/ECE_540/ece540sp26-Final_Project/Hardware/Hardware.srcs/sources_1/imports/vga.srcs/sources_1/imports/src/VeeRwolf/Interconnect/AxiInterconnect/pulp-platform.org__axi_0.25.0/src/axi_cdc.sv:23]
INFO: [Synth 8-6155] done synthesizing module 'axi_cdc_intf' (0#1) [/run/media/sackb/Windows-SSD/Users/sackb/OneDrive/Desktop/University/Course_Work/2025-2026/Spring_2026/ECE_540/ece540sp26-Final_Project/Hardware/Hardware.srcs/sources_1/imports/vga.srcs/sources_1/imports/src/VeeRwolf/Interconnect/AxiInterconnect/pulp-platform.org__axi_0.25.0/src/axi_cdc.sv:133]
INFO: [Synth 8-6157] synthesizing module 'axi_cdc_intf__parameterized0' [/run/media/sackb/Windows-SSD/Users/sackb/OneDrive/Desktop/University/Course_Work/2025-2026/Spring_2026/ECE_540/ece540sp26-Final_Project/Hardware/Hardware.srcs/sources_1/imports/vga.srcs/sources_1/imports/src/VeeRwolf/Interconnect/AxiInterconnect/pulp-platform.org__axi_0.25.0/src/axi_cdc.sv:133]
	Parameter AXI_ID_WIDTH bound to: 32'b00000000000000000000000000000110 
	Parameter AXI_ADDR_WIDTH bound to: 32'b00000000000000000000000000100000 
	Parameter AXI_DATA_WIDTH bound to: 32'b00000000000000000000000001000000 
	Parameter AXI_USER_WIDTH bound to: 32'b00000000000000000000000000000001 
INFO: [Synth 8-6155] done synthesizing module 'axi_cdc_intf__parameterized0' (0#1) [/run/media/sackb/Windows-SSD/Users/sackb/OneDrive/Desktop/University/Course_Work/2025-2026/Spring_2026/ECE_540/ece540sp26-Final_Project/Hardware/Hardware.srcs/sources_1/imports/vga.srcs/sources_1/imports/src/VeeRwolf/Interconnect/AxiInterconnect/pulp-platform.org__axi_0.25.0/src/axi_cdc.sv:133]
INFO: [Synth 8-6157] synthesizing module 'litedram_top' [/run/media/sackb/Windows-SSD/Users/sackb/OneDrive/Desktop/University/Course_Work/2025-2026/Spring_2026/ECE_540/ece540sp26-Final_Project/Hardware/Hardware.srcs/sources_1/imports/vga.srcs/sources_1/imports/src/LiteDRAM/litedram_top.v:27]
	Parameter ID_WIDTH bound to: 6 - type: integer 
INFO: [Synth 8-6157] synthesizing module 'litedram_core' [/run/media/sackb/Windows-SSD/Users/sackb/OneDrive/Desktop/University/Course_Work/2025-2026/Spring_2026/ECE_540/ece540sp26-Final_Project/Hardware/Hardware.srcs/sources_1/imports/vga.srcs/sources_1/imports/src/LiteDRAM/litedram_core.v:4]
INFO: [Synth 8-3876] $readmem data file 'litedram_core.init' is read successfully [/run/media/sackb/Windows-SSD/Users/sackb/OneDrive/Desktop/University/Course_Work/2025-2026/Spring_2026/ECE_540/ece540sp26-Final_Project/Hardware/Hardware.srcs/sources_1/imports/vga.srcs/sources_1/imports/src/LiteDRAM/litedram_core.v:16699]
INFO: [Synth 8-3876] $readmem data file 'mem_1.init' is read successfully [/run/media/sackb/Windows-SSD/Users/sackb/OneDrive/Desktop/University/Course_Work/2025-2026/Spring_2026/ECE_540/ece540sp26-Final_Project/Hardware/Hardware.srcs/sources_1/imports/vga.srcs/sources_1/imports/src/LiteDRAM/litedram_core.v:16719]
INFO: [Synth 8-155] case statement is not full and has no default [/run/media/sackb/Windows-SSD/Users/sackb/OneDrive/Desktop/University/Course_Work/2025-2026/Spring_2026/ECE_540/ece540sp26-Final_Project/Hardware/Hardware.srcs/sources_1/imports/vga.srcs/sources_1/imports/src/LiteDRAM/litedram_core.v:15886]
INFO: [Synth 8-155] case statement is not full and has no default [/run/media/sackb/Windows-SSD/Users/sackb/OneDrive/Desktop/University/Course_Work/2025-2026/Spring_2026/ECE_540/ece540sp26-Final_Project/Hardware/Hardware.srcs/sources_1/imports/vga.srcs/sources_1/imports/src/LiteDRAM/litedram_core.v:15955]
INFO: [Synth 8-155] case statement is not full and has no default [/run/media/sackb/Windows-SSD/Users/sackb/OneDrive/Desktop/University/Course_Work/2025-2026/Spring_2026/ECE_540/ece540sp26-Final_Project/Hardware/Hardware.srcs/sources_1/imports/vga.srcs/sources_1/imports/src/LiteDRAM/litedram_core.v:16023]
INFO: [Synth 8-155] case statement is not full and has no default [/run/media/sackb/Windows-SSD/Users/sackb/OneDrive/Desktop/University/Course_Work/2025-2026/Spring_2026/ECE_540/ece540sp26-Final_Project/Hardware/Hardware.srcs/sources_1/imports/vga.srcs/sources_1/imports/src/LiteDRAM/litedram_core.v:16171]
INFO: [Synth 8-6157] synthesizing module 'BUFG' [/tools/Xilinx/2025.2/Vivado/scripts/rt/data/unisim_comp.v:2678]
INFO: [Synth 8-6155] done synthesizing module 'BUFG' (0#1) [/tools/Xilinx/2025.2/Vivado/scripts/rt/data/unisim_comp.v:2678]
WARNING: [Synth 8-4446] all outputs are unconnected for this instance and logic may be removed [/run/media/sackb/Windows-SSD/Users/sackb/OneDrive/Desktop/University/Course_Work/2025-2026/Spring_2026/ECE_540/ece540sp26-Final_Project/Hardware/Hardware.srcs/sources_1/imports/vga.srcs/sources_1/imports/src/LiteDRAM/litedram_core.v:16776]
INFO: [Synth 8-6157] synthesizing module 'IDELAYCTRL' [/tools/Xilinx/2025.2/Vivado/scripts/rt/data/unisim_comp.v:85096]
INFO: [Synth 8-6155] done synthesizing module 'IDELAYCTRL' (0#1) [/tools/Xilinx/2025.2/Vivado/scripts/rt/data/unisim_comp.v:85096]
WARNING: [Synth 8-7071] port 'RDY' of module 'IDELAYCTRL' is unconnected for instance 'IDELAYCTRL' [/run/media/sackb/Windows-SSD/Users/sackb/OneDrive/Desktop/University/Course_Work/2025-2026/Spring_2026/ECE_540/ece540sp26-Final_Project/Hardware/Hardware.srcs/sources_1/imports/vga.srcs/sources_1/imports/src/LiteDRAM/litedram_core.v:16776]
WARNING: [Synth 8-7023] instance 'IDELAYCTRL' of module 'IDELAYCTRL' has 3 connections declared, but only 2 given [/run/media/sackb/Windows-SSD/Users/sackb/OneDrive/Desktop/University/Course_Work/2025-2026/Spring_2026/ECE_540/ece540sp26-Final_Project/Hardware/Hardware.srcs/sources_1/imports/vga.srcs/sources_1/imports/src/LiteDRAM/litedram_core.v:16776]
INFO: [Synth 8-6157] synthesizing module 'OSERDESE2' [/tools/Xilinx/2025.2/Vivado/scripts/rt/data/unisim_comp.v:117832]
	Parameter DATA_RATE_OQ bound to: DDR - type: string 
	Parameter DATA_RATE_TQ bound to: BUF - type: string 
	Parameter DATA_WIDTH bound to: 4 - type: integer 
	Parameter SERDES_MODE bound to: MASTER - type: string 
	Parameter TRISTATE_WIDTH bound to: 1 - type: integer 
INFO: [Synth 8-6155] done synthesizing module 'OSERDESE2' (0#1) [/tools/Xilinx/2025.2/Vivado/scripts/rt/data/unisim_comp.v:117832]
WARNING: [Synth 8-7071] port 'OFB' of module 'OSERDESE2' is unconnected for instance 'OSERDESE2' [/run/media/sackb/Windows-SSD/Users/sackb/OneDrive/Desktop/University/Course_Work/2025-2026/Spring_2026/ECE_540/ece540sp26-Final_Project/Hardware/Hardware.srcs/sources_1/imports/vga.srcs/sources_1/imports/src/LiteDRAM/litedram_core.v:16787]
WARNING: [Synth 8-7071] port 'SHIFTOUT1' of module 'OSERDESE2' is unconnected for instance 'OSERDESE2' [/run/media/sackb/Windows-SSD/Users/sackb/OneDrive/Desktop/University/Course_Work/2025-2026/Spring_2026/ECE_540/ece540sp26-Final_Project/Hardware/Hardware.srcs/sources_1/imports/vga.srcs/sources_1/imports/src/LiteDRAM/litedram_core.v:16787]
WARNING: [Synth 8-7071] port 'SHIFTOUT2' of module 'OSERDESE2' is unconnected for instance 'OSERDESE2' [/run/media/sackb/Windows-SSD/Users/sackb/OneDrive/Desktop/University/Course_Work/2025-2026/Spring_2026/ECE_540/ece540sp26-Final_Project/Hardware/Hardware.srcs/sources_1/imports/vga.srcs/sources_1/imports/src/LiteDRAM/litedram_core.v:16787]
WARNING: [Synth 8-7071] port 'TBYTEOUT' of module 'OSERDESE2' is unconnected for instance 'OSERDESE2' [/run/media/sackb/Windows-SSD/Users/sackb/OneDrive/Desktop/University/Course_Work/2025-2026/Spring_2026/ECE_540/ece540sp26-Final_Project/Hardware/Hardware.srcs/sources_1/imports/vga.srcs/sources_1/imports/src/LiteDRAM/litedram_core.v:16787]
WARNING: [Synth 8-7071] port 'TFB' of module 'OSERDESE2' is unconnected for instance 'OSERDESE2' [/run/media/sackb/Windows-SSD/Users/sackb/OneDrive/Desktop/University/Course_Work/2025-2026/Spring_2026/ECE_540/ece540sp26-Final_Project/Hardware/Hardware.srcs/sources_1/imports/vga.srcs/sources_1/imports/src/LiteDRAM/litedram_core.v:16787]
WARNING: [Synth 8-7071] port 'TQ' of module 'OSERDESE2' is unconnected for instance 'OSERDESE2' [/run/media/sackb/Windows-SSD/Users/sackb/OneDrive/Desktop/University/Course_Work/2025-2026/Spring_2026/ECE_540/ece540sp26-Final_Project/Hardware/Hardware.srcs/sources_1/imports/vga.srcs/sources_1/imports/src/LiteDRAM/litedram_core.v:16787]
WARNING: [Synth 8-7071] port 'SHIFTIN1' of module 'OSERDESE2' is unconnected for instance 'OSERDESE2' [/run/media/sackb/Windows-SSD/Users/sackb/OneDrive/Desktop/University/Course_Work/2025-2026/Spring_2026/ECE_540/ece540sp26-Final_Project/Hardware/Hardware.srcs/sources_1/imports/vga.srcs/sources_1/imports/src/LiteDRAM/litedram_core.v:16787]
WARNING: [Synth 8-7071] port 'SHIFTIN2' of module 'OSERDESE2' is unconnected for instance 'OSERDESE2' [/run/media/sackb/Windows-SSD/Users/sackb/OneDrive/Desktop/University/Course_Work/2025-2026/Spring_2026/ECE_540/ece540sp26-Final_Project/Hardware/Hardware.srcs/sources_1/imports/vga.srcs/sources_1/imports/src/LiteDRAM/litedram_core.v:16787]
WARNING: [Synth 8-7071] port 'T1' of module 'OSERDESE2' is unconnected for instance 'OSERDESE2' [/run/media/sackb/Windows-SSD/Users/sackb/OneDrive/Desktop/University/Course_Work/2025-2026/Spring_2026/ECE_540/ece540sp26-Final_Project/Hardware/Hardware.srcs/sources_1/imports/vga.srcs/sources_1/imports/src/LiteDRAM/litedram_core.v:16787]
WARNING: [Synth 8-7071] port 'T2' of module 'OSERDESE2' is unconnected for instance 'OSERDESE2' [/run/media/sackb/Windows-SSD/Users/sackb/OneDrive/Desktop/University/Course_Work/2025-2026/Spring_2026/ECE_540/ece540sp26-Final_Project/Hardware/Hardware.srcs/sources_1/imports/vga.srcs/sources_1/imports/src/LiteDRAM/litedram_core.v:16787]
WARNING: [Synth 8-7071] port 'T3' of module 'OSERDESE2' is unconnected for instance 'OSERDESE2' [/run/media/sackb/Windows-SSD/Users/sackb/OneDrive/Desktop/University/Course_Work/2025-2026/Spring_2026/ECE_540/ece540sp26-Final_Project/Hardware/Hardware.srcs/sources_1/imports/vga.srcs/sources_1/imports/src/LiteDRAM/litedram_core.v:16787]
WARNING: [Synth 8-7071] port 'T4' of module 'OSERDESE2' is unconnected for instance 'OSERDESE2' [/run/media/sackb/Windows-SSD/Users/sackb/OneDrive/Desktop/University/Course_Work/2025-2026/Spring_2026/ECE_540/ece540sp26-Final_Project/Hardware/Hardware.srcs/sources_1/imports/vga.srcs/sources_1/imports/src/LiteDRAM/litedram_core.v:16787]
WARNING: [Synth 8-7071] port 'TBYTEIN' of module 'OSERDESE2' is unconnected for instance 'OSERDESE2' [/run/media/sackb/Windows-SSD/Users/sackb/OneDrive/Desktop/University/Course_Work/2025-2026/Spring_2026/ECE_540/ece540sp26-Final_Project/Hardware/Hardware.srcs/sources_1/imports/vga.srcs/sources_1/imports/src/LiteDRAM/litedram_core.v:16787]
WARNING: [Synth 8-7071] port 'TCE' of module 'OSERDESE2' is unconnected for instance 'OSERDESE2' [/run/media/sackb/Windows-SSD/Users/sackb/OneDrive/Desktop/University/Course_Work/2025-2026/Spring_2026/ECE_540/ece540sp26-Final_Project/Hardware/Hardware.srcs/sources_1/imports/vga.srcs/sources_1/imports/src/LiteDRAM/litedram_core.v:16787]
WARNING: [Synth 8-7023] instance 'OSERDESE2' of module 'OSERDESE2' has 27 connections declared, but only 13 given [/run/media/sackb/Windows-SSD/Users/sackb/OneDrive/Desktop/University/Course_Work/2025-2026/Spring_2026/ECE_540/ece540sp26-Final_Project/Hardware/Hardware.srcs/sources_1/imports/vga.srcs/sources_1/imports/src/LiteDRAM/litedram_core.v:16787]
INFO: [Synth 8-6157] synthesizing module 'OBUFDS' [/tools/Xilinx/2025.2/Vivado/scripts/rt/data/unisim_comp.v:113534]
INFO: [Synth 8-6155] done synthesizing module 'OBUFDS' (0#1) [/tools/Xilinx/2025.2/Vivado/scripts/rt/data/unisim_comp.v:113534]
WARNING: [Synth 8-7071] port 'OFB' of module 'OSERDESE2' is unconnected for instance 'OSERDESE2_1' [/run/media/sackb/Windows-SSD/Users/sackb/OneDrive/Desktop/University/Course_Work/2025-2026/Spring_2026/ECE_540/ece540sp26-Final_Project/Hardware/Hardware.srcs/sources_1/imports/vga.srcs/sources_1/imports/src/LiteDRAM/litedram_core.v:16815]
WARNING: [Synth 8-7071] port 'SHIFTOUT1' of module 'OSERDESE2' is unconnected for instance 'OSERDESE2_1' [/run/media/sackb/Windows-SSD/Users/sackb/OneDrive/Desktop/University/Course_Work/2025-2026/Spring_2026/ECE_540/ece540sp26-Final_Project/Hardware/Hardware.srcs/sources_1/imports/vga.srcs/sources_1/imports/src/LiteDRAM/litedram_core.v:16815]
WARNING: [Synth 8-7071] port 'SHIFTOUT2' of module 'OSERDESE2' is unconnected for instance 'OSERDESE2_1' [/run/media/sackb/Windows-SSD/Users/sackb/OneDrive/Desktop/University/Course_Work/2025-2026/Spring_2026/ECE_540/ece540sp26-Final_Project/Hardware/Hardware.srcs/sources_1/imports/vga.srcs/sources_1/imports/src/LiteDRAM/litedram_core.v:16815]
WARNING: [Synth 8-7071] port 'TBYTEOUT' of module 'OSERDESE2' is unconnected for instance 'OSERDESE2_1' [/run/media/sackb/Windows-SSD/Users/sackb/OneDrive/Desktop/University/Course_Work/2025-2026/Spring_2026/ECE_540/ece540sp26-Final_Project/Hardware/Hardware.srcs/sources_1/imports/vga.srcs/sources_1/imports/src/LiteDRAM/litedram_core.v:16815]
WARNING: [Synth 8-7071] port 'TFB' of module 'OSERDESE2' is unconnected for instance 'OSERDESE2_1' [/run/media/sackb/Windows-SSD/Users/sackb/OneDrive/Desktop/University/Course_Work/2025-2026/Spring_2026/ECE_540/ece540sp26-Final_Project/Hardware/Hardware.srcs/sources_1/imports/vga.srcs/sources_1/imports/src/LiteDRAM/litedram_core.v:16815]
WARNING: [Synth 8-7071] port 'TQ' of module 'OSERDESE2' is unconnected for instance 'OSERDESE2_1' [/run/media/sackb/Windows-SSD/Users/sackb/OneDrive/Desktop/University/Course_Work/2025-2026/Spring_2026/ECE_540/ece540sp26-Final_Project/Hardware/Hardware.srcs/sources_1/imports/vga.srcs/sources_1/imports/src/LiteDRAM/litedram_core.v:16815]
WARNING: [Synth 8-7071] port 'SHIFTIN1' of module 'OSERDESE2' is unconnected for instance 'OSERDESE2_1' [/run/media/sackb/Windows-SSD/Users/sackb/OneDrive/Desktop/University/Course_Work/2025-2026/Spring_2026/ECE_540/ece540sp26-Final_Project/Hardware/Hardware.srcs/sources_1/imports/vga.srcs/sources_1/imports/src/LiteDRAM/litedram_core.v:16815]
WARNING: [Synth 8-7071] port 'SHIFTIN2' of module 'OSERDESE2' is unconnected for instance 'OSERDESE2_1' [/run/media/sackb/Windows-SSD/Users/sackb/OneDrive/Desktop/University/Course_Work/2025-2026/Spring_2026/ECE_540/ece540sp26-Final_Project/Hardware/Hardware.srcs/sources_1/imports/vga.srcs/sources_1/imports/src/LiteDRAM/litedram_core.v:16815]
WARNING: [Synth 8-7071] port 'T1' of module 'OSERDESE2' is unconnected for instance 'OSERDESE2_1' [/run/media/sackb/Windows-SSD/Users/sackb/OneDrive/Desktop/University/Course_Work/2025-2026/Spring_2026/ECE_540/ece540sp26-Final_Project/Hardware/Hardware.srcs/sources_1/imports/vga.srcs/sources_1/imports/src/LiteDRAM/litedram_core.v:16815]
WARNING: [Synth 8-7071] port 'T2' of module 'OSERDESE2' is unconnected for instance 'OSERDESE2_1' [/run/media/sackb/Windows-SSD/Users/sackb/OneDrive/Desktop/University/Course_Work/2025-2026/Spring_2026/ECE_540/ece540sp26-Final_Project/Hardware/Hardware.srcs/sources_1/imports/vga.srcs/sources_1/imports/src/LiteDRAM/litedram_core.v:16815]
WARNING: [Synth 8-7071] port 'T3' of module 'OSERDESE2' is unconnected for instance 'OSERDESE2_1' [/run/media/sackb/Windows-SSD/Users/sackb/OneDrive/Desktop/University/Course_Work/2025-2026/Spring_2026/ECE_540/ece540sp26-Final_Project/Hardware/Hardware.srcs/sources_1/imports/vga.srcs/sources_1/imports/src/LiteDRAM/litedram_core.v:16815]
WARNING: [Synth 8-7071] port 'T4' of module 'OSERDESE2' is unconnected for instance 'OSERDESE2_1' [/run/media/sackb/Windows-SSD/Users/sackb/OneDrive/Desktop/University/Course_Work/2025-2026/Spring_2026/ECE_540/ece540sp26-Final_Project/Hardware/Hardware.srcs/sources_1/imports/vga.srcs/sources_1/imports/src/LiteDRAM/litedram_core.v:16815]
WARNING: [Synth 8-7071] port 'TBYTEIN' of module 'OSERDESE2' is unconnected for instance 'OSERDESE2_1' [/run/media/sackb/Windows-SSD/Users/sackb/OneDrive/Desktop/University/Course_Work/2025-2026/Spring_2026/ECE_540/ece540sp26-Final_Project/Hardware/Hardware.srcs/sources_1/imports/vga.srcs/sources_1/imports/src/LiteDRAM/litedram_core.v:16815]
WARNING: [Synth 8-7071] port 'TCE' of module 'OSERDESE2' is unconnected for instance 'OSERDESE2_1' [/run/media/sackb/Windows-SSD/Users/sackb/OneDrive/Desktop/University/Course_Work/2025-2026/Spring_2026/ECE_540/ece540sp26-Final_Project/Hardware/Hardware.srcs/sources_1/imports/vga.srcs/sources_1/imports/src/LiteDRAM/litedram_core.v:16815]
WARNING: [Synth 8-7023] instance 'OSERDESE2_1' of module 'OSERDESE2' has 27 connections declared, but only 13 given [/run/media/sackb/Windows-SSD/Users/sackb/OneDrive/Desktop/University/Course_Work/2025-2026/Spring_2026/ECE_540/ece540sp26-Final_Project/Hardware/Hardware.srcs/sources_1/imports/vga.srcs/sources_1/imports/src/LiteDRAM/litedram_core.v:16815]
WARNING: [Synth 8-7071] port 'OFB' of module 'OSERDESE2' is unconnected for instance 'OSERDESE2_2' [/run/media/sackb/Windows-SSD/Users/sackb/OneDrive/Desktop/University/Course_Work/2025-2026/Spring_2026/ECE_540/ece540sp26-Final_Project/Hardware/Hardware.srcs/sources_1/imports/vga.srcs/sources_1/imports/src/LiteDRAM/litedram_core.v:16837]
WARNING: [Synth 8-7071] port 'SHIFTOUT1' of module 'OSERDESE2' is unconnected for instance 'OSERDESE2_2' [/run/media/sackb/Windows-SSD/Users/sackb/OneDrive/Desktop/University/Course_Work/2025-2026/Spring_2026/ECE_540/ece540sp26-Final_Project/Hardware/Hardware.srcs/sources_1/imports/vga.srcs/sources_1/imports/src/LiteDRAM/litedram_core.v:16837]
WARNING: [Synth 8-7071] port 'SHIFTOUT2' of module 'OSERDESE2' is unconnected for instance 'OSERDESE2_2' [/run/media/sackb/Windows-SSD/Users/sackb/OneDrive/Desktop/University/Course_Work/2025-2026/Spring_2026/ECE_540/ece540sp26-Final_Project/Hardware/Hardware.srcs/sources_1/imports/vga.srcs/sources_1/imports/src/LiteDRAM/litedram_core.v:16837]
WARNING: [Synth 8-7071] port 'TBYTEOUT' of module 'OSERDESE2' is unconnected for instance 'OSERDESE2_2' [/run/media/sackb/Windows-SSD/Users/sackb/OneDrive/Desktop/University/Course_Work/2025-2026/Spring_2026/ECE_540/ece540sp26-Final_Project/Hardware/Hardware.srcs/sources_1/imports/vga.srcs/sources_1/imports/src/LiteDRAM/litedram_core.v:16837]
WARNING: [Synth 8-7071] port 'TFB' of module 'OSERDESE2' is unconnected for instance 'OSERDESE2_2' [/run/media/sackb/Windows-SSD/Users/sackb/OneDrive/Desktop/University/Course_Work/2025-2026/Spring_2026/ECE_540/ece540sp26-Final_Project/Hardware/Hardware.srcs/sources_1/imports/vga.srcs/sources_1/imports/src/LiteDRAM/litedram_core.v:16837]
WARNING: [Synth 8-7071] port 'TQ' of module 'OSERDESE2' is unconnected for instance 'OSERDESE2_2' [/run/media/sackb/Windows-SSD/Users/sackb/OneDrive/Desktop/University/Course_Work/2025-2026/Spring_2026/ECE_540/ece540sp26-Final_Project/Hardware/Hardware.srcs/sources_1/imports/vga.srcs/sources_1/imports/src/LiteDRAM/litedram_core.v:16837]
WARNING: [Synth 8-7071] port 'SHIFTIN1' of module 'OSERDESE2' is unconnected for instance 'OSERDESE2_2' [/run/media/sackb/Windows-SSD/Users/sackb/OneDrive/Desktop/University/Course_Work/2025-2026/Spring_2026/ECE_540/ece540sp26-Final_Project/Hardware/Hardware.srcs/sources_1/imports/vga.srcs/sources_1/imports/src/LiteDRAM/litedram_core.v:16837]
WARNING: [Synth 8-7071] port 'SHIFTIN2' of module 'OSERDESE2' is unconnected for instance 'OSERDESE2_2' [/run/media/sackb/Windows-SSD/Users/sackb/OneDrive/Desktop/University/Course_Work/2025-2026/Spring_2026/ECE_540/ece540sp26-Final_Project/Hardware/Hardware.srcs/sources_1/imports/vga.srcs/sources_1/imports/src/LiteDRAM/litedram_core.v:16837]
WARNING: [Synth 8-7071] port 'T1' of module 'OSERDESE2' is unconnected for instance 'OSERDESE2_2' [/run/media/sackb/Windows-SSD/Users/sackb/OneDrive/Desktop/University/Course_Work/2025-2026/Spring_2026/ECE_540/ece540sp26-Final_Project/Hardware/Hardware.srcs/sources_1/imports/vga.srcs/sources_1/imports/src/LiteDRAM/litedram_core.v:16837]
WARNING: [Synth 8-7071] port 'T2' of module 'OSERDESE2' is unconnected for instance 'OSERDESE2_2' [/run/media/sackb/Windows-SSD/Users/sackb/OneDrive/Desktop/University/Course_Work/2025-2026/Spring_2026/ECE_540/ece540sp26-Final_Project/Hardware/Hardware.srcs/sources_1/imports/vga.srcs/sources_1/imports/src/LiteDRAM/litedram_core.v:16837]
WARNING: [Synth 8-7071] port 'T3' of module 'OSERDESE2' is unconnected for instance 'OSERDESE2_2' [/run/media/sackb/Windows-SSD/Users/sackb/OneDrive/Desktop/University/Course_Work/2025-2026/Spring_2026/ECE_540/ece540sp26-Final_Project/Hardware/Hardware.srcs/sources_1/imports/vga.srcs/sources_1/imports/src/LiteDRAM/litedram_core.v:16837]
WARNING: [Synth 8-7071] port 'T4' of module 'OSERDESE2' is unconnected for instance 'OSERDESE2_2' [/run/media/sackb/Windows-SSD/Users/sackb/OneDrive/Desktop/University/Course_Work/2025-2026/Spring_2026/ECE_540/ece540sp26-Final_Project/Hardware/Hardware.srcs/sources_1/imports/vga.srcs/sources_1/imports/src/LiteDRAM/litedram_core.v:16837]
WARNING: [Synth 8-7071] port 'TBYTEIN' of module 'OSERDESE2' is unconnected for instance 'OSERDESE2_2' [/run/media/sackb/Windows-SSD/Users/sackb/OneDrive/Desktop/University/Course_Work/2025-2026/Spring_2026/ECE_540/ece540sp26-Final_Project/Hardware/Hardware.srcs/sources_1/imports/vga.srcs/sources_1/imports/src/LiteDRAM/litedram_core.v:16837]
WARNING: [Synth 8-7071] port 'TCE' of module 'OSERDESE2' is unconnected for instance 'OSERDESE2_2' [/run/media/sackb/Windows-SSD/Users/sackb/OneDrive/Desktop/University/Course_Work/2025-2026/Spring_2026/ECE_540/ece540sp26-Final_Project/Hardware/Hardware.srcs/sources_1/imports/vga.srcs/sources_1/imports/src/LiteDRAM/litedram_core.v:16837]
WARNING: [Synth 8-7023] instance 'OSERDESE2_2' of module 'OSERDESE2' has 27 connections declared, but only 13 given [/run/media/sackb/Windows-SSD/Users/sackb/OneDrive/Desktop/University/Course_Work/2025-2026/Spring_2026/ECE_540/ece540sp26-Final_Project/Hardware/Hardware.srcs/sources_1/imports/vga.srcs/sources_1/imports/src/LiteDRAM/litedram_core.v:16837]
WARNING: [Synth 8-7071] port 'OFB' of module 'OSERDESE2' is unconnected for instance 'OSERDESE2_3' [/run/media/sackb/Windows-SSD/Users/sackb/OneDrive/Desktop/University/Course_Work/2025-2026/Spring_2026/ECE_540/ece540sp26-Final_Project/Hardware/Hardware.srcs/sources_1/imports/vga.srcs/sources_1/imports/src/LiteDRAM/litedram_core.v:16859]
WARNING: [Synth 8-7071] port 'SHIFTOUT1' of module 'OSERDESE2' is unconnected for instance 'OSERDESE2_3' [/run/media/sackb/Windows-SSD/Users/sackb/OneDrive/Desktop/University/Course_Work/2025-2026/Spring_2026/ECE_540/ece540sp26-Final_Project/Hardware/Hardware.srcs/sources_1/imports/vga.srcs/sources_1/imports/src/LiteDRAM/litedram_core.v:16859]
WARNING: [Synth 8-7071] port 'SHIFTOUT2' of module 'OSERDESE2' is unconnected for instance 'OSERDESE2_3' [/run/media/sackb/Windows-SSD/Users/sackb/OneDrive/Desktop/University/Course_Work/2025-2026/Spring_2026/ECE_540/ece540sp26-Final_Project/Hardware/Hardware.srcs/sources_1/imports/vga.srcs/sources_1/imports/src/LiteDRAM/litedram_core.v:16859]
WARNING: [Synth 8-7071] port 'TBYTEOUT' of module 'OSERDESE2' is unconnected for instance 'OSERDESE2_3' [/run/media/sackb/Windows-SSD/Users/sackb/OneDrive/Desktop/University/Course_Work/2025-2026/Spring_2026/ECE_540/ece540sp26-Final_Project/Hardware/Hardware.srcs/sources_1/imports/vga.srcs/sources_1/imports/src/LiteDRAM/litedram_core.v:16859]
WARNING: [Synth 8-7071] port 'TFB' of module 'OSERDESE2' is unconnected for instance 'OSERDESE2_3' [/run/media/sackb/Windows-SSD/Users/sackb/OneDrive/Desktop/University/Course_Work/2025-2026/Spring_2026/ECE_540/ece540sp26-Final_Project/Hardware/Hardware.srcs/sources_1/imports/vga.srcs/sources_1/imports/src/LiteDRAM/litedram_core.v:16859]
WARNING: [Synth 8-7071] port 'TQ' of module 'OSERDESE2' is unconnected for instance 'OSERDESE2_3' [/run/media/sackb/Windows-SSD/Users/sackb/OneDrive/Desktop/University/Course_Work/2025-2026/Spring_2026/ECE_540/ece540sp26-Final_Project/Hardware/Hardware.srcs/sources_1/imports/vga.srcs/sources_1/imports/src/LiteDRAM/litedram_core.v:16859]
WARNING: [Synth 8-7071] port 'SHIFTIN1' of module 'OSERDESE2' is unconnected for instance 'OSERDESE2_3' [/run/media/sackb/Windows-SSD/Users/sackb/OneDrive/Desktop/University/Course_Work/2025-2026/Spring_2026/ECE_540/ece540sp26-Final_Project/Hardware/Hardware.srcs/sources_1/imports/vga.srcs/sources_1/imports/src/LiteDRAM/litedram_core.v:16859]
WARNING: [Synth 8-7071] port 'SHIFTIN2' of module 'OSERDESE2' is unconnected for instance 'OSERDESE2_3' [/run/media/sackb/Windows-SSD/Users/sackb/OneDrive/Desktop/University/Course_Work/2025-2026/Spring_2026/ECE_540/ece540sp26-Final_Project/Hardware/Hardware.srcs/sources_1/imports/vga.srcs/sources_1/imports/src/LiteDRAM/litedram_core.v:16859]
WARNING: [Synth 8-7071] port 'T1' of module 'OSERDESE2' is unconnected for instance 'OSERDESE2_3' [/run/media/sackb/Windows-SSD/Users/sackb/OneDrive/Desktop/University/Course_Work/2025-2026/Spring_2026/ECE_540/ece540sp26-Final_Project/Hardware/Hardware.srcs/sources_1/imports/vga.srcs/sources_1/imports/src/LiteDRAM/litedram_core.v:16859]
WARNING: [Synth 8-7071] port 'T2' of module 'OSERDESE2' is unconnected for instance 'OSERDESE2_3' [/run/media/sackb/Windows-SSD/Users/sackb/OneDrive/Desktop/University/Course_Work/2025-2026/Spring_2026/ECE_540/ece540sp26-Final_Project/Hardware/Hardware.srcs/sources_1/imports/vga.srcs/sources_1/imports/src/LiteDRAM/litedram_core.v:16859]
WARNING: [Synth 8-7071] port 'T3' of module 'OSERDESE2' is unconnected for instance 'OSERDESE2_3' [/run/media/sackb/Windows-SSD/Users/sackb/OneDrive/Desktop/University/Course_Work/2025-2026/Spring_2026/ECE_540/ece540sp26-Final_Project/Hardware/Hardware.srcs/sources_1/imports/vga.srcs/sources_1/imports/src/LiteDRAM/litedram_core.v:16859]
WARNING: [Synth 8-7071] port 'T4' of module 'OSERDESE2' is unconnected for instance 'OSERDESE2_3' [/run/media/sackb/Windows-SSD/Users/sackb/OneDrive/Desktop/University/Course_Work/2025-2026/Spring_2026/ECE_540/ece540sp26-Final_Project/Hardware/Hardware.srcs/sources_1/imports/vga.srcs/sources_1/imports/src/LiteDRAM/litedram_core.v:16859]
WARNING: [Synth 8-7071] port 'TBYTEIN' of module 'OSERDESE2' is unconnected for instance 'OSERDESE2_3' [/run/media/sackb/Windows-SSD/Users/sackb/OneDrive/Desktop/University/Course_Work/2025-2026/Spring_2026/ECE_540/ece540sp26-Final_Project/Hardware/Hardware.srcs/sources_1/imports/vga.srcs/sources_1/imports/src/LiteDRAM/litedram_core.v:16859]
WARNING: [Synth 8-7071] port 'TCE' of module 'OSERDESE2' is unconnected for instance 'OSERDESE2_3' [/run/media/sackb/Windows-SSD/Users/sackb/OneDrive/Desktop/University/Course_Work/2025-2026/Spring_2026/ECE_540/ece540sp26-Final_Project/Hardware/Hardware.srcs/sources_1/imports/vga.srcs/sources_1/imports/src/LiteDRAM/litedram_core.v:16859]
WARNING: [Synth 8-7023] instance 'OSERDESE2_3' of module 'OSERDESE2' has 27 connections declared, but only 13 given [/run/media/sackb/Windows-SSD/Users/sackb/OneDrive/Desktop/University/Course_Work/2025-2026/Spring_2026/ECE_540/ece540sp26-Final_Project/Hardware/Hardware.srcs/sources_1/imports/vga.srcs/sources_1/imports/src/LiteDRAM/litedram_core.v:16859]
WARNING: [Synth 8-7071] port 'OFB' of module 'OSERDESE2' is unconnected for instance 'OSERDESE2_4' [/run/media/sackb/Windows-SSD/Users/sackb/OneDrive/Desktop/University/Course_Work/2025-2026/Spring_2026/ECE_540/ece540sp26-Final_Project/Hardware/Hardware.srcs/sources_1/imports/vga.srcs/sources_1/imports/src/LiteDRAM/litedram_core.v:16881]
WARNING: [Synth 8-7071] port 'SHIFTOUT1' of module 'OSERDESE2' is unconnected for instance 'OSERDESE2_4' [/run/media/sackb/Windows-SSD/Users/sackb/OneDrive/Desktop/University/Course_Work/2025-2026/Spring_2026/ECE_540/ece540sp26-Final_Project/Hardware/Hardware.srcs/sources_1/imports/vga.srcs/sources_1/imports/src/LiteDRAM/litedram_core.v:16881]
WARNING: [Synth 8-7071] port 'SHIFTOUT2' of module 'OSERDESE2' is unconnected for instance 'OSERDESE2_4' [/run/media/sackb/Windows-SSD/Users/sackb/OneDrive/Desktop/University/Course_Work/2025-2026/Spring_2026/ECE_540/ece540sp26-Final_Project/Hardware/Hardware.srcs/sources_1/imports/vga.srcs/sources_1/imports/src/LiteDRAM/litedram_core.v:16881]
WARNING: [Synth 8-7071] port 'TBYTEOUT' of module 'OSERDESE2' is unconnected for instance 'OSERDESE2_4' [/run/media/sackb/Windows-SSD/Users/sackb/OneDrive/Desktop/University/Course_Work/2025-2026/Spring_2026/ECE_540/ece540sp26-Final_Project/Hardware/Hardware.srcs/sources_1/imports/vga.srcs/sources_1/imports/src/LiteDRAM/litedram_core.v:16881]
WARNING: [Synth 8-7071] port 'TFB' of module 'OSERDESE2' is unconnected for instance 'OSERDESE2_4' [/run/media/sackb/Windows-SSD/Users/sackb/OneDrive/Desktop/University/Course_Work/2025-2026/Spring_2026/ECE_540/ece540sp26-Final_Project/Hardware/Hardware.srcs/sources_1/imports/vga.srcs/sources_1/imports/src/LiteDRAM/litedram_core.v:16881]
WARNING: [Synth 8-7071] port 'TQ' of module 'OSERDESE2' is unconnected for instance 'OSERDESE2_4' [/run/media/sackb/Windows-SSD/Users/sackb/OneDrive/Desktop/University/Course_Work/2025-2026/Spring_2026/ECE_540/ece540sp26-Final_Project/Hardware/Hardware.srcs/sources_1/imports/vga.srcs/sources_1/imports/src/LiteDRAM/litedram_core.v:16881]
WARNING: [Synth 8-7071] port 'SHIFTIN1' of module 'OSERDESE2' is unconnected for instance 'OSERDESE2_4' [/run/media/sackb/Windows-SSD/Users/sackb/OneDrive/Desktop/University/Course_Work/2025-2026/Spring_2026/ECE_540/ece540sp26-Final_Project/Hardware/Hardware.srcs/sources_1/imports/vga.srcs/sources_1/imports/src/LiteDRAM/litedram_core.v:16881]
WARNING: [Synth 8-7071] port 'SHIFTIN2' of module 'OSERDESE2' is unconnected for instance 'OSERDESE2_4' [/run/media/sackb/Windows-SSD/Users/sackb/OneDrive/Desktop/University/Course_Work/2025-2026/Spring_2026/ECE_540/ece540sp26-Final_Project/Hardware/Hardware.srcs/sources_1/imports/vga.srcs/sources_1/imports/src/LiteDRAM/litedram_core.v:16881]
WARNING: [Synth 8-7071] port 'T1' of module 'OSERDESE2' is unconnected for instance 'OSERDESE2_4' [/run/media/sackb/Windows-SSD/Users/sackb/OneDrive/Desktop/University/Course_Work/2025-2026/Spring_2026/ECE_540/ece540sp26-Final_Project/Hardware/Hardware.srcs/sources_1/imports/vga.srcs/sources_1/imports/src/LiteDRAM/litedram_core.v:16881]
WARNING: [Synth 8-7071] port 'T2' of module 'OSERDESE2' is unconnected for instance 'OSERDESE2_4' [/run/media/sackb/Windows-SSD/Users/sackb/OneDrive/Desktop/University/Course_Work/2025-2026/Spring_2026/ECE_540/ece540sp26-Final_Project/Hardware/Hardware.srcs/sources_1/imports/vga.srcs/sources_1/imports/src/LiteDRAM/litedram_core.v:16881]
WARNING: [Synth 8-7071] port 'T3' of module 'OSERDESE2' is unconnected for instance 'OSERDESE2_4' [/run/media/sackb/Windows-SSD/Users/sackb/OneDrive/Desktop/University/Course_Work/2025-2026/Spring_2026/ECE_540/ece540sp26-Final_Project/Hardware/Hardware.srcs/sources_1/imports/vga.srcs/sources_1/imports/src/LiteDRAM/litedram_core.v:16881]
WARNING: [Synth 8-7071] port 'T4' of module 'OSERDESE2' is unconnected for instance 'OSERDESE2_4' [/run/media/sackb/Windows-SSD/Users/sackb/OneDrive/Desktop/University/Course_Work/2025-2026/Spring_2026/ECE_540/ece540sp26-Final_Project/Hardware/Hardware.srcs/sources_1/imports/vga.srcs/sources_1/imports/src/LiteDRAM/litedram_core.v:16881]
WARNING: [Synth 8-7071] port 'TBYTEIN' of module 'OSERDESE2' is unconnected for instance 'OSERDESE2_4' [/run/media/sackb/Windows-SSD/Users/sackb/OneDrive/Desktop/University/Course_Work/2025-2026/Spring_2026/ECE_540/ece540sp26-Final_Project/Hardware/Hardware.srcs/sources_1/imports/vga.srcs/sources_1/imports/src/LiteDRAM/litedram_core.v:16881]
WARNING: [Synth 8-7071] port 'TCE' of module 'OSERDESE2' is unconnected for instance 'OSERDESE2_4' [/run/media/sackb/Windows-SSD/Users/sackb/OneDrive/Desktop/University/Course_Work/2025-2026/Spring_2026/ECE_540/ece540sp26-Final_Project/Hardware/Hardware.srcs/sources_1/imports/vga.srcs/sources_1/imports/src/LiteDRAM/litedram_core.v:16881]
WARNING: [Synth 8-7023] instance 'OSERDESE2_4' of module 'OSERDESE2' has 27 connections declared, but only 13 given [/run/media/sackb/Windows-SSD/Users/sackb/OneDrive/Desktop/University/Course_Work/2025-2026/Spring_2026/ECE_540/ece540sp26-Final_Project/Hardware/Hardware.srcs/sources_1/imports/vga.srcs/sources_1/imports/src/LiteDRAM/litedram_core.v:16881]
WARNING: [Synth 8-7071] port 'OFB' of module 'OSERDESE2' is unconnected for instance 'OSERDESE2_5' [/run/media/sackb/Windows-SSD/Users/sackb/OneDrive/Desktop/University/Course_Work/2025-2026/Spring_2026/ECE_540/ece540sp26-Final_Project/Hardware/Hardware.srcs/sources_1/imports/vga.srcs/sources_1/imports/src/LiteDRAM/litedram_core.v:16903]
WARNING: [Synth 8-7071] port 'SHIFTOUT1' of module 'OSERDESE2' is unconnected for instance 'OSERDESE2_5' [/run/media/sackb/Windows-SSD/Users/sackb/OneDrive/Desktop/University/Course_Work/2025-2026/Spring_2026/ECE_540/ece540sp26-Final_Project/Hardware/Hardware.srcs/sources_1/imports/vga.srcs/sources_1/imports/src/LiteDRAM/litedram_core.v:16903]
WARNING: [Synth 8-7071] port 'SHIFTOUT2' of module 'OSERDESE2' is unconnected for instance 'OSERDESE2_5' [/run/media/sackb/Windows-SSD/Users/sackb/OneDrive/Desktop/University/Course_Work/2025-2026/Spring_2026/ECE_540/ece540sp26-Final_Project/Hardware/Hardware.srcs/sources_1/imports/vga.srcs/sources_1/imports/src/LiteDRAM/litedram_core.v:16903]
WARNING: [Synth 8-7071] port 'TBYTEOUT' of module 'OSERDESE2' is unconnected for instance 'OSERDESE2_5' [/run/media/sackb/Windows-SSD/Users/sackb/OneDrive/Desktop/University/Course_Work/2025-2026/Spring_2026/ECE_540/ece540sp26-Final_Project/Hardware/Hardware.srcs/sources_1/imports/vga.srcs/sources_1/imports/src/LiteDRAM/litedram_core.v:16903]
WARNING: [Synth 8-7071] port 'TFB' of module 'OSERDESE2' is unconnected for instance 'OSERDESE2_5' [/run/media/sackb/Windows-SSD/Users/sackb/OneDrive/Desktop/University/Course_Work/2025-2026/Spring_2026/ECE_540/ece540sp26-Final_Project/Hardware/Hardware.srcs/sources_1/imports/vga.srcs/sources_1/imports/src/LiteDRAM/litedram_core.v:16903]
WARNING: [Synth 8-7071] port 'TQ' of module 'OSERDESE2' is unconnected for instance 'OSERDESE2_5' [/run/media/sackb/Windows-SSD/Users/sackb/OneDrive/Desktop/University/Course_Work/2025-2026/Spring_2026/ECE_540/ece540sp26-Final_Project/Hardware/Hardware.srcs/sources_1/imports/vga.srcs/sources_1/imports/src/LiteDRAM/litedram_core.v:16903]
WARNING: [Synth 8-7071] port 'SHIFTIN1' of module 'OSERDESE2' is unconnected for instance 'OSERDESE2_5' [/run/media/sackb/Windows-SSD/Users/sackb/OneDrive/Desktop/University/Course_Work/2025-2026/Spring_2026/ECE_540/ece540sp26-Final_Project/Hardware/Hardware.srcs/sources_1/imports/vga.srcs/sources_1/imports/src/LiteDRAM/litedram_core.v:16903]
WARNING: [Synth 8-7071] port 'SHIFTIN2' of module 'OSERDESE2' is unconnected for instance 'OSERDESE2_5' [/run/media/sackb/Windows-SSD/Users/sackb/OneDrive/Desktop/University/Course_Work/2025-2026/Spring_2026/ECE_540/ece540sp26-Final_Project/Hardware/Hardware.srcs/sources_1/imports/vga.srcs/sources_1/imports/src/LiteDRAM/litedram_core.v:16903]
WARNING: [Synth 8-7071] port 'T1' of module 'OSERDESE2' is unconnected for instance 'OSERDESE2_5' [/run/media/sackb/Windows-SSD/Users/sackb/OneDrive/Desktop/University/Course_Work/2025-2026/Spring_2026/ECE_540/ece540sp26-Final_Project/Hardware/Hardware.srcs/sources_1/imports/vga.srcs/sources_1/imports/src/LiteDRAM/litedram_core.v:16903]
WARNING: [Synth 8-7071] port 'T2' of module 'OSERDESE2' is unconnected for instance 'OSERDESE2_5' [/run/media/sackb/Windows-SSD/Users/sackb/OneDrive/Desktop/University/Course_Work/2025-2026/Spring_2026/ECE_540/ece540sp26-Final_Project/Hardware/Hardware.srcs/sources_1/imports/vga.srcs/sources_1/imports/src/LiteDRAM/litedram_core.v:16903]
WARNING: [Synth 8-7071] port 'T3' of module 'OSERDESE2' is unconnected for instance 'OSERDESE2_5' [/run/media/sackb/Windows-SSD/Users/sackb/OneDrive/Desktop/University/Course_Work/2025-2026/Spring_2026/ECE_540/ece540sp26-Final_Project/Hardware/Hardware.srcs/sources_1/imports/vga.srcs/sources_1/imports/src/LiteDRAM/litedram_core.v:16903]
WARNING: [Synth 8-7071] port 'T4' of module 'OSERDESE2' is unconnected for instance 'OSERDESE2_5' [/run/media/sackb/Windows-SSD/Users/sackb/OneDrive/Desktop/University/Course_Work/2025-2026/Spring_2026/ECE_540/ece540sp26-Final_Project/Hardware/Hardware.srcs/sources_1/imports/vga.srcs/sources_1/imports/src/LiteDRAM/litedram_core.v:16903]
WARNING: [Synth 8-7071] port 'TBYTEIN' of module 'OSERDESE2' is unconnected for instance 'OSERDESE2_5' [/run/media/sackb/Windows-SSD/Users/sackb/OneDrive/Desktop/University/Course_Work/2025-2026/Spring_2026/ECE_540/ece540sp26-Final_Project/Hardware/Hardware.srcs/sources_1/imports/vga.srcs/sources_1/imports/src/LiteDRAM/litedram_core.v:16903]
WARNING: [Synth 8-7071] port 'TCE' of module 'OSERDESE2' is unconnected for instance 'OSERDESE2_5' [/run/media/sackb/Windows-SSD/Users/sackb/OneDrive/Desktop/University/Course_Work/2025-2026/Spring_2026/ECE_540/ece540sp26-Final_Project/Hardware/Hardware.srcs/sources_1/imports/vga.srcs/sources_1/imports/src/LiteDRAM/litedram_core.v:16903]
WARNING: [Synth 8-7023] instance 'OSERDESE2_5' of module 'OSERDESE2' has 27 connections declared, but only 13 given [/run/media/sackb/Windows-SSD/Users/sackb/OneDrive/Desktop/University/Course_Work/2025-2026/Spring_2026/ECE_540/ece540sp26-Final_Project/Hardware/Hardware.srcs/sources_1/imports/vga.srcs/sources_1/imports/src/LiteDRAM/litedram_core.v:16903]
WARNING: [Synth 8-7071] port 'OFB' of module 'OSERDESE2' is unconnected for instance 'OSERDESE2_6' [/run/media/sackb/Windows-SSD/Users/sackb/OneDrive/Desktop/University/Course_Work/2025-2026/Spring_2026/ECE_540/ece540sp26-Final_Project/Hardware/Hardware.srcs/sources_1/imports/vga.srcs/sources_1/imports/src/LiteDRAM/litedram_core.v:16925]
WARNING: [Synth 8-7071] port 'SHIFTOUT1' of module 'OSERDESE2' is unconnected for instance 'OSERDESE2_6' [/run/media/sackb/Windows-SSD/Users/sackb/OneDrive/Desktop/University/Course_Work/2025-2026/Spring_2026/ECE_540/ece540sp26-Final_Project/Hardware/Hardware.srcs/sources_1/imports/vga.srcs/sources_1/imports/src/LiteDRAM/litedram_core.v:16925]
WARNING: [Synth 8-7071] port 'SHIFTOUT2' of module 'OSERDESE2' is unconnected for instance 'OSERDESE2_6' [/run/media/sackb/Windows-SSD/Users/sackb/OneDrive/Desktop/University/Course_Work/2025-2026/Spring_2026/ECE_540/ece540sp26-Final_Project/Hardware/Hardware.srcs/sources_1/imports/vga.srcs/sources_1/imports/src/LiteDRAM/litedram_core.v:16925]
WARNING: [Synth 8-7071] port 'TBYTEOUT' of module 'OSERDESE2' is unconnected for instance 'OSERDESE2_6' [/run/media/sackb/Windows-SSD/Users/sackb/OneDrive/Desktop/University/Course_Work/2025-2026/Spring_2026/ECE_540/ece540sp26-Final_Project/Hardware/Hardware.srcs/sources_1/imports/vga.srcs/sources_1/imports/src/LiteDRAM/litedram_core.v:16925]
WARNING: [Synth 8-7071] port 'TFB' of module 'OSERDESE2' is unconnected for instance 'OSERDESE2_6' [/run/media/sackb/Windows-SSD/Users/sackb/OneDrive/Desktop/University/Course_Work/2025-2026/Spring_2026/ECE_540/ece540sp26-Final_Project/Hardware/Hardware.srcs/sources_1/imports/vga.srcs/sources_1/imports/src/LiteDRAM/litedram_core.v:16925]
WARNING: [Synth 8-7071] port 'TQ' of module 'OSERDESE2' is unconnected for instance 'OSERDESE2_6' [/run/media/sackb/Windows-SSD/Users/sackb/OneDrive/Desktop/University/Course_Work/2025-2026/Spring_2026/ECE_540/ece540sp26-Final_Project/Hardware/Hardware.srcs/sources_1/imports/vga.srcs/sources_1/imports/src/LiteDRAM/litedram_core.v:16925]
WARNING: [Synth 8-7071] port 'SHIFTIN1' of module 'OSERDESE2' is unconnected for instance 'OSERDESE2_6' [/run/media/sackb/Windows-SSD/Users/sackb/OneDrive/Desktop/University/Course_Work/2025-2026/Spring_2026/ECE_540/ece540sp26-Final_Project/Hardware/Hardware.srcs/sources_1/imports/vga.srcs/sources_1/imports/src/LiteDRAM/litedram_core.v:16925]
WARNING: [Synth 8-7071] port 'SHIFTIN2' of module 'OSERDESE2' is unconnected for instance 'OSERDESE2_6' [/run/media/sackb/Windows-SSD/Users/sackb/OneDrive/Desktop/University/Course_Work/2025-2026/Spring_2026/ECE_540/ece540sp26-Final_Project/Hardware/Hardware.srcs/sources_1/imports/vga.srcs/sources_1/imports/src/LiteDRAM/litedram_core.v:16925]
WARNING: [Synth 8-7071] port 'T1' of module 'OSERDESE2' is unconnected for instance 'OSERDESE2_6' [/run/media/sackb/Windows-SSD/Users/sackb/OneDrive/Desktop/University/Course_Work/2025-2026/Spring_2026/ECE_540/ece540sp26-Final_Project/Hardware/Hardware.srcs/sources_1/imports/vga.srcs/sources_1/imports/src/LiteDRAM/litedram_core.v:16925]
WARNING: [Synth 8-7071] port 'T2' of module 'OSERDESE2' is unconnected for instance 'OSERDESE2_6' [/run/media/sackb/Windows-SSD/Users/sackb/OneDrive/Desktop/University/Course_Work/2025-2026/Spring_2026/ECE_540/ece540sp26-Final_Project/Hardware/Hardware.srcs/sources_1/imports/vga.srcs/sources_1/imports/src/LiteDRAM/litedram_core.v:16925]
WARNING: [Synth 8-7071] port 'T3' of module 'OSERDESE2' is unconnected for instance 'OSERDESE2_6' [/run/media/sackb/Windows-SSD/Users/sackb/OneDrive/Desktop/University/Course_Work/2025-2026/Spring_2026/ECE_540/ece540sp26-Final_Project/Hardware/Hardware.srcs/sources_1/imports/vga.srcs/sources_1/imports/src/LiteDRAM/litedram_core.v:16925]
WARNING: [Synth 8-7071] port 'T4' of module 'OSERDESE2' is unconnected for instance 'OSERDESE2_6' [/run/media/sackb/Windows-SSD/Users/sackb/OneDrive/Desktop/University/Course_Work/2025-2026/Spring_2026/ECE_540/ece540sp26-Final_Project/Hardware/Hardware.srcs/sources_1/imports/vga.srcs/sources_1/imports/src/LiteDRAM/litedram_core.v:16925]
WARNING: [Synth 8-7071] port 'TBYTEIN' of module 'OSERDESE2' is unconnected for instance 'OSERDESE2_6' [/run/media/sackb/Windows-SSD/Users/sackb/OneDrive/Desktop/University/Course_Work/2025-2026/Spring_2026/ECE_540/ece540sp26-Final_Project/Hardware/Hardware.srcs/sources_1/imports/vga.srcs/sources_1/imports/src/LiteDRAM/litedram_core.v:16925]
WARNING: [Synth 8-7071] port 'TCE' of module 'OSERDESE2' is unconnected for instance 'OSERDESE2_6' [/run/media/sackb/Windows-SSD/Users/sackb/OneDrive/Desktop/University/Course_Work/2025-2026/Spring_2026/ECE_540/ece540sp26-Final_Project/Hardware/Hardware.srcs/sources_1/imports/vga.srcs/sources_1/imports/src/LiteDRAM/litedram_core.v:16925]
WARNING: [Synth 8-7023] instance 'OSERDESE2_6' of module 'OSERDESE2' has 27 connections declared, but only 13 given [/run/media/sackb/Windows-SSD/Users/sackb/OneDrive/Desktop/University/Course_Work/2025-2026/Spring_2026/ECE_540/ece540sp26-Final_Project/Hardware/Hardware.srcs/sources_1/imports/vga.srcs/sources_1/imports/src/LiteDRAM/litedram_core.v:16925]
WARNING: [Synth 8-7071] port 'OFB' of module 'OSERDESE2' is unconnected for instance 'OSERDESE2_7' [/run/media/sackb/Windows-SSD/Users/sackb/OneDrive/Desktop/University/Course_Work/2025-2026/Spring_2026/ECE_540/ece540sp26-Final_Project/Hardware/Hardware.srcs/sources_1/imports/vga.srcs/sources_1/imports/src/LiteDRAM/litedram_core.v:16947]
INFO: [Common 17-14] Message 'Synth 8-7071' appears 100 times and further instances of the messages will be disabled. Use the Tcl command set_msg_config to change the current settings.
WARNING: [Synth 8-7023] instance 'OSERDESE2_7' of module 'OSERDESE2' has 27 connections declared, but only 13 given [/run/media/sackb/Windows-SSD/Users/sackb/OneDrive/Desktop/University/Course_Work/2025-2026/Spring_2026/ECE_540/ece540sp26-Final_Project/Hardware/Hardware.srcs/sources_1/imports/vga.srcs/sources_1/imports/src/LiteDRAM/litedram_core.v:16947]
WARNING: [Synth 8-7023] instance 'OSERDESE2_8' of module 'OSERDESE2' has 27 connections declared, but only 13 given [/run/media/sackb/Windows-SSD/Users/sackb/OneDrive/Desktop/University/Course_Work/2025-2026/Spring_2026/ECE_540/ece540sp26-Final_Project/Hardware/Hardware.srcs/sources_1/imports/vga.srcs/sources_1/imports/src/LiteDRAM/litedram_core.v:16969]
WARNING: [Synth 8-7023] instance 'OSERDESE2_9' of module 'OSERDESE2' has 27 connections declared, but only 13 given [/run/media/sackb/Windows-SSD/Users/sackb/OneDrive/Desktop/University/Course_Work/2025-2026/Spring_2026/ECE_540/ece540sp26-Final_Project/Hardware/Hardware.srcs/sources_1/imports/vga.srcs/sources_1/imports/src/LiteDRAM/litedram_core.v:16991]
WARNING: [Synth 8-7023] instance 'OSERDESE2_10' of module 'OSERDESE2' has 27 connections declared, but only 13 given [/run/media/sackb/Windows-SSD/Users/sackb/OneDrive/Desktop/University/Course_Work/2025-2026/Spring_2026/ECE_540/ece540sp26-Final_Project/Hardware/Hardware.srcs/sources_1/imports/vga.srcs/sources_1/imports/src/LiteDRAM/litedram_core.v:17013]
WARNING: [Synth 8-7023] instance 'OSERDESE2_11' of module 'OSERDESE2' has 27 connections declared, but only 13 given [/run/media/sackb/Windows-SSD/Users/sackb/OneDrive/Desktop/University/Course_Work/2025-2026/Spring_2026/ECE_540/ece540sp26-Final_Project/Hardware/Hardware.srcs/sources_1/imports/vga.srcs/sources_1/imports/src/LiteDRAM/litedram_core.v:17035]
WARNING: [Synth 8-7023] instance 'OSERDESE2_12' of module 'OSERDESE2' has 27 connections declared, but only 13 given [/run/media/sackb/Windows-SSD/Users/sackb/OneDrive/Desktop/University/Course_Work/2025-2026/Spring_2026/ECE_540/ece540sp26-Final_Project/Hardware/Hardware.srcs/sources_1/imports/vga.srcs/sources_1/imports/src/LiteDRAM/litedram_core.v:17057]
WARNING: [Synth 8-7023] instance 'OSERDESE2_13' of module 'OSERDESE2' has 27 connections declared, but only 13 given [/run/media/sackb/Windows-SSD/Users/sackb/OneDrive/Desktop/University/Course_Work/2025-2026/Spring_2026/ECE_540/ece540sp26-Final_Project/Hardware/Hardware.srcs/sources_1/imports/vga.srcs/sources_1/imports/src/LiteDRAM/litedram_core.v:17079]
WARNING: [Synth 8-7023] instance 'OSERDESE2_14' of module 'OSERDESE2' has 27 connections declared, but only 13 given [/run/media/sackb/Windows-SSD/Users/sackb/OneDrive/Desktop/University/Course_Work/2025-2026/Spring_2026/ECE_540/ece540sp26-Final_Project/Hardware/Hardware.srcs/sources_1/imports/vga.srcs/sources_1/imports/src/LiteDRAM/litedram_core.v:17101]
WARNING: [Synth 8-7023] instance 'OSERDESE2_15' of module 'OSERDESE2' has 27 connections declared, but only 13 given [/run/media/sackb/Windows-SSD/Users/sackb/OneDrive/Desktop/University/Course_Work/2025-2026/Spring_2026/ECE_540/ece540sp26-Final_Project/Hardware/Hardware.srcs/sources_1/imports/vga.srcs/sources_1/imports/src/LiteDRAM/litedram_core.v:17123]
WARNING: [Synth 8-7023] instance 'OSERDESE2_16' of module 'OSERDESE2' has 27 connections declared, but only 13 given [/run/media/sackb/Windows-SSD/Users/sackb/OneDrive/Desktop/University/Course_Work/2025-2026/Spring_2026/ECE_540/ece540sp26-Final_Project/Hardware/Hardware.srcs/sources_1/imports/vga.srcs/sources_1/imports/src/LiteDRAM/litedram_core.v:17145]
WARNING: [Synth 8-7023] instance 'OSERDESE2_17' of module 'OSERDESE2' has 27 connections declared, but only 13 given [/run/media/sackb/Windows-SSD/Users/sackb/OneDrive/Desktop/University/Course_Work/2025-2026/Spring_2026/ECE_540/ece540sp26-Final_Project/Hardware/Hardware.srcs/sources_1/imports/vga.srcs/sources_1/imports/src/LiteDRAM/litedram_core.v:17167]
WARNING: [Synth 8-7023] instance 'OSERDESE2_18' of module 'OSERDESE2' has 27 connections declared, but only 13 given [/run/media/sackb/Windows-SSD/Users/sackb/OneDrive/Desktop/University/Course_Work/2025-2026/Spring_2026/ECE_540/ece540sp26-Final_Project/Hardware/Hardware.srcs/sources_1/imports/vga.srcs/sources_1/imports/src/LiteDRAM/litedram_core.v:17189]
WARNING: [Synth 8-7023] instance 'OSERDESE2_19' of module 'OSERDESE2' has 27 connections declared, but only 13 given [/run/media/sackb/Windows-SSD/Users/sackb/OneDrive/Desktop/University/Course_Work/2025-2026/Spring_2026/ECE_540/ece540sp26-Final_Project/Hardware/Hardware.srcs/sources_1/imports/vga.srcs/sources_1/imports/src/LiteDRAM/litedram_core.v:17211]
WARNING: [Synth 8-7023] instance 'OSERDESE2_20' of module 'OSERDESE2' has 27 connections declared, but only 13 given [/run/media/sackb/Windows-SSD/Users/sackb/OneDrive/Desktop/University/Course_Work/2025-2026/Spring_2026/ECE_540/ece540sp26-Final_Project/Hardware/Hardware.srcs/sources_1/imports/vga.srcs/sources_1/imports/src/LiteDRAM/litedram_core.v:17233]
WARNING: [Synth 8-7023] instance 'OSERDESE2_21' of module 'OSERDESE2' has 27 connections declared, but only 13 given [/run/media/sackb/Windows-SSD/Users/sackb/OneDrive/Desktop/University/Course_Work/2025-2026/Spring_2026/ECE_540/ece540sp26-Final_Project/Hardware/Hardware.srcs/sources_1/imports/vga.srcs/sources_1/imports/src/LiteDRAM/litedram_core.v:17255]
WARNING: [Synth 8-7023] instance 'OSERDESE2_22' of module 'OSERDESE2' has 27 connections declared, but only 13 given [/run/media/sackb/Windows-SSD/Users/sackb/OneDrive/Desktop/University/Course_Work/2025-2026/Spring_2026/ECE_540/ece540sp26-Final_Project/Hardware/Hardware.srcs/sources_1/imports/vga.srcs/sources_1/imports/src/LiteDRAM/litedram_core.v:17277]
WARNING: [Synth 8-7023] instance 'OSERDESE2_23' of module 'OSERDESE2' has 27 connections declared, but only 13 given [/run/media/sackb/Windows-SSD/Users/sackb/OneDrive/Desktop/University/Course_Work/2025-2026/Spring_2026/ECE_540/ece540sp26-Final_Project/Hardware/Hardware.srcs/sources_1/imports/vga.srcs/sources_1/imports/src/LiteDRAM/litedram_core.v:17299]
WARNING: [Synth 8-7023] instance 'OSERDESE2_24' of module 'OSERDESE2' has 27 connections declared, but only 17 given [/run/media/sackb/Windows-SSD/Users/sackb/OneDrive/Desktop/University/Course_Work/2025-2026/Spring_2026/ECE_540/ece540sp26-Final_Project/Hardware/Hardware.srcs/sources_1/imports/vga.srcs/sources_1/imports/src/LiteDRAM/litedram_core.v:17321]
INFO: [Synth 8-6157] synthesizing module 'IOBUFDS' [/tools/Xilinx/2025.2/Vivado/scripts/rt/data/unisim_comp.v:87583]
INFO: [Synth 8-6155] done synthesizing module 'IOBUFDS' (0#1) [/tools/Xilinx/2025.2/Vivado/scripts/rt/data/unisim_comp.v:87583]
WARNING: [Synth 8-7023] instance 'IOBUFDS' of module 'IOBUFDS' has 5 connections declared, but only 4 given [/run/media/sackb/Windows-SSD/Users/sackb/OneDrive/Desktop/University/Course_Work/2025-2026/Spring_2026/ECE_540/ece540sp26-Final_Project/Hardware/Hardware.srcs/sources_1/imports/vga.srcs/sources_1/imports/src/LiteDRAM/litedram_core.v:17341]
WARNING: [Synth 8-7023] instance 'OSERDESE2_25' of module 'OSERDESE2' has 27 connections declared, but only 17 given [/run/media/sackb/Windows-SSD/Users/sackb/OneDrive/Desktop/University/Course_Work/2025-2026/Spring_2026/ECE_540/ece540sp26-Final_Project/Hardware/Hardware.srcs/sources_1/imports/vga.srcs/sources_1/imports/src/LiteDRAM/litedram_core.v:17354]
WARNING: [Synth 8-7023] instance 'IOBUFDS_1' of module 'IOBUFDS' has 5 connections declared, but only 4 given [/run/media/sackb/Windows-SSD/Users/sackb/OneDrive/Desktop/University/Course_Work/2025-2026/Spring_2026/ECE_540/ece540sp26-Final_Project/Hardware/Hardware.srcs/sources_1/imports/vga.srcs/sources_1/imports/src/LiteDRAM/litedram_core.v:17374]
WARNING: [Synth 8-7023] instance 'OSERDESE2_26' of module 'OSERDESE2' has 27 connections declared, but only 13 given [/run/media/sackb/Windows-SSD/Users/sackb/OneDrive/Desktop/University/Course_Work/2025-2026/Spring_2026/ECE_540/ece540sp26-Final_Project/Hardware/Hardware.srcs/sources_1/imports/vga.srcs/sources_1/imports/src/LiteDRAM/litedram_core.v:17387]
WARNING: [Synth 8-7023] instance 'OSERDESE2_27' of module 'OSERDESE2' has 27 connections declared, but only 13 given [/run/media/sackb/Windows-SSD/Users/sackb/OneDrive/Desktop/University/Course_Work/2025-2026/Spring_2026/ECE_540/ece540sp26-Final_Project/Hardware/Hardware.srcs/sources_1/imports/vga.srcs/sources_1/imports/src/LiteDRAM/litedram_core.v:17409]
WARNING: [Synth 8-7023] instance 'OSERDESE2_28' of module 'OSERDESE2' has 27 connections declared, but only 16 given [/run/media/sackb/Windows-SSD/Users/sackb/OneDrive/Desktop/University/Course_Work/2025-2026/Spring_2026/ECE_540/ece540sp26-Final_Project/Hardware/Hardware.srcs/sources_1/imports/vga.srcs/sources_1/imports/src/LiteDRAM/litedram_core.v:17431]
INFO: [Synth 8-6157] synthesizing module 'ISERDESE2' [/tools/Xilinx/2025.2/Vivado/scripts/rt/data/unisim_comp.v:90334]
	Parameter DATA_RATE bound to: DDR - type: string 
	Parameter DATA_WIDTH bound to: 4 - type: integer 
	Parameter INTERFACE_TYPE bound to: NETWORKING - type: string 
	Parameter IOBDELAY bound to: IFD - type: string 
	Parameter NUM_CE bound to: 1 - type: integer 
	Parameter SERDES_MODE bound to: MASTER - type: string 
INFO: [Synth 8-6155] done synthesizing module 'ISERDESE2' (0#1) [/tools/Xilinx/2025.2/Vivado/scripts/rt/data/unisim_comp.v:90334]
WARNING: [Synth 8-7023] instance 'ISERDESE2' of module 'ISERDESE2' has 28 connections declared, but only 15 given [/run/media/sackb/Windows-SSD/Users/sackb/OneDrive/Desktop/University/Course_Work/2025-2026/Spring_2026/ECE_540/ece540sp26-Final_Project/Hardware/Hardware.srcs/sources_1/imports/vga.srcs/sources_1/imports/src/LiteDRAM/litedram_core.v:17457]
INFO: [Synth 8-6157] synthesizing module 'IDELAYE2' [/tools/Xilinx/2025.2/Vivado/scripts/rt/data/unisim_comp.v:85109]
	Parameter CINVCTRL_SEL bound to: FALSE - type: string 
	Parameter DELAY_SRC bound to: IDATAIN - type: string 
	Parameter HIGH_PERFORMANCE_MODE bound to: TRUE - type: string 
	Parameter IDELAY_TYPE bound to: VARIABLE - type: string 
	Parameter IDELAY_VALUE bound to: 0 - type: integer 
	Parameter PIPE_SEL bound to: FALSE - type: string 
	Parameter REFCLK_FREQUENCY bound to: 2.000000e+02 - type: double 
	Parameter SIGNAL_PATTERN bound to: DATA - type: string 
INFO: [Synth 8-6155] done synthesizing module 'IDELAYE2' (0#1) [/tools/Xilinx/2025.2/Vivado/scripts/rt/data/unisim_comp.v:85109]
WARNING: [Synth 8-7023] instance 'IDELAYE2' of module 'IDELAYE2' has 12 connections declared, but only 7 given [/run/media/sackb/Windows-SSD/Users/sackb/OneDrive/Desktop/University/Course_Work/2025-2026/Spring_2026/ECE_540/ece540sp26-Final_Project/Hardware/Hardware.srcs/sources_1/imports/vga.srcs/sources_1/imports/src/LiteDRAM/litedram_core.v:17484]
INFO: [Synth 8-6157] synthesizing module 'IOBUF' [/tools/Xilinx/2025.2/Vivado/scripts/rt/data/unisim_comp.v:87566]
INFO: [Synth 8-6155] done synthesizing module 'IOBUF' (0#1) [/tools/Xilinx/2025.2/Vivado/scripts/rt/data/unisim_comp.v:87566]
WARNING: [Synth 8-7023] instance 'OSERDESE2_29' of module 'OSERDESE2' has 27 connections declared, but only 16 given [/run/media/sackb/Windows-SSD/Users/sackb/OneDrive/Desktop/University/Course_Work/2025-2026/Spring_2026/ECE_540/ece540sp26-Final_Project/Hardware/Hardware.srcs/sources_1/imports/vga.srcs/sources_1/imports/src/LiteDRAM/litedram_core.v:17507]
WARNING: [Synth 8-7023] instance 'ISERDESE2_1' of module 'ISERDESE2' has 28 connections declared, but only 15 given [/run/media/sackb/Windows-SSD/Users/sackb/OneDrive/Desktop/University/Course_Work/2025-2026/Spring_2026/ECE_540/ece540sp26-Final_Project/Hardware/Hardware.srcs/sources_1/imports/vga.srcs/sources_1/imports/src/LiteDRAM/litedram_core.v:17533]
WARNING: [Synth 8-7023] instance 'IDELAYE2_1' of module 'IDELAYE2' has 12 connections declared, but only 7 given [/run/media/sackb/Windows-SSD/Users/sackb/OneDrive/Desktop/University/Course_Work/2025-2026/Spring_2026/ECE_540/ece540sp26-Final_Project/Hardware/Hardware.srcs/sources_1/imports/vga.srcs/sources_1/imports/src/LiteDRAM/litedram_core.v:17560]
WARNING: [Synth 8-7023] instance 'OSERDESE2_30' of module 'OSERDESE2' has 27 connections declared, but only 16 given [/run/media/sackb/Windows-SSD/Users/sackb/OneDrive/Desktop/University/Course_Work/2025-2026/Spring_2026/ECE_540/ece540sp26-Final_Project/Hardware/Hardware.srcs/sources_1/imports/vga.srcs/sources_1/imports/src/LiteDRAM/litedram_core.v:17583]
WARNING: [Synth 8-7023] instance 'ISERDESE2_2' of module 'ISERDESE2' has 28 connections declared, but only 15 given [/run/media/sackb/Windows-SSD/Users/sackb/OneDrive/Desktop/University/Course_Work/2025-2026/Spring_2026/ECE_540/ece540sp26-Final_Project/Hardware/Hardware.srcs/sources_1/imports/vga.srcs/sources_1/imports/src/LiteDRAM/litedram_core.v:17609]
WARNING: [Synth 8-7023] instance 'IDELAYE2_2' of module 'IDELAYE2' has 12 connections declared, but only 7 given [/run/media/sackb/Windows-SSD/Users/sackb/OneDrive/Desktop/University/Course_Work/2025-2026/Spring_2026/ECE_540/ece540sp26-Final_Project/Hardware/Hardware.srcs/sources_1/imports/vga.srcs/sources_1/imports/src/LiteDRAM/litedram_core.v:17636]
WARNING: [Synth 8-7023] instance 'OSERDESE2_31' of module 'OSERDESE2' has 27 connections declared, but only 16 given [/run/media/sackb/Windows-SSD/Users/sackb/OneDrive/Desktop/University/Course_Work/2025-2026/Spring_2026/ECE_540/ece540sp26-Final_Project/Hardware/Hardware.srcs/sources_1/imports/vga.srcs/sources_1/imports/src/LiteDRAM/litedram_core.v:17659]
WARNING: [Synth 8-7023] instance 'ISERDESE2_3' of module 'ISERDESE2' has 28 connections declared, but only 15 given [/run/media/sackb/Windows-SSD/Users/sackb/OneDrive/Desktop/University/Course_Work/2025-2026/Spring_2026/ECE_540/ece540sp26-Final_Project/Hardware/Hardware.srcs/sources_1/imports/vga.srcs/sources_1/imports/src/LiteDRAM/litedram_core.v:17685]
WARNING: [Synth 8-7023] instance 'IDELAYE2_3' of module 'IDELAYE2' has 12 connections declared, but only 7 given [/run/media/sackb/Windows-SSD/Users/sackb/OneDrive/Desktop/University/Course_Work/2025-2026/Spring_2026/ECE_540/ece540sp26-Final_Project/Hardware/Hardware.srcs/sources_1/imports/vga.srcs/sources_1/imports/src/LiteDRAM/litedram_core.v:17712]
WARNING: [Synth 8-7023] instance 'OSERDESE2_32' of module 'OSERDESE2' has 27 connections declared, but only 16 given [/run/media/sackb/Windows-SSD/Users/sackb/OneDrive/Desktop/University/Course_Work/2025-2026/Spring_2026/ECE_540/ece540sp26-Final_Project/Hardware/Hardware.srcs/sources_1/imports/vga.srcs/sources_1/imports/src/LiteDRAM/litedram_core.v:17735]
WARNING: [Synth 8-7023] instance 'ISERDESE2_4' of module 'ISERDESE2' has 28 connections declared, but only 15 given [/run/media/sackb/Windows-SSD/Users/sackb/OneDrive/Desktop/University/Course_Work/2025-2026/Spring_2026/ECE_540/ece540sp26-Final_Project/Hardware/Hardware.srcs/sources_1/imports/vga.srcs/sources_1/imports/src/LiteDRAM/litedram_core.v:17761]
WARNING: [Synth 8-7023] instance 'IDELAYE2_4' of module 'IDELAYE2' has 12 connections declared, but only 7 given [/run/media/sackb/Windows-SSD/Users/sackb/OneDrive/Desktop/University/Course_Work/2025-2026/Spring_2026/ECE_540/ece540sp26-Final_Project/Hardware/Hardware.srcs/sources_1/imports/vga.srcs/sources_1/imports/src/LiteDRAM/litedram_core.v:17788]
WARNING: [Synth 8-7023] instance 'OSERDESE2_33' of module 'OSERDESE2' has 27 connections declared, but only 16 given [/run/media/sackb/Windows-SSD/Users/sackb/OneDrive/Desktop/University/Course_Work/2025-2026/Spring_2026/ECE_540/ece540sp26-Final_Project/Hardware/Hardware.srcs/sources_1/imports/vga.srcs/sources_1/imports/src/LiteDRAM/litedram_core.v:17811]
WARNING: [Synth 8-7023] instance 'ISERDESE2_5' of module 'ISERDESE2' has 28 connections declared, but only 15 given [/run/media/sackb/Windows-SSD/Users/sackb/OneDrive/Desktop/University/Course_Work/2025-2026/Spring_2026/ECE_540/ece540sp26-Final_Project/Hardware/Hardware.srcs/sources_1/imports/vga.srcs/sources_1/imports/src/LiteDRAM/litedram_core.v:17837]
WARNING: [Synth 8-7023] instance 'IDELAYE2_5' of module 'IDELAYE2' has 12 connections declared, but only 7 given [/run/media/sackb/Windows-SSD/Users/sackb/OneDrive/Desktop/University/Course_Work/2025-2026/Spring_2026/ECE_540/ece540sp26-Final_Project/Hardware/Hardware.srcs/sources_1/imports/vga.srcs/sources_1/imports/src/LiteDRAM/litedram_core.v:17864]
WARNING: [Synth 8-7023] instance 'OSERDESE2_34' of module 'OSERDESE2' has 27 connections declared, but only 16 given [/run/media/sackb/Windows-SSD/Users/sackb/OneDrive/Desktop/University/Course_Work/2025-2026/Spring_2026/ECE_540/ece540sp26-Final_Project/Hardware/Hardware.srcs/sources_1/imports/vga.srcs/sources_1/imports/src/LiteDRAM/litedram_core.v:17887]
WARNING: [Synth 8-7023] instance 'ISERDESE2_6' of module 'ISERDESE2' has 28 connections declared, but only 15 given [/run/media/sackb/Windows-SSD/Users/sackb/OneDrive/Desktop/University/Course_Work/2025-2026/Spring_2026/ECE_540/ece540sp26-Final_Project/Hardware/Hardware.srcs/sources_1/imports/vga.srcs/sources_1/imports/src/LiteDRAM/litedram_core.v:17913]
WARNING: [Synth 8-7023] instance 'IDELAYE2_6' of module 'IDELAYE2' has 12 connections declared, but only 7 given [/run/media/sackb/Windows-SSD/Users/sackb/OneDrive/Desktop/University/Course_Work/2025-2026/Spring_2026/ECE_540/ece540sp26-Final_Project/Hardware/Hardware.srcs/sources_1/imports/vga.srcs/sources_1/imports/src/LiteDRAM/litedram_core.v:17940]
WARNING: [Synth 8-7023] instance 'OSERDESE2_35' of module 'OSERDESE2' has 27 connections declared, but only 16 given [/run/media/sackb/Windows-SSD/Users/sackb/OneDrive/Desktop/University/Course_Work/2025-2026/Spring_2026/ECE_540/ece540sp26-Final_Project/Hardware/Hardware.srcs/sources_1/imports/vga.srcs/sources_1/imports/src/LiteDRAM/litedram_core.v:17963]
WARNING: [Synth 8-7023] instance 'ISERDESE2_7' of module 'ISERDESE2' has 28 connections declared, but only 15 given [/run/media/sackb/Windows-SSD/Users/sackb/OneDrive/Desktop/University/Course_Work/2025-2026/Spring_2026/ECE_540/ece540sp26-Final_Project/Hardware/Hardware.srcs/sources_1/imports/vga.srcs/sources_1/imports/src/LiteDRAM/litedram_core.v:17989]
WARNING: [Synth 8-7023] instance 'IDELAYE2_7' of module 'IDELAYE2' has 12 connections declared, but only 7 given [/run/media/sackb/Windows-SSD/Users/sackb/OneDrive/Desktop/University/Course_Work/2025-2026/Spring_2026/ECE_540/ece540sp26-Final_Project/Hardware/Hardware.srcs/sources_1/imports/vga.srcs/sources_1/imports/src/LiteDRAM/litedram_core.v:18016]
WARNING: [Synth 8-7023] instance 'OSERDESE2_36' of module 'OSERDESE2' has 27 connections declared, but only 16 given [/run/media/sackb/Windows-SSD/Users/sackb/OneDrive/Desktop/University/Course_Work/2025-2026/Spring_2026/ECE_540/ece540sp26-Final_Project/Hardware/Hardware.srcs/sources_1/imports/vga.srcs/sources_1/imports/src/LiteDRAM/litedram_core.v:18039]
WARNING: [Synth 8-7023] instance 'ISERDESE2_8' of module 'ISERDESE2' has 28 connections declared, but only 15 given [/run/media/sackb/Windows-SSD/Users/sackb/OneDrive/Desktop/University/Course_Work/2025-2026/Spring_2026/ECE_540/ece540sp26-Final_Project/Hardware/Hardware.srcs/sources_1/imports/vga.srcs/sources_1/imports/src/LiteDRAM/litedram_core.v:18065]
WARNING: [Synth 8-7023] instance 'IDELAYE2_8' of module 'IDELAYE2' has 12 connections declared, but only 7 given [/run/media/sackb/Windows-SSD/Users/sackb/OneDrive/Desktop/University/Course_Work/2025-2026/Spring_2026/ECE_540/ece540sp26-Final_Project/Hardware/Hardware.srcs/sources_1/imports/vga.srcs/sources_1/imports/src/LiteDRAM/litedram_core.v:18092]
WARNING: [Synth 8-7023] instance 'OSERDESE2_37' of module 'OSERDESE2' has 27 connections declared, but only 16 given [/run/media/sackb/Windows-SSD/Users/sackb/OneDrive/Desktop/University/Course_Work/2025-2026/Spring_2026/ECE_540/ece540sp26-Final_Project/Hardware/Hardware.srcs/sources_1/imports/vga.srcs/sources_1/imports/src/LiteDRAM/litedram_core.v:18115]
WARNING: [Synth 8-7023] instance 'ISERDESE2_9' of module 'ISERDESE2' has 28 connections declared, but only 15 given [/run/media/sackb/Windows-SSD/Users/sackb/OneDrive/Desktop/University/Course_Work/2025-2026/Spring_2026/ECE_540/ece540sp26-Final_Project/Hardware/Hardware.srcs/sources_1/imports/vga.srcs/sources_1/imports/src/LiteDRAM/litedram_core.v:18141]
WARNING: [Synth 8-7023] instance 'IDELAYE2_9' of module 'IDELAYE2' has 12 connections declared, but only 7 given [/run/media/sackb/Windows-SSD/Users/sackb/OneDrive/Desktop/University/Course_Work/2025-2026/Spring_2026/ECE_540/ece540sp26-Final_Project/Hardware/Hardware.srcs/sources_1/imports/vga.srcs/sources_1/imports/src/LiteDRAM/litedram_core.v:18168]
WARNING: [Synth 8-7023] instance 'OSERDESE2_38' of module 'OSERDESE2' has 27 connections declared, but only 16 given [/run/media/sackb/Windows-SSD/Users/sackb/OneDrive/Desktop/University/Course_Work/2025-2026/Spring_2026/ECE_540/ece540sp26-Final_Project/Hardware/Hardware.srcs/sources_1/imports/vga.srcs/sources_1/imports/src/LiteDRAM/litedram_core.v:18191]
WARNING: [Synth 8-7023] instance 'ISERDESE2_10' of module 'ISERDESE2' has 28 connections declared, but only 15 given [/run/media/sackb/Windows-SSD/Users/sackb/OneDrive/Desktop/University/Course_Work/2025-2026/Spring_2026/ECE_540/ece540sp26-Final_Project/Hardware/Hardware.srcs/sources_1/imports/vga.srcs/sources_1/imports/src/LiteDRAM/litedram_core.v:18217]
WARNING: [Synth 8-7023] instance 'IDELAYE2_10' of module 'IDELAYE2' has 12 connections declared, but only 7 given [/run/media/sackb/Windows-SSD/Users/sackb/OneDrive/Desktop/University/Course_Work/2025-2026/Spring_2026/ECE_540/ece540sp26-Final_Project/Hardware/Hardware.srcs/sources_1/imports/vga.srcs/sources_1/imports/src/LiteDRAM/litedram_core.v:18244]
WARNING: [Synth 8-7023] instance 'OSERDESE2_39' of module 'OSERDESE2' has 27 connections declared, but only 16 given [/run/media/sackb/Windows-SSD/Users/sackb/OneDrive/Desktop/University/Course_Work/2025-2026/Spring_2026/ECE_540/ece540sp26-Final_Project/Hardware/Hardware.srcs/sources_1/imports/vga.srcs/sources_1/imports/src/LiteDRAM/litedram_core.v:18267]
WARNING: [Synth 8-7023] instance 'ISERDESE2_11' of module 'ISERDESE2' has 28 connections declared, but only 15 given [/run/media/sackb/Windows-SSD/Users/sackb/OneDrive/Desktop/University/Course_Work/2025-2026/Spring_2026/ECE_540/ece540sp26-Final_Project/Hardware/Hardware.srcs/sources_1/imports/vga.srcs/sources_1/imports/src/LiteDRAM/litedram_core.v:18293]
WARNING: [Synth 8-7023] instance 'IDELAYE2_11' of module 'IDELAYE2' has 12 connections declared, but only 7 given [/run/media/sackb/Windows-SSD/Users/sackb/OneDrive/Desktop/University/Course_Work/2025-2026/Spring_2026/ECE_540/ece540sp26-Final_Project/Hardware/Hardware.srcs/sources_1/imports/vga.srcs/sources_1/imports/src/LiteDRAM/litedram_core.v:18320]
WARNING: [Synth 8-7023] instance 'OSERDESE2_40' of module 'OSERDESE2' has 27 connections declared, but only 16 given [/run/media/sackb/Windows-SSD/Users/sackb/OneDrive/Desktop/University/Course_Work/2025-2026/Spring_2026/ECE_540/ece540sp26-Final_Project/Hardware/Hardware.srcs/sources_1/imports/vga.srcs/sources_1/imports/src/LiteDRAM/litedram_core.v:18343]
WARNING: [Synth 8-7023] instance 'ISERDESE2_12' of module 'ISERDESE2' has 28 connections declared, but only 15 given [/run/media/sackb/Windows-SSD/Users/sackb/OneDrive/Desktop/University/Course_Work/2025-2026/Spring_2026/ECE_540/ece540sp26-Final_Project/Hardware/Hardware.srcs/sources_1/imports/vga.srcs/sources_1/imports/src/LiteDRAM/litedram_core.v:18369]
WARNING: [Synth 8-7023] instance 'IDELAYE2_12' of module 'IDELAYE2' has 12 connections declared, but only 7 given [/run/media/sackb/Windows-SSD/Users/sackb/OneDrive/Desktop/University/Course_Work/2025-2026/Spring_2026/ECE_540/ece540sp26-Final_Project/Hardware/Hardware.srcs/sources_1/imports/vga.srcs/sources_1/imports/src/LiteDRAM/litedram_core.v:18396]
WARNING: [Synth 8-7023] instance 'OSERDESE2_41' of module 'OSERDESE2' has 27 connections declared, but only 16 given [/run/media/sackb/Windows-SSD/Users/sackb/OneDrive/Desktop/University/Course_Work/2025-2026/Spring_2026/ECE_540/ece540sp26-Final_Project/Hardware/Hardware.srcs/sources_1/imports/vga.srcs/sources_1/imports/src/LiteDRAM/litedram_core.v:18419]
WARNING: [Synth 8-7023] instance 'ISERDESE2_13' of module 'ISERDESE2' has 28 connections declared, but only 15 given [/run/media/sackb/Windows-SSD/Users/sackb/OneDrive/Desktop/University/Course_Work/2025-2026/Spring_2026/ECE_540/ece540sp26-Final_Project/Hardware/Hardware.srcs/sources_1/imports/vga.srcs/sources_1/imports/src/LiteDRAM/litedram_core.v:18445]
WARNING: [Synth 8-7023] instance 'IDELAYE2_13' of module 'IDELAYE2' has 12 connections declared, but only 7 given [/run/media/sackb/Windows-SSD/Users/sackb/OneDrive/Desktop/University/Course_Work/2025-2026/Spring_2026/ECE_540/ece540sp26-Final_Project/Hardware/Hardware.srcs/sources_1/imports/vga.srcs/sources_1/imports/src/LiteDRAM/litedram_core.v:18472]
WARNING: [Synth 8-7023] instance 'OSERDESE2_42' of module 'OSERDESE2' has 27 connections declared, but only 16 given [/run/media/sackb/Windows-SSD/Users/sackb/OneDrive/Desktop/University/Course_Work/2025-2026/Spring_2026/ECE_540/ece540sp26-Final_Project/Hardware/Hardware.srcs/sources_1/imports/vga.srcs/sources_1/imports/src/LiteDRAM/litedram_core.v:18495]
WARNING: [Synth 8-7023] instance 'ISERDESE2_14' of module 'ISERDESE2' has 28 connections declared, but only 15 given [/run/media/sackb/Windows-SSD/Users/sackb/OneDrive/Desktop/University/Course_Work/2025-2026/Spring_2026/ECE_540/ece540sp26-Final_Project/Hardware/Hardware.srcs/sources_1/imports/vga.srcs/sources_1/imports/src/LiteDRAM/litedram_core.v:18521]
WARNING: [Synth 8-7023] instance 'IDELAYE2_14' of module 'IDELAYE2' has 12 connections declared, but only 7 given [/run/media/sackb/Windows-SSD/Users/sackb/OneDrive/Desktop/University/Course_Work/2025-2026/Spring_2026/ECE_540/ece540sp26-Final_Project/Hardware/Hardware.srcs/sources_1/imports/vga.srcs/sources_1/imports/src/LiteDRAM/litedram_core.v:18548]
WARNING: [Synth 8-7023] instance 'OSERDESE2_43' of module 'OSERDESE2' has 27 connections declared, but only 16 given [/run/media/sackb/Windows-SSD/Users/sackb/OneDrive/Desktop/University/Course_Work/2025-2026/Spring_2026/ECE_540/ece540sp26-Final_Project/Hardware/Hardware.srcs/sources_1/imports/vga.srcs/sources_1/imports/src/LiteDRAM/litedram_core.v:18571]
WARNING: [Synth 8-7023] instance 'ISERDESE2_15' of module 'ISERDESE2' has 28 connections declared, but only 15 given [/run/media/sackb/Windows-SSD/Users/sackb/OneDrive/Desktop/University/Course_Work/2025-2026/Spring_2026/ECE_540/ece540sp26-Final_Project/Hardware/Hardware.srcs/sources_1/imports/vga.srcs/sources_1/imports/src/LiteDRAM/litedram_core.v:18597]
WARNING: [Synth 8-7023] instance 'IDELAYE2_15' of module 'IDELAYE2' has 12 connections declared, but only 7 given [/run/media/sackb/Windows-SSD/Users/sackb/OneDrive/Desktop/University/Course_Work/2025-2026/Spring_2026/ECE_540/ece540sp26-Final_Project/Hardware/Hardware.srcs/sources_1/imports/vga.srcs/sources_1/imports/src/LiteDRAM/litedram_core.v:18624]
INFO: [Synth 8-6157] synthesizing module 'serv_rf_top' [/run/media/sackb/Windows-SSD/Users/sackb/OneDrive/Desktop/University/Course_Work/2025-2026/Spring_2026/ECE_540/ece540sp26-Final_Project/Hardware/Hardware.srcs/sources_1/imports/vga.srcs/sources_1/imports/src/LiteDRAM/serv_1.0.2/rtl/serv_rf_top.v:3]
	Parameter RESET_PC bound to: 1'b0 
INFO: [Synth 8-6157] synthesizing module 'serv_rf_ram_if' [/run/media/sackb/Windows-SSD/Users/sackb/OneDrive/Desktop/University/Course_Work/2025-2026/Spring_2026/ECE_540/ece540sp26-Final_Project/Hardware/Hardware.srcs/sources_1/imports/vga.srcs/sources_1/imports/src/LiteDRAM/serv_1.0.2/rtl/serv_rf_ram_if.v:2]
	Parameter width bound to: 2 - type: integer 
	Parameter csr_regs bound to: 4 - type: integer 
INFO: [Synth 8-6155] done synthesizing module 'serv_rf_ram_if' (0#1) [/run/media/sackb/Windows-SSD/Users/sackb/OneDrive/Desktop/University/Course_Work/2025-2026/Spring_2026/ECE_540/ece540sp26-Final_Project/Hardware/Hardware.srcs/sources_1/imports/vga.srcs/sources_1/imports/src/LiteDRAM/serv_1.0.2/rtl/serv_rf_ram_if.v:2]
INFO: [Synth 8-6157] synthesizing module 'serv_rf_ram' [/run/media/sackb/Windows-SSD/Users/sackb/OneDrive/Desktop/University/Course_Work/2025-2026/Spring_2026/ECE_540/ece540sp26-Final_Project/Hardware/Hardware.srcs/sources_1/imports/vga.srcs/sources_1/imports/src/LiteDRAM/serv_1.0.2/rtl/serv_rf_ram.v:1]
	Parameter width bound to: 2 - type: integer 
	Parameter csr_regs bound to: 4 - type: integer 
INFO: [Synth 8-6155] done synthesizing module 'serv_rf_ram' (0#1) [/run/media/sackb/Windows-SSD/Users/sackb/OneDrive/Desktop/University/Course_Work/2025-2026/Spring_2026/ECE_540/ece540sp26-Final_Project/Hardware/Hardware.srcs/sources_1/imports/vga.srcs/sources_1/imports/src/LiteDRAM/serv_1.0.2/rtl/serv_rf_ram.v:1]
INFO: [Synth 8-6157] synthesizing module 'serv_top' [/run/media/sackb/Windows-SSD/Users/sackb/OneDrive/Desktop/University/Course_Work/2025-2026/Spring_2026/ECE_540/ece540sp26-Final_Project/Hardware/Hardware.srcs/sources_1/imports/vga.srcs/sources_1/imports/src/LiteDRAM/serv_1.0.2/rtl/serv_top.v:3]
	Parameter WITH_CSR bound to: 1 - type: integer 
	Parameter RESET_PC bound to: 1'b0 
INFO: [Synth 8-6157] synthesizing module 'serv_csr' [/run/media/sackb/Windows-SSD/Users/sackb/OneDrive/Desktop/University/Course_Work/2025-2026/Spring_2026/ECE_540/ece540sp26-Final_Project/Hardware/Hardware.srcs/sources_1/imports/vga.srcs/sources_1/imports/src/LiteDRAM/serv_1.0.2/rtl/serv_csr.v:2]
INFO: [Synth 8-6155] done synthesizing module 'serv_csr' (0#1) [/run/media/sackb/Windows-SSD/Users/sackb/OneDrive/Desktop/University/Course_Work/2025-2026/Spring_2026/ECE_540/ece540sp26-Final_Project/Hardware/Hardware.srcs/sources_1/imports/vga.srcs/sources_1/imports/src/LiteDRAM/serv_1.0.2/rtl/serv_csr.v:2]
INFO: [Synth 8-6157] synthesizing module 'serv_state' [/run/media/sackb/Windows-SSD/Users/sackb/OneDrive/Desktop/University/Course_Work/2025-2026/Spring_2026/ECE_540/ece540sp26-Final_Project/Hardware/Hardware.srcs/sources_1/imports/vga.srcs/sources_1/imports/src/LiteDRAM/serv_1.0.2/rtl/serv_state.v:1]
	Parameter WITH_CSR bound to: 1 - type: integer 
INFO: [Synth 8-6155] done synthesizing module 'serv_state' (0#1) [/run/media/sackb/Windows-SSD/Users/sackb/OneDrive/Desktop/University/Course_Work/2025-2026/Spring_2026/ECE_540/ece540sp26-Final_Project/Hardware/Hardware.srcs/sources_1/imports/vga.srcs/sources_1/imports/src/LiteDRAM/serv_1.0.2/rtl/serv_state.v:1]
INFO: [Synth 8-6157] synthesizing module 'serv_decode' [/run/media/sackb/Windows-SSD/Users/sackb/OneDrive/Desktop/University/Course_Work/2025-2026/Spring_2026/ECE_540/ece540sp26-Final_Project/Hardware/Hardware.srcs/sources_1/imports/vga.srcs/sources_1/imports/src/LiteDRAM/serv_1.0.2/rtl/serv_decode.v:2]
INFO: [Synth 8-6155] done synthesizing module 'serv_decode' (0#1) [/run/media/sackb/Windows-SSD/Users/sackb/OneDrive/Desktop/University/Course_Work/2025-2026/Spring_2026/ECE_540/ece540sp26-Final_Project/Hardware/Hardware.srcs/sources_1/imports/vga.srcs/sources_1/imports/src/LiteDRAM/serv_1.0.2/rtl/serv_decode.v:2]
INFO: [Synth 8-6157] synthesizing module 'serv_bufreg' [/run/media/sackb/Windows-SSD/Users/sackb/OneDrive/Desktop/University/Course_Work/2025-2026/Spring_2026/ECE_540/ece540sp26-Final_Project/Hardware/Hardware.srcs/sources_1/imports/vga.srcs/sources_1/imports/src/LiteDRAM/serv_1.0.2/rtl/serv_bufreg.v:1]
INFO: [Synth 8-6155] done synthesizing module 'serv_bufreg' (0#1) [/run/media/sackb/Windows-SSD/Users/sackb/OneDrive/Desktop/University/Course_Work/2025-2026/Spring_2026/ECE_540/ece540sp26-Final_Project/Hardware/Hardware.srcs/sources_1/imports/vga.srcs/sources_1/imports/src/LiteDRAM/serv_1.0.2/rtl/serv_bufreg.v:1]
INFO: [Synth 8-6157] synthesizing module 'serv_ctrl' [/run/media/sackb/Windows-SSD/Users/sackb/OneDrive/Desktop/University/Course_Work/2025-2026/Spring_2026/ECE_540/ece540sp26-Final_Project/Hardware/Hardware.srcs/sources_1/imports/vga.srcs/sources_1/imports/src/LiteDRAM/serv_1.0.2/rtl/serv_ctrl.v:2]
	Parameter RESET_PC bound to: 1'b0 
	Parameter WITH_CSR bound to: 1 - type: integer 
INFO: [Synth 8-6155] done synthesizing module 'serv_ctrl' (0#1) [/run/media/sackb/Windows-SSD/Users/sackb/OneDrive/Desktop/University/Course_Work/2025-2026/Spring_2026/ECE_540/ece540sp26-Final_Project/Hardware/Hardware.srcs/sources_1/imports/vga.srcs/sources_1/imports/src/LiteDRAM/serv_1.0.2/rtl/serv_ctrl.v:2]
INFO: [Synth 8-6157] synthesizing module 'serv_alu' [/run/media/sackb/Windows-SSD/Users/sackb/OneDrive/Desktop/University/Course_Work/2025-2026/Spring_2026/ECE_540/ece540sp26-Final_Project/Hardware/Hardware.srcs/sources_1/imports/vga.srcs/sources_1/imports/src/LiteDRAM/serv_1.0.2/rtl/serv_alu.v:2]
INFO: [Synth 8-6157] synthesizing module 'serv_shift' [/run/media/sackb/Windows-SSD/Users/sackb/OneDrive/Desktop/University/Course_Work/2025-2026/Spring_2026/ECE_540/ece540sp26-Final_Project/Hardware/Hardware.srcs/sources_1/imports/vga.srcs/sources_1/imports/src/LiteDRAM/serv_1.0.2/rtl/serv_shift.v:2]
INFO: [Synth 8-6155] done synthesizing module 'serv_shift' (0#1) [/run/media/sackb/Windows-SSD/Users/sackb/OneDrive/Desktop/University/Course_Work/2025-2026/Spring_2026/ECE_540/ece540sp26-Final_Project/Hardware/Hardware.srcs/sources_1/imports/vga.srcs/sources_1/imports/src/LiteDRAM/serv_1.0.2/rtl/serv_shift.v:2]
INFO: [Synth 8-6155] done synthesizing module 'serv_alu' (0#1) [/run/media/sackb/Windows-SSD/Users/sackb/OneDrive/Desktop/University/Course_Work/2025-2026/Spring_2026/ECE_540/ece540sp26-Final_Project/Hardware/Hardware.srcs/sources_1/imports/vga.srcs/sources_1/imports/src/LiteDRAM/serv_1.0.2/rtl/serv_alu.v:2]
INFO: [Synth 8-6157] synthesizing module 'serv_rf_if' [/run/media/sackb/Windows-SSD/Users/sackb/OneDrive/Desktop/University/Course_Work/2025-2026/Spring_2026/ECE_540/ece540sp26-Final_Project/Hardware/Hardware.srcs/sources_1/imports/vga.srcs/sources_1/imports/src/LiteDRAM/serv_1.0.2/rtl/serv_rf_if.v:2]
	Parameter WITH_CSR bound to: 1 - type: integer 
INFO: [Synth 8-6155] done synthesizing module 'serv_rf_if' (0#1) [/run/media/sackb/Windows-SSD/Users/sackb/OneDrive/Desktop/University/Course_Work/2025-2026/Spring_2026/ECE_540/ece540sp26-Final_Project/Hardware/Hardware.srcs/sources_1/imports/vga.srcs/sources_1/imports/src/LiteDRAM/serv_1.0.2/rtl/serv_rf_if.v:2]
INFO: [Synth 8-6157] synthesizing module 'serv_mem_if' [/run/media/sackb/Windows-SSD/Users/sackb/OneDrive/Desktop/University/Course_Work/2025-2026/Spring_2026/ECE_540/ece540sp26-Final_Project/Hardware/Hardware.srcs/sources_1/imports/vga.srcs/sources_1/imports/src/LiteDRAM/serv_1.0.2/rtl/serv_mem_if.v:2]
	Parameter WITH_CSR bound to: 1 - type: integer 
INFO: [Synth 8-6155] done synthesizing module 'serv_mem_if' (0#1) [/run/media/sackb/Windows-SSD/Users/sackb/OneDrive/Desktop/University/Course_Work/2025-2026/Spring_2026/ECE_540/ece540sp26-Final_Project/Hardware/Hardware.srcs/sources_1/imports/vga.srcs/sources_1/imports/src/LiteDRAM/serv_1.0.2/rtl/serv_mem_if.v:2]
INFO: [Synth 8-6155] done synthesizing module 'serv_top' (0#1) [/run/media/sackb/Windows-SSD/Users/sackb/OneDrive/Desktop/University/Course_Work/2025-2026/Spring_2026/ECE_540/ece540sp26-Final_Project/Hardware/Hardware.srcs/sources_1/imports/vga.srcs/sources_1/imports/src/LiteDRAM/serv_1.0.2/rtl/serv_top.v:3]
INFO: [Synth 8-6155] done synthesizing module 'serv_rf_top' (0#1) [/run/media/sackb/Windows-SSD/Users/sackb/OneDrive/Desktop/University/Course_Work/2025-2026/Spring_2026/ECE_540/ece540sp26-Final_Project/Hardware/Hardware.srcs/sources_1/imports/vga.srcs/sources_1/imports/src/LiteDRAM/serv_1.0.2/rtl/serv_rf_top.v:3]
INFO: [Synth 8-6157] synthesizing module 'FD' [/tools/Xilinx/2025.2/Vivado/scripts/rt/data/unisim_comp.v:49155]
INFO: [Synth 8-6155] done synthesizing module 'FD' (0#1) [/tools/Xilinx/2025.2/Vivado/scripts/rt/data/unisim_comp.v:49155]
INFO: [Synth 8-6157] synthesizing module 'PLLE2_ADV' [/tools/Xilinx/2025.2/Vivado/scripts/rt/data/unisim_comp.v:133907]
	Parameter CLKFBOUT_MULT bound to: 16 - type: integer 
	Parameter CLKIN1_PERIOD bound to: 1.000000e+01 - type: double 
	Parameter CLKOUT0_DIVIDE bound to: 8 - type: integer 
	Parameter CLKOUT0_PHASE bound to: 0.000000e+00 - type: double 
	Parameter CLKOUT1_DIVIDE bound to: 16 - type: integer 
	Parameter CLKOUT1_PHASE bound to: 0.000000e+00 - type: double 
	Parameter CLKOUT2_DIVIDE bound to: 8 - type: integer 
	Parameter CLKOUT2_PHASE bound to: 0.000000e+00 - type: double 
	Parameter CLKOUT3_DIVIDE bound to: 8 - type: integer 
	Parameter CLKOUT3_PHASE bound to: 9.000000e+01 - type: double 
	Parameter DIVCLK_DIVIDE bound to: 1 - type: integer 
	Parameter REF_JITTER1 bound to: 1.000000e-02 - type: double 
	Parameter STARTUP_WAIT bound to: FALSE - type: string 
INFO: [Synth 8-6155] done synthesizing module 'PLLE2_ADV' (0#1) [/tools/Xilinx/2025.2/Vivado/scripts/rt/data/unisim_comp.v:133907]
WARNING: [Synth 8-7023] instance 'PLLE2_ADV' of module 'PLLE2_ADV' has 21 connections declared, but only 9 given [/run/media/sackb/Windows-SSD/Users/sackb/OneDrive/Desktop/University/Course_Work/2025-2026/Spring_2026/ECE_540/ece540sp26-Final_Project/Hardware/Hardware.srcs/sources_1/imports/vga.srcs/sources_1/imports/src/LiteDRAM/litedram_core.v:18920]
INFO: [Synth 8-6157] synthesizing module 'FDPE' [/tools/Xilinx/2025.2/Vivado/scripts/rt/data/unisim_comp.v:49336]
	Parameter INIT bound to: 1'b1 
INFO: [Synth 8-6155] done synthesizing module 'FDPE' (0#1) [/tools/Xilinx/2025.2/Vivado/scripts/rt/data/unisim_comp.v:49336]
INFO: [Synth 8-6155] done synthesizing module 'litedram_core' (0#1) [/run/media/sackb/Windows-SSD/Users/sackb/OneDrive/Desktop/University/Course_Work/2025-2026/Spring_2026/ECE_540/ece540sp26-Final_Project/Hardware/Hardware.srcs/sources_1/imports/vga.srcs/sources_1/imports/src/LiteDRAM/litedram_core.v:4]
INFO: [Synth 8-6155] done synthesizing module 'litedram_top' (0#1) [/run/media/sackb/Windows-SSD/Users/sackb/OneDrive/Desktop/University/Course_Work/2025-2026/Spring_2026/ECE_540/ece540sp26-Final_Project/Hardware/Hardware.srcs/sources_1/imports/vga.srcs/sources_1/imports/src/LiteDRAM/litedram_top.v:27]
WARNING: [Synth 8-4446] all outputs are unconnected for this instance and logic may be removed [/run/media/sackb/Windows-SSD/Users/sackb/OneDrive/Desktop/University/Course_Work/2025-2026/Spring_2026/ECE_540/ece540sp26-Final_Project/Hardware/Hardware.srcs/sources_1/imports/vga.srcs/sources_1/imports/src/rvfpganexys.sv:230]
INFO: [Synth 8-6157] synthesizing module 'STARTUPE2' [/tools/Xilinx/2025.2/Vivado/scripts/rt/data/unisim_comp.v:165504]
INFO: [Synth 8-6155] done synthesizing module 'STARTUPE2' (0#1) [/tools/Xilinx/2025.2/Vivado/scripts/rt/data/unisim_comp.v:165504]
INFO: [Synth 8-6157] synthesizing module 'bscan_tap' [/run/media/sackb/Windows-SSD/Users/sackb/OneDrive/Desktop/University/Course_Work/2025-2026/Spring_2026/ECE_540/ece540sp26-Final_Project/Hardware/Hardware.srcs/sources_1/imports/vga.srcs/sources_1/imports/src/OtherSources/bscan_tap.sv:16]
INFO: [Synth 8-6157] synthesizing module 'BSCANE2' [/tools/Xilinx/2025.2/Vivado/scripts/rt/data/unisim_comp.v:2479]
	Parameter JTAG_CHAIN bound to: 2 - type: integer 
INFO: [Synth 8-6155] done synthesizing module 'BSCANE2' (0#1) [/tools/Xilinx/2025.2/Vivado/scripts/rt/data/unisim_comp.v:2479]
INFO: [Synth 8-6157] synthesizing module 'BSCANE2__parameterized0' [/tools/Xilinx/2025.2/Vivado/scripts/rt/data/unisim_comp.v:2479]
	Parameter JTAG_CHAIN bound to: 4 - type: integer 
INFO: [Synth 8-6155] done synthesizing module 'BSCANE2__parameterized0' (0#1) [/tools/Xilinx/2025.2/Vivado/scripts/rt/data/unisim_comp.v:2479]
INFO: [Synth 8-6157] synthesizing module 'BSCANE2__parameterized1' [/tools/Xilinx/2025.2/Vivado/scripts/rt/data/unisim_comp.v:2479]
	Parameter JTAG_CHAIN bound to: 3 - type: integer 
INFO: [Synth 8-6155] done synthesizing module 'BSCANE2__parameterized1' (0#1) [/tools/Xilinx/2025.2/Vivado/scripts/rt/data/unisim_comp.v:2479]
INFO: [Synth 8-6155] done synthesizing module 'bscan_tap' (0#1) [/run/media/sackb/Windows-SSD/Users/sackb/OneDrive/Desktop/University/Course_Work/2025-2026/Spring_2026/ECE_540/ece540sp26-Final_Project/Hardware/Hardware.srcs/sources_1/imports/vga.srcs/sources_1/imports/src/OtherSources/bscan_tap.sv:16]
INFO: [Synth 8-6157] synthesizing module 'veerwolf_core' [/run/media/sackb/Windows-SSD/Users/sackb/OneDrive/Desktop/University/Course_Work/2025-2026/Spring_2026/ECE_540/ece540sp26-Final_Project/Hardware/Hardware.srcs/sources_1/imports/vga.srcs/sources_1/imports/src/VeeRwolf/veerwolf_core.v:25]
	Parameter bootrom_file bound to: boot_main.mem - type: string 
	Parameter clk_freq_hz bound to: 25000000 - type: integer 
INFO: [Synth 8-6157] synthesizing module 'axi_intercon' [/run/media/sackb/Windows-SSD/Users/sackb/OneDrive/Desktop/University/Course_Work/2025-2026/Spring_2026/ECE_540/ece540sp26-Final_Project/Hardware/Hardware.srcs/sources_1/imports/vga.srcs/sources_1/imports/src/VeeRwolf/Interconnect/AxiInterconnect/axi_intercon.sv:4]
INFO: [Synth 8-6157] synthesizing module 'axi_xbar' [/run/media/sackb/Windows-SSD/Users/sackb/OneDrive/Desktop/University/Course_Work/2025-2026/Spring_2026/ECE_540/ece540sp26-Final_Project/Hardware/Hardware.srcs/sources_1/imports/vga.srcs/sources_1/imports/src/VeeRwolf/Interconnect/AxiInterconnect/pulp-platform.org__axi_0.25.0/src/axi_xbar.sv:15]
	Parameter Cfg[NoSlvPorts] bound to: 32'b00000000000000000000000000000011 
	Parameter Cfg[NoMstPorts] bound to: 32'b00000000000000000000000000000011 
	Parameter Cfg[MaxMstTrans] bound to: 32'b00000000000000000000000000001010 
	Parameter Cfg[MaxSlvTrans] bound to: 32'b00000000000000000000000000000110 
	Parameter Cfg[FallThrough] bound to: 1'b0 
	Parameter Cfg[LatencyMode] bound to: 10'b1001010010 
	Parameter Cfg[AxiIdWidthSlvPorts] bound to: 32'b00000000000000000000000000000100 
	Parameter Cfg[AxiIdUsedSlvPorts] bound to: 32'b00000000000000000000000000000100 
	Parameter Cfg[AxiAddrWidth] bound to: 32'b00000000000000000000000000100000 
	Parameter Cfg[AxiDataWidth] bound to: 32'b00000000000000000000000001000000 
	Parameter Cfg[NoAddrRules] bound to: 32'b00000000000000000000000000000011 
	Parameter ATOPs bound to: 1'b0 
INFO: [Synth 8-6157] synthesizing module 'addr_decode' [/run/media/sackb/Windows-SSD/Users/sackb/OneDrive/Desktop/University/Course_Work/2025-2026/Spring_2026/ECE_540/ece540sp26-Final_Project/Hardware/Hardware.srcs/sources_1/imports/vga.srcs/sources_1/imports/src/OtherSources/pulp-platform.org__common_cells_1.20.0/src/addr_decode.sv:30]
	Parameter NoIndices bound to: 32'b00000000000000000000000000000011 
	Parameter NoRules bound to: 32'b00000000000000000000000000000011 
INFO: [Synth 8-6155] done synthesizing module 'addr_decode' (0#1) [/run/media/sackb/Windows-SSD/Users/sackb/OneDrive/Desktop/University/Course_Work/2025-2026/Spring_2026/ECE_540/ece540sp26-Final_Project/Hardware/Hardware.srcs/sources_1/imports/vga.srcs/sources_1/imports/src/OtherSources/pulp-platform.org__common_cells_1.20.0/src/addr_decode.sv:30]
INFO: [Synth 8-6157] synthesizing module 'axi_demux' [/run/media/sackb/Windows-SSD/Users/sackb/OneDrive/Desktop/University/Course_Work/2025-2026/Spring_2026/ECE_540/ece540sp26-Final_Project/Hardware/Hardware.srcs/sources_1/imports/vga.srcs/sources_1/imports/src/VeeRwolf/Interconnect/AxiInterconnect/pulp-platform.org__axi_0.25.0/src/axi_demux.sv:17]
	Parameter AxiIdWidth bound to: 32'b00000000000000000000000000000100 
	Parameter NoMstPorts bound to: 32'b00000000000000000000000000000100 
	Parameter MaxTrans bound to: 32'b00000000000000000000000000001010 
	Parameter AxiLookBits bound to: 32'b00000000000000000000000000000100 
	Parameter FallThrough bound to: 1'b0 
	Parameter SpillAw bound to: 1'b1 
	Parameter SpillW bound to: 1'b0 
	Parameter SpillB bound to: 1'b0 
	Parameter SpillAr bound to: 1'b1 
	Parameter SpillR bound to: 1'b0 
INFO: [Synth 8-6157] synthesizing module 'spill_register__parameterized2' [/run/media/sackb/Windows-SSD/Users/sackb/OneDrive/Desktop/University/Course_Work/2025-2026/Spring_2026/ECE_540/ece540sp26-Final_Project/Hardware/Hardware.srcs/sources_1/imports/vga.srcs/sources_1/imports/src/OtherSources/pulp-platform.org__common_cells_1.20.0/src/spill_register.sv:17]
	Parameter Bypass bound to: 1'b0 
INFO: [Synth 8-6155] done synthesizing module 'spill_register__parameterized2' (0#1) [/run/media/sackb/Windows-SSD/Users/sackb/OneDrive/Desktop/University/Course_Work/2025-2026/Spring_2026/ECE_540/ece540sp26-Final_Project/Hardware/Hardware.srcs/sources_1/imports/vga.srcs/sources_1/imports/src/OtherSources/pulp-platform.org__common_cells_1.20.0/src/spill_register.sv:17]
INFO: [Synth 8-6157] synthesizing module 'axi_demux_id_counters' [/run/media/sackb/Windows-SSD/Users/sackb/OneDrive/Desktop/University/Course_Work/2025-2026/Spring_2026/ECE_540/ece540sp26-Final_Project/Hardware/Hardware.srcs/sources_1/imports/vga.srcs/sources_1/imports/src/VeeRwolf/Interconnect/AxiInterconnect/pulp-platform.org__axi_0.25.0/src/axi_demux.sv:538]
	Parameter AxiIdBits bound to: 32'b00000000000000000000000000000100 
	Parameter CounterWidth bound to: 32'b00000000000000000000000000000100 
INFO: [Synth 8-294] found qualifier unique on case statement: implementing as parallel_case [/run/media/sackb/Windows-SSD/Users/sackb/OneDrive/Desktop/University/Course_Work/2025-2026/Spring_2026/ECE_540/ece540sp26-Final_Project/Hardware/Hardware.srcs/sources_1/imports/vga.srcs/sources_1/imports/src/VeeRwolf/Interconnect/AxiInterconnect/pulp-platform.org__axi_0.25.0/src/axi_demux.sv:588]
INFO: [Synth 8-6157] synthesizing module 'delta_counter' [/run/media/sackb/Windows-SSD/Users/sackb/OneDrive/Desktop/University/Course_Work/2025-2026/Spring_2026/ECE_540/ece540sp26-Final_Project/Hardware/Hardware.srcs/sources_1/imports/vga.srcs/sources_1/imports/src/OtherSources/pulp-platform.org__common_cells_1.20.0/src/delta_counter.sv:13]
	Parameter WIDTH bound to: 32'b00000000000000000000000000000100 
	Parameter STICKY_OVERFLOW bound to: 1'b0 
INFO: [Synth 8-6155] done synthesizing module 'delta_counter' (0#1) [/run/media/sackb/Windows-SSD/Users/sackb/OneDrive/Desktop/University/Course_Work/2025-2026/Spring_2026/ECE_540/ece540sp26-Final_Project/Hardware/Hardware.srcs/sources_1/imports/vga.srcs/sources_1/imports/src/OtherSources/pulp-platform.org__common_cells_1.20.0/src/delta_counter.sv:13]
INFO: [Synth 8-294] found qualifier unique on case statement: implementing as parallel_case [/run/media/sackb/Windows-SSD/Users/sackb/OneDrive/Desktop/University/Course_Work/2025-2026/Spring_2026/ECE_540/ece540sp26-Final_Project/Hardware/Hardware.srcs/sources_1/imports/vga.srcs/sources_1/imports/src/VeeRwolf/Interconnect/AxiInterconnect/pulp-platform.org__axi_0.25.0/src/axi_demux.sv:588]
INFO: [Synth 8-294] found qualifier unique on case statement: implementing as parallel_case [/run/media/sackb/Windows-SSD/Users/sackb/OneDrive/Desktop/University/Course_Work/2025-2026/Spring_2026/ECE_540/ece540sp26-Final_Project/Hardware/Hardware.srcs/sources_1/imports/vga.srcs/sources_1/imports/src/VeeRwolf/Interconnect/AxiInterconnect/pulp-platform.org__axi_0.25.0/src/axi_demux.sv:588]
INFO: [Synth 8-294] found qualifier unique on case statement: implementing as parallel_case [/run/media/sackb/Windows-SSD/Users/sackb/OneDrive/Desktop/University/Course_Work/2025-2026/Spring_2026/ECE_540/ece540sp26-Final_Project/Hardware/Hardware.srcs/sources_1/imports/vga.srcs/sources_1/imports/src/VeeRwolf/Interconnect/AxiInterconnect/pulp-platform.org__axi_0.25.0/src/axi_demux.sv:588]
INFO: [Synth 8-294] found qualifier unique on case statement: implementing as parallel_case [/run/media/sackb/Windows-SSD/Users/sackb/OneDrive/Desktop/University/Course_Work/2025-2026/Spring_2026/ECE_540/ece540sp26-Final_Project/Hardware/Hardware.srcs/sources_1/imports/vga.srcs/sources_1/imports/src/VeeRwolf/Interconnect/AxiInterconnect/pulp-platform.org__axi_0.25.0/src/axi_demux.sv:588]
INFO: [Synth 8-294] found qualifier unique on case statement: implementing as parallel_case [/run/media/sackb/Windows-SSD/Users/sackb/OneDrive/Desktop/University/Course_Work/2025-2026/Spring_2026/ECE_540/ece540sp26-Final_Project/Hardware/Hardware.srcs/sources_1/imports/vga.srcs/sources_1/imports/src/VeeRwolf/Interconnect/AxiInterconnect/pulp-platform.org__axi_0.25.0/src/axi_demux.sv:588]
INFO: [Synth 8-294] found qualifier unique on case statement: implementing as parallel_case [/run/media/sackb/Windows-SSD/Users/sackb/OneDrive/Desktop/University/Course_Work/2025-2026/Spring_2026/ECE_540/ece540sp26-Final_Project/Hardware/Hardware.srcs/sources_1/imports/vga.srcs/sources_1/imports/src/VeeRwolf/Interconnect/AxiInterconnect/pulp-platform.org__axi_0.25.0/src/axi_demux.sv:588]
INFO: [Synth 8-294] found qualifier unique on case statement: implementing as parallel_case [/run/media/sackb/Windows-SSD/Users/sackb/OneDrive/Desktop/University/Course_Work/2025-2026/Spring_2026/ECE_540/ece540sp26-Final_Project/Hardware/Hardware.srcs/sources_1/imports/vga.srcs/sources_1/imports/src/VeeRwolf/Interconnect/AxiInterconnect/pulp-platform.org__axi_0.25.0/src/axi_demux.sv:588]
INFO: [Synth 8-294] found qualifier unique on case statement: implementing as parallel_case [/run/media/sackb/Windows-SSD/Users/sackb/OneDrive/Desktop/University/Course_Work/2025-2026/Spring_2026/ECE_540/ece540sp26-Final_Project/Hardware/Hardware.srcs/sources_1/imports/vga.srcs/sources_1/imports/src/VeeRwolf/Interconnect/AxiInterconnect/pulp-platform.org__axi_0.25.0/src/axi_demux.sv:588]
INFO: [Synth 8-294] found qualifier unique on case statement: implementing as parallel_case [/run/media/sackb/Windows-SSD/Users/sackb/OneDrive/Desktop/University/Course_Work/2025-2026/Spring_2026/ECE_540/ece540sp26-Final_Project/Hardware/Hardware.srcs/sources_1/imports/vga.srcs/sources_1/imports/src/VeeRwolf/Interconnect/AxiInterconnect/pulp-platform.org__axi_0.25.0/src/axi_demux.sv:588]
INFO: [Synth 8-294] found qualifier unique on case statement: implementing as parallel_case [/run/media/sackb/Windows-SSD/Users/sackb/OneDrive/Desktop/University/Course_Work/2025-2026/Spring_2026/ECE_540/ece540sp26-Final_Project/Hardware/Hardware.srcs/sources_1/imports/vga.srcs/sources_1/imports/src/VeeRwolf/Interconnect/AxiInterconnect/pulp-platform.org__axi_0.25.0/src/axi_demux.sv:588]
INFO: [Synth 8-294] found qualifier unique on case statement: implementing as parallel_case [/run/media/sackb/Windows-SSD/Users/sackb/OneDrive/Desktop/University/Course_Work/2025-2026/Spring_2026/ECE_540/ece540sp26-Final_Project/Hardware/Hardware.srcs/sources_1/imports/vga.srcs/sources_1/imports/src/VeeRwolf/Interconnect/AxiInterconnect/pulp-platform.org__axi_0.25.0/src/axi_demux.sv:588]
INFO: [Synth 8-294] found qualifier unique on case statement: implementing as parallel_case [/run/media/sackb/Windows-SSD/Users/sackb/OneDrive/Desktop/University/Course_Work/2025-2026/Spring_2026/ECE_540/ece540sp26-Final_Project/Hardware/Hardware.srcs/sources_1/imports/vga.srcs/sources_1/imports/src/VeeRwolf/Interconnect/AxiInterconnect/pulp-platform.org__axi_0.25.0/src/axi_demux.sv:588]
INFO: [Synth 8-294] found qualifier unique on case statement: implementing as parallel_case [/run/media/sackb/Windows-SSD/Users/sackb/OneDrive/Desktop/University/Course_Work/2025-2026/Spring_2026/ECE_540/ece540sp26-Final_Project/Hardware/Hardware.srcs/sources_1/imports/vga.srcs/sources_1/imports/src/VeeRwolf/Interconnect/AxiInterconnect/pulp-platform.org__axi_0.25.0/src/axi_demux.sv:588]
INFO: [Synth 8-294] found qualifier unique on case statement: implementing as parallel_case [/run/media/sackb/Windows-SSD/Users/sackb/OneDrive/Desktop/University/Course_Work/2025-2026/Spring_2026/ECE_540/ece540sp26-Final_Project/Hardware/Hardware.srcs/sources_1/imports/vga.srcs/sources_1/imports/src/VeeRwolf/Interconnect/AxiInterconnect/pulp-platform.org__axi_0.25.0/src/axi_demux.sv:588]
INFO: [Synth 8-294] found qualifier unique on case statement: implementing as parallel_case [/run/media/sackb/Windows-SSD/Users/sackb/OneDrive/Desktop/University/Course_Work/2025-2026/Spring_2026/ECE_540/ece540sp26-Final_Project/Hardware/Hardware.srcs/sources_1/imports/vga.srcs/sources_1/imports/src/VeeRwolf/Interconnect/AxiInterconnect/pulp-platform.org__axi_0.25.0/src/axi_demux.sv:588]
INFO: [Synth 8-6155] done synthesizing module 'axi_demux_id_counters' (0#1) [/run/media/sackb/Windows-SSD/Users/sackb/OneDrive/Desktop/University/Course_Work/2025-2026/Spring_2026/ECE_540/ece540sp26-Final_Project/Hardware/Hardware.srcs/sources_1/imports/vga.srcs/sources_1/imports/src/VeeRwolf/Interconnect/AxiInterconnect/pulp-platform.org__axi_0.25.0/src/axi_demux.sv:538]
INFO: [Synth 8-6157] synthesizing module 'fifo_v3' [/run/media/sackb/Windows-SSD/Users/sackb/OneDrive/Desktop/University/Course_Work/2025-2026/Spring_2026/ECE_540/ece540sp26-Final_Project/Hardware/Hardware.srcs/sources_1/imports/vga.srcs/sources_1/imports/src/OtherSources/pulp-platform.org__common_cells_1.20.0/src/fifo_v3.sv:13]
	Parameter FALL_THROUGH bound to: 1'b0 
	Parameter DEPTH bound to: 32'b00000000000000000000000000001010 
INFO: [Synth 8-6155] done synthesizing module 'fifo_v3' (0#1) [/run/media/sackb/Windows-SSD/Users/sackb/OneDrive/Desktop/University/Course_Work/2025-2026/Spring_2026/ECE_540/ece540sp26-Final_Project/Hardware/Hardware.srcs/sources_1/imports/vga.srcs/sources_1/imports/src/OtherSources/pulp-platform.org__common_cells_1.20.0/src/fifo_v3.sv:13]
INFO: [Synth 8-6157] synthesizing module 'spill_register__parameterized3' [/run/media/sackb/Windows-SSD/Users/sackb/OneDrive/Desktop/University/Course_Work/2025-2026/Spring_2026/ECE_540/ece540sp26-Final_Project/Hardware/Hardware.srcs/sources_1/imports/vga.srcs/sources_1/imports/src/OtherSources/pulp-platform.org__common_cells_1.20.0/src/spill_register.sv:17]
	Parameter Bypass bound to: 1'b1 
INFO: [Synth 8-6155] done synthesizing module 'spill_register__parameterized3' (0#1) [/run/media/sackb/Windows-SSD/Users/sackb/OneDrive/Desktop/University/Course_Work/2025-2026/Spring_2026/ECE_540/ece540sp26-Final_Project/Hardware/Hardware.srcs/sources_1/imports/vga.srcs/sources_1/imports/src/OtherSources/pulp-platform.org__common_cells_1.20.0/src/spill_register.sv:17]
INFO: [Synth 8-6157] synthesizing module 'spill_register__parameterized4' [/run/media/sackb/Windows-SSD/Users/sackb/OneDrive/Desktop/University/Course_Work/2025-2026/Spring_2026/ECE_540/ece540sp26-Final_Project/Hardware/Hardware.srcs/sources_1/imports/vga.srcs/sources_1/imports/src/OtherSources/pulp-platform.org__common_cells_1.20.0/src/spill_register.sv:17]
	Parameter Bypass bound to: 1'b1 
INFO: [Synth 8-6155] done synthesizing module 'spill_register__parameterized4' (0#1) [/run/media/sackb/Windows-SSD/Users/sackb/OneDrive/Desktop/University/Course_Work/2025-2026/Spring_2026/ECE_540/ece540sp26-Final_Project/Hardware/Hardware.srcs/sources_1/imports/vga.srcs/sources_1/imports/src/OtherSources/pulp-platform.org__common_cells_1.20.0/src/spill_register.sv:17]
INFO: [Synth 8-6157] synthesizing module 'rr_arb_tree' [/run/media/sackb/Windows-SSD/Users/sackb/OneDrive/Desktop/University/Course_Work/2025-2026/Spring_2026/ECE_540/ece540sp26-Final_Project/Hardware/Hardware.srcs/sources_1/imports/vga.srcs/sources_1/imports/src/OtherSources/pulp-platform.org__common_cells_1.20.0/src/rr_arb_tree.sv:47]
	Parameter NumIn bound to: 32'b00000000000000000000000000000100 
	Parameter AxiVldRdy bound to: 1'b1 
	Parameter LockIn bound to: 1'b1 
INFO: [Synth 8-6157] synthesizing module 'lzc' [/run/media/sackb/Windows-SSD/Users/sackb/OneDrive/Desktop/University/Course_Work/2025-2026/Spring_2026/ECE_540/ece540sp26-Final_Project/Hardware/Hardware.srcs/sources_1/imports/vga.srcs/sources_1/imports/src/OtherSources/pulp-platform.org__common_cells_1.20.0/src/lzc.sv:25]
	Parameter WIDTH bound to: 32'b00000000000000000000000000000100 
	Parameter MODE bound to: 1'b0 
INFO: [Synth 8-6155] done synthesizing module 'lzc' (0#1) [/run/media/sackb/Windows-SSD/Users/sackb/OneDrive/Desktop/University/Course_Work/2025-2026/Spring_2026/ECE_540/ece540sp26-Final_Project/Hardware/Hardware.srcs/sources_1/imports/vga.srcs/sources_1/imports/src/OtherSources/pulp-platform.org__common_cells_1.20.0/src/lzc.sv:25]
INFO: [Synth 8-6155] done synthesizing module 'rr_arb_tree' (0#1) [/run/media/sackb/Windows-SSD/Users/sackb/OneDrive/Desktop/University/Course_Work/2025-2026/Spring_2026/ECE_540/ece540sp26-Final_Project/Hardware/Hardware.srcs/sources_1/imports/vga.srcs/sources_1/imports/src/OtherSources/pulp-platform.org__common_cells_1.20.0/src/rr_arb_tree.sv:47]
INFO: [Synth 8-6157] synthesizing module 'spill_register__parameterized5' [/run/media/sackb/Windows-SSD/Users/sackb/OneDrive/Desktop/University/Course_Work/2025-2026/Spring_2026/ECE_540/ece540sp26-Final_Project/Hardware/Hardware.srcs/sources_1/imports/vga.srcs/sources_1/imports/src/OtherSources/pulp-platform.org__common_cells_1.20.0/src/spill_register.sv:17]
	Parameter Bypass bound to: 1'b0 
INFO: [Synth 8-6155] done synthesizing module 'spill_register__parameterized5' (0#1) [/run/media/sackb/Windows-SSD/Users/sackb/OneDrive/Desktop/University/Course_Work/2025-2026/Spring_2026/ECE_540/ece540sp26-Final_Project/Hardware/Hardware.srcs/sources_1/imports/vga.srcs/sources_1/imports/src/OtherSources/pulp-platform.org__common_cells_1.20.0/src/spill_register.sv:17]
INFO: [Synth 8-6157] synthesizing module 'spill_register__parameterized6' [/run/media/sackb/Windows-SSD/Users/sackb/OneDrive/Desktop/University/Course_Work/2025-2026/Spring_2026/ECE_540/ece540sp26-Final_Project/Hardware/Hardware.srcs/sources_1/imports/vga.srcs/sources_1/imports/src/OtherSources/pulp-platform.org__common_cells_1.20.0/src/spill_register.sv:17]
	Parameter Bypass bound to: 1'b1 
INFO: [Synth 8-6155] done synthesizing module 'spill_register__parameterized6' (0#1) [/run/media/sackb/Windows-SSD/Users/sackb/OneDrive/Desktop/University/Course_Work/2025-2026/Spring_2026/ECE_540/ece540sp26-Final_Project/Hardware/Hardware.srcs/sources_1/imports/vga.srcs/sources_1/imports/src/OtherSources/pulp-platform.org__common_cells_1.20.0/src/spill_register.sv:17]
INFO: [Synth 8-6157] synthesizing module 'rr_arb_tree__parameterized0' [/run/media/sackb/Windows-SSD/Users/sackb/OneDrive/Desktop/University/Course_Work/2025-2026/Spring_2026/ECE_540/ece540sp26-Final_Project/Hardware/Hardware.srcs/sources_1/imports/vga.srcs/sources_1/imports/src/OtherSources/pulp-platform.org__common_cells_1.20.0/src/rr_arb_tree.sv:47]
	Parameter NumIn bound to: 32'b00000000000000000000000000000100 
	Parameter AxiVldRdy bound to: 1'b1 
	Parameter LockIn bound to: 1'b1 
INFO: [Synth 8-6155] done synthesizing module 'rr_arb_tree__parameterized0' (0#1) [/run/media/sackb/Windows-SSD/Users/sackb/OneDrive/Desktop/University/Course_Work/2025-2026/Spring_2026/ECE_540/ece540sp26-Final_Project/Hardware/Hardware.srcs/sources_1/imports/vga.srcs/sources_1/imports/src/OtherSources/pulp-platform.org__common_cells_1.20.0/src/rr_arb_tree.sv:47]
INFO: [Synth 8-6155] done synthesizing module 'axi_demux' (0#1) [/run/media/sackb/Windows-SSD/Users/sackb/OneDrive/Desktop/University/Course_Work/2025-2026/Spring_2026/ECE_540/ece540sp26-Final_Project/Hardware/Hardware.srcs/sources_1/imports/vga.srcs/sources_1/imports/src/VeeRwolf/Interconnect/AxiInterconnect/pulp-platform.org__axi_0.25.0/src/axi_demux.sv:17]
INFO: [Synth 8-6157] synthesizing module 'axi_err_slv' [/run/media/sackb/Windows-SSD/Users/sackb/OneDrive/Desktop/University/Course_Work/2025-2026/Spring_2026/ECE_540/ece540sp26-Final_Project/Hardware/Hardware.srcs/sources_1/imports/vga.srcs/sources_1/imports/src/VeeRwolf/Interconnect/AxiInterconnect/pulp-platform.org__axi_0.25.0/src/axi_err_slv.sv:16]
	Parameter AxiIdWidth bound to: 32'b00000000000000000000000000000100 
	Parameter Resp bound to: 2'b11 
	Parameter ATOPs bound to: 1'b0 
	Parameter MaxTrans bound to: 32'b00000000000000000000000000000100 
INFO: [Synth 8-6157] synthesizing module 'fifo_v3__parameterized0' [/run/media/sackb/Windows-SSD/Users/sackb/OneDrive/Desktop/University/Course_Work/2025-2026/Spring_2026/ECE_540/ece540sp26-Final_Project/Hardware/Hardware.srcs/sources_1/imports/vga.srcs/sources_1/imports/src/OtherSources/pulp-platform.org__common_cells_1.20.0/src/fifo_v3.sv:13]
	Parameter FALL_THROUGH bound to: 1'b1 
	Parameter DEPTH bound to: 32'b00000000000000000000000000000100 
INFO: [Synth 8-6155] done synthesizing module 'fifo_v3__parameterized0' (0#1) [/run/media/sackb/Windows-SSD/Users/sackb/OneDrive/Desktop/University/Course_Work/2025-2026/Spring_2026/ECE_540/ece540sp26-Final_Project/Hardware/Hardware.srcs/sources_1/imports/vga.srcs/sources_1/imports/src/OtherSources/pulp-platform.org__common_cells_1.20.0/src/fifo_v3.sv:13]
INFO: [Synth 8-6157] synthesizing module 'fifo_v3__parameterized1' [/run/media/sackb/Windows-SSD/Users/sackb/OneDrive/Desktop/University/Course_Work/2025-2026/Spring_2026/ECE_540/ece540sp26-Final_Project/Hardware/Hardware.srcs/sources_1/imports/vga.srcs/sources_1/imports/src/OtherSources/pulp-platform.org__common_cells_1.20.0/src/fifo_v3.sv:13]
	Parameter FALL_THROUGH bound to: 1'b0 
	Parameter DEPTH bound to: 32'b00000000000000000000000000000010 
INFO: [Synth 8-6155] done synthesizing module 'fifo_v3__parameterized1' (0#1) [/run/media/sackb/Windows-SSD/Users/sackb/OneDrive/Desktop/University/Course_Work/2025-2026/Spring_2026/ECE_540/ece540sp26-Final_Project/Hardware/Hardware.srcs/sources_1/imports/vga.srcs/sources_1/imports/src/OtherSources/pulp-platform.org__common_cells_1.20.0/src/fifo_v3.sv:13]
INFO: [Synth 8-6157] synthesizing module 'fifo_v3__parameterized2' [/run/media/sackb/Windows-SSD/Users/sackb/OneDrive/Desktop/University/Course_Work/2025-2026/Spring_2026/ECE_540/ece540sp26-Final_Project/Hardware/Hardware.srcs/sources_1/imports/vga.srcs/sources_1/imports/src/OtherSources/pulp-platform.org__common_cells_1.20.0/src/fifo_v3.sv:13]
	Parameter FALL_THROUGH bound to: 1'b0 
	Parameter DEPTH bound to: 32'b00000000000000000000000000000100 
INFO: [Synth 8-6155] done synthesizing module 'fifo_v3__parameterized2' (0#1) [/run/media/sackb/Windows-SSD/Users/sackb/OneDrive/Desktop/University/Course_Work/2025-2026/Spring_2026/ECE_540/ece540sp26-Final_Project/Hardware/Hardware.srcs/sources_1/imports/vga.srcs/sources_1/imports/src/OtherSources/pulp-platform.org__common_cells_1.20.0/src/fifo_v3.sv:13]
INFO: [Synth 8-6157] synthesizing module 'counter' [/run/media/sackb/Windows-SSD/Users/sackb/OneDrive/Desktop/University/Course_Work/2025-2026/Spring_2026/ECE_540/ece540sp26-Final_Project/Hardware/Hardware.srcs/sources_1/imports/vga.srcs/sources_1/imports/src/OtherSources/pulp-platform.org__common_cells_1.20.0/src/counter.sv:16]
	Parameter WIDTH bound to: 32'b00000000000000000000000000001000 
INFO: [Synth 8-6157] synthesizing module 'delta_counter__parameterized0' [/run/media/sackb/Windows-SSD/Users/sackb/OneDrive/Desktop/University/Course_Work/2025-2026/Spring_2026/ECE_540/ece540sp26-Final_Project/Hardware/Hardware.srcs/sources_1/imports/vga.srcs/sources_1/imports/src/OtherSources/pulp-platform.org__common_cells_1.20.0/src/delta_counter.sv:13]
	Parameter WIDTH bound to: 32'b00000000000000000000000000001000 
	Parameter STICKY_OVERFLOW bound to: 1'b0 
INFO: [Synth 8-6155] done synthesizing module 'delta_counter__parameterized0' (0#1) [/run/media/sackb/Windows-SSD/Users/sackb/OneDrive/Desktop/University/Course_Work/2025-2026/Spring_2026/ECE_540/ece540sp26-Final_Project/Hardware/Hardware.srcs/sources_1/imports/vga.srcs/sources_1/imports/src/OtherSources/pulp-platform.org__common_cells_1.20.0/src/delta_counter.sv:13]
INFO: [Synth 8-6155] done synthesizing module 'counter' (0#1) [/run/media/sackb/Windows-SSD/Users/sackb/OneDrive/Desktop/University/Course_Work/2025-2026/Spring_2026/ECE_540/ece540sp26-Final_Project/Hardware/Hardware.srcs/sources_1/imports/vga.srcs/sources_1/imports/src/OtherSources/pulp-platform.org__common_cells_1.20.0/src/counter.sv:16]
INFO: [Synth 8-6155] done synthesizing module 'axi_err_slv' (0#1) [/run/media/sackb/Windows-SSD/Users/sackb/OneDrive/Desktop/University/Course_Work/2025-2026/Spring_2026/ECE_540/ece540sp26-Final_Project/Hardware/Hardware.srcs/sources_1/imports/vga.srcs/sources_1/imports/src/VeeRwolf/Interconnect/AxiInterconnect/pulp-platform.org__axi_0.25.0/src/axi_err_slv.sv:16]
INFO: [Synth 8-6157] synthesizing module 'axi_mux' [/run/media/sackb/Windows-SSD/Users/sackb/OneDrive/Desktop/University/Course_Work/2025-2026/Spring_2026/ECE_540/ece540sp26-Final_Project/Hardware/Hardware.srcs/sources_1/imports/vga.srcs/sources_1/imports/src/VeeRwolf/Interconnect/AxiInterconnect/pulp-platform.org__axi_0.25.0/src/axi_mux.sv:25]
	Parameter SlvAxiIDWidth bound to: 32'b00000000000000000000000000000100 
	Parameter NoSlvPorts bound to: 32'b00000000000000000000000000000011 
	Parameter MaxWTrans bound to: 32'b00000000000000000000000000000110 
	Parameter FallThrough bound to: 1'b0 
	Parameter SpillAw bound to: 1'b1 
	Parameter SpillW bound to: 1'b0 
	Parameter SpillB bound to: 1'b0 
	Parameter SpillAr bound to: 1'b1 
	Parameter SpillR bound to: 1'b0 
INFO: [Synth 8-6157] synthesizing module 'axi_id_prepend' [/run/media/sackb/Windows-SSD/Users/sackb/OneDrive/Desktop/University/Course_Work/2025-2026/Spring_2026/ECE_540/ece540sp26-Final_Project/Hardware/Hardware.srcs/sources_1/imports/vga.srcs/sources_1/imports/src/VeeRwolf/Interconnect/AxiInterconnect/pulp-platform.org__axi_0.25.0/src/axi_id_prepend.sv:16]
	Parameter NoBus bound to: 1 - type: integer 
	Parameter AxiIdWidthSlvPort bound to: 32'b00000000000000000000000000000100 
	Parameter AxiIdWidthMstPort bound to: 32'b00000000000000000000000000000110 
INFO: [Synth 8-6155] done synthesizing module 'axi_id_prepend' (0#1) [/run/media/sackb/Windows-SSD/Users/sackb/OneDrive/Desktop/University/Course_Work/2025-2026/Spring_2026/ECE_540/ece540sp26-Final_Project/Hardware/Hardware.srcs/sources_1/imports/vga.srcs/sources_1/imports/src/VeeRwolf/Interconnect/AxiInterconnect/pulp-platform.org__axi_0.25.0/src/axi_id_prepend.sv:16]
INFO: [Synth 8-6157] synthesizing module 'rr_arb_tree__parameterized1' [/run/media/sackb/Windows-SSD/Users/sackb/OneDrive/Desktop/University/Course_Work/2025-2026/Spring_2026/ECE_540/ece540sp26-Final_Project/Hardware/Hardware.srcs/sources_1/imports/vga.srcs/sources_1/imports/src/OtherSources/pulp-platform.org__common_cells_1.20.0/src/rr_arb_tree.sv:47]
	Parameter NumIn bound to: 32'b00000000000000000000000000000011 
	Parameter AxiVldRdy bound to: 1'b1 
	Parameter LockIn bound to: 1'b1 
INFO: [Synth 8-6157] synthesizing module 'lzc__parameterized0' [/run/media/sackb/Windows-SSD/Users/sackb/OneDrive/Desktop/University/Course_Work/2025-2026/Spring_2026/ECE_540/ece540sp26-Final_Project/Hardware/Hardware.srcs/sources_1/imports/vga.srcs/sources_1/imports/src/OtherSources/pulp-platform.org__common_cells_1.20.0/src/lzc.sv:25]
	Parameter WIDTH bound to: 32'b00000000000000000000000000000011 
	Parameter MODE bound to: 1'b0 
INFO: [Synth 8-6155] done synthesizing module 'lzc__parameterized0' (0#1) [/run/media/sackb/Windows-SSD/Users/sackb/OneDrive/Desktop/University/Course_Work/2025-2026/Spring_2026/ECE_540/ece540sp26-Final_Project/Hardware/Hardware.srcs/sources_1/imports/vga.srcs/sources_1/imports/src/OtherSources/pulp-platform.org__common_cells_1.20.0/src/lzc.sv:25]
INFO: [Synth 8-6155] done synthesizing module 'rr_arb_tree__parameterized1' (0#1) [/run/media/sackb/Windows-SSD/Users/sackb/OneDrive/Desktop/University/Course_Work/2025-2026/Spring_2026/ECE_540/ece540sp26-Final_Project/Hardware/Hardware.srcs/sources_1/imports/vga.srcs/sources_1/imports/src/OtherSources/pulp-platform.org__common_cells_1.20.0/src/rr_arb_tree.sv:47]
INFO: [Synth 8-6157] synthesizing module 'fifo_v3__parameterized3' [/run/media/sackb/Windows-SSD/Users/sackb/OneDrive/Desktop/University/Course_Work/2025-2026/Spring_2026/ECE_540/ece540sp26-Final_Project/Hardware/Hardware.srcs/sources_1/imports/vga.srcs/sources_1/imports/src/OtherSources/pulp-platform.org__common_cells_1.20.0/src/fifo_v3.sv:13]
	Parameter FALL_THROUGH bound to: 1'b0 
	Parameter DEPTH bound to: 32'b00000000000000000000000000000110 
INFO: [Synth 8-6155] done synthesizing module 'fifo_v3__parameterized3' (0#1) [/run/media/sackb/Windows-SSD/Users/sackb/OneDrive/Desktop/University/Course_Work/2025-2026/Spring_2026/ECE_540/ece540sp26-Final_Project/Hardware/Hardware.srcs/sources_1/imports/vga.srcs/sources_1/imports/src/OtherSources/pulp-platform.org__common_cells_1.20.0/src/fifo_v3.sv:13]
INFO: [Synth 8-6157] synthesizing module 'spill_register__parameterized7' [/run/media/sackb/Windows-SSD/Users/sackb/OneDrive/Desktop/University/Course_Work/2025-2026/Spring_2026/ECE_540/ece540sp26-Final_Project/Hardware/Hardware.srcs/sources_1/imports/vga.srcs/sources_1/imports/src/OtherSources/pulp-platform.org__common_cells_1.20.0/src/spill_register.sv:17]
	Parameter Bypass bound to: 1'b0 
INFO: [Synth 8-6155] done synthesizing module 'spill_register__parameterized7' (0#1) [/run/media/sackb/Windows-SSD/Users/sackb/OneDrive/Desktop/University/Course_Work/2025-2026/Spring_2026/ECE_540/ece540sp26-Final_Project/Hardware/Hardware.srcs/sources_1/imports/vga.srcs/sources_1/imports/src/OtherSources/pulp-platform.org__common_cells_1.20.0/src/spill_register.sv:17]
INFO: [Synth 8-6157] synthesizing module 'spill_register__parameterized8' [/run/media/sackb/Windows-SSD/Users/sackb/OneDrive/Desktop/University/Course_Work/2025-2026/Spring_2026/ECE_540/ece540sp26-Final_Project/Hardware/Hardware.srcs/sources_1/imports/vga.srcs/sources_1/imports/src/OtherSources/pulp-platform.org__common_cells_1.20.0/src/spill_register.sv:17]
	Parameter Bypass bound to: 1'b1 
INFO: [Synth 8-6155] done synthesizing module 'spill_register__parameterized8' (0#1) [/run/media/sackb/Windows-SSD/Users/sackb/OneDrive/Desktop/University/Course_Work/2025-2026/Spring_2026/ECE_540/ece540sp26-Final_Project/Hardware/Hardware.srcs/sources_1/imports/vga.srcs/sources_1/imports/src/OtherSources/pulp-platform.org__common_cells_1.20.0/src/spill_register.sv:17]
INFO: [Synth 8-6157] synthesizing module 'rr_arb_tree__parameterized2' [/run/media/sackb/Windows-SSD/Users/sackb/OneDrive/Desktop/University/Course_Work/2025-2026/Spring_2026/ECE_540/ece540sp26-Final_Project/Hardware/Hardware.srcs/sources_1/imports/vga.srcs/sources_1/imports/src/OtherSources/pulp-platform.org__common_cells_1.20.0/src/rr_arb_tree.sv:47]
	Parameter NumIn bound to: 32'b00000000000000000000000000000011 
	Parameter AxiVldRdy bound to: 1'b1 
	Parameter LockIn bound to: 1'b1 
INFO: [Synth 8-6155] done synthesizing module 'rr_arb_tree__parameterized2' (0#1) [/run/media/sackb/Windows-SSD/Users/sackb/OneDrive/Desktop/University/Course_Work/2025-2026/Spring_2026/ECE_540/ece540sp26-Final_Project/Hardware/Hardware.srcs/sources_1/imports/vga.srcs/sources_1/imports/src/OtherSources/pulp-platform.org__common_cells_1.20.0/src/rr_arb_tree.sv:47]
INFO: [Synth 8-6157] synthesizing module 'spill_register__parameterized9' [/run/media/sackb/Windows-SSD/Users/sackb/OneDrive/Desktop/University/Course_Work/2025-2026/Spring_2026/ECE_540/ece540sp26-Final_Project/Hardware/Hardware.srcs/sources_1/imports/vga.srcs/sources_1/imports/src/OtherSources/pulp-platform.org__common_cells_1.20.0/src/spill_register.sv:17]
	Parameter Bypass bound to: 1'b0 
INFO: [Synth 8-6155] done synthesizing module 'spill_register__parameterized9' (0#1) [/run/media/sackb/Windows-SSD/Users/sackb/OneDrive/Desktop/University/Course_Work/2025-2026/Spring_2026/ECE_540/ece540sp26-Final_Project/Hardware/Hardware.srcs/sources_1/imports/vga.srcs/sources_1/imports/src/OtherSources/pulp-platform.org__common_cells_1.20.0/src/spill_register.sv:17]
INFO: [Synth 8-6157] synthesizing module 'spill_register__parameterized10' [/run/media/sackb/Windows-SSD/Users/sackb/OneDrive/Desktop/University/Course_Work/2025-2026/Spring_2026/ECE_540/ece540sp26-Final_Project/Hardware/Hardware.srcs/sources_1/imports/vga.srcs/sources_1/imports/src/OtherSources/pulp-platform.org__common_cells_1.20.0/src/spill_register.sv:17]
	Parameter Bypass bound to: 1'b1 
INFO: [Synth 8-6155] done synthesizing module 'spill_register__parameterized10' (0#1) [/run/media/sackb/Windows-SSD/Users/sackb/OneDrive/Desktop/University/Course_Work/2025-2026/Spring_2026/ECE_540/ece540sp26-Final_Project/Hardware/Hardware.srcs/sources_1/imports/vga.srcs/sources_1/imports/src/OtherSources/pulp-platform.org__common_cells_1.20.0/src/spill_register.sv:17]
INFO: [Synth 8-6155] done synthesizing module 'axi_mux' (0#1) [/run/media/sackb/Windows-SSD/Users/sackb/OneDrive/Desktop/University/Course_Work/2025-2026/Spring_2026/ECE_540/ece540sp26-Final_Project/Hardware/Hardware.srcs/sources_1/imports/vga.srcs/sources_1/imports/src/VeeRwolf/Interconnect/AxiInterconnect/pulp-platform.org__axi_0.25.0/src/axi_mux.sv:25]
INFO: [Synth 8-6155] done synthesizing module 'axi_xbar' (0#1) [/run/media/sackb/Windows-SSD/Users/sackb/OneDrive/Desktop/University/Course_Work/2025-2026/Spring_2026/ECE_540/ece540sp26-Final_Project/Hardware/Hardware.srcs/sources_1/imports/vga.srcs/sources_1/imports/src/VeeRwolf/Interconnect/AxiInterconnect/pulp-platform.org__axi_0.25.0/src/axi_xbar.sv:15]
INFO: [Synth 8-6155] done synthesizing module 'axi_intercon' (0#1) [/run/media/sackb/Windows-SSD/Users/sackb/OneDrive/Desktop/University/Course_Work/2025-2026/Spring_2026/ECE_540/ece540sp26-Final_Project/Hardware/Hardware.srcs/sources_1/imports/vga.srcs/sources_1/imports/src/VeeRwolf/Interconnect/AxiInterconnect/axi_intercon.sv:4]
INFO: [Synth 8-6157] synthesizing module 'wb_intercon' [/run/media/sackb/Windows-SSD/Users/sackb/OneDrive/Desktop/University/Course_Work/2025-2026/Spring_2026/ECE_540/ece540sp26-Final_Project/Hardware/Hardware.srcs/sources_1/imports/vga.srcs/sources_1/imports/src/VeeRwolf/Interconnect/WishboneInterconnect/wb_intercon.v:5]
INFO: [Synth 8-6157] synthesizing module 'wb_mux' [/run/media/sackb/Windows-SSD/Users/sackb/OneDrive/Desktop/University/Course_Work/2025-2026/Spring_2026/ECE_540/ece540sp26-Final_Project/Hardware/Hardware.srcs/sources_1/imports/vga.srcs/sources_1/imports/src/VeeRwolf/Interconnect/WishboneInterconnect/wb_intercon_1.2.2-r1/rtl/verilog/wb_mux.v:45]
	Parameter num_slaves bound to: 10 - type: integer 
	Parameter MATCH_ADDR bound to: 320'b00000000000000000000000000000000000000000000000000010000000000000000000000000000000100000100000000000000000000000001000100000000000000000000000000010010000000000000000000000000000101000000000000000000000000000001010100000000000000000000000000011000000000000000000000000000000110000100000000000000000000000010000000000000 
	Parameter MATCH_MASK bound to: 320'b11111111111111111111000000000000111111111111111111111111110000001111111111111111111111111100000011111111111111111111111111000000111111111111111111111111110000001111111111111111111111111100000011111111111111111111111111000000111111111111111111111111110000001111111111111111111111111100000011111111111111111111000000000000 
INFO: [Synth 8-6155] done synthesizing module 'wb_mux' (0#1) [/run/media/sackb/Windows-SSD/Users/sackb/OneDrive/Desktop/University/Course_Work/2025-2026/Spring_2026/ECE_540/ece540sp26-Final_Project/Hardware/Hardware.srcs/sources_1/imports/vga.srcs/sources_1/imports/src/VeeRwolf/Interconnect/WishboneInterconnect/wb_intercon_1.2.2-r1/rtl/verilog/wb_mux.v:45]
INFO: [Synth 8-6155] done synthesizing module 'wb_intercon' (0#1) [/run/media/sackb/Windows-SSD/Users/sackb/OneDrive/Desktop/University/Course_Work/2025-2026/Spring_2026/ECE_540/ece540sp26-Final_Project/Hardware/Hardware.srcs/sources_1/imports/vga.srcs/sources_1/imports/src/VeeRwolf/Interconnect/WishboneInterconnect/wb_intercon.v:5]
INFO: [Synth 8-6157] synthesizing module 'axi2wb' [/run/media/sackb/Windows-SSD/Users/sackb/OneDrive/Desktop/University/Course_Work/2025-2026/Spring_2026/ECE_540/ece540sp26-Final_Project/Hardware/Hardware.srcs/sources_1/imports/vga.srcs/sources_1/imports/src/VeeRwolf/Interconnect/AxiToWb/axi2wb.v:25]
	Parameter AW bound to: 16 - type: integer 
	Parameter IW bound to: 6 - type: integer 
INFO: [Synth 8-6155] done synthesizing module 'axi2wb' (0#1) [/run/media/sackb/Windows-SSD/Users/sackb/OneDrive/Desktop/University/Course_Work/2025-2026/Spring_2026/ECE_540/ece540sp26-Final_Project/Hardware/Hardware.srcs/sources_1/imports/vga.srcs/sources_1/imports/src/VeeRwolf/Interconnect/AxiToWb/axi2wb.v:25]
INFO: [Synth 8-6157] synthesizing module 'wb_mem_wrapper' [/run/media/sackb/Windows-SSD/Users/sackb/OneDrive/Desktop/University/Course_Work/2025-2026/Spring_2026/ECE_540/ece540sp26-Final_Project/Hardware/Hardware.srcs/sources_1/imports/vga.srcs/sources_1/imports/src/VeeRwolf/BootROM/wb_mem_wrapper.v:25]
	Parameter MEM_SIZE bound to: 4096 - type: integer 
	Parameter INIT_FILE bound to: boot_main.mem - type: string 
INFO: [Synth 8-6157] synthesizing module 'dpram64' [/run/media/sackb/Windows-SSD/Users/sackb/OneDrive/Desktop/University/Course_Work/2025-2026/Spring_2026/ECE_540/ece540sp26-Final_Project/Hardware/Hardware.srcs/sources_1/imports/vga.srcs/sources_1/imports/src/VeeRwolf/BootROM/dpram64.v:24]
	Parameter SIZE bound to: 4096 - type: integer 
	Parameter mem_clear bound to: 0 - type: integer 
	Parameter memfile bound to: boot_main.mem - type: string 
INFO: [Synth 8-251] Preloading  from boot_main.mem [/run/media/sackb/Windows-SSD/Users/sackb/OneDrive/Desktop/University/Course_Work/2025-2026/Spring_2026/ECE_540/ece540sp26-Final_Project/Hardware/Hardware.srcs/sources_1/imports/vga.srcs/sources_1/imports/src/VeeRwolf/BootROM/dpram64.v:60]
INFO: [Synth 8-3876] $readmem data file 'boot_main.mem' is read successfully [/run/media/sackb/Windows-SSD/Users/sackb/OneDrive/Desktop/University/Course_Work/2025-2026/Spring_2026/ECE_540/ece540sp26-Final_Project/Hardware/Hardware.srcs/sources_1/imports/vga.srcs/sources_1/imports/src/VeeRwolf/BootROM/dpram64.v:61]
INFO: [Synth 8-6155] done synthesizing module 'dpram64' (0#1) [/run/media/sackb/Windows-SSD/Users/sackb/OneDrive/Desktop/University/Course_Work/2025-2026/Spring_2026/ECE_540/ece540sp26-Final_Project/Hardware/Hardware.srcs/sources_1/imports/vga.srcs/sources_1/imports/src/VeeRwolf/BootROM/dpram64.v:24]
INFO: [Synth 8-6155] done synthesizing module 'wb_mem_wrapper' (0#1) [/run/media/sackb/Windows-SSD/Users/sackb/OneDrive/Desktop/University/Course_Work/2025-2026/Spring_2026/ECE_540/ece540sp26-Final_Project/Hardware/Hardware.srcs/sources_1/imports/vga.srcs/sources_1/imports/src/VeeRwolf/BootROM/wb_mem_wrapper.v:25]
INFO: [Synth 8-6157] synthesizing module 'veerwolf_syscon' [/run/media/sackb/Windows-SSD/Users/sackb/OneDrive/Desktop/University/Course_Work/2025-2026/Spring_2026/ECE_540/ece540sp26-Final_Project/Hardware/Hardware.srcs/sources_1/imports/vga.srcs/sources_1/imports/src/VeeRwolf/Peripherals/SystemController/veerwolf_syscon.sv:24]
	Parameter clk_freq_hz bound to: 25000000 - type: integer 
INFO: [Synth 8-155] case statement is not full and has no default [/run/media/sackb/Windows-SSD/Users/sackb/OneDrive/Desktop/University/Course_Work/2025-2026/Spring_2026/ECE_540/ece540sp26-Final_Project/Hardware/Hardware.srcs/sources_1/imports/vga.srcs/sources_1/imports/src/VeeRwolf/Peripherals/SystemController/veerwolf_syscon.sv:160]
INFO: [Synth 8-155] case statement is not full and has no default [/run/media/sackb/Windows-SSD/Users/sackb/OneDrive/Desktop/University/Course_Work/2025-2026/Spring_2026/ECE_540/ece540sp26-Final_Project/Hardware/Hardware.srcs/sources_1/imports/vga.srcs/sources_1/imports/src/VeeRwolf/Peripherals/SystemController/veerwolf_syscon.sv:227]
INFO: [Synth 8-6157] synthesizing module 'SevSegDisplays_Controller' [/run/media/sackb/Windows-SSD/Users/sackb/OneDrive/Desktop/University/Course_Work/2025-2026/Spring_2026/ECE_540/ece540sp26-Final_Project/Hardware/Hardware.srcs/sources_1/imports/vga.srcs/sources_1/imports/src/VeeRwolf/Peripherals/SystemController/veerwolf_syscon.sv:299]
INFO: [Synth 8-6157] synthesizing module 'SevenSegDecoder' [/run/media/sackb/Windows-SSD/Users/sackb/OneDrive/Desktop/University/Course_Work/2025-2026/Spring_2026/ECE_540/ece540sp26-Final_Project/Hardware/Hardware.srcs/sources_1/imports/vga.srcs/sources_1/imports/src/VeeRwolf/Peripherals/SystemController/veerwolf_syscon.sv:372]
INFO: [Synth 8-226] default block is never used [/run/media/sackb/Windows-SSD/Users/sackb/OneDrive/Desktop/University/Course_Work/2025-2026/Spring_2026/ECE_540/ece540sp26-Final_Project/Hardware/Hardware.srcs/sources_1/imports/vga.srcs/sources_1/imports/src/VeeRwolf/Peripherals/SystemController/veerwolf_syscon.sv:375]
INFO: [Synth 8-6155] done synthesizing module 'SevenSegDecoder' (0#1) [/run/media/sackb/Windows-SSD/Users/sackb/OneDrive/Desktop/University/Course_Work/2025-2026/Spring_2026/ECE_540/ece540sp26-Final_Project/Hardware/Hardware.srcs/sources_1/imports/vga.srcs/sources_1/imports/src/VeeRwolf/Peripherals/SystemController/veerwolf_syscon.sv:372]
INFO: [Synth 8-6157] synthesizing module 'counter__parameterized0' [/run/media/sackb/Windows-SSD/Users/sackb/OneDrive/Desktop/University/Course_Work/2025-2026/Spring_2026/ECE_540/ece540sp26-Final_Project/Hardware/Hardware.srcs/sources_1/imports/vga.srcs/sources_1/imports/src/OtherSources/pulp-platform.org__common_cells_1.20.0/src/counter.sv:16]
	Parameter WIDTH bound to: 18 - type: integer 
INFO: [Synth 8-6157] synthesizing module 'delta_counter__parameterized1' [/run/media/sackb/Windows-SSD/Users/sackb/OneDrive/Desktop/University/Course_Work/2025-2026/Spring_2026/ECE_540/ece540sp26-Final_Project/Hardware/Hardware.srcs/sources_1/imports/vga.srcs/sources_1/imports/src/OtherSources/pulp-platform.org__common_cells_1.20.0/src/delta_counter.sv:13]
	Parameter WIDTH bound to: 18 - type: integer 
	Parameter STICKY_OVERFLOW bound to: 1'b0 
INFO: [Synth 8-6155] done synthesizing module 'delta_counter__parameterized1' (0#1) [/run/media/sackb/Windows-SSD/Users/sackb/OneDrive/Desktop/University/Course_Work/2025-2026/Spring_2026/ECE_540/ece540sp26-Final_Project/Hardware/Hardware.srcs/sources_1/imports/vga.srcs/sources_1/imports/src/OtherSources/pulp-platform.org__common_cells_1.20.0/src/delta_counter.sv:13]
INFO: [Synth 8-6155] done synthesizing module 'counter__parameterized0' (0#1) [/run/media/sackb/Windows-SSD/Users/sackb/OneDrive/Desktop/University/Course_Work/2025-2026/Spring_2026/ECE_540/ece540sp26-Final_Project/Hardware/Hardware.srcs/sources_1/imports/vga.srcs/sources_1/imports/src/OtherSources/pulp-platform.org__common_cells_1.20.0/src/counter.sv:16]
INFO: [Synth 8-6157] synthesizing module 'SevSegMux' [/run/media/sackb/Windows-SSD/Users/sackb/OneDrive/Desktop/University/Course_Work/2025-2026/Spring_2026/ECE_540/ece540sp26-Final_Project/Hardware/Hardware.srcs/sources_1/imports/vga.srcs/sources_1/imports/src/VeeRwolf/Peripherals/SystemController/veerwolf_syscon.sv:400]
	Parameter DATA_WIDTH bound to: 8 - type: integer 
	Parameter N_IN bound to: 8 - type: integer 
INFO: [Synth 8-6155] done synthesizing module 'SevSegMux' (0#1) [/run/media/sackb/Windows-SSD/Users/sackb/OneDrive/Desktop/University/Course_Work/2025-2026/Spring_2026/ECE_540/ece540sp26-Final_Project/Hardware/Hardware.srcs/sources_1/imports/vga.srcs/sources_1/imports/src/VeeRwolf/Peripherals/SystemController/veerwolf_syscon.sv:400]
INFO: [Synth 8-6157] synthesizing module 'SevSegMux__parameterized0' [/run/media/sackb/Windows-SSD/Users/sackb/OneDrive/Desktop/University/Course_Work/2025-2026/Spring_2026/ECE_540/ece540sp26-Final_Project/Hardware/Hardware.srcs/sources_1/imports/vga.srcs/sources_1/imports/src/VeeRwolf/Peripherals/SystemController/veerwolf_syscon.sv:400]
INFO: [Common 17-14] Message 'Synth 8-6157' appears 100 times and further instances of the messages will be disabled. Use the Tcl command set_msg_config to change the current settings.
	Parameter DATA_WIDTH bound to: 4 - type: integer 
	Parameter N_IN bound to: 8 - type: integer 
INFO: [Synth 8-6155] done synthesizing module 'SevSegMux__parameterized0' (0#1) [/run/media/sackb/Windows-SSD/Users/sackb/OneDrive/Desktop/University/Course_Work/2025-2026/Spring_2026/ECE_540/ece540sp26-Final_Project/Hardware/Hardware.srcs/sources_1/imports/vga.srcs/sources_1/imports/src/VeeRwolf/Peripherals/SystemController/veerwolf_syscon.sv:400]
INFO: [Synth 8-6155] done synthesizing module 'SevSegDisplays_Controller' (0#1) [/run/media/sackb/Windows-SSD/Users/sackb/OneDrive/Desktop/University/Course_Work/2025-2026/Spring_2026/ECE_540/ece540sp26-Final_Project/Hardware/Hardware.srcs/sources_1/imports/vga.srcs/sources_1/imports/src/VeeRwolf/Peripherals/SystemController/veerwolf_syscon.sv:299]
INFO: [Synth 8-6155] done synthesizing module 'veerwolf_syscon' (0#1) [/run/media/sackb/Windows-SSD/Users/sackb/OneDrive/Desktop/University/Course_Work/2025-2026/Spring_2026/ECE_540/ece540sp26-Final_Project/Hardware/Hardware.srcs/sources_1/imports/vga.srcs/sources_1/imports/src/VeeRwolf/Peripherals/SystemController/veerwolf_syscon.sv:24]
	Parameter dw bound to: 8 - type: integer 
INFO: [Synth 8-6155] done synthesizing module 'fifo4' (0#1) [/run/media/sackb/Windows-SSD/Users/sackb/OneDrive/Desktop/University/Course_Work/2025-2026/Spring_2026/ECE_540/ece540sp26-Final_Project/Hardware/Hardware.srcs/sources_1/imports/vga.srcs/sources_1/imports/src/VeeRwolf/Peripherals/spi/fifo4.v:54]
INFO: [Synth 8-6155] done synthesizing module 'simple_spi' (0#1) [/run/media/sackb/Windows-SSD/Users/sackb/OneDrive/Desktop/University/Course_Work/2025-2026/Spring_2026/ECE_540/ece540sp26-Final_Project/Hardware/Hardware.srcs/sources_1/imports/vga.srcs/sources_1/imports/src/VeeRwolf/Peripherals/spi/simple_spi_top.v:69]
INFO: [Common 17-14] Message 'Synth 8-6155' appears 100 times and further instances of the messages will be disabled. Use the Tcl command set_msg_config to change the current settings.
INFO: [Synth 8-294] found qualifier unique on case statement: implementing as parallel_case [/run/media/sackb/Windows-SSD/Users/sackb/OneDrive/Desktop/University/Course_Work/2025-2026/Spring_2026/ECE_540/ece540sp26-Final_Project/Hardware/Hardware.srcs/sources_1/imports/vga.srcs/sources_1/imports/src/VeeRwolf/Peripherals/pwm/pwm.sv:174]
INFO: [Synth 8-294] found qualifier unique on case statement: implementing as parallel_case [/run/media/sackb/Windows-SSD/Users/sackb/OneDrive/Desktop/University/Course_Work/2025-2026/Spring_2026/ECE_540/ece540sp26-Final_Project/Hardware/Hardware.srcs/sources_1/imports/vga.srcs/sources_1/imports/src/VeeRwolf/Peripherals/pwm/pwm.sv:199]
WARNING: [Synth 8-7023] instance 'wishbone_agent' of module 'wb_slave_agent' has 10 connections declared, but only 9 given [/run/media/sackb/Windows-SSD/Users/sackb/OneDrive/Desktop/University/Course_Work/2025-2026/Spring_2026/ECE_540/ece540sp26-Final_Project/Hardware/Hardware.srcs/sources_1/imports/vga.srcs/sources_1/imports/src/VeeRwolf/Peripherals/pwm/pwm.sv:254]
WARNING: [Synth 8-689] width (8) of port connection 'wb_adr_i' does not match port width (32) of module 'pwmTop' [/run/media/sackb/Windows-SSD/Users/sackb/OneDrive/Desktop/University/Course_Work/2025-2026/Spring_2026/ECE_540/ece540sp26-Final_Project/Hardware/Hardware.srcs/sources_1/imports/vga.srcs/sources_1/imports/src/VeeRwolf/veerwolf_core.v:438]
INFO: [Synth 8-294] found qualifier unique on case statement: implementing as parallel_case [/run/media/sackb/Windows-SSD/Users/sackb/OneDrive/Desktop/University/Course_Work/2025-2026/Spring_2026/ECE_540/ece540sp26-Final_Project/Hardware/Hardware.srcs/sources_1/imports/vga.srcs/sources_1/imports/src/VeeRwolf/Peripherals/vga/vga.sv:107]
INFO: [Synth 8-294] found qualifier unique on case statement: implementing as parallel_case [/run/media/sackb/Windows-SSD/Users/sackb/OneDrive/Desktop/University/Course_Work/2025-2026/Spring_2026/ECE_540/ece540sp26-Final_Project/Hardware/Hardware.srcs/sources_1/imports/vga.srcs/sources_1/imports/src/VeeRwolf/Peripherals/vga/vga.sv:132]
WARNING: [Synth 8-7023] instance 'vgaAgent' of module 'vga_wb_slave_agent' has 10 connections declared, but only 9 given [/run/media/sackb/Windows-SSD/Users/sackb/OneDrive/Desktop/University/Course_Work/2025-2026/Spring_2026/ECE_540/ece540sp26-Final_Project/Hardware/Hardware.srcs/sources_1/imports/vga.srcs/sources_1/imports/src/VeeRwolf/Peripherals/vga/vga.sv:305]
WARNING: [Synth 8-689] width (8) of port connection 'wb_adr_i' does not match port width (32) of module 'vgaTop' [/run/media/sackb/Windows-SSD/Users/sackb/OneDrive/Desktop/University/Course_Work/2025-2026/Spring_2026/ECE_540/ece540sp26-Final_Project/Hardware/Hardware.srcs/sources_1/imports/vga.srcs/sources_1/imports/src/VeeRwolf/veerwolf_core.v:455]
WARNING: [Synth 8-315] illegal expression in output port connection [/run/media/sackb/Windows-SSD/Users/sackb/OneDrive/Desktop/University/Course_Work/2025-2026/Spring_2026/ECE_540/ece540sp26-Final_Project/Hardware/Hardware.srcs/sources_1/imports/vga.srcs/sources_1/imports/src/VeeRwolf/veerwolf_core.v:538]
WARNING: [Synth 8-315] illegal expression in output port connection [/run/media/sackb/Windows-SSD/Users/sackb/OneDrive/Desktop/University/Course_Work/2025-2026/Spring_2026/ECE_540/ece540sp26-Final_Project/Hardware/Hardware.srcs/sources_1/imports/vga.srcs/sources_1/imports/src/VeeRwolf/veerwolf_core.v:549]
WARNING: [Synth 8-315] illegal expression in output port connection [/run/media/sackb/Windows-SSD/Users/sackb/OneDrive/Desktop/University/Course_Work/2025-2026/Spring_2026/ECE_540/ece540sp26-Final_Project/Hardware/Hardware.srcs/sources_1/imports/vga.srcs/sources_1/imports/src/VeeRwolf/veerwolf_core.v:552]
WARNING: [Synth 8-7023] instance 'gpio_module2' of module 'gpio_top' has 17 connections declared, but only 15 given [/run/media/sackb/Windows-SSD/Users/sackb/OneDrive/Desktop/University/Course_Work/2025-2026/Spring_2026/ECE_540/ece540sp26-Final_Project/Hardware/Hardware.srcs/sources_1/imports/vga.srcs/sources_1/imports/src/VeeRwolf/veerwolf_core.v:526]
WARNING: [Synth 8-7023] instance 'gpio_module' of module 'gpio_top' has 17 connections declared, but only 15 given [/run/media/sackb/Windows-SSD/Users/sackb/OneDrive/Desktop/University/Course_Work/2025-2026/Spring_2026/ECE_540/ece540sp26-Final_Project/Hardware/Hardware.srcs/sources_1/imports/vga.srcs/sources_1/imports/src/VeeRwolf/veerwolf_core.v:554]
WARNING: [Synth 8-693] zero replication count - replication ignored [/run/media/sackb/Windows-SSD/Users/sackb/OneDrive/Desktop/University/Course_Work/2025-2026/Spring_2026/ECE_540/ece540sp26-Final_Project/Hardware/Hardware.srcs/sources_1/imports/vga.srcs/sources_1/imports/src/VeeRwolf/Peripherals/ptc/ptc_top.v:313]
WARNING: [Synth 8-693] zero replication count - replication ignored [/run/media/sackb/Windows-SSD/Users/sackb/OneDrive/Desktop/University/Course_Work/2025-2026/Spring_2026/ECE_540/ece540sp26-Final_Project/Hardware/Hardware.srcs/sources_1/imports/vga.srcs/sources_1/imports/src/VeeRwolf/Peripherals/ptc/ptc_top.v:314]
WARNING: [Synth 8-693] zero replication count - replication ignored [/run/media/sackb/Windows-SSD/Users/sackb/OneDrive/Desktop/University/Course_Work/2025-2026/Spring_2026/ECE_540/ece540sp26-Final_Project/Hardware/Hardware.srcs/sources_1/imports/vga.srcs/sources_1/imports/src/VeeRwolf/Peripherals/ptc/ptc_top.v:317]
WARNING: [Synth 8-689] width (8) of port connection 'wb_adr_i' does not match port width (16) of module 'ptc_top' [/run/media/sackb/Windows-SSD/Users/sackb/OneDrive/Desktop/University/Course_Work/2025-2026/Spring_2026/ECE_540/ece540sp26-Final_Project/Hardware/Hardware.srcs/sources_1/imports/vga.srcs/sources_1/imports/src/VeeRwolf/veerwolf_core.v:590]
	Parameter SIM bound to: 0 - type: integer 
	Parameter SIM bound to: 0 - type: integer 
	Parameter addr_width bound to: 4 - type: integer 
	Parameter data_width bound to: 8 - type: integer 
	Parameter depth bound to: 16 - type: integer 
	Parameter width bound to: 1 - type: integer 
	Parameter init_value bound to: 1'b1 
	Parameter fifo_width bound to: 11 - type: integer 
	Parameter pt[BHT_ADDR_HI] bound to: 8'b00000101 
	Parameter pt[BHT_ADDR_LO] bound to: 6'b000010 
	Parameter pt[BHT_ARRAY_DEPTH] bound to: 15'b000000000010000 
	Parameter pt[BHT_GHR_HASH_1] bound to: 5'b00000 
	Parameter pt[BHT_GHR_SIZE] bound to: 8'b00000100 
	Parameter pt[BHT_SIZE] bound to: 16'b0000000000100000 
	Parameter pt[BITMANIP_ZBA] bound to: 5'b00001 
	Parameter pt[BITMANIP_ZBB] bound to: 5'b00001 
	Parameter pt[BITMANIP_ZBC] bound to: 5'b00001 
	Parameter pt[BITMANIP_ZBE] bound to: 5'b00001 
	Parameter pt[BITMANIP_ZBF] bound to: 5'b00001 
	Parameter pt[BITMANIP_ZBP] bound to: 5'b00001 
	Parameter pt[BITMANIP_ZBR] bound to: 5'b00001 
	Parameter pt[BITMANIP_ZBS] bound to: 5'b00001 
	Parameter pt[BTB_ADDR_HI] bound to: 9'b000000101 
	Parameter pt[BTB_ADDR_LO] bound to: 6'b000010 
	Parameter pt[BTB_ARRAY_DEPTH] bound to: 13'b0000000000000 
	Parameter pt[BTB_BTAG_FOLD] bound to: 5'b00000 
	Parameter pt[BTB_BTAG_SIZE] bound to: 9'b000011111 
	Parameter pt[BTB_ENABLE] bound to: 5'b00001 
	Parameter pt[BTB_FOLD2_INDEX_HASH] bound to: 5'b00000 
	Parameter pt[BTB_FULLYA] bound to: 5'b00001 
	Parameter pt[BTB_INDEX1_HI] bound to: 9'b000000101 
	Parameter pt[BTB_INDEX1_LO] bound to: 9'b000000010 
	Parameter pt[BTB_INDEX2_HI] bound to: 9'b000001000 
	Parameter pt[BTB_INDEX2_LO] bound to: 9'b000000110 
	Parameter pt[BTB_INDEX3_HI] bound to: 9'b000001011 
	Parameter pt[BTB_INDEX3_LO] bound to: 9'b000001001 
	Parameter pt[BTB_SIZE] bound to: 14'b00000000001000 
	Parameter pt[BTB_TOFFSET_SIZE] bound to: 9'b000001100 
	Parameter pt[BUILD_AHB_LITE] bound to: 1'b0 
	Parameter pt[BUILD_AXI4] bound to: 5'b00001 
	Parameter pt[BUILD_AXI_NATIVE] bound to: 5'b00001 
	Parameter pt[BUS_PRTY_DEFAULT] bound to: 6'b000011 
	Parameter pt[DATA_ACCESS_ADDR0] bound to: 36'b000000000000000000000000000000000000 
	Parameter pt[DATA_ACCESS_ADDR1] bound to: 36'b000000000000000000000000000000000000 
	Parameter pt[DATA_ACCESS_ADDR2] bound to: 36'b000000000000000000000000000000000000 
	Parameter pt[DATA_ACCESS_ADDR3] bound to: 36'b000000000000000000000000000000000000 
	Parameter pt[DATA_ACCESS_ADDR4] bound to: 36'b000000000000000000000000000000000000 
	Parameter pt[DATA_ACCESS_ADDR5] bound to: 36'b000000000000000000000000000000000000 
	Parameter pt[DATA_ACCESS_ADDR6] bound to: 36'b000000000000000000000000000000000000 
	Parameter pt[DATA_ACCESS_ADDR7] bound to: 36'b000000000000000000000000000000000000 
	Parameter pt[DATA_ACCESS_ENABLE0] bound to: 5'b00000 
	Parameter pt[DATA_ACCESS_ENABLE1] bound to: 5'b00000 
	Parameter pt[DATA_ACCESS_ENABLE2] bound to: 5'b00000 
	Parameter pt[DATA_ACCESS_ENABLE3] bound to: 5'b00000 
	Parameter pt[DATA_ACCESS_ENABLE4] bound to: 5'b00000 
	Parameter pt[DATA_ACCESS_ENABLE5] bound to: 5'b00000 
	Parameter pt[DATA_ACCESS_ENABLE6] bound to: 5'b00000 
	Parameter pt[DATA_ACCESS_ENABLE7] bound to: 5'b00000 
	Parameter pt[DATA_ACCESS_MASK0] bound to: 36'b000011111111111111111111111111111111 
	Parameter pt[DATA_ACCESS_MASK1] bound to: 36'b000011111111111111111111111111111111 
	Parameter pt[DATA_ACCESS_MASK2] bound to: 36'b000011111111111111111111111111111111 
	Parameter pt[DATA_ACCESS_MASK3] bound to: 36'b000011111111111111111111111111111111 
	Parameter pt[DATA_ACCESS_MASK4] bound to: 36'b000011111111111111111111111111111111 
	Parameter pt[DATA_ACCESS_MASK5] bound to: 36'b000011111111111111111111111111111111 
	Parameter pt[DATA_ACCESS_MASK6] bound to: 36'b000011111111111111111111111111111111 
	Parameter pt[DATA_ACCESS_MASK7] bound to: 36'b000011111111111111111111111111111111 
	Parameter pt[DCCM_BANK_BITS] bound to: 7'b0000010 
	Parameter pt[DCCM_BITS] bound to: 9'b000001110 
	Parameter pt[DCCM_BYTE_WIDTH] bound to: 7'b0000100 
	Parameter pt[DCCM_DATA_WIDTH] bound to: 10'b0000100000 
	Parameter pt[DCCM_ECC_WIDTH] bound to: 7'b0000111 
	Parameter pt[DCCM_ENABLE] bound to: 5'b00001 
	Parameter pt[DCCM_FDATA_WIDTH] bound to: 10'b0000100111 
	Parameter pt[DCCM_INDEX_BITS] bound to: 8'b00001010 
	Parameter pt[DCCM_NUM_BANKS] bound to: 9'b000000100 
	Parameter pt[DCCM_REGION] bound to: 8'b00001111 
	Parameter pt[DCCM_SADR] bound to: 36'b000011110000000001000000000000000000 
	Parameter pt[DCCM_SIZE] bound to: 14'b00000000010000 
	Parameter pt[DCCM_WIDTH_BITS] bound to: 6'b000010 
	Parameter pt[DIV_BIT] bound to: 7'b0000100 
	Parameter pt[DIV_NEW] bound to: 5'b00001 
	Parameter pt[DMA_BUF_DEPTH] bound to: 7'b0000010 
	Parameter pt[DMA_BUS_ID] bound to: 9'b000000001 
	Parameter pt[DMA_BUS_PRTY] bound to: 6'b000010 
	Parameter pt[DMA_BUS_TAG] bound to: 8'b00000001 
	Parameter pt[FAST_INTERRUPT_REDIRECT] bound to: 5'b00000 
	Parameter pt[ICACHE_2BANKS] bound to: 5'b00000 
	Parameter pt[ICACHE_BANK_BITS] bound to: 7'b0000001 
	Parameter pt[ICACHE_BANK_HI] bound to: 7'b0000011 
	Parameter pt[ICACHE_BANK_LO] bound to: 6'b000011 
	Parameter pt[ICACHE_BANK_WIDTH] bound to: 8'b00001000 
	Parameter pt[ICACHE_BANKS_WAY] bound to: 7'b0000010 
	Parameter pt[ICACHE_BEAT_ADDR_HI] bound to: 8'b00000101 
	Parameter pt[ICACHE_BEAT_BITS] bound to: 8'b00000011 
	Parameter pt[ICACHE_BYPASS_ENABLE] bound to: 5'b00001 
	Parameter pt[ICACHE_DATA_DEPTH] bound to: 18'b000000000100000000 
	Parameter pt[ICACHE_DATA_INDEX_LO] bound to: 7'b0000100 
	Parameter pt[ICACHE_DATA_WIDTH] bound to: 11'b00001000000 
	Parameter pt[ICACHE_ECC] bound to: 5'b00000 
	Parameter pt[ICACHE_ENABLE] bound to: 5'b00001 
	Parameter pt[ICACHE_FDATA_WIDTH] bound to: 11'b00001000100 
	Parameter pt[ICACHE_INDEX_HI] bound to: 9'b000001011 
	Parameter pt[ICACHE_LN_SZ] bound to: 11'b00001000000 
	Parameter pt[ICACHE_NUM_BEATS] bound to: 8'b00001000 
	Parameter pt[ICACHE_NUM_BYPASS] bound to: 8'b00000010 
	Parameter pt[ICACHE_NUM_BYPASS_WIDTH] bound to: 8'b00000010 
	Parameter pt[ICACHE_NUM_WAYS] bound to: 7'b0000010 
	Parameter pt[ICACHE_ONLY] bound to: 5'b00000 
	Parameter pt[ICACHE_SCND_LAST] bound to: 8'b00000110 
	Parameter pt[ICACHE_SIZE] bound to: 13'b0000000001000 
	Parameter pt[ICACHE_STATUS_BITS] bound to: 7'b0000001 
	Parameter pt[ICACHE_TAG_BYPASS_ENABLE] bound to: 5'b00001 
	Parameter pt[ICACHE_TAG_DEPTH] bound to: 17'b00000000001000000 
	Parameter pt[ICACHE_TAG_INDEX_LO] bound to: 7'b0000110 
	Parameter pt[ICACHE_TAG_LO] bound to: 9'b000001100 
	Parameter pt[ICACHE_TAG_NUM_BYPASS] bound to: 8'b00000010 
	Parameter pt[ICACHE_TAG_NUM_BYPASS_WIDTH] bound to: 8'b00000010 
	Parameter pt[ICACHE_WAYPACK] bound to: 5'b00001 
	Parameter pt[ICCM_BANK_BITS] bound to: 7'b0000010 
	Parameter pt[ICCM_BANK_HI] bound to: 9'b000000011 
	Parameter pt[ICCM_BANK_INDEX_LO] bound to: 9'b000000100 
	Parameter pt[ICCM_BITS] bound to: 9'b000001100 
	Parameter pt[ICCM_ENABLE] bound to: 5'b00001 
	Parameter pt[ICCM_ICACHE] bound to: 5'b00001 
	Parameter pt[ICCM_INDEX_BITS] bound to: 8'b00001000 
	Parameter pt[ICCM_NUM_BANKS] bound to: 9'b000000100 
	Parameter pt[ICCM_ONLY] bound to: 5'b00000 
	Parameter pt[ICCM_REGION] bound to: 8'b00001010 
	Parameter pt[ICCM_SADR] bound to: 36'b000010101111111111111111000000000000 
	Parameter pt[ICCM_SIZE] bound to: 14'b00000000000100 
	Parameter pt[IFU_BUS_ID] bound to: 5'b00001 
	Parameter pt[IFU_BUS_PRTY] bound to: 6'b000010 
	Parameter pt[IFU_BUS_TAG] bound to: 8'b00000011 
	Parameter pt[INST_ACCESS_ADDR0] bound to: 36'b000000000000000000000000000000000000 
	Parameter pt[INST_ACCESS_ADDR1] bound to: 36'b000000000000000000000000000000000000 
	Parameter pt[INST_ACCESS_ADDR2] bound to: 36'b000000000000000000000000000000000000 
	Parameter pt[INST_ACCESS_ADDR3] bound to: 36'b000000000000000000000000000000000000 
	Parameter pt[INST_ACCESS_ADDR4] bound to: 36'b000000000000000000000000000000000000 
	Parameter pt[INST_ACCESS_ADDR5] bound to: 36'b000000000000000000000000000000000000 
	Parameter pt[INST_ACCESS_ADDR6] bound to: 36'b000000000000000000000000000000000000 
	Parameter pt[INST_ACCESS_ADDR7] bound to: 36'b000000000000000000000000000000000000 
	Parameter pt[INST_ACCESS_ENABLE0] bound to: 5'b00000 
	Parameter pt[INST_ACCESS_ENABLE1] bound to: 5'b00000 
	Parameter pt[INST_ACCESS_ENABLE2] bound to: 5'b00000 
	Parameter pt[INST_ACCESS_ENABLE3] bound to: 5'b00000 
	Parameter pt[INST_ACCESS_ENABLE4] bound to: 5'b00000 
	Parameter pt[INST_ACCESS_ENABLE5] bound to: 5'b00000 
	Parameter pt[INST_ACCESS_ENABLE6] bound to: 5'b00000 
	Parameter pt[INST_ACCESS_ENABLE7] bound to: 5'b00000 
	Parameter pt[INST_ACCESS_MASK0] bound to: 36'b000011111111111111111111111111111111 
	Parameter pt[INST_ACCESS_MASK1] bound to: 36'b000011111111111111111111111111111111 
	Parameter pt[INST_ACCESS_MASK2] bound to: 36'b000011111111111111111111111111111111 
	Parameter pt[INST_ACCESS_MASK3] bound to: 36'b000011111111111111111111111111111111 
	Parameter pt[INST_ACCESS_MASK4] bound to: 36'b000011111111111111111111111111111111 
	Parameter pt[INST_ACCESS_MASK5] bound to: 36'b000011111111111111111111111111111111 
	Parameter pt[INST_ACCESS_MASK6] bound to: 36'b000011111111111111111111111111111111 
	Parameter pt[INST_ACCESS_MASK7] bound to: 36'b000011111111111111111111111111111111 
	Parameter pt[LOAD_TO_USE_PLUS1] bound to: 5'b00000 
	Parameter pt[LSU2DMA] bound to: 5'b00000 
	Parameter pt[LSU_BUS_ID] bound to: 5'b00001 
	Parameter pt[LSU_BUS_PRTY] bound to: 6'b000010 
	Parameter pt[LSU_BUS_TAG] bound to: 8'b00000011 
	Parameter pt[LSU_NUM_NBLOAD] bound to: 9'b000000100 
	Parameter pt[LSU_NUM_NBLOAD_WIDTH] bound to: 7'b0000010 
	Parameter pt[LSU_SB_BITS] bound to: 9'b000001110 
	Parameter pt[LSU_STBUF_DEPTH] bound to: 8'b00000100 
	Parameter pt[NO_ICCM_NO_ICACHE] bound to: 5'b00000 
	Parameter pt[PIC_2CYCLE] bound to: 5'b00000 
	Parameter pt[PIC_BASE_ADDR] bound to: 36'b000011110000000011000000000000000000 
	Parameter pt[PIC_BITS] bound to: 9'b000001111 
	Parameter pt[PIC_INT_WORDS] bound to: 8'b00000001 
	Parameter pt[PIC_REGION] bound to: 8'b00001111 
	Parameter pt[PIC_SIZE] bound to: 13'b0000000100000 
	Parameter pt[PIC_TOTAL_INT] bound to: 12'b000000001000 
	Parameter pt[PIC_TOTAL_INT_PLUS1] bound to: 13'b0000000001001 
	Parameter pt[RET_STACK_SIZE] bound to: 8'b00000010 
	Parameter pt[SB_BUS_ID] bound to: 5'b00001 
	Parameter pt[SB_BUS_PRTY] bound to: 6'b000010 
	Parameter pt[SB_BUS_TAG] bound to: 8'b00000001 
	Parameter pt[TIMER_LEGAL_EN] bound to: 5'b00001 
	Parameter WIDTH bound to: 1 - type: integer 
	Parameter WIDTH bound to: 1 - type: integer 
	Parameter WIDTH bound to: 1 - type: integer 
	Parameter WIDTH bound to: 5 - type: integer 
	Parameter WIDTH bound to: 5 - type: integer 
	Parameter WIDTH bound to: 3 - type: integer 
	Parameter WIDTH bound to: 3 - type: integer 
	Parameter WIDTH bound to: 32 - type: integer 
	Parameter WIDTH bound to: 32 - type: integer 
	Parameter WIDTH bound to: 32 - type: integer 
	Parameter WIDTH bound to: 4 - type: integer 
	Parameter WIDTH bound to: 4 - type: integer 
	Parameter WIDTH bound to: 2 - type: integer 
	Parameter WIDTH bound to: 2 - type: integer 
	Parameter WIDTH bound to: 16 - type: integer 
	Parameter WIDTH bound to: 16 - type: integer 
	Parameter WIDTH bound to: 16 - type: integer 
	Parameter pt[BHT_ADDR_HI] bound to: 8'b00000101 
	Parameter pt[BHT_ADDR_LO] bound to: 6'b000010 
	Parameter pt[BHT_ARRAY_DEPTH] bound to: 15'b000000000010000 
	Parameter pt[BHT_GHR_HASH_1] bound to: 5'b00000 
	Parameter pt[BHT_GHR_SIZE] bound to: 8'b00000100 
	Parameter pt[BHT_SIZE] bound to: 16'b0000000000100000 
	Parameter pt[BITMANIP_ZBA] bound to: 5'b00001 
	Parameter pt[BITMANIP_ZBB] bound to: 5'b00001 
	Parameter pt[BITMANIP_ZBC] bound to: 5'b00001 
	Parameter pt[BITMANIP_ZBE] bound to: 5'b00001 
	Parameter pt[BITMANIP_ZBF] bound to: 5'b00001 
	Parameter pt[BITMANIP_ZBP] bound to: 5'b00001 
	Parameter pt[BITMANIP_ZBR] bound to: 5'b00001 
	Parameter pt[BITMANIP_ZBS] bound to: 5'b00001 
	Parameter pt[BTB_ADDR_HI] bound to: 9'b000000101 
	Parameter pt[BTB_ADDR_LO] bound to: 6'b000010 
	Parameter pt[BTB_ARRAY_DEPTH] bound to: 13'b0000000000000 
	Parameter pt[BTB_BTAG_FOLD] bound to: 5'b00000 
	Parameter pt[BTB_BTAG_SIZE] bound to: 9'b000011111 
	Parameter pt[BTB_ENABLE] bound to: 5'b00001 
	Parameter pt[BTB_FOLD2_INDEX_HASH] bound to: 5'b00000 
	Parameter pt[BTB_FULLYA] bound to: 5'b00001 
	Parameter pt[BTB_INDEX1_HI] bound to: 9'b000000101 
	Parameter pt[BTB_INDEX1_LO] bound to: 9'b000000010 
	Parameter pt[BTB_INDEX2_HI] bound to: 9'b000001000 
	Parameter pt[BTB_INDEX2_LO] bound to: 9'b000000110 
	Parameter pt[BTB_INDEX3_HI] bound to: 9'b000001011 
	Parameter pt[BTB_INDEX3_LO] bound to: 9'b000001001 
	Parameter pt[BTB_SIZE] bound to: 14'b00000000001000 
	Parameter pt[BTB_TOFFSET_SIZE] bound to: 9'b000001100 
	Parameter pt[BUILD_AHB_LITE] bound to: 1'b0 
	Parameter pt[BUILD_AXI4] bound to: 5'b00001 
	Parameter pt[BUILD_AXI_NATIVE] bound to: 5'b00001 
	Parameter pt[BUS_PRTY_DEFAULT] bound to: 6'b000011 
	Parameter pt[DATA_ACCESS_ADDR0] bound to: 36'b000000000000000000000000000000000000 
	Parameter pt[DATA_ACCESS_ADDR1] bound to: 36'b000000000000000000000000000000000000 
	Parameter pt[DATA_ACCESS_ADDR2] bound to: 36'b000000000000000000000000000000000000 
	Parameter pt[DATA_ACCESS_ADDR3] bound to: 36'b000000000000000000000000000000000000 
	Parameter pt[DATA_ACCESS_ADDR4] bound to: 36'b000000000000000000000000000000000000 
	Parameter pt[DATA_ACCESS_ADDR5] bound to: 36'b000000000000000000000000000000000000 
	Parameter pt[DATA_ACCESS_ADDR6] bound to: 36'b000000000000000000000000000000000000 
	Parameter pt[DATA_ACCESS_ADDR7] bound to: 36'b000000000000000000000000000000000000 
	Parameter pt[DATA_ACCESS_ENABLE0] bound to: 5'b00000 
	Parameter pt[DATA_ACCESS_ENABLE1] bound to: 5'b00000 
	Parameter pt[DATA_ACCESS_ENABLE2] bound to: 5'b00000 
	Parameter pt[DATA_ACCESS_ENABLE3] bound to: 5'b00000 
	Parameter pt[DATA_ACCESS_ENABLE4] bound to: 5'b00000 
	Parameter pt[DATA_ACCESS_ENABLE5] bound to: 5'b00000 
	Parameter pt[DATA_ACCESS_ENABLE6] bound to: 5'b00000 
	Parameter pt[DATA_ACCESS_ENABLE7] bound to: 5'b00000 
	Parameter pt[DATA_ACCESS_MASK0] bound to: 36'b000011111111111111111111111111111111 
	Parameter pt[DATA_ACCESS_MASK1] bound to: 36'b000011111111111111111111111111111111 
	Parameter pt[DATA_ACCESS_MASK2] bound to: 36'b000011111111111111111111111111111111 
	Parameter pt[DATA_ACCESS_MASK3] bound to: 36'b000011111111111111111111111111111111 
	Parameter pt[DATA_ACCESS_MASK4] bound to: 36'b000011111111111111111111111111111111 
	Parameter pt[DATA_ACCESS_MASK5] bound to: 36'b000011111111111111111111111111111111 
	Parameter pt[DATA_ACCESS_MASK6] bound to: 36'b000011111111111111111111111111111111 
	Parameter pt[DATA_ACCESS_MASK7] bound to: 36'b000011111111111111111111111111111111 
	Parameter pt[DCCM_BANK_BITS] bound to: 7'b0000010 
	Parameter pt[DCCM_BITS] bound to: 9'b000001110 
	Parameter pt[DCCM_BYTE_WIDTH] bound to: 7'b0000100 
	Parameter pt[DCCM_DATA_WIDTH] bound to: 10'b0000100000 
	Parameter pt[DCCM_ECC_WIDTH] bound to: 7'b0000111 
	Parameter pt[DCCM_ENABLE] bound to: 5'b00001 
	Parameter pt[DCCM_FDATA_WIDTH] bound to: 10'b0000100111 
	Parameter pt[DCCM_INDEX_BITS] bound to: 8'b00001010 
	Parameter pt[DCCM_NUM_BANKS] bound to: 9'b000000100 
	Parameter pt[DCCM_REGION] bound to: 8'b00001111 
	Parameter pt[DCCM_SADR] bound to: 36'b000011110000000001000000000000000000 
	Parameter pt[DCCM_SIZE] bound to: 14'b00000000010000 
	Parameter pt[DCCM_WIDTH_BITS] bound to: 6'b000010 
	Parameter pt[DIV_BIT] bound to: 7'b0000100 
	Parameter pt[DIV_NEW] bound to: 5'b00001 
	Parameter pt[DMA_BUF_DEPTH] bound to: 7'b0000010 
	Parameter pt[DMA_BUS_ID] bound to: 9'b000000001 
	Parameter pt[DMA_BUS_PRTY] bound to: 6'b000010 
	Parameter pt[DMA_BUS_TAG] bound to: 8'b00000001 
	Parameter pt[FAST_INTERRUPT_REDIRECT] bound to: 5'b00000 
	Parameter pt[ICACHE_2BANKS] bound to: 5'b00000 
	Parameter pt[ICACHE_BANK_BITS] bound to: 7'b0000001 
	Parameter pt[ICACHE_BANK_HI] bound to: 7'b0000011 
	Parameter pt[ICACHE_BANK_LO] bound to: 6'b000011 
	Parameter pt[ICACHE_BANK_WIDTH] bound to: 8'b00001000 
	Parameter pt[ICACHE_BANKS_WAY] bound to: 7'b0000010 
	Parameter pt[ICACHE_BEAT_ADDR_HI] bound to: 8'b00000101 
	Parameter pt[ICACHE_BEAT_BITS] bound to: 8'b00000011 
	Parameter pt[ICACHE_BYPASS_ENABLE] bound to: 5'b00001 
	Parameter pt[ICACHE_DATA_DEPTH] bound to: 18'b000000000100000000 
	Parameter pt[ICACHE_DATA_INDEX_LO] bound to: 7'b0000100 
	Parameter pt[ICACHE_DATA_WIDTH] bound to: 11'b00001000000 
	Parameter pt[ICACHE_ECC] bound to: 5'b00000 
	Parameter pt[ICACHE_ENABLE] bound to: 5'b00001 
	Parameter pt[ICACHE_FDATA_WIDTH] bound to: 11'b00001000100 
	Parameter pt[ICACHE_INDEX_HI] bound to: 9'b000001011 
	Parameter pt[ICACHE_LN_SZ] bound to: 11'b00001000000 
	Parameter pt[ICACHE_NUM_BEATS] bound to: 8'b00001000 
	Parameter pt[ICACHE_NUM_BYPASS] bound to: 8'b00000010 
	Parameter pt[ICACHE_NUM_BYPASS_WIDTH] bound to: 8'b00000010 
	Parameter pt[ICACHE_NUM_WAYS] bound to: 7'b0000010 
	Parameter pt[ICACHE_ONLY] bound to: 5'b00000 
	Parameter pt[ICACHE_SCND_LAST] bound to: 8'b00000110 
	Parameter pt[ICACHE_SIZE] bound to: 13'b0000000001000 
	Parameter pt[ICACHE_STATUS_BITS] bound to: 7'b0000001 
	Parameter pt[ICACHE_TAG_BYPASS_ENABLE] bound to: 5'b00001 
	Parameter pt[ICACHE_TAG_DEPTH] bound to: 17'b00000000001000000 
	Parameter pt[ICACHE_TAG_INDEX_LO] bound to: 7'b0000110 
	Parameter pt[ICACHE_TAG_LO] bound to: 9'b000001100 
	Parameter pt[ICACHE_TAG_NUM_BYPASS] bound to: 8'b00000010 
	Parameter pt[ICACHE_TAG_NUM_BYPASS_WIDTH] bound to: 8'b00000010 
	Parameter pt[ICACHE_WAYPACK] bound to: 5'b00001 
	Parameter pt[ICCM_BANK_BITS] bound to: 7'b0000010 
	Parameter pt[ICCM_BANK_HI] bound to: 9'b000000011 
	Parameter pt[ICCM_BANK_INDEX_LO] bound to: 9'b000000100 
	Parameter pt[ICCM_BITS] bound to: 9'b000001100 
	Parameter pt[ICCM_ENABLE] bound to: 5'b00001 
	Parameter pt[ICCM_ICACHE] bound to: 5'b00001 
	Parameter pt[ICCM_INDEX_BITS] bound to: 8'b00001000 
	Parameter pt[ICCM_NUM_BANKS] bound to: 9'b000000100 
	Parameter pt[ICCM_ONLY] bound to: 5'b00000 
	Parameter pt[ICCM_REGION] bound to: 8'b00001010 
	Parameter pt[ICCM_SADR] bound to: 36'b000010101111111111111111000000000000 
	Parameter pt[ICCM_SIZE] bound to: 14'b00000000000100 
	Parameter pt[IFU_BUS_ID] bound to: 5'b00001 
	Parameter pt[IFU_BUS_PRTY] bound to: 6'b000010 
	Parameter pt[IFU_BUS_TAG] bound to: 8'b00000011 
	Parameter pt[INST_ACCESS_ADDR0] bound to: 36'b000000000000000000000000000000000000 
	Parameter pt[INST_ACCESS_ADDR1] bound to: 36'b000000000000000000000000000000000000 
	Parameter pt[INST_ACCESS_ADDR2] bound to: 36'b000000000000000000000000000000000000 
	Parameter pt[INST_ACCESS_ADDR3] bound to: 36'b000000000000000000000000000000000000 
	Parameter pt[INST_ACCESS_ADDR4] bound to: 36'b000000000000000000000000000000000000 
	Parameter pt[INST_ACCESS_ADDR5] bound to: 36'b000000000000000000000000000000000000 
	Parameter pt[INST_ACCESS_ADDR6] bound to: 36'b000000000000000000000000000000000000 
	Parameter pt[INST_ACCESS_ADDR7] bound to: 36'b000000000000000000000000000000000000 
	Parameter pt[INST_ACCESS_ENABLE0] bound to: 5'b00000 
	Parameter pt[INST_ACCESS_ENABLE1] bound to: 5'b00000 
	Parameter pt[INST_ACCESS_ENABLE2] bound to: 5'b00000 
	Parameter pt[INST_ACCESS_ENABLE3] bound to: 5'b00000 
	Parameter pt[INST_ACCESS_ENABLE4] bound to: 5'b00000 
	Parameter pt[INST_ACCESS_ENABLE5] bound to: 5'b00000 
	Parameter pt[INST_ACCESS_ENABLE6] bound to: 5'b00000 
	Parameter pt[INST_ACCESS_ENABLE7] bound to: 5'b00000 
	Parameter pt[INST_ACCESS_MASK0] bound to: 36'b000011111111111111111111111111111111 
	Parameter pt[INST_ACCESS_MASK1] bound to: 36'b000011111111111111111111111111111111 
	Parameter pt[INST_ACCESS_MASK2] bound to: 36'b000011111111111111111111111111111111 
	Parameter pt[INST_ACCESS_MASK3] bound to: 36'b000011111111111111111111111111111111 
	Parameter pt[INST_ACCESS_MASK4] bound to: 36'b000011111111111111111111111111111111 
	Parameter pt[INST_ACCESS_MASK5] bound to: 36'b000011111111111111111111111111111111 
	Parameter pt[INST_ACCESS_MASK6] bound to: 36'b000011111111111111111111111111111111 
	Parameter pt[INST_ACCESS_MASK7] bound to: 36'b000011111111111111111111111111111111 
	Parameter pt[LOAD_TO_USE_PLUS1] bound to: 5'b00000 
	Parameter pt[LSU2DMA] bound to: 5'b00000 
	Parameter pt[LSU_BUS_ID] bound to: 5'b00001 
	Parameter pt[LSU_BUS_PRTY] bound to: 6'b000010 
	Parameter pt[LSU_BUS_TAG] bound to: 8'b00000011 
	Parameter pt[LSU_NUM_NBLOAD] bound to: 9'b000000100 
	Parameter pt[LSU_NUM_NBLOAD_WIDTH] bound to: 7'b0000010 
	Parameter pt[LSU_SB_BITS] bound to: 9'b000001110 
	Parameter pt[LSU_STBUF_DEPTH] bound to: 8'b00000100 
	Parameter pt[NO_ICCM_NO_ICACHE] bound to: 5'b00000 
	Parameter pt[PIC_2CYCLE] bound to: 5'b00000 
	Parameter pt[PIC_BASE_ADDR] bound to: 36'b000011110000000011000000000000000000 
	Parameter pt[PIC_BITS] bound to: 9'b000001111 
	Parameter pt[PIC_INT_WORDS] bound to: 8'b00000001 
	Parameter pt[PIC_REGION] bound to: 8'b00001111 
	Parameter pt[PIC_SIZE] bound to: 13'b0000000100000 
	Parameter pt[PIC_TOTAL_INT] bound to: 12'b000000001000 
	Parameter pt[PIC_TOTAL_INT_PLUS1] bound to: 13'b0000000001001 
	Parameter pt[RET_STACK_SIZE] bound to: 8'b00000010 
	Parameter pt[SB_BUS_ID] bound to: 5'b00001 
	Parameter pt[SB_BUS_PRTY] bound to: 6'b000010 
	Parameter pt[SB_BUS_TAG] bound to: 8'b00000001 
	Parameter pt[TIMER_LEGAL_EN] bound to: 5'b00001 
	Parameter pt[BHT_ADDR_HI] bound to: 8'b00000101 
	Parameter pt[BHT_ADDR_LO] bound to: 6'b000010 
	Parameter pt[BHT_ARRAY_DEPTH] bound to: 15'b000000000010000 
	Parameter pt[BHT_GHR_HASH_1] bound to: 5'b00000 
	Parameter pt[BHT_GHR_SIZE] bound to: 8'b00000100 
	Parameter pt[BHT_SIZE] bound to: 16'b0000000000100000 
	Parameter pt[BITMANIP_ZBA] bound to: 5'b00001 
	Parameter pt[BITMANIP_ZBB] bound to: 5'b00001 
	Parameter pt[BITMANIP_ZBC] bound to: 5'b00001 
	Parameter pt[BITMANIP_ZBE] bound to: 5'b00001 
	Parameter pt[BITMANIP_ZBF] bound to: 5'b00001 
	Parameter pt[BITMANIP_ZBP] bound to: 5'b00001 
	Parameter pt[BITMANIP_ZBR] bound to: 5'b00001 
	Parameter pt[BITMANIP_ZBS] bound to: 5'b00001 
	Parameter pt[BTB_ADDR_HI] bound to: 9'b000000101 
	Parameter pt[BTB_ADDR_LO] bound to: 6'b000010 
	Parameter pt[BTB_ARRAY_DEPTH] bound to: 13'b0000000000000 
	Parameter pt[BTB_BTAG_FOLD] bound to: 5'b00000 
	Parameter pt[BTB_BTAG_SIZE] bound to: 9'b000011111 
	Parameter pt[BTB_ENABLE] bound to: 5'b00001 
	Parameter pt[BTB_FOLD2_INDEX_HASH] bound to: 5'b00000 
	Parameter pt[BTB_FULLYA] bound to: 5'b00001 
	Parameter pt[BTB_INDEX1_HI] bound to: 9'b000000101 
	Parameter pt[BTB_INDEX1_LO] bound to: 9'b000000010 
	Parameter pt[BTB_INDEX2_HI] bound to: 9'b000001000 
	Parameter pt[BTB_INDEX2_LO] bound to: 9'b000000110 
	Parameter pt[BTB_INDEX3_HI] bound to: 9'b000001011 
	Parameter pt[BTB_INDEX3_LO] bound to: 9'b000001001 
	Parameter pt[BTB_SIZE] bound to: 14'b00000000001000 
	Parameter pt[BTB_TOFFSET_SIZE] bound to: 9'b000001100 
	Parameter pt[BUILD_AHB_LITE] bound to: 1'b0 
	Parameter pt[BUILD_AXI4] bound to: 5'b00001 
	Parameter pt[BUILD_AXI_NATIVE] bound to: 5'b00001 
	Parameter pt[BUS_PRTY_DEFAULT] bound to: 6'b000011 
	Parameter pt[DATA_ACCESS_ADDR0] bound to: 36'b000000000000000000000000000000000000 
	Parameter pt[DATA_ACCESS_ADDR1] bound to: 36'b000000000000000000000000000000000000 
	Parameter pt[DATA_ACCESS_ADDR2] bound to: 36'b000000000000000000000000000000000000 
	Parameter pt[DATA_ACCESS_ADDR3] bound to: 36'b000000000000000000000000000000000000 
	Parameter pt[DATA_ACCESS_ADDR4] bound to: 36'b000000000000000000000000000000000000 
	Parameter pt[DATA_ACCESS_ADDR5] bound to: 36'b000000000000000000000000000000000000 
	Parameter pt[DATA_ACCESS_ADDR6] bound to: 36'b000000000000000000000000000000000000 
	Parameter pt[DATA_ACCESS_ADDR7] bound to: 36'b000000000000000000000000000000000000 
	Parameter pt[DATA_ACCESS_ENABLE0] bound to: 5'b00000 
	Parameter pt[DATA_ACCESS_ENABLE1] bound to: 5'b00000 
	Parameter pt[DATA_ACCESS_ENABLE2] bound to: 5'b00000 
	Parameter pt[DATA_ACCESS_ENABLE3] bound to: 5'b00000 
	Parameter pt[DATA_ACCESS_ENABLE4] bound to: 5'b00000 
	Parameter pt[DATA_ACCESS_ENABLE5] bound to: 5'b00000 
	Parameter pt[DATA_ACCESS_ENABLE6] bound to: 5'b00000 
	Parameter pt[DATA_ACCESS_ENABLE7] bound to: 5'b00000 
	Parameter pt[DATA_ACCESS_MASK0] bound to: 36'b000011111111111111111111111111111111 
	Parameter pt[DATA_ACCESS_MASK1] bound to: 36'b000011111111111111111111111111111111 
	Parameter pt[DATA_ACCESS_MASK2] bound to: 36'b000011111111111111111111111111111111 
	Parameter pt[DATA_ACCESS_MASK3] bound to: 36'b000011111111111111111111111111111111 
	Parameter pt[DATA_ACCESS_MASK4] bound to: 36'b000011111111111111111111111111111111 
	Parameter pt[DATA_ACCESS_MASK5] bound to: 36'b000011111111111111111111111111111111 
	Parameter pt[DATA_ACCESS_MASK6] bound to: 36'b000011111111111111111111111111111111 
	Parameter pt[DATA_ACCESS_MASK7] bound to: 36'b000011111111111111111111111111111111 
	Parameter pt[DCCM_BANK_BITS] bound to: 7'b0000010 
	Parameter pt[DCCM_BITS] bound to: 9'b000001110 
	Parameter pt[DCCM_BYTE_WIDTH] bound to: 7'b0000100 
	Parameter pt[DCCM_DATA_WIDTH] bound to: 10'b0000100000 
	Parameter pt[DCCM_ECC_WIDTH] bound to: 7'b0000111 
	Parameter pt[DCCM_ENABLE] bound to: 5'b00001 
	Parameter pt[DCCM_FDATA_WIDTH] bound to: 10'b0000100111 
	Parameter pt[DCCM_INDEX_BITS] bound to: 8'b00001010 
	Parameter pt[DCCM_NUM_BANKS] bound to: 9'b000000100 
	Parameter pt[DCCM_REGION] bound to: 8'b00001111 
	Parameter pt[DCCM_SADR] bound to: 36'b000011110000000001000000000000000000 
	Parameter pt[DCCM_SIZE] bound to: 14'b00000000010000 
	Parameter pt[DCCM_WIDTH_BITS] bound to: 6'b000010 
	Parameter pt[DIV_BIT] bound to: 7'b0000100 
	Parameter pt[DIV_NEW] bound to: 5'b00001 
	Parameter pt[DMA_BUF_DEPTH] bound to: 7'b0000010 
	Parameter pt[DMA_BUS_ID] bound to: 9'b000000001 
	Parameter pt[DMA_BUS_PRTY] bound to: 6'b000010 
	Parameter pt[DMA_BUS_TAG] bound to: 8'b00000001 
	Parameter pt[FAST_INTERRUPT_REDIRECT] bound to: 5'b00000 
	Parameter pt[ICACHE_2BANKS] bound to: 5'b00000 
	Parameter pt[ICACHE_BANK_BITS] bound to: 7'b0000001 
	Parameter pt[ICACHE_BANK_HI] bound to: 7'b0000011 
	Parameter pt[ICACHE_BANK_LO] bound to: 6'b000011 
	Parameter pt[ICACHE_BANK_WIDTH] bound to: 8'b00001000 
	Parameter pt[ICACHE_BANKS_WAY] bound to: 7'b0000010 
	Parameter pt[ICACHE_BEAT_ADDR_HI] bound to: 8'b00000101 
	Parameter pt[ICACHE_BEAT_BITS] bound to: 8'b00000011 
	Parameter pt[ICACHE_BYPASS_ENABLE] bound to: 5'b00001 
	Parameter pt[ICACHE_DATA_DEPTH] bound to: 18'b000000000100000000 
	Parameter pt[ICACHE_DATA_INDEX_LO] bound to: 7'b0000100 
	Parameter pt[ICACHE_DATA_WIDTH] bound to: 11'b00001000000 
	Parameter pt[ICACHE_ECC] bound to: 5'b00000 
	Parameter pt[ICACHE_ENABLE] bound to: 5'b00001 
	Parameter pt[ICACHE_FDATA_WIDTH] bound to: 11'b00001000100 
	Parameter pt[ICACHE_INDEX_HI] bound to: 9'b000001011 
	Parameter pt[ICACHE_LN_SZ] bound to: 11'b00001000000 
	Parameter pt[ICACHE_NUM_BEATS] bound to: 8'b00001000 
	Parameter pt[ICACHE_NUM_BYPASS] bound to: 8'b00000010 
	Parameter pt[ICACHE_NUM_BYPASS_WIDTH] bound to: 8'b00000010 
	Parameter pt[ICACHE_NUM_WAYS] bound to: 7'b0000010 
	Parameter pt[ICACHE_ONLY] bound to: 5'b00000 
	Parameter pt[ICACHE_SCND_LAST] bound to: 8'b00000110 
	Parameter pt[ICACHE_SIZE] bound to: 13'b0000000001000 
	Parameter pt[ICACHE_STATUS_BITS] bound to: 7'b0000001 
	Parameter pt[ICACHE_TAG_BYPASS_ENABLE] bound to: 5'b00001 
	Parameter pt[ICACHE_TAG_DEPTH] bound to: 17'b00000000001000000 
	Parameter pt[ICACHE_TAG_INDEX_LO] bound to: 7'b0000110 
	Parameter pt[ICACHE_TAG_LO] bound to: 9'b000001100 
	Parameter pt[ICACHE_TAG_NUM_BYPASS] bound to: 8'b00000010 
	Parameter pt[ICACHE_TAG_NUM_BYPASS_WIDTH] bound to: 8'b00000010 
	Parameter pt[ICACHE_WAYPACK] bound to: 5'b00001 
	Parameter pt[ICCM_BANK_BITS] bound to: 7'b0000010 
	Parameter pt[ICCM_BANK_HI] bound to: 9'b000000011 
	Parameter pt[ICCM_BANK_INDEX_LO] bound to: 9'b000000100 
	Parameter pt[ICCM_BITS] bound to: 9'b000001100 
	Parameter pt[ICCM_ENABLE] bound to: 5'b00001 
	Parameter pt[ICCM_ICACHE] bound to: 5'b00001 
	Parameter pt[ICCM_INDEX_BITS] bound to: 8'b00001000 
	Parameter pt[ICCM_NUM_BANKS] bound to: 9'b000000100 
	Parameter pt[ICCM_ONLY] bound to: 5'b00000 
	Parameter pt[ICCM_REGION] bound to: 8'b00001010 
	Parameter pt[ICCM_SADR] bound to: 36'b000010101111111111111111000000000000 
	Parameter pt[ICCM_SIZE] bound to: 14'b00000000000100 
	Parameter pt[IFU_BUS_ID] bound to: 5'b00001 
	Parameter pt[IFU_BUS_PRTY] bound to: 6'b000010 
	Parameter pt[IFU_BUS_TAG] bound to: 8'b00000011 
	Parameter pt[INST_ACCESS_ADDR0] bound to: 36'b000000000000000000000000000000000000 
	Parameter pt[INST_ACCESS_ADDR1] bound to: 36'b000000000000000000000000000000000000 
	Parameter pt[INST_ACCESS_ADDR2] bound to: 36'b000000000000000000000000000000000000 
	Parameter pt[INST_ACCESS_ADDR3] bound to: 36'b000000000000000000000000000000000000 
	Parameter pt[INST_ACCESS_ADDR4] bound to: 36'b000000000000000000000000000000000000 
	Parameter pt[INST_ACCESS_ADDR5] bound to: 36'b000000000000000000000000000000000000 
	Parameter pt[INST_ACCESS_ADDR6] bound to: 36'b000000000000000000000000000000000000 
	Parameter pt[INST_ACCESS_ADDR7] bound to: 36'b000000000000000000000000000000000000 
	Parameter pt[INST_ACCESS_ENABLE0] bound to: 5'b00000 
	Parameter pt[INST_ACCESS_ENABLE1] bound to: 5'b00000 
	Parameter pt[INST_ACCESS_ENABLE2] bound to: 5'b00000 
	Parameter pt[INST_ACCESS_ENABLE3] bound to: 5'b00000 
	Parameter pt[INST_ACCESS_ENABLE4] bound to: 5'b00000 
	Parameter pt[INST_ACCESS_ENABLE5] bound to: 5'b00000 
	Parameter pt[INST_ACCESS_ENABLE6] bound to: 5'b00000 
	Parameter pt[INST_ACCESS_ENABLE7] bound to: 5'b00000 
	Parameter pt[INST_ACCESS_MASK0] bound to: 36'b000011111111111111111111111111111111 
	Parameter pt[INST_ACCESS_MASK1] bound to: 36'b000011111111111111111111111111111111 
	Parameter pt[INST_ACCESS_MASK2] bound to: 36'b000011111111111111111111111111111111 
	Parameter pt[INST_ACCESS_MASK3] bound to: 36'b000011111111111111111111111111111111 
	Parameter pt[INST_ACCESS_MASK4] bound to: 36'b000011111111111111111111111111111111 
	Parameter pt[INST_ACCESS_MASK5] bound to: 36'b000011111111111111111111111111111111 
	Parameter pt[INST_ACCESS_MASK6] bound to: 36'b000011111111111111111111111111111111 
	Parameter pt[INST_ACCESS_MASK7] bound to: 36'b000011111111111111111111111111111111 
	Parameter pt[LOAD_TO_USE_PLUS1] bound to: 5'b00000 
	Parameter pt[LSU2DMA] bound to: 5'b00000 
	Parameter pt[LSU_BUS_ID] bound to: 5'b00001 
	Parameter pt[LSU_BUS_PRTY] bound to: 6'b000010 
	Parameter pt[LSU_BUS_TAG] bound to: 8'b00000011 
	Parameter pt[LSU_NUM_NBLOAD] bound to: 9'b000000100 
	Parameter pt[LSU_NUM_NBLOAD_WIDTH] bound to: 7'b0000010 
	Parameter pt[LSU_SB_BITS] bound to: 9'b000001110 
	Parameter pt[LSU_STBUF_DEPTH] bound to: 8'b00000100 
	Parameter pt[NO_ICCM_NO_ICACHE] bound to: 5'b00000 
	Parameter pt[PIC_2CYCLE] bound to: 5'b00000 
	Parameter pt[PIC_BASE_ADDR] bound to: 36'b000011110000000011000000000000000000 
	Parameter pt[PIC_BITS] bound to: 9'b000001111 
	Parameter pt[PIC_INT_WORDS] bound to: 8'b00000001 
	Parameter pt[PIC_REGION] bound to: 8'b00001111 
	Parameter pt[PIC_SIZE] bound to: 13'b0000000100000 
	Parameter pt[PIC_TOTAL_INT] bound to: 12'b000000001000 
	Parameter pt[PIC_TOTAL_INT_PLUS1] bound to: 13'b0000000001001 
	Parameter pt[RET_STACK_SIZE] bound to: 8'b00000010 
	Parameter pt[SB_BUS_ID] bound to: 5'b00001 
	Parameter pt[SB_BUS_PRTY] bound to: 6'b000010 
	Parameter pt[SB_BUS_TAG] bound to: 8'b00000001 
	Parameter pt[TIMER_LEGAL_EN] bound to: 5'b00001 
	Parameter WIDTH bound to: 48 - type: integer 
	Parameter WIDTH bound to: 48 - type: integer 
	Parameter WIDTH bound to: 48 - type: integer 
	Parameter WIDTH bound to: 14'b00000000001000 
	Parameter WIDTH bound to: 14'b00000000001000 
	Parameter WIDTH bound to: 14'b00000000001000 
	Parameter WIDTH bound to: 2 - type: integer 
	Parameter pt[BHT_ADDR_HI] bound to: 8'b00000101 
	Parameter pt[BHT_ADDR_LO] bound to: 6'b000010 
	Parameter pt[BHT_ARRAY_DEPTH] bound to: 15'b000000000010000 
	Parameter pt[BHT_GHR_HASH_1] bound to: 5'b00000 
	Parameter pt[BHT_GHR_SIZE] bound to: 8'b00000100 
	Parameter pt[BHT_SIZE] bound to: 16'b0000000000100000 
	Parameter pt[BITMANIP_ZBA] bound to: 5'b00001 
	Parameter pt[BITMANIP_ZBB] bound to: 5'b00001 
	Parameter pt[BITMANIP_ZBC] bound to: 5'b00001 
	Parameter pt[BITMANIP_ZBE] bound to: 5'b00001 
	Parameter pt[BITMANIP_ZBF] bound to: 5'b00001 
	Parameter pt[BITMANIP_ZBP] bound to: 5'b00001 
	Parameter pt[BITMANIP_ZBR] bound to: 5'b00001 
	Parameter pt[BITMANIP_ZBS] bound to: 5'b00001 
	Parameter pt[BTB_ADDR_HI] bound to: 9'b000000101 
	Parameter pt[BTB_ADDR_LO] bound to: 6'b000010 
	Parameter pt[BTB_ARRAY_DEPTH] bound to: 13'b0000000000000 
	Parameter pt[BTB_BTAG_FOLD] bound to: 5'b00000 
	Parameter pt[BTB_BTAG_SIZE] bound to: 9'b000011111 
	Parameter pt[BTB_ENABLE] bound to: 5'b00001 
	Parameter pt[BTB_FOLD2_INDEX_HASH] bound to: 5'b00000 
	Parameter pt[BTB_FULLYA] bound to: 5'b00001 
	Parameter pt[BTB_INDEX1_HI] bound to: 9'b000000101 
	Parameter pt[BTB_INDEX1_LO] bound to: 9'b000000010 
	Parameter pt[BTB_INDEX2_HI] bound to: 9'b000001000 
	Parameter pt[BTB_INDEX2_LO] bound to: 9'b000000110 
	Parameter pt[BTB_INDEX3_HI] bound to: 9'b000001011 
	Parameter pt[BTB_INDEX3_LO] bound to: 9'b000001001 
	Parameter pt[BTB_SIZE] bound to: 14'b00000000001000 
	Parameter pt[BTB_TOFFSET_SIZE] bound to: 9'b000001100 
	Parameter pt[BUILD_AHB_LITE] bound to: 1'b0 
	Parameter pt[BUILD_AXI4] bound to: 5'b00001 
	Parameter pt[BUILD_AXI_NATIVE] bound to: 5'b00001 
	Parameter pt[BUS_PRTY_DEFAULT] bound to: 6'b000011 
	Parameter pt[DATA_ACCESS_ADDR0] bound to: 36'b000000000000000000000000000000000000 
	Parameter pt[DATA_ACCESS_ADDR1] bound to: 36'b000000000000000000000000000000000000 
	Parameter pt[DATA_ACCESS_ADDR2] bound to: 36'b000000000000000000000000000000000000 
	Parameter pt[DATA_ACCESS_ADDR3] bound to: 36'b000000000000000000000000000000000000 
	Parameter pt[DATA_ACCESS_ADDR4] bound to: 36'b000000000000000000000000000000000000 
	Parameter pt[DATA_ACCESS_ADDR5] bound to: 36'b000000000000000000000000000000000000 
	Parameter pt[DATA_ACCESS_ADDR6] bound to: 36'b000000000000000000000000000000000000 
	Parameter pt[DATA_ACCESS_ADDR7] bound to: 36'b000000000000000000000000000000000000 
	Parameter pt[DATA_ACCESS_ENABLE0] bound to: 5'b00000 
	Parameter pt[DATA_ACCESS_ENABLE1] bound to: 5'b00000 
	Parameter pt[DATA_ACCESS_ENABLE2] bound to: 5'b00000 
	Parameter pt[DATA_ACCESS_ENABLE3] bound to: 5'b00000 
	Parameter pt[DATA_ACCESS_ENABLE4] bound to: 5'b00000 
	Parameter pt[DATA_ACCESS_ENABLE5] bound to: 5'b00000 
	Parameter pt[DATA_ACCESS_ENABLE6] bound to: 5'b00000 
	Parameter pt[DATA_ACCESS_ENABLE7] bound to: 5'b00000 
	Parameter pt[DATA_ACCESS_MASK0] bound to: 36'b000011111111111111111111111111111111 
	Parameter pt[DATA_ACCESS_MASK1] bound to: 36'b000011111111111111111111111111111111 
	Parameter pt[DATA_ACCESS_MASK2] bound to: 36'b000011111111111111111111111111111111 
	Parameter pt[DATA_ACCESS_MASK3] bound to: 36'b000011111111111111111111111111111111 
	Parameter pt[DATA_ACCESS_MASK4] bound to: 36'b000011111111111111111111111111111111 
	Parameter pt[DATA_ACCESS_MASK5] bound to: 36'b000011111111111111111111111111111111 
	Parameter pt[DATA_ACCESS_MASK6] bound to: 36'b000011111111111111111111111111111111 
	Parameter pt[DATA_ACCESS_MASK7] bound to: 36'b000011111111111111111111111111111111 
	Parameter pt[DCCM_BANK_BITS] bound to: 7'b0000010 
	Parameter pt[DCCM_BITS] bound to: 9'b000001110 
	Parameter pt[DCCM_BYTE_WIDTH] bound to: 7'b0000100 
	Parameter pt[DCCM_DATA_WIDTH] bound to: 10'b0000100000 
	Parameter pt[DCCM_ECC_WIDTH] bound to: 7'b0000111 
	Parameter pt[DCCM_ENABLE] bound to: 5'b00001 
	Parameter pt[DCCM_FDATA_WIDTH] bound to: 10'b0000100111 
	Parameter pt[DCCM_INDEX_BITS] bound to: 8'b00001010 
	Parameter pt[DCCM_NUM_BANKS] bound to: 9'b000000100 
	Parameter pt[DCCM_REGION] bound to: 8'b00001111 
	Parameter pt[DCCM_SADR] bound to: 36'b000011110000000001000000000000000000 
	Parameter pt[DCCM_SIZE] bound to: 14'b00000000010000 
	Parameter pt[DCCM_WIDTH_BITS] bound to: 6'b000010 
	Parameter pt[DIV_BIT] bound to: 7'b0000100 
	Parameter pt[DIV_NEW] bound to: 5'b00001 
	Parameter pt[DMA_BUF_DEPTH] bound to: 7'b0000010 
	Parameter pt[DMA_BUS_ID] bound to: 9'b000000001 
	Parameter pt[DMA_BUS_PRTY] bound to: 6'b000010 
	Parameter pt[DMA_BUS_TAG] bound to: 8'b00000001 
	Parameter pt[FAST_INTERRUPT_REDIRECT] bound to: 5'b00000 
	Parameter pt[ICACHE_2BANKS] bound to: 5'b00000 
	Parameter pt[ICACHE_BANK_BITS] bound to: 7'b0000001 
	Parameter pt[ICACHE_BANK_HI] bound to: 7'b0000011 
	Parameter pt[ICACHE_BANK_LO] bound to: 6'b000011 
	Parameter pt[ICACHE_BANK_WIDTH] bound to: 8'b00001000 
	Parameter pt[ICACHE_BANKS_WAY] bound to: 7'b0000010 
	Parameter pt[ICACHE_BEAT_ADDR_HI] bound to: 8'b00000101 
	Parameter pt[ICACHE_BEAT_BITS] bound to: 8'b00000011 
	Parameter pt[ICACHE_BYPASS_ENABLE] bound to: 5'b00001 
	Parameter pt[ICACHE_DATA_DEPTH] bound to: 18'b000000000100000000 
	Parameter pt[ICACHE_DATA_INDEX_LO] bound to: 7'b0000100 
	Parameter pt[ICACHE_DATA_WIDTH] bound to: 11'b00001000000 
	Parameter pt[ICACHE_ECC] bound to: 5'b00000 
	Parameter pt[ICACHE_ENABLE] bound to: 5'b00001 
	Parameter pt[ICACHE_FDATA_WIDTH] bound to: 11'b00001000100 
	Parameter pt[ICACHE_INDEX_HI] bound to: 9'b000001011 
	Parameter pt[ICACHE_LN_SZ] bound to: 11'b00001000000 
	Parameter pt[ICACHE_NUM_BEATS] bound to: 8'b00001000 
	Parameter pt[ICACHE_NUM_BYPASS] bound to: 8'b00000010 
	Parameter pt[ICACHE_NUM_BYPASS_WIDTH] bound to: 8'b00000010 
	Parameter pt[ICACHE_NUM_WAYS] bound to: 7'b0000010 
	Parameter pt[ICACHE_ONLY] bound to: 5'b00000 
	Parameter pt[ICACHE_SCND_LAST] bound to: 8'b00000110 
	Parameter pt[ICACHE_SIZE] bound to: 13'b0000000001000 
	Parameter pt[ICACHE_STATUS_BITS] bound to: 7'b0000001 
	Parameter pt[ICACHE_TAG_BYPASS_ENABLE] bound to: 5'b00001 
	Parameter pt[ICACHE_TAG_DEPTH] bound to: 17'b00000000001000000 
	Parameter pt[ICACHE_TAG_INDEX_LO] bound to: 7'b0000110 
	Parameter pt[ICACHE_TAG_LO] bound to: 9'b000001100 
	Parameter pt[ICACHE_TAG_NUM_BYPASS] bound to: 8'b00000010 
	Parameter pt[ICACHE_TAG_NUM_BYPASS_WIDTH] bound to: 8'b00000010 
	Parameter pt[ICACHE_WAYPACK] bound to: 5'b00001 
	Parameter pt[ICCM_BANK_BITS] bound to: 7'b0000010 
	Parameter pt[ICCM_BANK_HI] bound to: 9'b000000011 
	Parameter pt[ICCM_BANK_INDEX_LO] bound to: 9'b000000100 
	Parameter pt[ICCM_BITS] bound to: 9'b000001100 
	Parameter pt[ICCM_ENABLE] bound to: 5'b00001 
	Parameter pt[ICCM_ICACHE] bound to: 5'b00001 
	Parameter pt[ICCM_INDEX_BITS] bound to: 8'b00001000 
	Parameter pt[ICCM_NUM_BANKS] bound to: 9'b000000100 
	Parameter pt[ICCM_ONLY] bound to: 5'b00000 
	Parameter pt[ICCM_REGION] bound to: 8'b00001010 
	Parameter pt[ICCM_SADR] bound to: 36'b000010101111111111111111000000000000 
	Parameter pt[ICCM_SIZE] bound to: 14'b00000000000100 
	Parameter pt[IFU_BUS_ID] bound to: 5'b00001 
	Parameter pt[IFU_BUS_PRTY] bound to: 6'b000010 
	Parameter pt[IFU_BUS_TAG] bound to: 8'b00000011 
	Parameter pt[INST_ACCESS_ADDR0] bound to: 36'b000000000000000000000000000000000000 
	Parameter pt[INST_ACCESS_ADDR1] bound to: 36'b000000000000000000000000000000000000 
	Parameter pt[INST_ACCESS_ADDR2] bound to: 36'b000000000000000000000000000000000000 
	Parameter pt[INST_ACCESS_ADDR3] bound to: 36'b000000000000000000000000000000000000 
	Parameter pt[INST_ACCESS_ADDR4] bound to: 36'b000000000000000000000000000000000000 
	Parameter pt[INST_ACCESS_ADDR5] bound to: 36'b000000000000000000000000000000000000 
	Parameter pt[INST_ACCESS_ADDR6] bound to: 36'b000000000000000000000000000000000000 
	Parameter pt[INST_ACCESS_ADDR7] bound to: 36'b000000000000000000000000000000000000 
	Parameter pt[INST_ACCESS_ENABLE0] bound to: 5'b00000 
	Parameter pt[INST_ACCESS_ENABLE1] bound to: 5'b00000 
	Parameter pt[INST_ACCESS_ENABLE2] bound to: 5'b00000 
	Parameter pt[INST_ACCESS_ENABLE3] bound to: 5'b00000 
	Parameter pt[INST_ACCESS_ENABLE4] bound to: 5'b00000 
	Parameter pt[INST_ACCESS_ENABLE5] bound to: 5'b00000 
	Parameter pt[INST_ACCESS_ENABLE6] bound to: 5'b00000 
	Parameter pt[INST_ACCESS_ENABLE7] bound to: 5'b00000 
	Parameter pt[INST_ACCESS_MASK0] bound to: 36'b000011111111111111111111111111111111 
	Parameter pt[INST_ACCESS_MASK1] bound to: 36'b000011111111111111111111111111111111 
	Parameter pt[INST_ACCESS_MASK2] bound to: 36'b000011111111111111111111111111111111 
	Parameter pt[INST_ACCESS_MASK3] bound to: 36'b000011111111111111111111111111111111 
	Parameter pt[INST_ACCESS_MASK4] bound to: 36'b000011111111111111111111111111111111 
	Parameter pt[INST_ACCESS_MASK5] bound to: 36'b000011111111111111111111111111111111 
	Parameter pt[INST_ACCESS_MASK6] bound to: 36'b000011111111111111111111111111111111 
	Parameter pt[INST_ACCESS_MASK7] bound to: 36'b000011111111111111111111111111111111 
	Parameter pt[LOAD_TO_USE_PLUS1] bound to: 5'b00000 
	Parameter pt[LSU2DMA] bound to: 5'b00000 
	Parameter pt[LSU_BUS_ID] bound to: 5'b00001 
	Parameter pt[LSU_BUS_PRTY] bound to: 6'b000010 
	Parameter pt[LSU_BUS_TAG] bound to: 8'b00000011 
	Parameter pt[LSU_NUM_NBLOAD] bound to: 9'b000000100 
	Parameter pt[LSU_NUM_NBLOAD_WIDTH] bound to: 7'b0000010 
	Parameter pt[LSU_SB_BITS] bound to: 9'b000001110 
	Parameter pt[LSU_STBUF_DEPTH] bound to: 8'b00000100 
	Parameter pt[NO_ICCM_NO_ICACHE] bound to: 5'b00000 
	Parameter pt[PIC_2CYCLE] bound to: 5'b00000 
	Parameter pt[PIC_BASE_ADDR] bound to: 36'b000011110000000011000000000000000000 
	Parameter pt[PIC_BITS] bound to: 9'b000001111 
	Parameter pt[PIC_INT_WORDS] bound to: 8'b00000001 
	Parameter pt[PIC_REGION] bound to: 8'b00001111 
	Parameter pt[PIC_SIZE] bound to: 13'b0000000100000 
	Parameter pt[PIC_TOTAL_INT] bound to: 12'b000000001000 
	Parameter pt[PIC_TOTAL_INT_PLUS1] bound to: 13'b0000000001001 
	Parameter pt[RET_STACK_SIZE] bound to: 8'b00000010 
	Parameter pt[SB_BUS_ID] bound to: 5'b00001 
	Parameter pt[SB_BUS_PRTY] bound to: 6'b000010 
	Parameter pt[SB_BUS_TAG] bound to: 8'b00000001 
	Parameter pt[TIMER_LEGAL_EN] bound to: 5'b00001 
	Parameter WIDTH bound to: 7 - type: integer 
	Parameter OVERRIDE bound to: 1 - type: integer 
	Parameter WIDTH bound to: 7 - type: integer 
	Parameter WIDTH bound to: 7 - type: integer 
	Parameter WIDTH bound to: 30 - type: integer 
	Parameter LEFT bound to: 19 - type: integer 
	Parameter WIDTH bound to: 30 - type: integer 
	Parameter WIDTH bound to: 30 - type: integer 
	Parameter pt[BHT_ADDR_HI] bound to: 8'b00000101 
	Parameter pt[BHT_ADDR_LO] bound to: 6'b000010 
	Parameter pt[BHT_ARRAY_DEPTH] bound to: 15'b000000000010000 
	Parameter pt[BHT_GHR_HASH_1] bound to: 5'b00000 
	Parameter pt[BHT_GHR_SIZE] bound to: 8'b00000100 
	Parameter pt[BHT_SIZE] bound to: 16'b0000000000100000 
	Parameter pt[BITMANIP_ZBA] bound to: 5'b00001 
	Parameter pt[BITMANIP_ZBB] bound to: 5'b00001 
	Parameter pt[BITMANIP_ZBC] bound to: 5'b00001 
	Parameter pt[BITMANIP_ZBE] bound to: 5'b00001 
	Parameter pt[BITMANIP_ZBF] bound to: 5'b00001 
	Parameter pt[BITMANIP_ZBP] bound to: 5'b00001 
	Parameter pt[BITMANIP_ZBR] bound to: 5'b00001 
	Parameter pt[BITMANIP_ZBS] bound to: 5'b00001 
	Parameter pt[BTB_ADDR_HI] bound to: 9'b000000101 
	Parameter pt[BTB_ADDR_LO] bound to: 6'b000010 
	Parameter pt[BTB_ARRAY_DEPTH] bound to: 13'b0000000000000 
	Parameter pt[BTB_BTAG_FOLD] bound to: 5'b00000 
	Parameter pt[BTB_BTAG_SIZE] bound to: 9'b000011111 
	Parameter pt[BTB_ENABLE] bound to: 5'b00001 
	Parameter pt[BTB_FOLD2_INDEX_HASH] bound to: 5'b00000 
	Parameter pt[BTB_FULLYA] bound to: 5'b00001 
	Parameter pt[BTB_INDEX1_HI] bound to: 9'b000000101 
	Parameter pt[BTB_INDEX1_LO] bound to: 9'b000000010 
	Parameter pt[BTB_INDEX2_HI] bound to: 9'b000001000 
	Parameter pt[BTB_INDEX2_LO] bound to: 9'b000000110 
	Parameter pt[BTB_INDEX3_HI] bound to: 9'b000001011 
	Parameter pt[BTB_INDEX3_LO] bound to: 9'b000001001 
	Parameter pt[BTB_SIZE] bound to: 14'b00000000001000 
	Parameter pt[BTB_TOFFSET_SIZE] bound to: 9'b000001100 
	Parameter pt[BUILD_AHB_LITE] bound to: 1'b0 
	Parameter pt[BUILD_AXI4] bound to: 5'b00001 
	Parameter pt[BUILD_AXI_NATIVE] bound to: 5'b00001 
	Parameter pt[BUS_PRTY_DEFAULT] bound to: 6'b000011 
	Parameter pt[DATA_ACCESS_ADDR0] bound to: 36'b000000000000000000000000000000000000 
	Parameter pt[DATA_ACCESS_ADDR1] bound to: 36'b000000000000000000000000000000000000 
	Parameter pt[DATA_ACCESS_ADDR2] bound to: 36'b000000000000000000000000000000000000 
	Parameter pt[DATA_ACCESS_ADDR3] bound to: 36'b000000000000000000000000000000000000 
	Parameter pt[DATA_ACCESS_ADDR4] bound to: 36'b000000000000000000000000000000000000 
	Parameter pt[DATA_ACCESS_ADDR5] bound to: 36'b000000000000000000000000000000000000 
	Parameter pt[DATA_ACCESS_ADDR6] bound to: 36'b000000000000000000000000000000000000 
	Parameter pt[DATA_ACCESS_ADDR7] bound to: 36'b000000000000000000000000000000000000 
	Parameter pt[DATA_ACCESS_ENABLE0] bound to: 5'b00000 
	Parameter pt[DATA_ACCESS_ENABLE1] bound to: 5'b00000 
	Parameter pt[DATA_ACCESS_ENABLE2] bound to: 5'b00000 
	Parameter pt[DATA_ACCESS_ENABLE3] bound to: 5'b00000 
	Parameter pt[DATA_ACCESS_ENABLE4] bound to: 5'b00000 
	Parameter pt[DATA_ACCESS_ENABLE5] bound to: 5'b00000 
	Parameter pt[DATA_ACCESS_ENABLE6] bound to: 5'b00000 
	Parameter pt[DATA_ACCESS_ENABLE7] bound to: 5'b00000 
	Parameter pt[DATA_ACCESS_MASK0] bound to: 36'b000011111111111111111111111111111111 
	Parameter pt[DATA_ACCESS_MASK1] bound to: 36'b000011111111111111111111111111111111 
	Parameter pt[DATA_ACCESS_MASK2] bound to: 36'b000011111111111111111111111111111111 
	Parameter pt[DATA_ACCESS_MASK3] bound to: 36'b000011111111111111111111111111111111 
	Parameter pt[DATA_ACCESS_MASK4] bound to: 36'b000011111111111111111111111111111111 
	Parameter pt[DATA_ACCESS_MASK5] bound to: 36'b000011111111111111111111111111111111 
	Parameter pt[DATA_ACCESS_MASK6] bound to: 36'b000011111111111111111111111111111111 
	Parameter pt[DATA_ACCESS_MASK7] bound to: 36'b000011111111111111111111111111111111 
	Parameter pt[DCCM_BANK_BITS] bound to: 7'b0000010 
	Parameter pt[DCCM_BITS] bound to: 9'b000001110 
	Parameter pt[DCCM_BYTE_WIDTH] bound to: 7'b0000100 
	Parameter pt[DCCM_DATA_WIDTH] bound to: 10'b0000100000 
	Parameter pt[DCCM_ECC_WIDTH] bound to: 7'b0000111 
	Parameter pt[DCCM_ENABLE] bound to: 5'b00001 
	Parameter pt[DCCM_FDATA_WIDTH] bound to: 10'b0000100111 
	Parameter pt[DCCM_INDEX_BITS] bound to: 8'b00001010 
	Parameter pt[DCCM_NUM_BANKS] bound to: 9'b000000100 
	Parameter pt[DCCM_REGION] bound to: 8'b00001111 
	Parameter pt[DCCM_SADR] bound to: 36'b000011110000000001000000000000000000 
	Parameter pt[DCCM_SIZE] bound to: 14'b00000000010000 
	Parameter pt[DCCM_WIDTH_BITS] bound to: 6'b000010 
	Parameter pt[DIV_BIT] bound to: 7'b0000100 
	Parameter pt[DIV_NEW] bound to: 5'b00001 
	Parameter pt[DMA_BUF_DEPTH] bound to: 7'b0000010 
	Parameter pt[DMA_BUS_ID] bound to: 9'b000000001 
	Parameter pt[DMA_BUS_PRTY] bound to: 6'b000010 
	Parameter pt[DMA_BUS_TAG] bound to: 8'b00000001 
	Parameter pt[FAST_INTERRUPT_REDIRECT] bound to: 5'b00000 
	Parameter pt[ICACHE_2BANKS] bound to: 5'b00000 
	Parameter pt[ICACHE_BANK_BITS] bound to: 7'b0000001 
	Parameter pt[ICACHE_BANK_HI] bound to: 7'b0000011 
	Parameter pt[ICACHE_BANK_LO] bound to: 6'b000011 
	Parameter pt[ICACHE_BANK_WIDTH] bound to: 8'b00001000 
	Parameter pt[ICACHE_BANKS_WAY] bound to: 7'b0000010 
	Parameter pt[ICACHE_BEAT_ADDR_HI] bound to: 8'b00000101 
	Parameter pt[ICACHE_BEAT_BITS] bound to: 8'b00000011 
	Parameter pt[ICACHE_BYPASS_ENABLE] bound to: 5'b00001 
	Parameter pt[ICACHE_DATA_DEPTH] bound to: 18'b000000000100000000 
	Parameter pt[ICACHE_DATA_INDEX_LO] bound to: 7'b0000100 
	Parameter pt[ICACHE_DATA_WIDTH] bound to: 11'b00001000000 
	Parameter pt[ICACHE_ECC] bound to: 5'b00000 
	Parameter pt[ICACHE_ENABLE] bound to: 5'b00001 
	Parameter pt[ICACHE_FDATA_WIDTH] bound to: 11'b00001000100 
	Parameter pt[ICACHE_INDEX_HI] bound to: 9'b000001011 
	Parameter pt[ICACHE_LN_SZ] bound to: 11'b00001000000 
	Parameter pt[ICACHE_NUM_BEATS] bound to: 8'b00001000 
	Parameter pt[ICACHE_NUM_BYPASS] bound to: 8'b00000010 
	Parameter pt[ICACHE_NUM_BYPASS_WIDTH] bound to: 8'b00000010 
	Parameter pt[ICACHE_NUM_WAYS] bound to: 7'b0000010 
	Parameter pt[ICACHE_ONLY] bound to: 5'b00000 
	Parameter pt[ICACHE_SCND_LAST] bound to: 8'b00000110 
	Parameter pt[ICACHE_SIZE] bound to: 13'b0000000001000 
	Parameter pt[ICACHE_STATUS_BITS] bound to: 7'b0000001 
	Parameter pt[ICACHE_TAG_BYPASS_ENABLE] bound to: 5'b00001 
	Parameter pt[ICACHE_TAG_DEPTH] bound to: 17'b00000000001000000 
	Parameter pt[ICACHE_TAG_INDEX_LO] bound to: 7'b0000110 
	Parameter pt[ICACHE_TAG_LO] bound to: 9'b000001100 
	Parameter pt[ICACHE_TAG_NUM_BYPASS] bound to: 8'b00000010 
	Parameter pt[ICACHE_TAG_NUM_BYPASS_WIDTH] bound to: 8'b00000010 
	Parameter pt[ICACHE_WAYPACK] bound to: 5'b00001 
	Parameter pt[ICCM_BANK_BITS] bound to: 7'b0000010 
	Parameter pt[ICCM_BANK_HI] bound to: 9'b000000011 
	Parameter pt[ICCM_BANK_INDEX_LO] bound to: 9'b000000100 
	Parameter pt[ICCM_BITS] bound to: 9'b000001100 
	Parameter pt[ICCM_ENABLE] bound to: 5'b00001 
	Parameter pt[ICCM_ICACHE] bound to: 5'b00001 
	Parameter pt[ICCM_INDEX_BITS] bound to: 8'b00001000 
	Parameter pt[ICCM_NUM_BANKS] bound to: 9'b000000100 
	Parameter pt[ICCM_ONLY] bound to: 5'b00000 
	Parameter pt[ICCM_REGION] bound to: 8'b00001010 
	Parameter pt[ICCM_SADR] bound to: 36'b000010101111111111111111000000000000 
	Parameter pt[ICCM_SIZE] bound to: 14'b00000000000100 
	Parameter pt[IFU_BUS_ID] bound to: 5'b00001 
	Parameter pt[IFU_BUS_PRTY] bound to: 6'b000010 
	Parameter pt[IFU_BUS_TAG] bound to: 8'b00000011 
	Parameter pt[INST_ACCESS_ADDR0] bound to: 36'b000000000000000000000000000000000000 
	Parameter pt[INST_ACCESS_ADDR1] bound to: 36'b000000000000000000000000000000000000 
	Parameter pt[INST_ACCESS_ADDR2] bound to: 36'b000000000000000000000000000000000000 
	Parameter pt[INST_ACCESS_ADDR3] bound to: 36'b000000000000000000000000000000000000 
	Parameter pt[INST_ACCESS_ADDR4] bound to: 36'b000000000000000000000000000000000000 
	Parameter pt[INST_ACCESS_ADDR5] bound to: 36'b000000000000000000000000000000000000 
	Parameter pt[INST_ACCESS_ADDR6] bound to: 36'b000000000000000000000000000000000000 
	Parameter pt[INST_ACCESS_ADDR7] bound to: 36'b000000000000000000000000000000000000 
	Parameter pt[INST_ACCESS_ENABLE0] bound to: 5'b00000 
	Parameter pt[INST_ACCESS_ENABLE1] bound to: 5'b00000 
	Parameter pt[INST_ACCESS_ENABLE2] bound to: 5'b00000 
	Parameter pt[INST_ACCESS_ENABLE3] bound to: 5'b00000 
	Parameter pt[INST_ACCESS_ENABLE4] bound to: 5'b00000 
	Parameter pt[INST_ACCESS_ENABLE5] bound to: 5'b00000 
	Parameter pt[INST_ACCESS_ENABLE6] bound to: 5'b00000 
	Parameter pt[INST_ACCESS_ENABLE7] bound to: 5'b00000 
	Parameter pt[INST_ACCESS_MASK0] bound to: 36'b000011111111111111111111111111111111 
	Parameter pt[INST_ACCESS_MASK1] bound to: 36'b000011111111111111111111111111111111 
	Parameter pt[INST_ACCESS_MASK2] bound to: 36'b000011111111111111111111111111111111 
	Parameter pt[INST_ACCESS_MASK3] bound to: 36'b000011111111111111111111111111111111 
	Parameter pt[INST_ACCESS_MASK4] bound to: 36'b000011111111111111111111111111111111 
	Parameter pt[INST_ACCESS_MASK5] bound to: 36'b000011111111111111111111111111111111 
	Parameter pt[INST_ACCESS_MASK6] bound to: 36'b000011111111111111111111111111111111 
	Parameter pt[INST_ACCESS_MASK7] bound to: 36'b000011111111111111111111111111111111 
	Parameter pt[LOAD_TO_USE_PLUS1] bound to: 5'b00000 
	Parameter pt[LSU2DMA] bound to: 5'b00000 
	Parameter pt[LSU_BUS_ID] bound to: 5'b00001 
	Parameter pt[LSU_BUS_PRTY] bound to: 6'b000010 
	Parameter pt[LSU_BUS_TAG] bound to: 8'b00000011 
	Parameter pt[LSU_NUM_NBLOAD] bound to: 9'b000000100 
	Parameter pt[LSU_NUM_NBLOAD_WIDTH] bound to: 7'b0000010 
	Parameter pt[LSU_SB_BITS] bound to: 9'b000001110 
	Parameter pt[LSU_STBUF_DEPTH] bound to: 8'b00000100 
	Parameter pt[NO_ICCM_NO_ICACHE] bound to: 5'b00000 
	Parameter pt[PIC_2CYCLE] bound to: 5'b00000 
	Parameter pt[PIC_BASE_ADDR] bound to: 36'b000011110000000011000000000000000000 
	Parameter pt[PIC_BITS] bound to: 9'b000001111 
	Parameter pt[PIC_INT_WORDS] bound to: 8'b00000001 
	Parameter pt[PIC_REGION] bound to: 8'b00001111 
	Parameter pt[PIC_SIZE] bound to: 13'b0000000100000 
	Parameter pt[PIC_TOTAL_INT] bound to: 12'b000000001000 
	Parameter pt[PIC_TOTAL_INT_PLUS1] bound to: 13'b0000000001001 
	Parameter pt[RET_STACK_SIZE] bound to: 8'b00000010 
	Parameter pt[SB_BUS_ID] bound to: 5'b00001 
	Parameter pt[SB_BUS_PRTY] bound to: 6'b000010 
	Parameter pt[SB_BUS_TAG] bound to: 8'b00000001 
	Parameter pt[TIMER_LEGAL_EN] bound to: 5'b00001 
	Parameter pt[BHT_ADDR_HI] bound to: 8'b00000101 
	Parameter pt[BHT_ADDR_LO] bound to: 6'b000010 
	Parameter pt[BHT_ARRAY_DEPTH] bound to: 15'b000000000010000 
	Parameter pt[BHT_GHR_HASH_1] bound to: 5'b00000 
	Parameter pt[BHT_GHR_SIZE] bound to: 8'b00000100 
	Parameter pt[BHT_SIZE] bound to: 16'b0000000000100000 
	Parameter pt[BITMANIP_ZBA] bound to: 5'b00001 
	Parameter pt[BITMANIP_ZBB] bound to: 5'b00001 
	Parameter pt[BITMANIP_ZBC] bound to: 5'b00001 
	Parameter pt[BITMANIP_ZBE] bound to: 5'b00001 
	Parameter pt[BITMANIP_ZBF] bound to: 5'b00001 
	Parameter pt[BITMANIP_ZBP] bound to: 5'b00001 
	Parameter pt[BITMANIP_ZBR] bound to: 5'b00001 
	Parameter pt[BITMANIP_ZBS] bound to: 5'b00001 
	Parameter pt[BTB_ADDR_HI] bound to: 9'b000000101 
	Parameter pt[BTB_ADDR_LO] bound to: 6'b000010 
	Parameter pt[BTB_ARRAY_DEPTH] bound to: 13'b0000000000000 
	Parameter pt[BTB_BTAG_FOLD] bound to: 5'b00000 
	Parameter pt[BTB_BTAG_SIZE] bound to: 9'b000011111 
	Parameter pt[BTB_ENABLE] bound to: 5'b00001 
	Parameter pt[BTB_FOLD2_INDEX_HASH] bound to: 5'b00000 
	Parameter pt[BTB_FULLYA] bound to: 5'b00001 
	Parameter pt[BTB_INDEX1_HI] bound to: 9'b000000101 
	Parameter pt[BTB_INDEX1_LO] bound to: 9'b000000010 
	Parameter pt[BTB_INDEX2_HI] bound to: 9'b000001000 
	Parameter pt[BTB_INDEX2_LO] bound to: 9'b000000110 
	Parameter pt[BTB_INDEX3_HI] bound to: 9'b000001011 
	Parameter pt[BTB_INDEX3_LO] bound to: 9'b000001001 
	Parameter pt[BTB_SIZE] bound to: 14'b00000000001000 
	Parameter pt[BTB_TOFFSET_SIZE] bound to: 9'b000001100 
	Parameter pt[BUILD_AHB_LITE] bound to: 1'b0 
	Parameter pt[BUILD_AXI4] bound to: 5'b00001 
	Parameter pt[BUILD_AXI_NATIVE] bound to: 5'b00001 
	Parameter pt[BUS_PRTY_DEFAULT] bound to: 6'b000011 
	Parameter pt[DATA_ACCESS_ADDR0] bound to: 36'b000000000000000000000000000000000000 
	Parameter pt[DATA_ACCESS_ADDR1] bound to: 36'b000000000000000000000000000000000000 
	Parameter pt[DATA_ACCESS_ADDR2] bound to: 36'b000000000000000000000000000000000000 
	Parameter pt[DATA_ACCESS_ADDR3] bound to: 36'b000000000000000000000000000000000000 
	Parameter pt[DATA_ACCESS_ADDR4] bound to: 36'b000000000000000000000000000000000000 
	Parameter pt[DATA_ACCESS_ADDR5] bound to: 36'b000000000000000000000000000000000000 
	Parameter pt[DATA_ACCESS_ADDR6] bound to: 36'b000000000000000000000000000000000000 
	Parameter pt[DATA_ACCESS_ADDR7] bound to: 36'b000000000000000000000000000000000000 
	Parameter pt[DATA_ACCESS_ENABLE0] bound to: 5'b00000 
	Parameter pt[DATA_ACCESS_ENABLE1] bound to: 5'b00000 
	Parameter pt[DATA_ACCESS_ENABLE2] bound to: 5'b00000 
	Parameter pt[DATA_ACCESS_ENABLE3] bound to: 5'b00000 
	Parameter pt[DATA_ACCESS_ENABLE4] bound to: 5'b00000 
	Parameter pt[DATA_ACCESS_ENABLE5] bound to: 5'b00000 
	Parameter pt[DATA_ACCESS_ENABLE6] bound to: 5'b00000 
	Parameter pt[DATA_ACCESS_ENABLE7] bound to: 5'b00000 
	Parameter pt[DATA_ACCESS_MASK0] bound to: 36'b000011111111111111111111111111111111 
	Parameter pt[DATA_ACCESS_MASK1] bound to: 36'b000011111111111111111111111111111111 
	Parameter pt[DATA_ACCESS_MASK2] bound to: 36'b000011111111111111111111111111111111 
	Parameter pt[DATA_ACCESS_MASK3] bound to: 36'b000011111111111111111111111111111111 
	Parameter pt[DATA_ACCESS_MASK4] bound to: 36'b000011111111111111111111111111111111 
	Parameter pt[DATA_ACCESS_MASK5] bound to: 36'b000011111111111111111111111111111111 
	Parameter pt[DATA_ACCESS_MASK6] bound to: 36'b000011111111111111111111111111111111 
	Parameter pt[DATA_ACCESS_MASK7] bound to: 36'b000011111111111111111111111111111111 
	Parameter pt[DCCM_BANK_BITS] bound to: 7'b0000010 
	Parameter pt[DCCM_BITS] bound to: 9'b000001110 
	Parameter pt[DCCM_BYTE_WIDTH] bound to: 7'b0000100 
	Parameter pt[DCCM_DATA_WIDTH] bound to: 10'b0000100000 
	Parameter pt[DCCM_ECC_WIDTH] bound to: 7'b0000111 
	Parameter pt[DCCM_ENABLE] bound to: 5'b00001 
	Parameter pt[DCCM_FDATA_WIDTH] bound to: 10'b0000100111 
	Parameter pt[DCCM_INDEX_BITS] bound to: 8'b00001010 
	Parameter pt[DCCM_NUM_BANKS] bound to: 9'b000000100 
	Parameter pt[DCCM_REGION] bound to: 8'b00001111 
	Parameter pt[DCCM_SADR] bound to: 36'b000011110000000001000000000000000000 
	Parameter pt[DCCM_SIZE] bound to: 14'b00000000010000 
	Parameter pt[DCCM_WIDTH_BITS] bound to: 6'b000010 
	Parameter pt[DIV_BIT] bound to: 7'b0000100 
	Parameter pt[DIV_NEW] bound to: 5'b00001 
	Parameter pt[DMA_BUF_DEPTH] bound to: 7'b0000010 
	Parameter pt[DMA_BUS_ID] bound to: 9'b000000001 
	Parameter pt[DMA_BUS_PRTY] bound to: 6'b000010 
	Parameter pt[DMA_BUS_TAG] bound to: 8'b00000001 
	Parameter pt[FAST_INTERRUPT_REDIRECT] bound to: 5'b00000 
	Parameter pt[ICACHE_2BANKS] bound to: 5'b00000 
	Parameter pt[ICACHE_BANK_BITS] bound to: 7'b0000001 
	Parameter pt[ICACHE_BANK_HI] bound to: 7'b0000011 
	Parameter pt[ICACHE_BANK_LO] bound to: 6'b000011 
	Parameter pt[ICACHE_BANK_WIDTH] bound to: 8'b00001000 
	Parameter pt[ICACHE_BANKS_WAY] bound to: 7'b0000010 
	Parameter pt[ICACHE_BEAT_ADDR_HI] bound to: 8'b00000101 
	Parameter pt[ICACHE_BEAT_BITS] bound to: 8'b00000011 
	Parameter pt[ICACHE_BYPASS_ENABLE] bound to: 5'b00001 
	Parameter pt[ICACHE_DATA_DEPTH] bound to: 18'b000000000100000000 
	Parameter pt[ICACHE_DATA_INDEX_LO] bound to: 7'b0000100 
	Parameter pt[ICACHE_DATA_WIDTH] bound to: 11'b00001000000 
	Parameter pt[ICACHE_ECC] bound to: 5'b00000 
	Parameter pt[ICACHE_ENABLE] bound to: 5'b00001 
	Parameter pt[ICACHE_FDATA_WIDTH] bound to: 11'b00001000100 
	Parameter pt[ICACHE_INDEX_HI] bound to: 9'b000001011 
	Parameter pt[ICACHE_LN_SZ] bound to: 11'b00001000000 
	Parameter pt[ICACHE_NUM_BEATS] bound to: 8'b00001000 
	Parameter pt[ICACHE_NUM_BYPASS] bound to: 8'b00000010 
	Parameter pt[ICACHE_NUM_BYPASS_WIDTH] bound to: 8'b00000010 
	Parameter pt[ICACHE_NUM_WAYS] bound to: 7'b0000010 
	Parameter pt[ICACHE_ONLY] bound to: 5'b00000 
	Parameter pt[ICACHE_SCND_LAST] bound to: 8'b00000110 
	Parameter pt[ICACHE_SIZE] bound to: 13'b0000000001000 
	Parameter pt[ICACHE_STATUS_BITS] bound to: 7'b0000001 
	Parameter pt[ICACHE_TAG_BYPASS_ENABLE] bound to: 5'b00001 
	Parameter pt[ICACHE_TAG_DEPTH] bound to: 17'b00000000001000000 
	Parameter pt[ICACHE_TAG_INDEX_LO] bound to: 7'b0000110 
	Parameter pt[ICACHE_TAG_LO] bound to: 9'b000001100 
	Parameter pt[ICACHE_TAG_NUM_BYPASS] bound to: 8'b00000010 
	Parameter pt[ICACHE_TAG_NUM_BYPASS_WIDTH] bound to: 8'b00000010 
	Parameter pt[ICACHE_WAYPACK] bound to: 5'b00001 
	Parameter pt[ICCM_BANK_BITS] bound to: 7'b0000010 
	Parameter pt[ICCM_BANK_HI] bound to: 9'b000000011 
	Parameter pt[ICCM_BANK_INDEX_LO] bound to: 9'b000000100 
	Parameter pt[ICCM_BITS] bound to: 9'b000001100 
	Parameter pt[ICCM_ENABLE] bound to: 5'b00001 
	Parameter pt[ICCM_ICACHE] bound to: 5'b00001 
	Parameter pt[ICCM_INDEX_BITS] bound to: 8'b00001000 
	Parameter pt[ICCM_NUM_BANKS] bound to: 9'b000000100 
	Parameter pt[ICCM_ONLY] bound to: 5'b00000 
	Parameter pt[ICCM_REGION] bound to: 8'b00001010 
	Parameter pt[ICCM_SADR] bound to: 36'b000010101111111111111111000000000000 
	Parameter pt[ICCM_SIZE] bound to: 14'b00000000000100 
	Parameter pt[IFU_BUS_ID] bound to: 5'b00001 
	Parameter pt[IFU_BUS_PRTY] bound to: 6'b000010 
	Parameter pt[IFU_BUS_TAG] bound to: 8'b00000011 
	Parameter pt[INST_ACCESS_ADDR0] bound to: 36'b000000000000000000000000000000000000 
	Parameter pt[INST_ACCESS_ADDR1] bound to: 36'b000000000000000000000000000000000000 
	Parameter pt[INST_ACCESS_ADDR2] bound to: 36'b000000000000000000000000000000000000 
	Parameter pt[INST_ACCESS_ADDR3] bound to: 36'b000000000000000000000000000000000000 
	Parameter pt[INST_ACCESS_ADDR4] bound to: 36'b000000000000000000000000000000000000 
	Parameter pt[INST_ACCESS_ADDR5] bound to: 36'b000000000000000000000000000000000000 
	Parameter pt[INST_ACCESS_ADDR6] bound to: 36'b000000000000000000000000000000000000 
	Parameter pt[INST_ACCESS_ADDR7] bound to: 36'b000000000000000000000000000000000000 
	Parameter pt[INST_ACCESS_ENABLE0] bound to: 5'b00000 
	Parameter pt[INST_ACCESS_ENABLE1] bound to: 5'b00000 
	Parameter pt[INST_ACCESS_ENABLE2] bound to: 5'b00000 
	Parameter pt[INST_ACCESS_ENABLE3] bound to: 5'b00000 
	Parameter pt[INST_ACCESS_ENABLE4] bound to: 5'b00000 
	Parameter pt[INST_ACCESS_ENABLE5] bound to: 5'b00000 
	Parameter pt[INST_ACCESS_ENABLE6] bound to: 5'b00000 
	Parameter pt[INST_ACCESS_ENABLE7] bound to: 5'b00000 
	Parameter pt[INST_ACCESS_MASK0] bound to: 36'b000011111111111111111111111111111111 
	Parameter pt[INST_ACCESS_MASK1] bound to: 36'b000011111111111111111111111111111111 
	Parameter pt[INST_ACCESS_MASK2] bound to: 36'b000011111111111111111111111111111111 
	Parameter pt[INST_ACCESS_MASK3] bound to: 36'b000011111111111111111111111111111111 
	Parameter pt[INST_ACCESS_MASK4] bound to: 36'b000011111111111111111111111111111111 
	Parameter pt[INST_ACCESS_MASK5] bound to: 36'b000011111111111111111111111111111111 
	Parameter pt[INST_ACCESS_MASK6] bound to: 36'b000011111111111111111111111111111111 
	Parameter pt[INST_ACCESS_MASK7] bound to: 36'b000011111111111111111111111111111111 
	Parameter pt[LOAD_TO_USE_PLUS1] bound to: 5'b00000 
	Parameter pt[LSU2DMA] bound to: 5'b00000 
	Parameter pt[LSU_BUS_ID] bound to: 5'b00001 
	Parameter pt[LSU_BUS_PRTY] bound to: 6'b000010 
	Parameter pt[LSU_BUS_TAG] bound to: 8'b00000011 
	Parameter pt[LSU_NUM_NBLOAD] bound to: 9'b000000100 
	Parameter pt[LSU_NUM_NBLOAD_WIDTH] bound to: 7'b0000010 
	Parameter pt[LSU_SB_BITS] bound to: 9'b000001110 
	Parameter pt[LSU_STBUF_DEPTH] bound to: 8'b00000100 
	Parameter pt[NO_ICCM_NO_ICACHE] bound to: 5'b00000 
	Parameter pt[PIC_2CYCLE] bound to: 5'b00000 
	Parameter pt[PIC_BASE_ADDR] bound to: 36'b000011110000000011000000000000000000 
	Parameter pt[PIC_BITS] bound to: 9'b000001111 
	Parameter pt[PIC_INT_WORDS] bound to: 8'b00000001 
	Parameter pt[PIC_REGION] bound to: 8'b00001111 
	Parameter pt[PIC_SIZE] bound to: 13'b0000000100000 
	Parameter pt[PIC_TOTAL_INT] bound to: 12'b000000001000 
	Parameter pt[PIC_TOTAL_INT_PLUS1] bound to: 13'b0000000001001 
	Parameter pt[RET_STACK_SIZE] bound to: 8'b00000010 
	Parameter pt[SB_BUS_ID] bound to: 5'b00001 
	Parameter pt[SB_BUS_PRTY] bound to: 6'b000010 
	Parameter pt[SB_BUS_TAG] bound to: 8'b00000001 
	Parameter pt[TIMER_LEGAL_EN] bound to: 5'b00001 
	Parameter CCM_SADR bound to: 36'b000010101111111111111111000000000000 
	Parameter CCM_SIZE bound to: 14'b00000000000100 
	Parameter WIDTH bound to: 10 - type: integer 
	Parameter WIDTH bound to: 10 - type: integer 
	Parameter WIDTH bound to: 10 - type: integer 
	Parameter WIDTH bound to: 31 - type: integer 
	Parameter WIDTH bound to: 31 - type: integer 
	Parameter WIDTH bound to: 31 - type: integer 
	Parameter pt[BHT_ADDR_HI] bound to: 8'b00000101 
	Parameter pt[BHT_ADDR_LO] bound to: 6'b000010 
	Parameter pt[BHT_ARRAY_DEPTH] bound to: 15'b000000000010000 
	Parameter pt[BHT_GHR_HASH_1] bound to: 5'b00000 
	Parameter pt[BHT_GHR_SIZE] bound to: 8'b00000100 
	Parameter pt[BHT_SIZE] bound to: 16'b0000000000100000 
	Parameter pt[BITMANIP_ZBA] bound to: 5'b00001 
	Parameter pt[BITMANIP_ZBB] bound to: 5'b00001 
	Parameter pt[BITMANIP_ZBC] bound to: 5'b00001 
	Parameter pt[BITMANIP_ZBE] bound to: 5'b00001 
	Parameter pt[BITMANIP_ZBF] bound to: 5'b00001 
	Parameter pt[BITMANIP_ZBP] bound to: 5'b00001 
	Parameter pt[BITMANIP_ZBR] bound to: 5'b00001 
	Parameter pt[BITMANIP_ZBS] bound to: 5'b00001 
	Parameter pt[BTB_ADDR_HI] bound to: 9'b000000101 
	Parameter pt[BTB_ADDR_LO] bound to: 6'b000010 
	Parameter pt[BTB_ARRAY_DEPTH] bound to: 13'b0000000000000 
	Parameter pt[BTB_BTAG_FOLD] bound to: 5'b00000 
	Parameter pt[BTB_BTAG_SIZE] bound to: 9'b000011111 
	Parameter pt[BTB_ENABLE] bound to: 5'b00001 
	Parameter pt[BTB_FOLD2_INDEX_HASH] bound to: 5'b00000 
	Parameter pt[BTB_FULLYA] bound to: 5'b00001 
	Parameter pt[BTB_INDEX1_HI] bound to: 9'b000000101 
	Parameter pt[BTB_INDEX1_LO] bound to: 9'b000000010 
	Parameter pt[BTB_INDEX2_HI] bound to: 9'b000001000 
	Parameter pt[BTB_INDEX2_LO] bound to: 9'b000000110 
	Parameter pt[BTB_INDEX3_HI] bound to: 9'b000001011 
	Parameter pt[BTB_INDEX3_LO] bound to: 9'b000001001 
	Parameter pt[BTB_SIZE] bound to: 14'b00000000001000 
	Parameter pt[BTB_TOFFSET_SIZE] bound to: 9'b000001100 
	Parameter pt[BUILD_AHB_LITE] bound to: 1'b0 
	Parameter pt[BUILD_AXI4] bound to: 5'b00001 
	Parameter pt[BUILD_AXI_NATIVE] bound to: 5'b00001 
	Parameter pt[BUS_PRTY_DEFAULT] bound to: 6'b000011 
	Parameter pt[DATA_ACCESS_ADDR0] bound to: 36'b000000000000000000000000000000000000 
	Parameter pt[DATA_ACCESS_ADDR1] bound to: 36'b000000000000000000000000000000000000 
	Parameter pt[DATA_ACCESS_ADDR2] bound to: 36'b000000000000000000000000000000000000 
	Parameter pt[DATA_ACCESS_ADDR3] bound to: 36'b000000000000000000000000000000000000 
	Parameter pt[DATA_ACCESS_ADDR4] bound to: 36'b000000000000000000000000000000000000 
	Parameter pt[DATA_ACCESS_ADDR5] bound to: 36'b000000000000000000000000000000000000 
	Parameter pt[DATA_ACCESS_ADDR6] bound to: 36'b000000000000000000000000000000000000 
	Parameter pt[DATA_ACCESS_ADDR7] bound to: 36'b000000000000000000000000000000000000 
	Parameter pt[DATA_ACCESS_ENABLE0] bound to: 5'b00000 
	Parameter pt[DATA_ACCESS_ENABLE1] bound to: 5'b00000 
	Parameter pt[DATA_ACCESS_ENABLE2] bound to: 5'b00000 
	Parameter pt[DATA_ACCESS_ENABLE3] bound to: 5'b00000 
	Parameter pt[DATA_ACCESS_ENABLE4] bound to: 5'b00000 
	Parameter pt[DATA_ACCESS_ENABLE5] bound to: 5'b00000 
	Parameter pt[DATA_ACCESS_ENABLE6] bound to: 5'b00000 
	Parameter pt[DATA_ACCESS_ENABLE7] bound to: 5'b00000 
	Parameter pt[DATA_ACCESS_MASK0] bound to: 36'b000011111111111111111111111111111111 
	Parameter pt[DATA_ACCESS_MASK1] bound to: 36'b000011111111111111111111111111111111 
	Parameter pt[DATA_ACCESS_MASK2] bound to: 36'b000011111111111111111111111111111111 
	Parameter pt[DATA_ACCESS_MASK3] bound to: 36'b000011111111111111111111111111111111 
	Parameter pt[DATA_ACCESS_MASK4] bound to: 36'b000011111111111111111111111111111111 
	Parameter pt[DATA_ACCESS_MASK5] bound to: 36'b000011111111111111111111111111111111 
	Parameter pt[DATA_ACCESS_MASK6] bound to: 36'b000011111111111111111111111111111111 
	Parameter pt[DATA_ACCESS_MASK7] bound to: 36'b000011111111111111111111111111111111 
	Parameter pt[DCCM_BANK_BITS] bound to: 7'b0000010 
	Parameter pt[DCCM_BITS] bound to: 9'b000001110 
	Parameter pt[DCCM_BYTE_WIDTH] bound to: 7'b0000100 
	Parameter pt[DCCM_DATA_WIDTH] bound to: 10'b0000100000 
	Parameter pt[DCCM_ECC_WIDTH] bound to: 7'b0000111 
	Parameter pt[DCCM_ENABLE] bound to: 5'b00001 
	Parameter pt[DCCM_FDATA_WIDTH] bound to: 10'b0000100111 
	Parameter pt[DCCM_INDEX_BITS] bound to: 8'b00001010 
	Parameter pt[DCCM_NUM_BANKS] bound to: 9'b000000100 
	Parameter pt[DCCM_REGION] bound to: 8'b00001111 
	Parameter pt[DCCM_SADR] bound to: 36'b000011110000000001000000000000000000 
	Parameter pt[DCCM_SIZE] bound to: 14'b00000000010000 
	Parameter pt[DCCM_WIDTH_BITS] bound to: 6'b000010 
	Parameter pt[DIV_BIT] bound to: 7'b0000100 
	Parameter pt[DIV_NEW] bound to: 5'b00001 
	Parameter pt[DMA_BUF_DEPTH] bound to: 7'b0000010 
	Parameter pt[DMA_BUS_ID] bound to: 9'b000000001 
	Parameter pt[DMA_BUS_PRTY] bound to: 6'b000010 
	Parameter pt[DMA_BUS_TAG] bound to: 8'b00000001 
	Parameter pt[FAST_INTERRUPT_REDIRECT] bound to: 5'b00000 
	Parameter pt[ICACHE_2BANKS] bound to: 5'b00000 
	Parameter pt[ICACHE_BANK_BITS] bound to: 7'b0000001 
	Parameter pt[ICACHE_BANK_HI] bound to: 7'b0000011 
	Parameter pt[ICACHE_BANK_LO] bound to: 6'b000011 
	Parameter pt[ICACHE_BANK_WIDTH] bound to: 8'b00001000 
	Parameter pt[ICACHE_BANKS_WAY] bound to: 7'b0000010 
	Parameter pt[ICACHE_BEAT_ADDR_HI] bound to: 8'b00000101 
	Parameter pt[ICACHE_BEAT_BITS] bound to: 8'b00000011 
	Parameter pt[ICACHE_BYPASS_ENABLE] bound to: 5'b00001 
	Parameter pt[ICACHE_DATA_DEPTH] bound to: 18'b000000000100000000 
	Parameter pt[ICACHE_DATA_INDEX_LO] bound to: 7'b0000100 
	Parameter pt[ICACHE_DATA_WIDTH] bound to: 11'b00001000000 
	Parameter pt[ICACHE_ECC] bound to: 5'b00000 
	Parameter pt[ICACHE_ENABLE] bound to: 5'b00001 
	Parameter pt[ICACHE_FDATA_WIDTH] bound to: 11'b00001000100 
	Parameter pt[ICACHE_INDEX_HI] bound to: 9'b000001011 
	Parameter pt[ICACHE_LN_SZ] bound to: 11'b00001000000 
	Parameter pt[ICACHE_NUM_BEATS] bound to: 8'b00001000 
	Parameter pt[ICACHE_NUM_BYPASS] bound to: 8'b00000010 
	Parameter pt[ICACHE_NUM_BYPASS_WIDTH] bound to: 8'b00000010 
	Parameter pt[ICACHE_NUM_WAYS] bound to: 7'b0000010 
	Parameter pt[ICACHE_ONLY] bound to: 5'b00000 
	Parameter pt[ICACHE_SCND_LAST] bound to: 8'b00000110 
	Parameter pt[ICACHE_SIZE] bound to: 13'b0000000001000 
	Parameter pt[ICACHE_STATUS_BITS] bound to: 7'b0000001 
	Parameter pt[ICACHE_TAG_BYPASS_ENABLE] bound to: 5'b00001 
	Parameter pt[ICACHE_TAG_DEPTH] bound to: 17'b00000000001000000 
	Parameter pt[ICACHE_TAG_INDEX_LO] bound to: 7'b0000110 
	Parameter pt[ICACHE_TAG_LO] bound to: 9'b000001100 
	Parameter pt[ICACHE_TAG_NUM_BYPASS] bound to: 8'b00000010 
	Parameter pt[ICACHE_TAG_NUM_BYPASS_WIDTH] bound to: 8'b00000010 
	Parameter pt[ICACHE_WAYPACK] bound to: 5'b00001 
	Parameter pt[ICCM_BANK_BITS] bound to: 7'b0000010 
	Parameter pt[ICCM_BANK_HI] bound to: 9'b000000011 
	Parameter pt[ICCM_BANK_INDEX_LO] bound to: 9'b000000100 
	Parameter pt[ICCM_BITS] bound to: 9'b000001100 
	Parameter pt[ICCM_ENABLE] bound to: 5'b00001 
	Parameter pt[ICCM_ICACHE] bound to: 5'b00001 
	Parameter pt[ICCM_INDEX_BITS] bound to: 8'b00001000 
	Parameter pt[ICCM_NUM_BANKS] bound to: 9'b000000100 
	Parameter pt[ICCM_ONLY] bound to: 5'b00000 
	Parameter pt[ICCM_REGION] bound to: 8'b00001010 
	Parameter pt[ICCM_SADR] bound to: 36'b000010101111111111111111000000000000 
	Parameter pt[ICCM_SIZE] bound to: 14'b00000000000100 
	Parameter pt[IFU_BUS_ID] bound to: 5'b00001 
	Parameter pt[IFU_BUS_PRTY] bound to: 6'b000010 
	Parameter pt[IFU_BUS_TAG] bound to: 8'b00000011 
	Parameter pt[INST_ACCESS_ADDR0] bound to: 36'b000000000000000000000000000000000000 
	Parameter pt[INST_ACCESS_ADDR1] bound to: 36'b000000000000000000000000000000000000 
	Parameter pt[INST_ACCESS_ADDR2] bound to: 36'b000000000000000000000000000000000000 
	Parameter pt[INST_ACCESS_ADDR3] bound to: 36'b000000000000000000000000000000000000 
	Parameter pt[INST_ACCESS_ADDR4] bound to: 36'b000000000000000000000000000000000000 
	Parameter pt[INST_ACCESS_ADDR5] bound to: 36'b000000000000000000000000000000000000 
	Parameter pt[INST_ACCESS_ADDR6] bound to: 36'b000000000000000000000000000000000000 
	Parameter pt[INST_ACCESS_ADDR7] bound to: 36'b000000000000000000000000000000000000 
	Parameter pt[INST_ACCESS_ENABLE0] bound to: 5'b00000 
	Parameter pt[INST_ACCESS_ENABLE1] bound to: 5'b00000 
	Parameter pt[INST_ACCESS_ENABLE2] bound to: 5'b00000 
	Parameter pt[INST_ACCESS_ENABLE3] bound to: 5'b00000 
	Parameter pt[INST_ACCESS_ENABLE4] bound to: 5'b00000 
	Parameter pt[INST_ACCESS_ENABLE5] bound to: 5'b00000 
	Parameter pt[INST_ACCESS_ENABLE6] bound to: 5'b00000 
	Parameter pt[INST_ACCESS_ENABLE7] bound to: 5'b00000 
	Parameter pt[INST_ACCESS_MASK0] bound to: 36'b000011111111111111111111111111111111 
	Parameter pt[INST_ACCESS_MASK1] bound to: 36'b000011111111111111111111111111111111 
	Parameter pt[INST_ACCESS_MASK2] bound to: 36'b000011111111111111111111111111111111 
	Parameter pt[INST_ACCESS_MASK3] bound to: 36'b000011111111111111111111111111111111 
	Parameter pt[INST_ACCESS_MASK4] bound to: 36'b000011111111111111111111111111111111 
	Parameter pt[INST_ACCESS_MASK5] bound to: 36'b000011111111111111111111111111111111 
	Parameter pt[INST_ACCESS_MASK6] bound to: 36'b000011111111111111111111111111111111 
	Parameter pt[INST_ACCESS_MASK7] bound to: 36'b000011111111111111111111111111111111 
	Parameter pt[LOAD_TO_USE_PLUS1] bound to: 5'b00000 
	Parameter pt[LSU2DMA] bound to: 5'b00000 
	Parameter pt[LSU_BUS_ID] bound to: 5'b00001 
	Parameter pt[LSU_BUS_PRTY] bound to: 6'b000010 
	Parameter pt[LSU_BUS_TAG] bound to: 8'b00000011 
	Parameter pt[LSU_NUM_NBLOAD] bound to: 9'b000000100 
	Parameter pt[LSU_NUM_NBLOAD_WIDTH] bound to: 7'b0000010 
	Parameter pt[LSU_SB_BITS] bound to: 9'b000001110 
	Parameter pt[LSU_STBUF_DEPTH] bound to: 8'b00000100 
	Parameter pt[NO_ICCM_NO_ICACHE] bound to: 5'b00000 
	Parameter pt[PIC_2CYCLE] bound to: 5'b00000 
	Parameter pt[PIC_BASE_ADDR] bound to: 36'b000011110000000011000000000000000000 
	Parameter pt[PIC_BITS] bound to: 9'b000001111 
	Parameter pt[PIC_INT_WORDS] bound to: 8'b00000001 
	Parameter pt[PIC_REGION] bound to: 8'b00001111 
	Parameter pt[PIC_SIZE] bound to: 13'b0000000100000 
	Parameter pt[PIC_TOTAL_INT] bound to: 12'b000000001000 
	Parameter pt[PIC_TOTAL_INT_PLUS1] bound to: 13'b0000000001001 
	Parameter pt[RET_STACK_SIZE] bound to: 8'b00000010 
	Parameter pt[SB_BUS_ID] bound to: 5'b00001 
	Parameter pt[SB_BUS_PRTY] bound to: 6'b000010 
	Parameter pt[SB_BUS_TAG] bound to: 8'b00000001 
	Parameter pt[TIMER_LEGAL_EN] bound to: 5'b00001 
	Parameter WIDTH bound to: 22 - type: integer 
	Parameter WIDTH bound to: 22 - type: integer 
	Parameter WIDTH bound to: 22 - type: integer 
	Parameter WIDTH bound to: 49 - type: integer 
	Parameter WIDTH bound to: 49 - type: integer 
	Parameter WIDTH bound to: 49 - type: integer 
	Parameter WIDTH bound to: 7 - type: integer 
	Parameter WIDTH bound to: 7 - type: integer 
	Parameter OVERRIDE bound to: 1 - type: integer 
	Parameter WIDTH bound to: 7 - type: integer 
	Parameter WIDTH bound to: 31 - type: integer 
	Parameter pt[BHT_ADDR_HI] bound to: 8'b00000101 
	Parameter pt[BHT_ADDR_LO] bound to: 6'b000010 
	Parameter pt[BHT_ARRAY_DEPTH] bound to: 15'b000000000010000 
	Parameter pt[BHT_GHR_HASH_1] bound to: 5'b00000 
	Parameter pt[BHT_GHR_SIZE] bound to: 8'b00000100 
	Parameter pt[BHT_SIZE] bound to: 16'b0000000000100000 
	Parameter pt[BITMANIP_ZBA] bound to: 5'b00001 
	Parameter pt[BITMANIP_ZBB] bound to: 5'b00001 
	Parameter pt[BITMANIP_ZBC] bound to: 5'b00001 
	Parameter pt[BITMANIP_ZBE] bound to: 5'b00001 
	Parameter pt[BITMANIP_ZBF] bound to: 5'b00001 
	Parameter pt[BITMANIP_ZBP] bound to: 5'b00001 
	Parameter pt[BITMANIP_ZBR] bound to: 5'b00001 
	Parameter pt[BITMANIP_ZBS] bound to: 5'b00001 
	Parameter pt[BTB_ADDR_HI] bound to: 9'b000000101 
	Parameter pt[BTB_ADDR_LO] bound to: 6'b000010 
	Parameter pt[BTB_ARRAY_DEPTH] bound to: 13'b0000000000000 
	Parameter pt[BTB_BTAG_FOLD] bound to: 5'b00000 
	Parameter pt[BTB_BTAG_SIZE] bound to: 9'b000011111 
	Parameter pt[BTB_ENABLE] bound to: 5'b00001 
	Parameter pt[BTB_FOLD2_INDEX_HASH] bound to: 5'b00000 
	Parameter pt[BTB_FULLYA] bound to: 5'b00001 
	Parameter pt[BTB_INDEX1_HI] bound to: 9'b000000101 
	Parameter pt[BTB_INDEX1_LO] bound to: 9'b000000010 
	Parameter pt[BTB_INDEX2_HI] bound to: 9'b000001000 
	Parameter pt[BTB_INDEX2_LO] bound to: 9'b000000110 
	Parameter pt[BTB_INDEX3_HI] bound to: 9'b000001011 
	Parameter pt[BTB_INDEX3_LO] bound to: 9'b000001001 
	Parameter pt[BTB_SIZE] bound to: 14'b00000000001000 
	Parameter pt[BTB_TOFFSET_SIZE] bound to: 9'b000001100 
	Parameter pt[BUILD_AHB_LITE] bound to: 1'b0 
	Parameter pt[BUILD_AXI4] bound to: 5'b00001 
	Parameter pt[BUILD_AXI_NATIVE] bound to: 5'b00001 
	Parameter pt[BUS_PRTY_DEFAULT] bound to: 6'b000011 
	Parameter pt[DATA_ACCESS_ADDR0] bound to: 36'b000000000000000000000000000000000000 
	Parameter pt[DATA_ACCESS_ADDR1] bound to: 36'b000000000000000000000000000000000000 
	Parameter pt[DATA_ACCESS_ADDR2] bound to: 36'b000000000000000000000000000000000000 
	Parameter pt[DATA_ACCESS_ADDR3] bound to: 36'b000000000000000000000000000000000000 
	Parameter pt[DATA_ACCESS_ADDR4] bound to: 36'b000000000000000000000000000000000000 
	Parameter pt[DATA_ACCESS_ADDR5] bound to: 36'b000000000000000000000000000000000000 
	Parameter pt[DATA_ACCESS_ADDR6] bound to: 36'b000000000000000000000000000000000000 
	Parameter pt[DATA_ACCESS_ADDR7] bound to: 36'b000000000000000000000000000000000000 
	Parameter pt[DATA_ACCESS_ENABLE0] bound to: 5'b00000 
	Parameter pt[DATA_ACCESS_ENABLE1] bound to: 5'b00000 
	Parameter pt[DATA_ACCESS_ENABLE2] bound to: 5'b00000 
	Parameter pt[DATA_ACCESS_ENABLE3] bound to: 5'b00000 
	Parameter pt[DATA_ACCESS_ENABLE4] bound to: 5'b00000 
	Parameter pt[DATA_ACCESS_ENABLE5] bound to: 5'b00000 
	Parameter pt[DATA_ACCESS_ENABLE6] bound to: 5'b00000 
	Parameter pt[DATA_ACCESS_ENABLE7] bound to: 5'b00000 
	Parameter pt[DATA_ACCESS_MASK0] bound to: 36'b000011111111111111111111111111111111 
	Parameter pt[DATA_ACCESS_MASK1] bound to: 36'b000011111111111111111111111111111111 
	Parameter pt[DATA_ACCESS_MASK2] bound to: 36'b000011111111111111111111111111111111 
	Parameter pt[DATA_ACCESS_MASK3] bound to: 36'b000011111111111111111111111111111111 
	Parameter pt[DATA_ACCESS_MASK4] bound to: 36'b000011111111111111111111111111111111 
	Parameter pt[DATA_ACCESS_MASK5] bound to: 36'b000011111111111111111111111111111111 
	Parameter pt[DATA_ACCESS_MASK6] bound to: 36'b000011111111111111111111111111111111 
	Parameter pt[DATA_ACCESS_MASK7] bound to: 36'b000011111111111111111111111111111111 
	Parameter pt[DCCM_BANK_BITS] bound to: 7'b0000010 
	Parameter pt[DCCM_BITS] bound to: 9'b000001110 
	Parameter pt[DCCM_BYTE_WIDTH] bound to: 7'b0000100 
	Parameter pt[DCCM_DATA_WIDTH] bound to: 10'b0000100000 
	Parameter pt[DCCM_ECC_WIDTH] bound to: 7'b0000111 
	Parameter pt[DCCM_ENABLE] bound to: 5'b00001 
	Parameter pt[DCCM_FDATA_WIDTH] bound to: 10'b0000100111 
	Parameter pt[DCCM_INDEX_BITS] bound to: 8'b00001010 
	Parameter pt[DCCM_NUM_BANKS] bound to: 9'b000000100 
	Parameter pt[DCCM_REGION] bound to: 8'b00001111 
	Parameter pt[DCCM_SADR] bound to: 36'b000011110000000001000000000000000000 
	Parameter pt[DCCM_SIZE] bound to: 14'b00000000010000 
	Parameter pt[DCCM_WIDTH_BITS] bound to: 6'b000010 
	Parameter pt[DIV_BIT] bound to: 7'b0000100 
	Parameter pt[DIV_NEW] bound to: 5'b00001 
	Parameter pt[DMA_BUF_DEPTH] bound to: 7'b0000010 
	Parameter pt[DMA_BUS_ID] bound to: 9'b000000001 
	Parameter pt[DMA_BUS_PRTY] bound to: 6'b000010 
	Parameter pt[DMA_BUS_TAG] bound to: 8'b00000001 
	Parameter pt[FAST_INTERRUPT_REDIRECT] bound to: 5'b00000 
	Parameter pt[ICACHE_2BANKS] bound to: 5'b00000 
	Parameter pt[ICACHE_BANK_BITS] bound to: 7'b0000001 
	Parameter pt[ICACHE_BANK_HI] bound to: 7'b0000011 
	Parameter pt[ICACHE_BANK_LO] bound to: 6'b000011 
	Parameter pt[ICACHE_BANK_WIDTH] bound to: 8'b00001000 
	Parameter pt[ICACHE_BANKS_WAY] bound to: 7'b0000010 
	Parameter pt[ICACHE_BEAT_ADDR_HI] bound to: 8'b00000101 
	Parameter pt[ICACHE_BEAT_BITS] bound to: 8'b00000011 
	Parameter pt[ICACHE_BYPASS_ENABLE] bound to: 5'b00001 
	Parameter pt[ICACHE_DATA_DEPTH] bound to: 18'b000000000100000000 
	Parameter pt[ICACHE_DATA_INDEX_LO] bound to: 7'b0000100 
	Parameter pt[ICACHE_DATA_WIDTH] bound to: 11'b00001000000 
	Parameter pt[ICACHE_ECC] bound to: 5'b00000 
	Parameter pt[ICACHE_ENABLE] bound to: 5'b00001 
	Parameter pt[ICACHE_FDATA_WIDTH] bound to: 11'b00001000100 
	Parameter pt[ICACHE_INDEX_HI] bound to: 9'b000001011 
	Parameter pt[ICACHE_LN_SZ] bound to: 11'b00001000000 
	Parameter pt[ICACHE_NUM_BEATS] bound to: 8'b00001000 
	Parameter pt[ICACHE_NUM_BYPASS] bound to: 8'b00000010 
	Parameter pt[ICACHE_NUM_BYPASS_WIDTH] bound to: 8'b00000010 
	Parameter pt[ICACHE_NUM_WAYS] bound to: 7'b0000010 
	Parameter pt[ICACHE_ONLY] bound to: 5'b00000 
	Parameter pt[ICACHE_SCND_LAST] bound to: 8'b00000110 
	Parameter pt[ICACHE_SIZE] bound to: 13'b0000000001000 
	Parameter pt[ICACHE_STATUS_BITS] bound to: 7'b0000001 
	Parameter pt[ICACHE_TAG_BYPASS_ENABLE] bound to: 5'b00001 
	Parameter pt[ICACHE_TAG_DEPTH] bound to: 17'b00000000001000000 
	Parameter pt[ICACHE_TAG_INDEX_LO] bound to: 7'b0000110 
	Parameter pt[ICACHE_TAG_LO] bound to: 9'b000001100 
	Parameter pt[ICACHE_TAG_NUM_BYPASS] bound to: 8'b00000010 
	Parameter pt[ICACHE_TAG_NUM_BYPASS_WIDTH] bound to: 8'b00000010 
	Parameter pt[ICACHE_WAYPACK] bound to: 5'b00001 
	Parameter pt[ICCM_BANK_BITS] bound to: 7'b0000010 
	Parameter pt[ICCM_BANK_HI] bound to: 9'b000000011 
	Parameter pt[ICCM_BANK_INDEX_LO] bound to: 9'b000000100 
	Parameter pt[ICCM_BITS] bound to: 9'b000001100 
	Parameter pt[ICCM_ENABLE] bound to: 5'b00001 
	Parameter pt[ICCM_ICACHE] bound to: 5'b00001 
	Parameter pt[ICCM_INDEX_BITS] bound to: 8'b00001000 
	Parameter pt[ICCM_NUM_BANKS] bound to: 9'b000000100 
	Parameter pt[ICCM_ONLY] bound to: 5'b00000 
	Parameter pt[ICCM_REGION] bound to: 8'b00001010 
	Parameter pt[ICCM_SADR] bound to: 36'b000010101111111111111111000000000000 
	Parameter pt[ICCM_SIZE] bound to: 14'b00000000000100 
	Parameter pt[IFU_BUS_ID] bound to: 5'b00001 
	Parameter pt[IFU_BUS_PRTY] bound to: 6'b000010 
	Parameter pt[IFU_BUS_TAG] bound to: 8'b00000011 
	Parameter pt[INST_ACCESS_ADDR0] bound to: 36'b000000000000000000000000000000000000 
	Parameter pt[INST_ACCESS_ADDR1] bound to: 36'b000000000000000000000000000000000000 
	Parameter pt[INST_ACCESS_ADDR2] bound to: 36'b000000000000000000000000000000000000 
	Parameter pt[INST_ACCESS_ADDR3] bound to: 36'b000000000000000000000000000000000000 
	Parameter pt[INST_ACCESS_ADDR4] bound to: 36'b000000000000000000000000000000000000 
	Parameter pt[INST_ACCESS_ADDR5] bound to: 36'b000000000000000000000000000000000000 
	Parameter pt[INST_ACCESS_ADDR6] bound to: 36'b000000000000000000000000000000000000 
	Parameter pt[INST_ACCESS_ADDR7] bound to: 36'b000000000000000000000000000000000000 
	Parameter pt[INST_ACCESS_ENABLE0] bound to: 5'b00000 
	Parameter pt[INST_ACCESS_ENABLE1] bound to: 5'b00000 
	Parameter pt[INST_ACCESS_ENABLE2] bound to: 5'b00000 
	Parameter pt[INST_ACCESS_ENABLE3] bound to: 5'b00000 
	Parameter pt[INST_ACCESS_ENABLE4] bound to: 5'b00000 
	Parameter pt[INST_ACCESS_ENABLE5] bound to: 5'b00000 
	Parameter pt[INST_ACCESS_ENABLE6] bound to: 5'b00000 
	Parameter pt[INST_ACCESS_ENABLE7] bound to: 5'b00000 
	Parameter pt[INST_ACCESS_MASK0] bound to: 36'b000011111111111111111111111111111111 
	Parameter pt[INST_ACCESS_MASK1] bound to: 36'b000011111111111111111111111111111111 
	Parameter pt[INST_ACCESS_MASK2] bound to: 36'b000011111111111111111111111111111111 
	Parameter pt[INST_ACCESS_MASK3] bound to: 36'b000011111111111111111111111111111111 
	Parameter pt[INST_ACCESS_MASK4] bound to: 36'b000011111111111111111111111111111111 
	Parameter pt[INST_ACCESS_MASK5] bound to: 36'b000011111111111111111111111111111111 
	Parameter pt[INST_ACCESS_MASK6] bound to: 36'b000011111111111111111111111111111111 
	Parameter pt[INST_ACCESS_MASK7] bound to: 36'b000011111111111111111111111111111111 
	Parameter pt[LOAD_TO_USE_PLUS1] bound to: 5'b00000 
	Parameter pt[LSU2DMA] bound to: 5'b00000 
	Parameter pt[LSU_BUS_ID] bound to: 5'b00001 
	Parameter pt[LSU_BUS_PRTY] bound to: 6'b000010 
	Parameter pt[LSU_BUS_TAG] bound to: 8'b00000011 
	Parameter pt[LSU_NUM_NBLOAD] bound to: 9'b000000100 
	Parameter pt[LSU_NUM_NBLOAD_WIDTH] bound to: 7'b0000010 
	Parameter pt[LSU_SB_BITS] bound to: 9'b000001110 
	Parameter pt[LSU_STBUF_DEPTH] bound to: 8'b00000100 
	Parameter pt[NO_ICCM_NO_ICACHE] bound to: 5'b00000 
	Parameter pt[PIC_2CYCLE] bound to: 5'b00000 
	Parameter pt[PIC_BASE_ADDR] bound to: 36'b000011110000000011000000000000000000 
	Parameter pt[PIC_BITS] bound to: 9'b000001111 
	Parameter pt[PIC_INT_WORDS] bound to: 8'b00000001 
	Parameter pt[PIC_REGION] bound to: 8'b00001111 
	Parameter pt[PIC_SIZE] bound to: 13'b0000000100000 
	Parameter pt[PIC_TOTAL_INT] bound to: 12'b000000001000 
	Parameter pt[PIC_TOTAL_INT_PLUS1] bound to: 13'b0000000001001 
	Parameter pt[RET_STACK_SIZE] bound to: 8'b00000010 
	Parameter pt[SB_BUS_ID] bound to: 5'b00001 
	Parameter pt[SB_BUS_PRTY] bound to: 6'b000010 
	Parameter pt[SB_BUS_TAG] bound to: 8'b00000001 
	Parameter pt[TIMER_LEGAL_EN] bound to: 5'b00001 
	Parameter WIDTH bound to: 16 - type: integer 
	Parameter WIDTH bound to: 71 - type: integer 
	Parameter WIDTH bound to: 71 - type: integer 
	Parameter WIDTH bound to: 71 - type: integer 
	Parameter WIDTH bound to: 64 - type: integer 
	Parameter WIDTH bound to: 64 - type: integer 
	Parameter WIDTH bound to: 64 - type: integer 
	Parameter WIDTH bound to: 11 - type: integer 
	Parameter WIDTH bound to: 11 - type: integer 
	Parameter WIDTH bound to: 11 - type: integer 
	Parameter WIDTH bound to: 11 - type: integer 
	Parameter WIDTH bound to: 11 - type: integer 
	Parameter WIDTH bound to: 11 - type: integer 
	Parameter WIDTH bound to: 7'b0000001 
	Parameter WIDTH bound to: 7'b0000001 
	Parameter WIDTH bound to: 7'b0000001 
	Parameter WIDTH bound to: 1 - type: integer 
	Parameter WIDTH bound to: 8 - type: integer 
	Parameter OVERRIDE bound to: 1 - type: integer 
	Parameter WIDTH bound to: 8 - type: integer 
	Parameter WIDTH bound to: 8 - type: integer 
	Parameter WIDTH bound to: 9 - type: integer 
	Parameter WIDTH bound to: 9 - type: integer 
	Parameter WIDTH bound to: 9 - type: integer 
INFO: [Synth 8-226] default block is never used [/run/media/sackb/Windows-SSD/Users/sackb/OneDrive/Desktop/University/Course_Work/2025-2026/Spring_2026/ECE_540/ece540sp26-Final_Project/Hardware/Hardware.srcs/sources_1/imports/vga.srcs/sources_1/imports/src/VeeRwolf/VeeR_EL2CoreComplex/ifu/el2_ifu_mem_ctl.sv:486]
	Parameter WIDTH bound to: 1 - type: integer 
	Parameter WIDTH bound to: 7'b0000001 
	Parameter WIDTH bound to: 7'b0000010 
	Parameter WIDTH bound to: 7'b0000010 
	Parameter WIDTH bound to: 7'b0000010 
	Parameter WIDTH bound to: 26 - type: integer 
	Parameter LEFT bound to: 18 - type: integer 
	Parameter WIDTH bound to: 26 - type: integer 
	Parameter WIDTH bound to: 26 - type: integer 
	Parameter WIDTH bound to: 6 - type: integer 
	Parameter OVERRIDE bound to: 1 - type: integer 
	Parameter WIDTH bound to: 6 - type: integer 
	Parameter WIDTH bound to: 6 - type: integer 
INFO: [Synth 8-226] default block is never used [/run/media/sackb/Windows-SSD/Users/sackb/OneDrive/Desktop/University/Course_Work/2025-2026/Spring_2026/ECE_540/ece540sp26-Final_Project/Hardware/Hardware.srcs/sources_1/imports/vga.srcs/sources_1/imports/src/VeeRwolf/VeeR_EL2CoreComplex/ifu/el2_ifu_mem_ctl.sv:993]
	Parameter WIDTH bound to: 2 - type: integer 
	Parameter WIDTH bound to: 8'b00000011 
	Parameter WIDTH bound to: 8'b00000011 
	Parameter WIDTH bound to: 8'b00000011 
	Parameter WIDTH bound to: 8'b00000011 
	Parameter WIDTH bound to: 9 - type: integer 
	Parameter WIDTH bound to: 9 - type: integer 
	Parameter WIDTH bound to: 9 - type: integer 
	Parameter WIDTH bound to: 3 - type: integer 
	Parameter WIDTH bound to: 3 - type: integer 
	Parameter WIDTH bound to: 3 - type: integer 
	Parameter pt[BHT_ADDR_HI] bound to: 8'b00000101 
	Parameter pt[BHT_ADDR_LO] bound to: 6'b000010 
	Parameter pt[BHT_ARRAY_DEPTH] bound to: 15'b000000000010000 
	Parameter pt[BHT_GHR_HASH_1] bound to: 5'b00000 
	Parameter pt[BHT_GHR_SIZE] bound to: 8'b00000100 
	Parameter pt[BHT_SIZE] bound to: 16'b0000000000100000 
	Parameter pt[BITMANIP_ZBA] bound to: 5'b00001 
	Parameter pt[BITMANIP_ZBB] bound to: 5'b00001 
	Parameter pt[BITMANIP_ZBC] bound to: 5'b00001 
	Parameter pt[BITMANIP_ZBE] bound to: 5'b00001 
	Parameter pt[BITMANIP_ZBF] bound to: 5'b00001 
	Parameter pt[BITMANIP_ZBP] bound to: 5'b00001 
	Parameter pt[BITMANIP_ZBR] bound to: 5'b00001 
	Parameter pt[BITMANIP_ZBS] bound to: 5'b00001 
	Parameter pt[BTB_ADDR_HI] bound to: 9'b000000101 
	Parameter pt[BTB_ADDR_LO] bound to: 6'b000010 
	Parameter pt[BTB_ARRAY_DEPTH] bound to: 13'b0000000000000 
	Parameter pt[BTB_BTAG_FOLD] bound to: 5'b00000 
	Parameter pt[BTB_BTAG_SIZE] bound to: 9'b000011111 
	Parameter pt[BTB_ENABLE] bound to: 5'b00001 
	Parameter pt[BTB_FOLD2_INDEX_HASH] bound to: 5'b00000 
	Parameter pt[BTB_FULLYA] bound to: 5'b00001 
	Parameter pt[BTB_INDEX1_HI] bound to: 9'b000000101 
	Parameter pt[BTB_INDEX1_LO] bound to: 9'b000000010 
	Parameter pt[BTB_INDEX2_HI] bound to: 9'b000001000 
	Parameter pt[BTB_INDEX2_LO] bound to: 9'b000000110 
	Parameter pt[BTB_INDEX3_HI] bound to: 9'b000001011 
	Parameter pt[BTB_INDEX3_LO] bound to: 9'b000001001 
	Parameter pt[BTB_SIZE] bound to: 14'b00000000001000 
	Parameter pt[BTB_TOFFSET_SIZE] bound to: 9'b000001100 
	Parameter pt[BUILD_AHB_LITE] bound to: 1'b0 
	Parameter pt[BUILD_AXI4] bound to: 5'b00001 
	Parameter pt[BUILD_AXI_NATIVE] bound to: 5'b00001 
	Parameter pt[BUS_PRTY_DEFAULT] bound to: 6'b000011 
	Parameter pt[DATA_ACCESS_ADDR0] bound to: 36'b000000000000000000000000000000000000 
	Parameter pt[DATA_ACCESS_ADDR1] bound to: 36'b000000000000000000000000000000000000 
	Parameter pt[DATA_ACCESS_ADDR2] bound to: 36'b000000000000000000000000000000000000 
	Parameter pt[DATA_ACCESS_ADDR3] bound to: 36'b000000000000000000000000000000000000 
	Parameter pt[DATA_ACCESS_ADDR4] bound to: 36'b000000000000000000000000000000000000 
	Parameter pt[DATA_ACCESS_ADDR5] bound to: 36'b000000000000000000000000000000000000 
	Parameter pt[DATA_ACCESS_ADDR6] bound to: 36'b000000000000000000000000000000000000 
	Parameter pt[DATA_ACCESS_ADDR7] bound to: 36'b000000000000000000000000000000000000 
	Parameter pt[DATA_ACCESS_ENABLE0] bound to: 5'b00000 
	Parameter pt[DATA_ACCESS_ENABLE1] bound to: 5'b00000 
	Parameter pt[DATA_ACCESS_ENABLE2] bound to: 5'b00000 
	Parameter pt[DATA_ACCESS_ENABLE3] bound to: 5'b00000 
	Parameter pt[DATA_ACCESS_ENABLE4] bound to: 5'b00000 
	Parameter pt[DATA_ACCESS_ENABLE5] bound to: 5'b00000 
	Parameter pt[DATA_ACCESS_ENABLE6] bound to: 5'b00000 
	Parameter pt[DATA_ACCESS_ENABLE7] bound to: 5'b00000 
	Parameter pt[DATA_ACCESS_MASK0] bound to: 36'b000011111111111111111111111111111111 
	Parameter pt[DATA_ACCESS_MASK1] bound to: 36'b000011111111111111111111111111111111 
	Parameter pt[DATA_ACCESS_MASK2] bound to: 36'b000011111111111111111111111111111111 
	Parameter pt[DATA_ACCESS_MASK3] bound to: 36'b000011111111111111111111111111111111 
	Parameter pt[DATA_ACCESS_MASK4] bound to: 36'b000011111111111111111111111111111111 
	Parameter pt[DATA_ACCESS_MASK5] bound to: 36'b000011111111111111111111111111111111 
	Parameter pt[DATA_ACCESS_MASK6] bound to: 36'b000011111111111111111111111111111111 
	Parameter pt[DATA_ACCESS_MASK7] bound to: 36'b000011111111111111111111111111111111 
	Parameter pt[DCCM_BANK_BITS] bound to: 7'b0000010 
	Parameter pt[DCCM_BITS] bound to: 9'b000001110 
	Parameter pt[DCCM_BYTE_WIDTH] bound to: 7'b0000100 
	Parameter pt[DCCM_DATA_WIDTH] bound to: 10'b0000100000 
	Parameter pt[DCCM_ECC_WIDTH] bound to: 7'b0000111 
	Parameter pt[DCCM_ENABLE] bound to: 5'b00001 
	Parameter pt[DCCM_FDATA_WIDTH] bound to: 10'b0000100111 
	Parameter pt[DCCM_INDEX_BITS] bound to: 8'b00001010 
	Parameter pt[DCCM_NUM_BANKS] bound to: 9'b000000100 
	Parameter pt[DCCM_REGION] bound to: 8'b00001111 
	Parameter pt[DCCM_SADR] bound to: 36'b000011110000000001000000000000000000 
	Parameter pt[DCCM_SIZE] bound to: 14'b00000000010000 
	Parameter pt[DCCM_WIDTH_BITS] bound to: 6'b000010 
	Parameter pt[DIV_BIT] bound to: 7'b0000100 
	Parameter pt[DIV_NEW] bound to: 5'b00001 
	Parameter pt[DMA_BUF_DEPTH] bound to: 7'b0000010 
	Parameter pt[DMA_BUS_ID] bound to: 9'b000000001 
	Parameter pt[DMA_BUS_PRTY] bound to: 6'b000010 
	Parameter pt[DMA_BUS_TAG] bound to: 8'b00000001 
	Parameter pt[FAST_INTERRUPT_REDIRECT] bound to: 5'b00000 
	Parameter pt[ICACHE_2BANKS] bound to: 5'b00000 
	Parameter pt[ICACHE_BANK_BITS] bound to: 7'b0000001 
	Parameter pt[ICACHE_BANK_HI] bound to: 7'b0000011 
	Parameter pt[ICACHE_BANK_LO] bound to: 6'b000011 
	Parameter pt[ICACHE_BANK_WIDTH] bound to: 8'b00001000 
	Parameter pt[ICACHE_BANKS_WAY] bound to: 7'b0000010 
	Parameter pt[ICACHE_BEAT_ADDR_HI] bound to: 8'b00000101 
	Parameter pt[ICACHE_BEAT_BITS] bound to: 8'b00000011 
	Parameter pt[ICACHE_BYPASS_ENABLE] bound to: 5'b00001 
	Parameter pt[ICACHE_DATA_DEPTH] bound to: 18'b000000000100000000 
	Parameter pt[ICACHE_DATA_INDEX_LO] bound to: 7'b0000100 
	Parameter pt[ICACHE_DATA_WIDTH] bound to: 11'b00001000000 
	Parameter pt[ICACHE_ECC] bound to: 5'b00000 
	Parameter pt[ICACHE_ENABLE] bound to: 5'b00001 
	Parameter pt[ICACHE_FDATA_WIDTH] bound to: 11'b00001000100 
	Parameter pt[ICACHE_INDEX_HI] bound to: 9'b000001011 
	Parameter pt[ICACHE_LN_SZ] bound to: 11'b00001000000 
	Parameter pt[ICACHE_NUM_BEATS] bound to: 8'b00001000 
	Parameter pt[ICACHE_NUM_BYPASS] bound to: 8'b00000010 
	Parameter pt[ICACHE_NUM_BYPASS_WIDTH] bound to: 8'b00000010 
	Parameter pt[ICACHE_NUM_WAYS] bound to: 7'b0000010 
	Parameter pt[ICACHE_ONLY] bound to: 5'b00000 
	Parameter pt[ICACHE_SCND_LAST] bound to: 8'b00000110 
	Parameter pt[ICACHE_SIZE] bound to: 13'b0000000001000 
	Parameter pt[ICACHE_STATUS_BITS] bound to: 7'b0000001 
	Parameter pt[ICACHE_TAG_BYPASS_ENABLE] bound to: 5'b00001 
	Parameter pt[ICACHE_TAG_DEPTH] bound to: 17'b00000000001000000 
	Parameter pt[ICACHE_TAG_INDEX_LO] bound to: 7'b0000110 
	Parameter pt[ICACHE_TAG_LO] bound to: 9'b000001100 
	Parameter pt[ICACHE_TAG_NUM_BYPASS] bound to: 8'b00000010 
	Parameter pt[ICACHE_TAG_NUM_BYPASS_WIDTH] bound to: 8'b00000010 
	Parameter pt[ICACHE_WAYPACK] bound to: 5'b00001 
	Parameter pt[ICCM_BANK_BITS] bound to: 7'b0000010 
	Parameter pt[ICCM_BANK_HI] bound to: 9'b000000011 
	Parameter pt[ICCM_BANK_INDEX_LO] bound to: 9'b000000100 
	Parameter pt[ICCM_BITS] bound to: 9'b000001100 
	Parameter pt[ICCM_ENABLE] bound to: 5'b00001 
	Parameter pt[ICCM_ICACHE] bound to: 5'b00001 
	Parameter pt[ICCM_INDEX_BITS] bound to: 8'b00001000 
	Parameter pt[ICCM_NUM_BANKS] bound to: 9'b000000100 
	Parameter pt[ICCM_ONLY] bound to: 5'b00000 
	Parameter pt[ICCM_REGION] bound to: 8'b00001010 
	Parameter pt[ICCM_SADR] bound to: 36'b000010101111111111111111000000000000 
	Parameter pt[ICCM_SIZE] bound to: 14'b00000000000100 
	Parameter pt[IFU_BUS_ID] bound to: 5'b00001 
	Parameter pt[IFU_BUS_PRTY] bound to: 6'b000010 
	Parameter pt[IFU_BUS_TAG] bound to: 8'b00000011 
	Parameter pt[INST_ACCESS_ADDR0] bound to: 36'b000000000000000000000000000000000000 
	Parameter pt[INST_ACCESS_ADDR1] bound to: 36'b000000000000000000000000000000000000 
	Parameter pt[INST_ACCESS_ADDR2] bound to: 36'b000000000000000000000000000000000000 
	Parameter pt[INST_ACCESS_ADDR3] bound to: 36'b000000000000000000000000000000000000 
	Parameter pt[INST_ACCESS_ADDR4] bound to: 36'b000000000000000000000000000000000000 
	Parameter pt[INST_ACCESS_ADDR5] bound to: 36'b000000000000000000000000000000000000 
	Parameter pt[INST_ACCESS_ADDR6] bound to: 36'b000000000000000000000000000000000000 
	Parameter pt[INST_ACCESS_ADDR7] bound to: 36'b000000000000000000000000000000000000 
	Parameter pt[INST_ACCESS_ENABLE0] bound to: 5'b00000 
	Parameter pt[INST_ACCESS_ENABLE1] bound to: 5'b00000 
	Parameter pt[INST_ACCESS_ENABLE2] bound to: 5'b00000 
	Parameter pt[INST_ACCESS_ENABLE3] bound to: 5'b00000 
	Parameter pt[INST_ACCESS_ENABLE4] bound to: 5'b00000 
	Parameter pt[INST_ACCESS_ENABLE5] bound to: 5'b00000 
	Parameter pt[INST_ACCESS_ENABLE6] bound to: 5'b00000 
	Parameter pt[INST_ACCESS_ENABLE7] bound to: 5'b00000 
	Parameter pt[INST_ACCESS_MASK0] bound to: 36'b000011111111111111111111111111111111 
	Parameter pt[INST_ACCESS_MASK1] bound to: 36'b000011111111111111111111111111111111 
	Parameter pt[INST_ACCESS_MASK2] bound to: 36'b000011111111111111111111111111111111 
	Parameter pt[INST_ACCESS_MASK3] bound to: 36'b000011111111111111111111111111111111 
	Parameter pt[INST_ACCESS_MASK4] bound to: 36'b000011111111111111111111111111111111 
	Parameter pt[INST_ACCESS_MASK5] bound to: 36'b000011111111111111111111111111111111 
	Parameter pt[INST_ACCESS_MASK6] bound to: 36'b000011111111111111111111111111111111 
	Parameter pt[INST_ACCESS_MASK7] bound to: 36'b000011111111111111111111111111111111 
	Parameter pt[LOAD_TO_USE_PLUS1] bound to: 5'b00000 
	Parameter pt[LSU2DMA] bound to: 5'b00000 
	Parameter pt[LSU_BUS_ID] bound to: 5'b00001 
	Parameter pt[LSU_BUS_PRTY] bound to: 6'b000010 
	Parameter pt[LSU_BUS_TAG] bound to: 8'b00000011 
	Parameter pt[LSU_NUM_NBLOAD] bound to: 9'b000000100 
	Parameter pt[LSU_NUM_NBLOAD_WIDTH] bound to: 7'b0000010 
	Parameter pt[LSU_SB_BITS] bound to: 9'b000001110 
	Parameter pt[LSU_STBUF_DEPTH] bound to: 8'b00000100 
	Parameter pt[NO_ICCM_NO_ICACHE] bound to: 5'b00000 
	Parameter pt[PIC_2CYCLE] bound to: 5'b00000 
	Parameter pt[PIC_BASE_ADDR] bound to: 36'b000011110000000011000000000000000000 
	Parameter pt[PIC_BITS] bound to: 9'b000001111 
	Parameter pt[PIC_INT_WORDS] bound to: 8'b00000001 
	Parameter pt[PIC_REGION] bound to: 8'b00001111 
	Parameter pt[PIC_SIZE] bound to: 13'b0000000100000 
	Parameter pt[PIC_TOTAL_INT] bound to: 12'b000000001000 
	Parameter pt[PIC_TOTAL_INT_PLUS1] bound to: 13'b0000000001001 
	Parameter pt[RET_STACK_SIZE] bound to: 8'b00000010 
	Parameter pt[SB_BUS_ID] bound to: 5'b00001 
	Parameter pt[SB_BUS_PRTY] bound to: 6'b000010 
	Parameter pt[SB_BUS_TAG] bound to: 8'b00000001 
	Parameter pt[TIMER_LEGAL_EN] bound to: 5'b00001 
	Parameter pt[BHT_ADDR_HI] bound to: 8'b00000101 
	Parameter pt[BHT_ADDR_LO] bound to: 6'b000010 
	Parameter pt[BHT_ARRAY_DEPTH] bound to: 15'b000000000010000 
	Parameter pt[BHT_GHR_HASH_1] bound to: 5'b00000 
	Parameter pt[BHT_GHR_SIZE] bound to: 8'b00000100 
	Parameter pt[BHT_SIZE] bound to: 16'b0000000000100000 
	Parameter pt[BITMANIP_ZBA] bound to: 5'b00001 
	Parameter pt[BITMANIP_ZBB] bound to: 5'b00001 
	Parameter pt[BITMANIP_ZBC] bound to: 5'b00001 
	Parameter pt[BITMANIP_ZBE] bound to: 5'b00001 
	Parameter pt[BITMANIP_ZBF] bound to: 5'b00001 
	Parameter pt[BITMANIP_ZBP] bound to: 5'b00001 
	Parameter pt[BITMANIP_ZBR] bound to: 5'b00001 
	Parameter pt[BITMANIP_ZBS] bound to: 5'b00001 
	Parameter pt[BTB_ADDR_HI] bound to: 9'b000000101 
	Parameter pt[BTB_ADDR_LO] bound to: 6'b000010 
	Parameter pt[BTB_ARRAY_DEPTH] bound to: 13'b0000000000000 
	Parameter pt[BTB_BTAG_FOLD] bound to: 5'b00000 
	Parameter pt[BTB_BTAG_SIZE] bound to: 9'b000011111 
	Parameter pt[BTB_ENABLE] bound to: 5'b00001 
	Parameter pt[BTB_FOLD2_INDEX_HASH] bound to: 5'b00000 
	Parameter pt[BTB_FULLYA] bound to: 5'b00001 
	Parameter pt[BTB_INDEX1_HI] bound to: 9'b000000101 
	Parameter pt[BTB_INDEX1_LO] bound to: 9'b000000010 
	Parameter pt[BTB_INDEX2_HI] bound to: 9'b000001000 
	Parameter pt[BTB_INDEX2_LO] bound to: 9'b000000110 
	Parameter pt[BTB_INDEX3_HI] bound to: 9'b000001011 
	Parameter pt[BTB_INDEX3_LO] bound to: 9'b000001001 
	Parameter pt[BTB_SIZE] bound to: 14'b00000000001000 
	Parameter pt[BTB_TOFFSET_SIZE] bound to: 9'b000001100 
	Parameter pt[BUILD_AHB_LITE] bound to: 1'b0 
	Parameter pt[BUILD_AXI4] bound to: 5'b00001 
	Parameter pt[BUILD_AXI_NATIVE] bound to: 5'b00001 
	Parameter pt[BUS_PRTY_DEFAULT] bound to: 6'b000011 
	Parameter pt[DATA_ACCESS_ADDR0] bound to: 36'b000000000000000000000000000000000000 
	Parameter pt[DATA_ACCESS_ADDR1] bound to: 36'b000000000000000000000000000000000000 
	Parameter pt[DATA_ACCESS_ADDR2] bound to: 36'b000000000000000000000000000000000000 
	Parameter pt[DATA_ACCESS_ADDR3] bound to: 36'b000000000000000000000000000000000000 
	Parameter pt[DATA_ACCESS_ADDR4] bound to: 36'b000000000000000000000000000000000000 
	Parameter pt[DATA_ACCESS_ADDR5] bound to: 36'b000000000000000000000000000000000000 
	Parameter pt[DATA_ACCESS_ADDR6] bound to: 36'b000000000000000000000000000000000000 
	Parameter pt[DATA_ACCESS_ADDR7] bound to: 36'b000000000000000000000000000000000000 
	Parameter pt[DATA_ACCESS_ENABLE0] bound to: 5'b00000 
	Parameter pt[DATA_ACCESS_ENABLE1] bound to: 5'b00000 
	Parameter pt[DATA_ACCESS_ENABLE2] bound to: 5'b00000 
	Parameter pt[DATA_ACCESS_ENABLE3] bound to: 5'b00000 
	Parameter pt[DATA_ACCESS_ENABLE4] bound to: 5'b00000 
	Parameter pt[DATA_ACCESS_ENABLE5] bound to: 5'b00000 
	Parameter pt[DATA_ACCESS_ENABLE6] bound to: 5'b00000 
	Parameter pt[DATA_ACCESS_ENABLE7] bound to: 5'b00000 
	Parameter pt[DATA_ACCESS_MASK0] bound to: 36'b000011111111111111111111111111111111 
	Parameter pt[DATA_ACCESS_MASK1] bound to: 36'b000011111111111111111111111111111111 
	Parameter pt[DATA_ACCESS_MASK2] bound to: 36'b000011111111111111111111111111111111 
	Parameter pt[DATA_ACCESS_MASK3] bound to: 36'b000011111111111111111111111111111111 
	Parameter pt[DATA_ACCESS_MASK4] bound to: 36'b000011111111111111111111111111111111 
	Parameter pt[DATA_ACCESS_MASK5] bound to: 36'b000011111111111111111111111111111111 
	Parameter pt[DATA_ACCESS_MASK6] bound to: 36'b000011111111111111111111111111111111 
	Parameter pt[DATA_ACCESS_MASK7] bound to: 36'b000011111111111111111111111111111111 
	Parameter pt[DCCM_BANK_BITS] bound to: 7'b0000010 
	Parameter pt[DCCM_BITS] bound to: 9'b000001110 
	Parameter pt[DCCM_BYTE_WIDTH] bound to: 7'b0000100 
	Parameter pt[DCCM_DATA_WIDTH] bound to: 10'b0000100000 
	Parameter pt[DCCM_ECC_WIDTH] bound to: 7'b0000111 
	Parameter pt[DCCM_ENABLE] bound to: 5'b00001 
	Parameter pt[DCCM_FDATA_WIDTH] bound to: 10'b0000100111 
	Parameter pt[DCCM_INDEX_BITS] bound to: 8'b00001010 
	Parameter pt[DCCM_NUM_BANKS] bound to: 9'b000000100 
	Parameter pt[DCCM_REGION] bound to: 8'b00001111 
	Parameter pt[DCCM_SADR] bound to: 36'b000011110000000001000000000000000000 
	Parameter pt[DCCM_SIZE] bound to: 14'b00000000010000 
	Parameter pt[DCCM_WIDTH_BITS] bound to: 6'b000010 
	Parameter pt[DIV_BIT] bound to: 7'b0000100 
	Parameter pt[DIV_NEW] bound to: 5'b00001 
	Parameter pt[DMA_BUF_DEPTH] bound to: 7'b0000010 
	Parameter pt[DMA_BUS_ID] bound to: 9'b000000001 
	Parameter pt[DMA_BUS_PRTY] bound to: 6'b000010 
	Parameter pt[DMA_BUS_TAG] bound to: 8'b00000001 
	Parameter pt[FAST_INTERRUPT_REDIRECT] bound to: 5'b00000 
	Parameter pt[ICACHE_2BANKS] bound to: 5'b00000 
	Parameter pt[ICACHE_BANK_BITS] bound to: 7'b0000001 
	Parameter pt[ICACHE_BANK_HI] bound to: 7'b0000011 
	Parameter pt[ICACHE_BANK_LO] bound to: 6'b000011 
	Parameter pt[ICACHE_BANK_WIDTH] bound to: 8'b00001000 
	Parameter pt[ICACHE_BANKS_WAY] bound to: 7'b0000010 
	Parameter pt[ICACHE_BEAT_ADDR_HI] bound to: 8'b00000101 
	Parameter pt[ICACHE_BEAT_BITS] bound to: 8'b00000011 
	Parameter pt[ICACHE_BYPASS_ENABLE] bound to: 5'b00001 
	Parameter pt[ICACHE_DATA_DEPTH] bound to: 18'b000000000100000000 
	Parameter pt[ICACHE_DATA_INDEX_LO] bound to: 7'b0000100 
	Parameter pt[ICACHE_DATA_WIDTH] bound to: 11'b00001000000 
	Parameter pt[ICACHE_ECC] bound to: 5'b00000 
	Parameter pt[ICACHE_ENABLE] bound to: 5'b00001 
	Parameter pt[ICACHE_FDATA_WIDTH] bound to: 11'b00001000100 
	Parameter pt[ICACHE_INDEX_HI] bound to: 9'b000001011 
	Parameter pt[ICACHE_LN_SZ] bound to: 11'b00001000000 
	Parameter pt[ICACHE_NUM_BEATS] bound to: 8'b00001000 
	Parameter pt[ICACHE_NUM_BYPASS] bound to: 8'b00000010 
	Parameter pt[ICACHE_NUM_BYPASS_WIDTH] bound to: 8'b00000010 
	Parameter pt[ICACHE_NUM_WAYS] bound to: 7'b0000010 
	Parameter pt[ICACHE_ONLY] bound to: 5'b00000 
	Parameter pt[ICACHE_SCND_LAST] bound to: 8'b00000110 
	Parameter pt[ICACHE_SIZE] bound to: 13'b0000000001000 
	Parameter pt[ICACHE_STATUS_BITS] bound to: 7'b0000001 
	Parameter pt[ICACHE_TAG_BYPASS_ENABLE] bound to: 5'b00001 
	Parameter pt[ICACHE_TAG_DEPTH] bound to: 17'b00000000001000000 
	Parameter pt[ICACHE_TAG_INDEX_LO] bound to: 7'b0000110 
	Parameter pt[ICACHE_TAG_LO] bound to: 9'b000001100 
	Parameter pt[ICACHE_TAG_NUM_BYPASS] bound to: 8'b00000010 
	Parameter pt[ICACHE_TAG_NUM_BYPASS_WIDTH] bound to: 8'b00000010 
	Parameter pt[ICACHE_WAYPACK] bound to: 5'b00001 
	Parameter pt[ICCM_BANK_BITS] bound to: 7'b0000010 
	Parameter pt[ICCM_BANK_HI] bound to: 9'b000000011 
	Parameter pt[ICCM_BANK_INDEX_LO] bound to: 9'b000000100 
	Parameter pt[ICCM_BITS] bound to: 9'b000001100 
	Parameter pt[ICCM_ENABLE] bound to: 5'b00001 
	Parameter pt[ICCM_ICACHE] bound to: 5'b00001 
	Parameter pt[ICCM_INDEX_BITS] bound to: 8'b00001000 
	Parameter pt[ICCM_NUM_BANKS] bound to: 9'b000000100 
	Parameter pt[ICCM_ONLY] bound to: 5'b00000 
	Parameter pt[ICCM_REGION] bound to: 8'b00001010 
	Parameter pt[ICCM_SADR] bound to: 36'b000010101111111111111111000000000000 
	Parameter pt[ICCM_SIZE] bound to: 14'b00000000000100 
	Parameter pt[IFU_BUS_ID] bound to: 5'b00001 
	Parameter pt[IFU_BUS_PRTY] bound to: 6'b000010 
	Parameter pt[IFU_BUS_TAG] bound to: 8'b00000011 
	Parameter pt[INST_ACCESS_ADDR0] bound to: 36'b000000000000000000000000000000000000 
	Parameter pt[INST_ACCESS_ADDR1] bound to: 36'b000000000000000000000000000000000000 
	Parameter pt[INST_ACCESS_ADDR2] bound to: 36'b000000000000000000000000000000000000 
	Parameter pt[INST_ACCESS_ADDR3] bound to: 36'b000000000000000000000000000000000000 
	Parameter pt[INST_ACCESS_ADDR4] bound to: 36'b000000000000000000000000000000000000 
	Parameter pt[INST_ACCESS_ADDR5] bound to: 36'b000000000000000000000000000000000000 
	Parameter pt[INST_ACCESS_ADDR6] bound to: 36'b000000000000000000000000000000000000 
	Parameter pt[INST_ACCESS_ADDR7] bound to: 36'b000000000000000000000000000000000000 
	Parameter pt[INST_ACCESS_ENABLE0] bound to: 5'b00000 
	Parameter pt[INST_ACCESS_ENABLE1] bound to: 5'b00000 
	Parameter pt[INST_ACCESS_ENABLE2] bound to: 5'b00000 
	Parameter pt[INST_ACCESS_ENABLE3] bound to: 5'b00000 
	Parameter pt[INST_ACCESS_ENABLE4] bound to: 5'b00000 
	Parameter pt[INST_ACCESS_ENABLE5] bound to: 5'b00000 
	Parameter pt[INST_ACCESS_ENABLE6] bound to: 5'b00000 
	Parameter pt[INST_ACCESS_ENABLE7] bound to: 5'b00000 
	Parameter pt[INST_ACCESS_MASK0] bound to: 36'b000011111111111111111111111111111111 
	Parameter pt[INST_ACCESS_MASK1] bound to: 36'b000011111111111111111111111111111111 
	Parameter pt[INST_ACCESS_MASK2] bound to: 36'b000011111111111111111111111111111111 
	Parameter pt[INST_ACCESS_MASK3] bound to: 36'b000011111111111111111111111111111111 
	Parameter pt[INST_ACCESS_MASK4] bound to: 36'b000011111111111111111111111111111111 
	Parameter pt[INST_ACCESS_MASK5] bound to: 36'b000011111111111111111111111111111111 
	Parameter pt[INST_ACCESS_MASK6] bound to: 36'b000011111111111111111111111111111111 
	Parameter pt[INST_ACCESS_MASK7] bound to: 36'b000011111111111111111111111111111111 
	Parameter pt[LOAD_TO_USE_PLUS1] bound to: 5'b00000 
	Parameter pt[LSU2DMA] bound to: 5'b00000 
	Parameter pt[LSU_BUS_ID] bound to: 5'b00001 
	Parameter pt[LSU_BUS_PRTY] bound to: 6'b000010 
	Parameter pt[LSU_BUS_TAG] bound to: 8'b00000011 
	Parameter pt[LSU_NUM_NBLOAD] bound to: 9'b000000100 
	Parameter pt[LSU_NUM_NBLOAD_WIDTH] bound to: 7'b0000010 
	Parameter pt[LSU_SB_BITS] bound to: 9'b000001110 
	Parameter pt[LSU_STBUF_DEPTH] bound to: 8'b00000100 
	Parameter pt[NO_ICCM_NO_ICACHE] bound to: 5'b00000 
	Parameter pt[PIC_2CYCLE] bound to: 5'b00000 
	Parameter pt[PIC_BASE_ADDR] bound to: 36'b000011110000000011000000000000000000 
	Parameter pt[PIC_BITS] bound to: 9'b000001111 
	Parameter pt[PIC_INT_WORDS] bound to: 8'b00000001 
	Parameter pt[PIC_REGION] bound to: 8'b00001111 
	Parameter pt[PIC_SIZE] bound to: 13'b0000000100000 
	Parameter pt[PIC_TOTAL_INT] bound to: 12'b000000001000 
	Parameter pt[PIC_TOTAL_INT_PLUS1] bound to: 13'b0000000001001 
	Parameter pt[RET_STACK_SIZE] bound to: 8'b00000010 
	Parameter pt[SB_BUS_ID] bound to: 5'b00001 
	Parameter pt[SB_BUS_PRTY] bound to: 6'b000010 
	Parameter pt[SB_BUS_TAG] bound to: 8'b00000001 
	Parameter pt[TIMER_LEGAL_EN] bound to: 5'b00001 
	Parameter pt[BHT_ADDR_HI] bound to: 8'b00000101 
	Parameter pt[BHT_ADDR_LO] bound to: 6'b000010 
	Parameter pt[BHT_ARRAY_DEPTH] bound to: 15'b000000000010000 
	Parameter pt[BHT_GHR_HASH_1] bound to: 5'b00000 
	Parameter pt[BHT_GHR_SIZE] bound to: 8'b00000100 
	Parameter pt[BHT_SIZE] bound to: 16'b0000000000100000 
	Parameter pt[BITMANIP_ZBA] bound to: 5'b00001 
	Parameter pt[BITMANIP_ZBB] bound to: 5'b00001 
	Parameter pt[BITMANIP_ZBC] bound to: 5'b00001 
	Parameter pt[BITMANIP_ZBE] bound to: 5'b00001 
	Parameter pt[BITMANIP_ZBF] bound to: 5'b00001 
	Parameter pt[BITMANIP_ZBP] bound to: 5'b00001 
	Parameter pt[BITMANIP_ZBR] bound to: 5'b00001 
	Parameter pt[BITMANIP_ZBS] bound to: 5'b00001 
	Parameter pt[BTB_ADDR_HI] bound to: 9'b000000101 
	Parameter pt[BTB_ADDR_LO] bound to: 6'b000010 
	Parameter pt[BTB_ARRAY_DEPTH] bound to: 13'b0000000000000 
	Parameter pt[BTB_BTAG_FOLD] bound to: 5'b00000 
	Parameter pt[BTB_BTAG_SIZE] bound to: 9'b000011111 
	Parameter pt[BTB_ENABLE] bound to: 5'b00001 
	Parameter pt[BTB_FOLD2_INDEX_HASH] bound to: 5'b00000 
	Parameter pt[BTB_FULLYA] bound to: 5'b00001 
	Parameter pt[BTB_INDEX1_HI] bound to: 9'b000000101 
	Parameter pt[BTB_INDEX1_LO] bound to: 9'b000000010 
	Parameter pt[BTB_INDEX2_HI] bound to: 9'b000001000 
	Parameter pt[BTB_INDEX2_LO] bound to: 9'b000000110 
	Parameter pt[BTB_INDEX3_HI] bound to: 9'b000001011 
	Parameter pt[BTB_INDEX3_LO] bound to: 9'b000001001 
	Parameter pt[BTB_SIZE] bound to: 14'b00000000001000 
	Parameter pt[BTB_TOFFSET_SIZE] bound to: 9'b000001100 
	Parameter pt[BUILD_AHB_LITE] bound to: 1'b0 
	Parameter pt[BUILD_AXI4] bound to: 5'b00001 
	Parameter pt[BUILD_AXI_NATIVE] bound to: 5'b00001 
	Parameter pt[BUS_PRTY_DEFAULT] bound to: 6'b000011 
	Parameter pt[DATA_ACCESS_ADDR0] bound to: 36'b000000000000000000000000000000000000 
	Parameter pt[DATA_ACCESS_ADDR1] bound to: 36'b000000000000000000000000000000000000 
	Parameter pt[DATA_ACCESS_ADDR2] bound to: 36'b000000000000000000000000000000000000 
	Parameter pt[DATA_ACCESS_ADDR3] bound to: 36'b000000000000000000000000000000000000 
	Parameter pt[DATA_ACCESS_ADDR4] bound to: 36'b000000000000000000000000000000000000 
	Parameter pt[DATA_ACCESS_ADDR5] bound to: 36'b000000000000000000000000000000000000 
	Parameter pt[DATA_ACCESS_ADDR6] bound to: 36'b000000000000000000000000000000000000 
	Parameter pt[DATA_ACCESS_ADDR7] bound to: 36'b000000000000000000000000000000000000 
	Parameter pt[DATA_ACCESS_ENABLE0] bound to: 5'b00000 
	Parameter pt[DATA_ACCESS_ENABLE1] bound to: 5'b00000 
	Parameter pt[DATA_ACCESS_ENABLE2] bound to: 5'b00000 
	Parameter pt[DATA_ACCESS_ENABLE3] bound to: 5'b00000 
	Parameter pt[DATA_ACCESS_ENABLE4] bound to: 5'b00000 
	Parameter pt[DATA_ACCESS_ENABLE5] bound to: 5'b00000 
	Parameter pt[DATA_ACCESS_ENABLE6] bound to: 5'b00000 
	Parameter pt[DATA_ACCESS_ENABLE7] bound to: 5'b00000 
	Parameter pt[DATA_ACCESS_MASK0] bound to: 36'b000011111111111111111111111111111111 
	Parameter pt[DATA_ACCESS_MASK1] bound to: 36'b000011111111111111111111111111111111 
	Parameter pt[DATA_ACCESS_MASK2] bound to: 36'b000011111111111111111111111111111111 
	Parameter pt[DATA_ACCESS_MASK3] bound to: 36'b000011111111111111111111111111111111 
	Parameter pt[DATA_ACCESS_MASK4] bound to: 36'b000011111111111111111111111111111111 
	Parameter pt[DATA_ACCESS_MASK5] bound to: 36'b000011111111111111111111111111111111 
	Parameter pt[DATA_ACCESS_MASK6] bound to: 36'b000011111111111111111111111111111111 
	Parameter pt[DATA_ACCESS_MASK7] bound to: 36'b000011111111111111111111111111111111 
	Parameter pt[DCCM_BANK_BITS] bound to: 7'b0000010 
	Parameter pt[DCCM_BITS] bound to: 9'b000001110 
	Parameter pt[DCCM_BYTE_WIDTH] bound to: 7'b0000100 
	Parameter pt[DCCM_DATA_WIDTH] bound to: 10'b0000100000 
	Parameter pt[DCCM_ECC_WIDTH] bound to: 7'b0000111 
	Parameter pt[DCCM_ENABLE] bound to: 5'b00001 
	Parameter pt[DCCM_FDATA_WIDTH] bound to: 10'b0000100111 
	Parameter pt[DCCM_INDEX_BITS] bound to: 8'b00001010 
	Parameter pt[DCCM_NUM_BANKS] bound to: 9'b000000100 
	Parameter pt[DCCM_REGION] bound to: 8'b00001111 
	Parameter pt[DCCM_SADR] bound to: 36'b000011110000000001000000000000000000 
	Parameter pt[DCCM_SIZE] bound to: 14'b00000000010000 
	Parameter pt[DCCM_WIDTH_BITS] bound to: 6'b000010 
	Parameter pt[DIV_BIT] bound to: 7'b0000100 
	Parameter pt[DIV_NEW] bound to: 5'b00001 
	Parameter pt[DMA_BUF_DEPTH] bound to: 7'b0000010 
	Parameter pt[DMA_BUS_ID] bound to: 9'b000000001 
	Parameter pt[DMA_BUS_PRTY] bound to: 6'b000010 
	Parameter pt[DMA_BUS_TAG] bound to: 8'b00000001 
	Parameter pt[FAST_INTERRUPT_REDIRECT] bound to: 5'b00000 
	Parameter pt[ICACHE_2BANKS] bound to: 5'b00000 
	Parameter pt[ICACHE_BANK_BITS] bound to: 7'b0000001 
	Parameter pt[ICACHE_BANK_HI] bound to: 7'b0000011 
	Parameter pt[ICACHE_BANK_LO] bound to: 6'b000011 
	Parameter pt[ICACHE_BANK_WIDTH] bound to: 8'b00001000 
	Parameter pt[ICACHE_BANKS_WAY] bound to: 7'b0000010 
	Parameter pt[ICACHE_BEAT_ADDR_HI] bound to: 8'b00000101 
	Parameter pt[ICACHE_BEAT_BITS] bound to: 8'b00000011 
	Parameter pt[ICACHE_BYPASS_ENABLE] bound to: 5'b00001 
	Parameter pt[ICACHE_DATA_DEPTH] bound to: 18'b000000000100000000 
	Parameter pt[ICACHE_DATA_INDEX_LO] bound to: 7'b0000100 
	Parameter pt[ICACHE_DATA_WIDTH] bound to: 11'b00001000000 
	Parameter pt[ICACHE_ECC] bound to: 5'b00000 
	Parameter pt[ICACHE_ENABLE] bound to: 5'b00001 
	Parameter pt[ICACHE_FDATA_WIDTH] bound to: 11'b00001000100 
	Parameter pt[ICACHE_INDEX_HI] bound to: 9'b000001011 
	Parameter pt[ICACHE_LN_SZ] bound to: 11'b00001000000 
	Parameter pt[ICACHE_NUM_BEATS] bound to: 8'b00001000 
	Parameter pt[ICACHE_NUM_BYPASS] bound to: 8'b00000010 
	Parameter pt[ICACHE_NUM_BYPASS_WIDTH] bound to: 8'b00000010 
	Parameter pt[ICACHE_NUM_WAYS] bound to: 7'b0000010 
	Parameter pt[ICACHE_ONLY] bound to: 5'b00000 
	Parameter pt[ICACHE_SCND_LAST] bound to: 8'b00000110 
	Parameter pt[ICACHE_SIZE] bound to: 13'b0000000001000 
	Parameter pt[ICACHE_STATUS_BITS] bound to: 7'b0000001 
	Parameter pt[ICACHE_TAG_BYPASS_ENABLE] bound to: 5'b00001 
	Parameter pt[ICACHE_TAG_DEPTH] bound to: 17'b00000000001000000 
	Parameter pt[ICACHE_TAG_INDEX_LO] bound to: 7'b0000110 
	Parameter pt[ICACHE_TAG_LO] bound to: 9'b000001100 
	Parameter pt[ICACHE_TAG_NUM_BYPASS] bound to: 8'b00000010 
	Parameter pt[ICACHE_TAG_NUM_BYPASS_WIDTH] bound to: 8'b00000010 
	Parameter pt[ICACHE_WAYPACK] bound to: 5'b00001 
	Parameter pt[ICCM_BANK_BITS] bound to: 7'b0000010 
	Parameter pt[ICCM_BANK_HI] bound to: 9'b000000011 
	Parameter pt[ICCM_BANK_INDEX_LO] bound to: 9'b000000100 
	Parameter pt[ICCM_BITS] bound to: 9'b000001100 
	Parameter pt[ICCM_ENABLE] bound to: 5'b00001 
	Parameter pt[ICCM_ICACHE] bound to: 5'b00001 
	Parameter pt[ICCM_INDEX_BITS] bound to: 8'b00001000 
	Parameter pt[ICCM_NUM_BANKS] bound to: 9'b000000100 
	Parameter pt[ICCM_ONLY] bound to: 5'b00000 
	Parameter pt[ICCM_REGION] bound to: 8'b00001010 
	Parameter pt[ICCM_SADR] bound to: 36'b000010101111111111111111000000000000 
	Parameter pt[ICCM_SIZE] bound to: 14'b00000000000100 
	Parameter pt[IFU_BUS_ID] bound to: 5'b00001 
	Parameter pt[IFU_BUS_PRTY] bound to: 6'b000010 
	Parameter pt[IFU_BUS_TAG] bound to: 8'b00000011 
	Parameter pt[INST_ACCESS_ADDR0] bound to: 36'b000000000000000000000000000000000000 
	Parameter pt[INST_ACCESS_ADDR1] bound to: 36'b000000000000000000000000000000000000 
	Parameter pt[INST_ACCESS_ADDR2] bound to: 36'b000000000000000000000000000000000000 
	Parameter pt[INST_ACCESS_ADDR3] bound to: 36'b000000000000000000000000000000000000 
	Parameter pt[INST_ACCESS_ADDR4] bound to: 36'b000000000000000000000000000000000000 
	Parameter pt[INST_ACCESS_ADDR5] bound to: 36'b000000000000000000000000000000000000 
	Parameter pt[INST_ACCESS_ADDR6] bound to: 36'b000000000000000000000000000000000000 
	Parameter pt[INST_ACCESS_ADDR7] bound to: 36'b000000000000000000000000000000000000 
	Parameter pt[INST_ACCESS_ENABLE0] bound to: 5'b00000 
	Parameter pt[INST_ACCESS_ENABLE1] bound to: 5'b00000 
	Parameter pt[INST_ACCESS_ENABLE2] bound to: 5'b00000 
	Parameter pt[INST_ACCESS_ENABLE3] bound to: 5'b00000 
	Parameter pt[INST_ACCESS_ENABLE4] bound to: 5'b00000 
	Parameter pt[INST_ACCESS_ENABLE5] bound to: 5'b00000 
	Parameter pt[INST_ACCESS_ENABLE6] bound to: 5'b00000 
	Parameter pt[INST_ACCESS_ENABLE7] bound to: 5'b00000 
	Parameter pt[INST_ACCESS_MASK0] bound to: 36'b000011111111111111111111111111111111 
	Parameter pt[INST_ACCESS_MASK1] bound to: 36'b000011111111111111111111111111111111 
	Parameter pt[INST_ACCESS_MASK2] bound to: 36'b000011111111111111111111111111111111 
	Parameter pt[INST_ACCESS_MASK3] bound to: 36'b000011111111111111111111111111111111 
	Parameter pt[INST_ACCESS_MASK4] bound to: 36'b000011111111111111111111111111111111 
	Parameter pt[INST_ACCESS_MASK5] bound to: 36'b000011111111111111111111111111111111 
	Parameter pt[INST_ACCESS_MASK6] bound to: 36'b000011111111111111111111111111111111 
	Parameter pt[INST_ACCESS_MASK7] bound to: 36'b000011111111111111111111111111111111 
	Parameter pt[LOAD_TO_USE_PLUS1] bound to: 5'b00000 
	Parameter pt[LSU2DMA] bound to: 5'b00000 
	Parameter pt[LSU_BUS_ID] bound to: 5'b00001 
	Parameter pt[LSU_BUS_PRTY] bound to: 6'b000010 
	Parameter pt[LSU_BUS_TAG] bound to: 8'b00000011 
	Parameter pt[LSU_NUM_NBLOAD] bound to: 9'b000000100 
	Parameter pt[LSU_NUM_NBLOAD_WIDTH] bound to: 7'b0000010 
	Parameter pt[LSU_SB_BITS] bound to: 9'b000001110 
	Parameter pt[LSU_STBUF_DEPTH] bound to: 8'b00000100 
	Parameter pt[NO_ICCM_NO_ICACHE] bound to: 5'b00000 
	Parameter pt[PIC_2CYCLE] bound to: 5'b00000 
	Parameter pt[PIC_BASE_ADDR] bound to: 36'b000011110000000011000000000000000000 
	Parameter pt[PIC_BITS] bound to: 9'b000001111 
	Parameter pt[PIC_INT_WORDS] bound to: 8'b00000001 
	Parameter pt[PIC_REGION] bound to: 8'b00001111 
	Parameter pt[PIC_SIZE] bound to: 13'b0000000100000 
	Parameter pt[PIC_TOTAL_INT] bound to: 12'b000000001000 
	Parameter pt[PIC_TOTAL_INT_PLUS1] bound to: 13'b0000000001001 
	Parameter pt[RET_STACK_SIZE] bound to: 8'b00000010 
	Parameter pt[SB_BUS_ID] bound to: 5'b00001 
	Parameter pt[SB_BUS_PRTY] bound to: 6'b000010 
	Parameter pt[SB_BUS_TAG] bound to: 8'b00000001 
	Parameter pt[TIMER_LEGAL_EN] bound to: 5'b00001 
	Parameter WIDTH bound to: 8 - type: integer 
	Parameter WIDTH bound to: 8 - type: integer 
	Parameter WIDTH bound to: 8 - type: integer 
	Parameter WIDTH bound to: 37 - type: integer 
	Parameter WIDTH bound to: 37 - type: integer 
	Parameter WIDTH bound to: 37 - type: integer 
	Parameter WIDTH bound to: 17 - type: integer 
	Parameter LEFT bound to: 9 - type: integer 
	Parameter WIDTH bound to: 17 - type: integer 
	Parameter WIDTH bound to: 17 - type: integer 
	Parameter WIDTH bound to: 24 - type: integer 
	Parameter LEFT bound to: 15 - type: integer 
	Parameter WIDTH bound to: 24 - type: integer 
	Parameter WIDTH bound to: 24 - type: integer 
	Parameter WIDTH bound to: 12 - type: integer 
	Parameter WIDTH bound to: 12 - type: integer 
	Parameter WIDTH bound to: 12 - type: integer 
	Parameter WIDTH bound to: 5 - type: integer 
	Parameter OVERRIDE bound to: 1 - type: integer 
	Parameter pt[BHT_ADDR_HI] bound to: 8'b00000101 
	Parameter pt[BHT_ADDR_LO] bound to: 6'b000010 
	Parameter pt[BHT_ARRAY_DEPTH] bound to: 15'b000000000010000 
	Parameter pt[BHT_GHR_HASH_1] bound to: 5'b00000 
	Parameter pt[BHT_GHR_SIZE] bound to: 8'b00000100 
	Parameter pt[BHT_SIZE] bound to: 16'b0000000000100000 
	Parameter pt[BITMANIP_ZBA] bound to: 5'b00001 
	Parameter pt[BITMANIP_ZBB] bound to: 5'b00001 
	Parameter pt[BITMANIP_ZBC] bound to: 5'b00001 
	Parameter pt[BITMANIP_ZBE] bound to: 5'b00001 
	Parameter pt[BITMANIP_ZBF] bound to: 5'b00001 
	Parameter pt[BITMANIP_ZBP] bound to: 5'b00001 
	Parameter pt[BITMANIP_ZBR] bound to: 5'b00001 
	Parameter pt[BITMANIP_ZBS] bound to: 5'b00001 
	Parameter pt[BTB_ADDR_HI] bound to: 9'b000000101 
	Parameter pt[BTB_ADDR_LO] bound to: 6'b000010 
	Parameter pt[BTB_ARRAY_DEPTH] bound to: 13'b0000000000000 
	Parameter pt[BTB_BTAG_FOLD] bound to: 5'b00000 
	Parameter pt[BTB_BTAG_SIZE] bound to: 9'b000011111 
	Parameter pt[BTB_ENABLE] bound to: 5'b00001 
	Parameter pt[BTB_FOLD2_INDEX_HASH] bound to: 5'b00000 
	Parameter pt[BTB_FULLYA] bound to: 5'b00001 
	Parameter pt[BTB_INDEX1_HI] bound to: 9'b000000101 
	Parameter pt[BTB_INDEX1_LO] bound to: 9'b000000010 
	Parameter pt[BTB_INDEX2_HI] bound to: 9'b000001000 
	Parameter pt[BTB_INDEX2_LO] bound to: 9'b000000110 
	Parameter pt[BTB_INDEX3_HI] bound to: 9'b000001011 
	Parameter pt[BTB_INDEX3_LO] bound to: 9'b000001001 
	Parameter pt[BTB_SIZE] bound to: 14'b00000000001000 
	Parameter pt[BTB_TOFFSET_SIZE] bound to: 9'b000001100 
	Parameter pt[BUILD_AHB_LITE] bound to: 1'b0 
	Parameter pt[BUILD_AXI4] bound to: 5'b00001 
	Parameter pt[BUILD_AXI_NATIVE] bound to: 5'b00001 
	Parameter pt[BUS_PRTY_DEFAULT] bound to: 6'b000011 
	Parameter pt[DATA_ACCESS_ADDR0] bound to: 36'b000000000000000000000000000000000000 
	Parameter pt[DATA_ACCESS_ADDR1] bound to: 36'b000000000000000000000000000000000000 
	Parameter pt[DATA_ACCESS_ADDR2] bound to: 36'b000000000000000000000000000000000000 
	Parameter pt[DATA_ACCESS_ADDR3] bound to: 36'b000000000000000000000000000000000000 
	Parameter pt[DATA_ACCESS_ADDR4] bound to: 36'b000000000000000000000000000000000000 
	Parameter pt[DATA_ACCESS_ADDR5] bound to: 36'b000000000000000000000000000000000000 
	Parameter pt[DATA_ACCESS_ADDR6] bound to: 36'b000000000000000000000000000000000000 
	Parameter pt[DATA_ACCESS_ADDR7] bound to: 36'b000000000000000000000000000000000000 
	Parameter pt[DATA_ACCESS_ENABLE0] bound to: 5'b00000 
	Parameter pt[DATA_ACCESS_ENABLE1] bound to: 5'b00000 
	Parameter pt[DATA_ACCESS_ENABLE2] bound to: 5'b00000 
	Parameter pt[DATA_ACCESS_ENABLE3] bound to: 5'b00000 
	Parameter pt[DATA_ACCESS_ENABLE4] bound to: 5'b00000 
	Parameter pt[DATA_ACCESS_ENABLE5] bound to: 5'b00000 
	Parameter pt[DATA_ACCESS_ENABLE6] bound to: 5'b00000 
	Parameter pt[DATA_ACCESS_ENABLE7] bound to: 5'b00000 
	Parameter pt[DATA_ACCESS_MASK0] bound to: 36'b000011111111111111111111111111111111 
	Parameter pt[DATA_ACCESS_MASK1] bound to: 36'b000011111111111111111111111111111111 
	Parameter pt[DATA_ACCESS_MASK2] bound to: 36'b000011111111111111111111111111111111 
	Parameter pt[DATA_ACCESS_MASK3] bound to: 36'b000011111111111111111111111111111111 
	Parameter pt[DATA_ACCESS_MASK4] bound to: 36'b000011111111111111111111111111111111 
	Parameter pt[DATA_ACCESS_MASK5] bound to: 36'b000011111111111111111111111111111111 
	Parameter pt[DATA_ACCESS_MASK6] bound to: 36'b000011111111111111111111111111111111 
	Parameter pt[DATA_ACCESS_MASK7] bound to: 36'b000011111111111111111111111111111111 
	Parameter pt[DCCM_BANK_BITS] bound to: 7'b0000010 
	Parameter pt[DCCM_BITS] bound to: 9'b000001110 
	Parameter pt[DCCM_BYTE_WIDTH] bound to: 7'b0000100 
	Parameter pt[DCCM_DATA_WIDTH] bound to: 10'b0000100000 
	Parameter pt[DCCM_ECC_WIDTH] bound to: 7'b0000111 
	Parameter pt[DCCM_ENABLE] bound to: 5'b00001 
	Parameter pt[DCCM_FDATA_WIDTH] bound to: 10'b0000100111 
	Parameter pt[DCCM_INDEX_BITS] bound to: 8'b00001010 
	Parameter pt[DCCM_NUM_BANKS] bound to: 9'b000000100 
	Parameter pt[DCCM_REGION] bound to: 8'b00001111 
	Parameter pt[DCCM_SADR] bound to: 36'b000011110000000001000000000000000000 
	Parameter pt[DCCM_SIZE] bound to: 14'b00000000010000 
	Parameter pt[DCCM_WIDTH_BITS] bound to: 6'b000010 
	Parameter pt[DIV_BIT] bound to: 7'b0000100 
	Parameter pt[DIV_NEW] bound to: 5'b00001 
	Parameter pt[DMA_BUF_DEPTH] bound to: 7'b0000010 
	Parameter pt[DMA_BUS_ID] bound to: 9'b000000001 
	Parameter pt[DMA_BUS_PRTY] bound to: 6'b000010 
	Parameter pt[DMA_BUS_TAG] bound to: 8'b00000001 
	Parameter pt[FAST_INTERRUPT_REDIRECT] bound to: 5'b00000 
	Parameter pt[ICACHE_2BANKS] bound to: 5'b00000 
	Parameter pt[ICACHE_BANK_BITS] bound to: 7'b0000001 
	Parameter pt[ICACHE_BANK_HI] bound to: 7'b0000011 
	Parameter pt[ICACHE_BANK_LO] bound to: 6'b000011 
	Parameter pt[ICACHE_BANK_WIDTH] bound to: 8'b00001000 
	Parameter pt[ICACHE_BANKS_WAY] bound to: 7'b0000010 
	Parameter pt[ICACHE_BEAT_ADDR_HI] bound to: 8'b00000101 
	Parameter pt[ICACHE_BEAT_BITS] bound to: 8'b00000011 
	Parameter pt[ICACHE_BYPASS_ENABLE] bound to: 5'b00001 
	Parameter pt[ICACHE_DATA_DEPTH] bound to: 18'b000000000100000000 
	Parameter pt[ICACHE_DATA_INDEX_LO] bound to: 7'b0000100 
	Parameter pt[ICACHE_DATA_WIDTH] bound to: 11'b00001000000 
	Parameter pt[ICACHE_ECC] bound to: 5'b00000 
	Parameter pt[ICACHE_ENABLE] bound to: 5'b00001 
	Parameter pt[ICACHE_FDATA_WIDTH] bound to: 11'b00001000100 
	Parameter pt[ICACHE_INDEX_HI] bound to: 9'b000001011 
	Parameter pt[ICACHE_LN_SZ] bound to: 11'b00001000000 
	Parameter pt[ICACHE_NUM_BEATS] bound to: 8'b00001000 
	Parameter pt[ICACHE_NUM_BYPASS] bound to: 8'b00000010 
	Parameter pt[ICACHE_NUM_BYPASS_WIDTH] bound to: 8'b00000010 
	Parameter pt[ICACHE_NUM_WAYS] bound to: 7'b0000010 
	Parameter pt[ICACHE_ONLY] bound to: 5'b00000 
	Parameter pt[ICACHE_SCND_LAST] bound to: 8'b00000110 
	Parameter pt[ICACHE_SIZE] bound to: 13'b0000000001000 
	Parameter pt[ICACHE_STATUS_BITS] bound to: 7'b0000001 
	Parameter pt[ICACHE_TAG_BYPASS_ENABLE] bound to: 5'b00001 
	Parameter pt[ICACHE_TAG_DEPTH] bound to: 17'b00000000001000000 
	Parameter pt[ICACHE_TAG_INDEX_LO] bound to: 7'b0000110 
	Parameter pt[ICACHE_TAG_LO] bound to: 9'b000001100 
	Parameter pt[ICACHE_TAG_NUM_BYPASS] bound to: 8'b00000010 
	Parameter pt[ICACHE_TAG_NUM_BYPASS_WIDTH] bound to: 8'b00000010 
	Parameter pt[ICACHE_WAYPACK] bound to: 5'b00001 
	Parameter pt[ICCM_BANK_BITS] bound to: 7'b0000010 
	Parameter pt[ICCM_BANK_HI] bound to: 9'b000000011 
	Parameter pt[ICCM_BANK_INDEX_LO] bound to: 9'b000000100 
	Parameter pt[ICCM_BITS] bound to: 9'b000001100 
	Parameter pt[ICCM_ENABLE] bound to: 5'b00001 
	Parameter pt[ICCM_ICACHE] bound to: 5'b00001 
	Parameter pt[ICCM_INDEX_BITS] bound to: 8'b00001000 
	Parameter pt[ICCM_NUM_BANKS] bound to: 9'b000000100 
	Parameter pt[ICCM_ONLY] bound to: 5'b00000 
	Parameter pt[ICCM_REGION] bound to: 8'b00001010 
	Parameter pt[ICCM_SADR] bound to: 36'b000010101111111111111111000000000000 
	Parameter pt[ICCM_SIZE] bound to: 14'b00000000000100 
	Parameter pt[IFU_BUS_ID] bound to: 5'b00001 
	Parameter pt[IFU_BUS_PRTY] bound to: 6'b000010 
	Parameter pt[IFU_BUS_TAG] bound to: 8'b00000011 
	Parameter pt[INST_ACCESS_ADDR0] bound to: 36'b000000000000000000000000000000000000 
	Parameter pt[INST_ACCESS_ADDR1] bound to: 36'b000000000000000000000000000000000000 
	Parameter pt[INST_ACCESS_ADDR2] bound to: 36'b000000000000000000000000000000000000 
	Parameter pt[INST_ACCESS_ADDR3] bound to: 36'b000000000000000000000000000000000000 
	Parameter pt[INST_ACCESS_ADDR4] bound to: 36'b000000000000000000000000000000000000 
	Parameter pt[INST_ACCESS_ADDR5] bound to: 36'b000000000000000000000000000000000000 
	Parameter pt[INST_ACCESS_ADDR6] bound to: 36'b000000000000000000000000000000000000 
	Parameter pt[INST_ACCESS_ADDR7] bound to: 36'b000000000000000000000000000000000000 
	Parameter pt[INST_ACCESS_ENABLE0] bound to: 5'b00000 
	Parameter pt[INST_ACCESS_ENABLE1] bound to: 5'b00000 
	Parameter pt[INST_ACCESS_ENABLE2] bound to: 5'b00000 
	Parameter pt[INST_ACCESS_ENABLE3] bound to: 5'b00000 
	Parameter pt[INST_ACCESS_ENABLE4] bound to: 5'b00000 
	Parameter pt[INST_ACCESS_ENABLE5] bound to: 5'b00000 
	Parameter pt[INST_ACCESS_ENABLE6] bound to: 5'b00000 
	Parameter pt[INST_ACCESS_ENABLE7] bound to: 5'b00000 
	Parameter pt[INST_ACCESS_MASK0] bound to: 36'b000011111111111111111111111111111111 
	Parameter pt[INST_ACCESS_MASK1] bound to: 36'b000011111111111111111111111111111111 
	Parameter pt[INST_ACCESS_MASK2] bound to: 36'b000011111111111111111111111111111111 
	Parameter pt[INST_ACCESS_MASK3] bound to: 36'b000011111111111111111111111111111111 
	Parameter pt[INST_ACCESS_MASK4] bound to: 36'b000011111111111111111111111111111111 
	Parameter pt[INST_ACCESS_MASK5] bound to: 36'b000011111111111111111111111111111111 
	Parameter pt[INST_ACCESS_MASK6] bound to: 36'b000011111111111111111111111111111111 
	Parameter pt[INST_ACCESS_MASK7] bound to: 36'b000011111111111111111111111111111111 
	Parameter pt[LOAD_TO_USE_PLUS1] bound to: 5'b00000 
	Parameter pt[LSU2DMA] bound to: 5'b00000 
	Parameter pt[LSU_BUS_ID] bound to: 5'b00001 
	Parameter pt[LSU_BUS_PRTY] bound to: 6'b000010 
	Parameter pt[LSU_BUS_TAG] bound to: 8'b00000011 
	Parameter pt[LSU_NUM_NBLOAD] bound to: 9'b000000100 
	Parameter pt[LSU_NUM_NBLOAD_WIDTH] bound to: 7'b0000010 
	Parameter pt[LSU_SB_BITS] bound to: 9'b000001110 
	Parameter pt[LSU_STBUF_DEPTH] bound to: 8'b00000100 
	Parameter pt[NO_ICCM_NO_ICACHE] bound to: 5'b00000 
	Parameter pt[PIC_2CYCLE] bound to: 5'b00000 
	Parameter pt[PIC_BASE_ADDR] bound to: 36'b000011110000000011000000000000000000 
	Parameter pt[PIC_BITS] bound to: 9'b000001111 
	Parameter pt[PIC_INT_WORDS] bound to: 8'b00000001 
	Parameter pt[PIC_REGION] bound to: 8'b00001111 
	Parameter pt[PIC_SIZE] bound to: 13'b0000000100000 
	Parameter pt[PIC_TOTAL_INT] bound to: 12'b000000001000 
	Parameter pt[PIC_TOTAL_INT_PLUS1] bound to: 13'b0000000001001 
	Parameter pt[RET_STACK_SIZE] bound to: 8'b00000010 
	Parameter pt[SB_BUS_ID] bound to: 5'b00001 
	Parameter pt[SB_BUS_PRTY] bound to: 6'b000010 
	Parameter pt[SB_BUS_TAG] bound to: 8'b00000001 
	Parameter pt[TIMER_LEGAL_EN] bound to: 5'b00001 
	Parameter WIDTH bound to: 27 - type: integer 
	Parameter WIDTH bound to: 27 - type: integer 
	Parameter WIDTH bound to: 27 - type: integer 
	Parameter pt[BHT_ADDR_HI] bound to: 8'b00000101 
	Parameter pt[BHT_ADDR_LO] bound to: 6'b000010 
	Parameter pt[BHT_ARRAY_DEPTH] bound to: 15'b000000000010000 
	Parameter pt[BHT_GHR_HASH_1] bound to: 5'b00000 
	Parameter pt[BHT_GHR_SIZE] bound to: 8'b00000100 
	Parameter pt[BHT_SIZE] bound to: 16'b0000000000100000 
	Parameter pt[BITMANIP_ZBA] bound to: 5'b00001 
	Parameter pt[BITMANIP_ZBB] bound to: 5'b00001 
	Parameter pt[BITMANIP_ZBC] bound to: 5'b00001 
	Parameter pt[BITMANIP_ZBE] bound to: 5'b00001 
	Parameter pt[BITMANIP_ZBF] bound to: 5'b00001 
	Parameter pt[BITMANIP_ZBP] bound to: 5'b00001 
	Parameter pt[BITMANIP_ZBR] bound to: 5'b00001 
	Parameter pt[BITMANIP_ZBS] bound to: 5'b00001 
	Parameter pt[BTB_ADDR_HI] bound to: 9'b000000101 
	Parameter pt[BTB_ADDR_LO] bound to: 6'b000010 
	Parameter pt[BTB_ARRAY_DEPTH] bound to: 13'b0000000000000 
	Parameter pt[BTB_BTAG_FOLD] bound to: 5'b00000 
	Parameter pt[BTB_BTAG_SIZE] bound to: 9'b000011111 
	Parameter pt[BTB_ENABLE] bound to: 5'b00001 
	Parameter pt[BTB_FOLD2_INDEX_HASH] bound to: 5'b00000 
	Parameter pt[BTB_FULLYA] bound to: 5'b00001 
	Parameter pt[BTB_INDEX1_HI] bound to: 9'b000000101 
	Parameter pt[BTB_INDEX1_LO] bound to: 9'b000000010 
	Parameter pt[BTB_INDEX2_HI] bound to: 9'b000001000 
	Parameter pt[BTB_INDEX2_LO] bound to: 9'b000000110 
	Parameter pt[BTB_INDEX3_HI] bound to: 9'b000001011 
	Parameter pt[BTB_INDEX3_LO] bound to: 9'b000001001 
	Parameter pt[BTB_SIZE] bound to: 14'b00000000001000 
	Parameter pt[BTB_TOFFSET_SIZE] bound to: 9'b000001100 
	Parameter pt[BUILD_AHB_LITE] bound to: 1'b0 
	Parameter pt[BUILD_AXI4] bound to: 5'b00001 
	Parameter pt[BUILD_AXI_NATIVE] bound to: 5'b00001 
	Parameter pt[BUS_PRTY_DEFAULT] bound to: 6'b000011 
	Parameter pt[DATA_ACCESS_ADDR0] bound to: 36'b000000000000000000000000000000000000 
	Parameter pt[DATA_ACCESS_ADDR1] bound to: 36'b000000000000000000000000000000000000 
	Parameter pt[DATA_ACCESS_ADDR2] bound to: 36'b000000000000000000000000000000000000 
	Parameter pt[DATA_ACCESS_ADDR3] bound to: 36'b000000000000000000000000000000000000 
	Parameter pt[DATA_ACCESS_ADDR4] bound to: 36'b000000000000000000000000000000000000 
	Parameter pt[DATA_ACCESS_ADDR5] bound to: 36'b000000000000000000000000000000000000 
	Parameter pt[DATA_ACCESS_ADDR6] bound to: 36'b000000000000000000000000000000000000 
	Parameter pt[DATA_ACCESS_ADDR7] bound to: 36'b000000000000000000000000000000000000 
	Parameter pt[DATA_ACCESS_ENABLE0] bound to: 5'b00000 
	Parameter pt[DATA_ACCESS_ENABLE1] bound to: 5'b00000 
	Parameter pt[DATA_ACCESS_ENABLE2] bound to: 5'b00000 
	Parameter pt[DATA_ACCESS_ENABLE3] bound to: 5'b00000 
	Parameter pt[DATA_ACCESS_ENABLE4] bound to: 5'b00000 
	Parameter pt[DATA_ACCESS_ENABLE5] bound to: 5'b00000 
	Parameter pt[DATA_ACCESS_ENABLE6] bound to: 5'b00000 
	Parameter pt[DATA_ACCESS_ENABLE7] bound to: 5'b00000 
	Parameter pt[DATA_ACCESS_MASK0] bound to: 36'b000011111111111111111111111111111111 
	Parameter pt[DATA_ACCESS_MASK1] bound to: 36'b000011111111111111111111111111111111 
	Parameter pt[DATA_ACCESS_MASK2] bound to: 36'b000011111111111111111111111111111111 
	Parameter pt[DATA_ACCESS_MASK3] bound to: 36'b000011111111111111111111111111111111 
	Parameter pt[DATA_ACCESS_MASK4] bound to: 36'b000011111111111111111111111111111111 
	Parameter pt[DATA_ACCESS_MASK5] bound to: 36'b000011111111111111111111111111111111 
	Parameter pt[DATA_ACCESS_MASK6] bound to: 36'b000011111111111111111111111111111111 
	Parameter pt[DATA_ACCESS_MASK7] bound to: 36'b000011111111111111111111111111111111 
	Parameter pt[DCCM_BANK_BITS] bound to: 7'b0000010 
	Parameter pt[DCCM_BITS] bound to: 9'b000001110 
	Parameter pt[DCCM_BYTE_WIDTH] bound to: 7'b0000100 
	Parameter pt[DCCM_DATA_WIDTH] bound to: 10'b0000100000 
	Parameter pt[DCCM_ECC_WIDTH] bound to: 7'b0000111 
	Parameter pt[DCCM_ENABLE] bound to: 5'b00001 
	Parameter pt[DCCM_FDATA_WIDTH] bound to: 10'b0000100111 
	Parameter pt[DCCM_INDEX_BITS] bound to: 8'b00001010 
	Parameter pt[DCCM_NUM_BANKS] bound to: 9'b000000100 
	Parameter pt[DCCM_REGION] bound to: 8'b00001111 
	Parameter pt[DCCM_SADR] bound to: 36'b000011110000000001000000000000000000 
	Parameter pt[DCCM_SIZE] bound to: 14'b00000000010000 
	Parameter pt[DCCM_WIDTH_BITS] bound to: 6'b000010 
	Parameter pt[DIV_BIT] bound to: 7'b0000100 
	Parameter pt[DIV_NEW] bound to: 5'b00001 
	Parameter pt[DMA_BUF_DEPTH] bound to: 7'b0000010 
	Parameter pt[DMA_BUS_ID] bound to: 9'b000000001 
	Parameter pt[DMA_BUS_PRTY] bound to: 6'b000010 
	Parameter pt[DMA_BUS_TAG] bound to: 8'b00000001 
	Parameter pt[FAST_INTERRUPT_REDIRECT] bound to: 5'b00000 
	Parameter pt[ICACHE_2BANKS] bound to: 5'b00000 
	Parameter pt[ICACHE_BANK_BITS] bound to: 7'b0000001 
	Parameter pt[ICACHE_BANK_HI] bound to: 7'b0000011 
	Parameter pt[ICACHE_BANK_LO] bound to: 6'b000011 
	Parameter pt[ICACHE_BANK_WIDTH] bound to: 8'b00001000 
	Parameter pt[ICACHE_BANKS_WAY] bound to: 7'b0000010 
	Parameter pt[ICACHE_BEAT_ADDR_HI] bound to: 8'b00000101 
	Parameter pt[ICACHE_BEAT_BITS] bound to: 8'b00000011 
	Parameter pt[ICACHE_BYPASS_ENABLE] bound to: 5'b00001 
	Parameter pt[ICACHE_DATA_DEPTH] bound to: 18'b000000000100000000 
	Parameter pt[ICACHE_DATA_INDEX_LO] bound to: 7'b0000100 
	Parameter pt[ICACHE_DATA_WIDTH] bound to: 11'b00001000000 
	Parameter pt[ICACHE_ECC] bound to: 5'b00000 
	Parameter pt[ICACHE_ENABLE] bound to: 5'b00001 
	Parameter pt[ICACHE_FDATA_WIDTH] bound to: 11'b00001000100 
	Parameter pt[ICACHE_INDEX_HI] bound to: 9'b000001011 
	Parameter pt[ICACHE_LN_SZ] bound to: 11'b00001000000 
	Parameter pt[ICACHE_NUM_BEATS] bound to: 8'b00001000 
	Parameter pt[ICACHE_NUM_BYPASS] bound to: 8'b00000010 
	Parameter pt[ICACHE_NUM_BYPASS_WIDTH] bound to: 8'b00000010 
	Parameter pt[ICACHE_NUM_WAYS] bound to: 7'b0000010 
	Parameter pt[ICACHE_ONLY] bound to: 5'b00000 
	Parameter pt[ICACHE_SCND_LAST] bound to: 8'b00000110 
	Parameter pt[ICACHE_SIZE] bound to: 13'b0000000001000 
	Parameter pt[ICACHE_STATUS_BITS] bound to: 7'b0000001 
	Parameter pt[ICACHE_TAG_BYPASS_ENABLE] bound to: 5'b00001 
	Parameter pt[ICACHE_TAG_DEPTH] bound to: 17'b00000000001000000 
	Parameter pt[ICACHE_TAG_INDEX_LO] bound to: 7'b0000110 
	Parameter pt[ICACHE_TAG_LO] bound to: 9'b000001100 
	Parameter pt[ICACHE_TAG_NUM_BYPASS] bound to: 8'b00000010 
	Parameter pt[ICACHE_TAG_NUM_BYPASS_WIDTH] bound to: 8'b00000010 
	Parameter pt[ICACHE_WAYPACK] bound to: 5'b00001 
	Parameter pt[ICCM_BANK_BITS] bound to: 7'b0000010 
	Parameter pt[ICCM_BANK_HI] bound to: 9'b000000011 
	Parameter pt[ICCM_BANK_INDEX_LO] bound to: 9'b000000100 
	Parameter pt[ICCM_BITS] bound to: 9'b000001100 
	Parameter pt[ICCM_ENABLE] bound to: 5'b00001 
	Parameter pt[ICCM_ICACHE] bound to: 5'b00001 
	Parameter pt[ICCM_INDEX_BITS] bound to: 8'b00001000 
	Parameter pt[ICCM_NUM_BANKS] bound to: 9'b000000100 
	Parameter pt[ICCM_ONLY] bound to: 5'b00000 
	Parameter pt[ICCM_REGION] bound to: 8'b00001010 
	Parameter pt[ICCM_SADR] bound to: 36'b000010101111111111111111000000000000 
	Parameter pt[ICCM_SIZE] bound to: 14'b00000000000100 
	Parameter pt[IFU_BUS_ID] bound to: 5'b00001 
	Parameter pt[IFU_BUS_PRTY] bound to: 6'b000010 
	Parameter pt[IFU_BUS_TAG] bound to: 8'b00000011 
	Parameter pt[INST_ACCESS_ADDR0] bound to: 36'b000000000000000000000000000000000000 
	Parameter pt[INST_ACCESS_ADDR1] bound to: 36'b000000000000000000000000000000000000 
	Parameter pt[INST_ACCESS_ADDR2] bound to: 36'b000000000000000000000000000000000000 
	Parameter pt[INST_ACCESS_ADDR3] bound to: 36'b000000000000000000000000000000000000 
	Parameter pt[INST_ACCESS_ADDR4] bound to: 36'b000000000000000000000000000000000000 
	Parameter pt[INST_ACCESS_ADDR5] bound to: 36'b000000000000000000000000000000000000 
	Parameter pt[INST_ACCESS_ADDR6] bound to: 36'b000000000000000000000000000000000000 
	Parameter pt[INST_ACCESS_ADDR7] bound to: 36'b000000000000000000000000000000000000 
	Parameter pt[INST_ACCESS_ENABLE0] bound to: 5'b00000 
	Parameter pt[INST_ACCESS_ENABLE1] bound to: 5'b00000 
	Parameter pt[INST_ACCESS_ENABLE2] bound to: 5'b00000 
	Parameter pt[INST_ACCESS_ENABLE3] bound to: 5'b00000 
	Parameter pt[INST_ACCESS_ENABLE4] bound to: 5'b00000 
	Parameter pt[INST_ACCESS_ENABLE5] bound to: 5'b00000 
	Parameter pt[INST_ACCESS_ENABLE6] bound to: 5'b00000 
	Parameter pt[INST_ACCESS_ENABLE7] bound to: 5'b00000 
	Parameter pt[INST_ACCESS_MASK0] bound to: 36'b000011111111111111111111111111111111 
	Parameter pt[INST_ACCESS_MASK1] bound to: 36'b000011111111111111111111111111111111 
	Parameter pt[INST_ACCESS_MASK2] bound to: 36'b000011111111111111111111111111111111 
	Parameter pt[INST_ACCESS_MASK3] bound to: 36'b000011111111111111111111111111111111 
	Parameter pt[INST_ACCESS_MASK4] bound to: 36'b000011111111111111111111111111111111 
	Parameter pt[INST_ACCESS_MASK5] bound to: 36'b000011111111111111111111111111111111 
	Parameter pt[INST_ACCESS_MASK6] bound to: 36'b000011111111111111111111111111111111 
	Parameter pt[INST_ACCESS_MASK7] bound to: 36'b000011111111111111111111111111111111 
	Parameter pt[LOAD_TO_USE_PLUS1] bound to: 5'b00000 
	Parameter pt[LSU2DMA] bound to: 5'b00000 
	Parameter pt[LSU_BUS_ID] bound to: 5'b00001 
	Parameter pt[LSU_BUS_PRTY] bound to: 6'b000010 
	Parameter pt[LSU_BUS_TAG] bound to: 8'b00000011 
	Parameter pt[LSU_NUM_NBLOAD] bound to: 9'b000000100 
	Parameter pt[LSU_NUM_NBLOAD_WIDTH] bound to: 7'b0000010 
	Parameter pt[LSU_SB_BITS] bound to: 9'b000001110 
	Parameter pt[LSU_STBUF_DEPTH] bound to: 8'b00000100 
	Parameter pt[NO_ICCM_NO_ICACHE] bound to: 5'b00000 
	Parameter pt[PIC_2CYCLE] bound to: 5'b00000 
	Parameter pt[PIC_BASE_ADDR] bound to: 36'b000011110000000011000000000000000000 
	Parameter pt[PIC_BITS] bound to: 9'b000001111 
	Parameter pt[PIC_INT_WORDS] bound to: 8'b00000001 
	Parameter pt[PIC_REGION] bound to: 8'b00001111 
	Parameter pt[PIC_SIZE] bound to: 13'b0000000100000 
	Parameter pt[PIC_TOTAL_INT] bound to: 12'b000000001000 
	Parameter pt[PIC_TOTAL_INT_PLUS1] bound to: 13'b0000000001001 
	Parameter pt[RET_STACK_SIZE] bound to: 8'b00000010 
	Parameter pt[SB_BUS_ID] bound to: 5'b00001 
	Parameter pt[SB_BUS_PRTY] bound to: 6'b000010 
	Parameter pt[SB_BUS_TAG] bound to: 8'b00000001 
	Parameter pt[TIMER_LEGAL_EN] bound to: 5'b00001 
	Parameter WIDTH bound to: 24 - type: integer 
	Parameter WIDTH bound to: 8 - type: integer 
	Parameter WIDTH bound to: 7 - type: integer 
	Parameter WIDTH bound to: 16 - type: integer 
	Parameter WIDTH bound to: 18 - type: integer 
	Parameter WIDTH bound to: 18 - type: integer 
	Parameter WIDTH bound to: 18 - type: integer 
	Parameter WIDTH bound to: 12 - type: integer 
	Parameter WIDTH bound to: 6 - type: integer 
	Parameter WIDTH bound to: 10 - type: integer 
	Parameter WIDTH bound to: 6 - type: integer 
	Parameter WIDTH bound to: 22 - type: integer 
	Parameter WIDTH bound to: 22 - type: integer 
	Parameter WIDTH bound to: 22 - type: integer 
	Parameter WIDTH bound to: 14 - type: integer 
	Parameter WIDTH bound to: 14 - type: integer 
	Parameter WIDTH bound to: 14 - type: integer 
	Parameter WIDTH bound to: 17 - type: integer 
	Parameter WIDTH bound to: 6 - type: integer 
	Parameter OVERRIDE bound to: 1 - type: integer 
	Parameter pt[BHT_ADDR_HI] bound to: 8'b00000101 
	Parameter pt[BHT_ADDR_LO] bound to: 6'b000010 
	Parameter pt[BHT_ARRAY_DEPTH] bound to: 15'b000000000010000 
	Parameter pt[BHT_GHR_HASH_1] bound to: 5'b00000 
	Parameter pt[BHT_GHR_SIZE] bound to: 8'b00000100 
	Parameter pt[BHT_SIZE] bound to: 16'b0000000000100000 
	Parameter pt[BITMANIP_ZBA] bound to: 5'b00001 
	Parameter pt[BITMANIP_ZBB] bound to: 5'b00001 
	Parameter pt[BITMANIP_ZBC] bound to: 5'b00001 
	Parameter pt[BITMANIP_ZBE] bound to: 5'b00001 
	Parameter pt[BITMANIP_ZBF] bound to: 5'b00001 
	Parameter pt[BITMANIP_ZBP] bound to: 5'b00001 
	Parameter pt[BITMANIP_ZBR] bound to: 5'b00001 
	Parameter pt[BITMANIP_ZBS] bound to: 5'b00001 
	Parameter pt[BTB_ADDR_HI] bound to: 9'b000000101 
	Parameter pt[BTB_ADDR_LO] bound to: 6'b000010 
	Parameter pt[BTB_ARRAY_DEPTH] bound to: 13'b0000000000000 
	Parameter pt[BTB_BTAG_FOLD] bound to: 5'b00000 
	Parameter pt[BTB_BTAG_SIZE] bound to: 9'b000011111 
	Parameter pt[BTB_ENABLE] bound to: 5'b00001 
	Parameter pt[BTB_FOLD2_INDEX_HASH] bound to: 5'b00000 
	Parameter pt[BTB_FULLYA] bound to: 5'b00001 
	Parameter pt[BTB_INDEX1_HI] bound to: 9'b000000101 
	Parameter pt[BTB_INDEX1_LO] bound to: 9'b000000010 
	Parameter pt[BTB_INDEX2_HI] bound to: 9'b000001000 
	Parameter pt[BTB_INDEX2_LO] bound to: 9'b000000110 
	Parameter pt[BTB_INDEX3_HI] bound to: 9'b000001011 
	Parameter pt[BTB_INDEX3_LO] bound to: 9'b000001001 
	Parameter pt[BTB_SIZE] bound to: 14'b00000000001000 
	Parameter pt[BTB_TOFFSET_SIZE] bound to: 9'b000001100 
	Parameter pt[BUILD_AHB_LITE] bound to: 1'b0 
	Parameter pt[BUILD_AXI4] bound to: 5'b00001 
	Parameter pt[BUILD_AXI_NATIVE] bound to: 5'b00001 
	Parameter pt[BUS_PRTY_DEFAULT] bound to: 6'b000011 
	Parameter pt[DATA_ACCESS_ADDR0] bound to: 36'b000000000000000000000000000000000000 
	Parameter pt[DATA_ACCESS_ADDR1] bound to: 36'b000000000000000000000000000000000000 
	Parameter pt[DATA_ACCESS_ADDR2] bound to: 36'b000000000000000000000000000000000000 
	Parameter pt[DATA_ACCESS_ADDR3] bound to: 36'b000000000000000000000000000000000000 
	Parameter pt[DATA_ACCESS_ADDR4] bound to: 36'b000000000000000000000000000000000000 
	Parameter pt[DATA_ACCESS_ADDR5] bound to: 36'b000000000000000000000000000000000000 
	Parameter pt[DATA_ACCESS_ADDR6] bound to: 36'b000000000000000000000000000000000000 
	Parameter pt[DATA_ACCESS_ADDR7] bound to: 36'b000000000000000000000000000000000000 
	Parameter pt[DATA_ACCESS_ENABLE0] bound to: 5'b00000 
	Parameter pt[DATA_ACCESS_ENABLE1] bound to: 5'b00000 
	Parameter pt[DATA_ACCESS_ENABLE2] bound to: 5'b00000 
	Parameter pt[DATA_ACCESS_ENABLE3] bound to: 5'b00000 
	Parameter pt[DATA_ACCESS_ENABLE4] bound to: 5'b00000 
	Parameter pt[DATA_ACCESS_ENABLE5] bound to: 5'b00000 
	Parameter pt[DATA_ACCESS_ENABLE6] bound to: 5'b00000 
	Parameter pt[DATA_ACCESS_ENABLE7] bound to: 5'b00000 
	Parameter pt[DATA_ACCESS_MASK0] bound to: 36'b000011111111111111111111111111111111 
	Parameter pt[DATA_ACCESS_MASK1] bound to: 36'b000011111111111111111111111111111111 
	Parameter pt[DATA_ACCESS_MASK2] bound to: 36'b000011111111111111111111111111111111 
	Parameter pt[DATA_ACCESS_MASK3] bound to: 36'b000011111111111111111111111111111111 
	Parameter pt[DATA_ACCESS_MASK4] bound to: 36'b000011111111111111111111111111111111 
	Parameter pt[DATA_ACCESS_MASK5] bound to: 36'b000011111111111111111111111111111111 
	Parameter pt[DATA_ACCESS_MASK6] bound to: 36'b000011111111111111111111111111111111 
	Parameter pt[DATA_ACCESS_MASK7] bound to: 36'b000011111111111111111111111111111111 
	Parameter pt[DCCM_BANK_BITS] bound to: 7'b0000010 
	Parameter pt[DCCM_BITS] bound to: 9'b000001110 
	Parameter pt[DCCM_BYTE_WIDTH] bound to: 7'b0000100 
	Parameter pt[DCCM_DATA_WIDTH] bound to: 10'b0000100000 
	Parameter pt[DCCM_ECC_WIDTH] bound to: 7'b0000111 
	Parameter pt[DCCM_ENABLE] bound to: 5'b00001 
	Parameter pt[DCCM_FDATA_WIDTH] bound to: 10'b0000100111 
	Parameter pt[DCCM_INDEX_BITS] bound to: 8'b00001010 
	Parameter pt[DCCM_NUM_BANKS] bound to: 9'b000000100 
	Parameter pt[DCCM_REGION] bound to: 8'b00001111 
	Parameter pt[DCCM_SADR] bound to: 36'b000011110000000001000000000000000000 
	Parameter pt[DCCM_SIZE] bound to: 14'b00000000010000 
	Parameter pt[DCCM_WIDTH_BITS] bound to: 6'b000010 
	Parameter pt[DIV_BIT] bound to: 7'b0000100 
	Parameter pt[DIV_NEW] bound to: 5'b00001 
	Parameter pt[DMA_BUF_DEPTH] bound to: 7'b0000010 
	Parameter pt[DMA_BUS_ID] bound to: 9'b000000001 
	Parameter pt[DMA_BUS_PRTY] bound to: 6'b000010 
	Parameter pt[DMA_BUS_TAG] bound to: 8'b00000001 
	Parameter pt[FAST_INTERRUPT_REDIRECT] bound to: 5'b00000 
	Parameter pt[ICACHE_2BANKS] bound to: 5'b00000 
	Parameter pt[ICACHE_BANK_BITS] bound to: 7'b0000001 
	Parameter pt[ICACHE_BANK_HI] bound to: 7'b0000011 
	Parameter pt[ICACHE_BANK_LO] bound to: 6'b000011 
	Parameter pt[ICACHE_BANK_WIDTH] bound to: 8'b00001000 
	Parameter pt[ICACHE_BANKS_WAY] bound to: 7'b0000010 
	Parameter pt[ICACHE_BEAT_ADDR_HI] bound to: 8'b00000101 
	Parameter pt[ICACHE_BEAT_BITS] bound to: 8'b00000011 
	Parameter pt[ICACHE_BYPASS_ENABLE] bound to: 5'b00001 
	Parameter pt[ICACHE_DATA_DEPTH] bound to: 18'b000000000100000000 
	Parameter pt[ICACHE_DATA_INDEX_LO] bound to: 7'b0000100 
	Parameter pt[ICACHE_DATA_WIDTH] bound to: 11'b00001000000 
	Parameter pt[ICACHE_ECC] bound to: 5'b00000 
	Parameter pt[ICACHE_ENABLE] bound to: 5'b00001 
	Parameter pt[ICACHE_FDATA_WIDTH] bound to: 11'b00001000100 
	Parameter pt[ICACHE_INDEX_HI] bound to: 9'b000001011 
	Parameter pt[ICACHE_LN_SZ] bound to: 11'b00001000000 
	Parameter pt[ICACHE_NUM_BEATS] bound to: 8'b00001000 
	Parameter pt[ICACHE_NUM_BYPASS] bound to: 8'b00000010 
	Parameter pt[ICACHE_NUM_BYPASS_WIDTH] bound to: 8'b00000010 
	Parameter pt[ICACHE_NUM_WAYS] bound to: 7'b0000010 
	Parameter pt[ICACHE_ONLY] bound to: 5'b00000 
	Parameter pt[ICACHE_SCND_LAST] bound to: 8'b00000110 
	Parameter pt[ICACHE_SIZE] bound to: 13'b0000000001000 
	Parameter pt[ICACHE_STATUS_BITS] bound to: 7'b0000001 
	Parameter pt[ICACHE_TAG_BYPASS_ENABLE] bound to: 5'b00001 
	Parameter pt[ICACHE_TAG_DEPTH] bound to: 17'b00000000001000000 
	Parameter pt[ICACHE_TAG_INDEX_LO] bound to: 7'b0000110 
	Parameter pt[ICACHE_TAG_LO] bound to: 9'b000001100 
	Parameter pt[ICACHE_TAG_NUM_BYPASS] bound to: 8'b00000010 
	Parameter pt[ICACHE_TAG_NUM_BYPASS_WIDTH] bound to: 8'b00000010 
	Parameter pt[ICACHE_WAYPACK] bound to: 5'b00001 
	Parameter pt[ICCM_BANK_BITS] bound to: 7'b0000010 
	Parameter pt[ICCM_BANK_HI] bound to: 9'b000000011 
	Parameter pt[ICCM_BANK_INDEX_LO] bound to: 9'b000000100 
	Parameter pt[ICCM_BITS] bound to: 9'b000001100 
	Parameter pt[ICCM_ENABLE] bound to: 5'b00001 
	Parameter pt[ICCM_ICACHE] bound to: 5'b00001 
	Parameter pt[ICCM_INDEX_BITS] bound to: 8'b00001000 
	Parameter pt[ICCM_NUM_BANKS] bound to: 9'b000000100 
	Parameter pt[ICCM_ONLY] bound to: 5'b00000 
	Parameter pt[ICCM_REGION] bound to: 8'b00001010 
	Parameter pt[ICCM_SADR] bound to: 36'b000010101111111111111111000000000000 
	Parameter pt[ICCM_SIZE] bound to: 14'b00000000000100 
	Parameter pt[IFU_BUS_ID] bound to: 5'b00001 
	Parameter pt[IFU_BUS_PRTY] bound to: 6'b000010 
	Parameter pt[IFU_BUS_TAG] bound to: 8'b00000011 
	Parameter pt[INST_ACCESS_ADDR0] bound to: 36'b000000000000000000000000000000000000 
	Parameter pt[INST_ACCESS_ADDR1] bound to: 36'b000000000000000000000000000000000000 
	Parameter pt[INST_ACCESS_ADDR2] bound to: 36'b000000000000000000000000000000000000 
	Parameter pt[INST_ACCESS_ADDR3] bound to: 36'b000000000000000000000000000000000000 
	Parameter pt[INST_ACCESS_ADDR4] bound to: 36'b000000000000000000000000000000000000 
	Parameter pt[INST_ACCESS_ADDR5] bound to: 36'b000000000000000000000000000000000000 
	Parameter pt[INST_ACCESS_ADDR6] bound to: 36'b000000000000000000000000000000000000 
	Parameter pt[INST_ACCESS_ADDR7] bound to: 36'b000000000000000000000000000000000000 
	Parameter pt[INST_ACCESS_ENABLE0] bound to: 5'b00000 
	Parameter pt[INST_ACCESS_ENABLE1] bound to: 5'b00000 
	Parameter pt[INST_ACCESS_ENABLE2] bound to: 5'b00000 
	Parameter pt[INST_ACCESS_ENABLE3] bound to: 5'b00000 
	Parameter pt[INST_ACCESS_ENABLE4] bound to: 5'b00000 
	Parameter pt[INST_ACCESS_ENABLE5] bound to: 5'b00000 
	Parameter pt[INST_ACCESS_ENABLE6] bound to: 5'b00000 
	Parameter pt[INST_ACCESS_ENABLE7] bound to: 5'b00000 
	Parameter pt[INST_ACCESS_MASK0] bound to: 36'b000011111111111111111111111111111111 
	Parameter pt[INST_ACCESS_MASK1] bound to: 36'b000011111111111111111111111111111111 
	Parameter pt[INST_ACCESS_MASK2] bound to: 36'b000011111111111111111111111111111111 
	Parameter pt[INST_ACCESS_MASK3] bound to: 36'b000011111111111111111111111111111111 
	Parameter pt[INST_ACCESS_MASK4] bound to: 36'b000011111111111111111111111111111111 
	Parameter pt[INST_ACCESS_MASK5] bound to: 36'b000011111111111111111111111111111111 
	Parameter pt[INST_ACCESS_MASK6] bound to: 36'b000011111111111111111111111111111111 
	Parameter pt[INST_ACCESS_MASK7] bound to: 36'b000011111111111111111111111111111111 
	Parameter pt[LOAD_TO_USE_PLUS1] bound to: 5'b00000 
	Parameter pt[LSU2DMA] bound to: 5'b00000 
	Parameter pt[LSU_BUS_ID] bound to: 5'b00001 
	Parameter pt[LSU_BUS_PRTY] bound to: 6'b000010 
	Parameter pt[LSU_BUS_TAG] bound to: 8'b00000011 
	Parameter pt[LSU_NUM_NBLOAD] bound to: 9'b000000100 
	Parameter pt[LSU_NUM_NBLOAD_WIDTH] bound to: 7'b0000010 
	Parameter pt[LSU_SB_BITS] bound to: 9'b000001110 
	Parameter pt[LSU_STBUF_DEPTH] bound to: 8'b00000100 
	Parameter pt[NO_ICCM_NO_ICACHE] bound to: 5'b00000 
	Parameter pt[PIC_2CYCLE] bound to: 5'b00000 
	Parameter pt[PIC_BASE_ADDR] bound to: 36'b000011110000000011000000000000000000 
	Parameter pt[PIC_BITS] bound to: 9'b000001111 
	Parameter pt[PIC_INT_WORDS] bound to: 8'b00000001 
	Parameter pt[PIC_REGION] bound to: 8'b00001111 
	Parameter pt[PIC_SIZE] bound to: 13'b0000000100000 
	Parameter pt[PIC_TOTAL_INT] bound to: 12'b000000001000 
	Parameter pt[PIC_TOTAL_INT_PLUS1] bound to: 13'b0000000001001 
	Parameter pt[RET_STACK_SIZE] bound to: 8'b00000010 
	Parameter pt[SB_BUS_ID] bound to: 5'b00001 
	Parameter pt[SB_BUS_PRTY] bound to: 6'b000010 
	Parameter pt[SB_BUS_TAG] bound to: 8'b00000001 
	Parameter pt[TIMER_LEGAL_EN] bound to: 5'b00001 
	Parameter pt[BHT_ADDR_HI] bound to: 8'b00000101 
	Parameter pt[BHT_ADDR_LO] bound to: 6'b000010 
	Parameter pt[BHT_ARRAY_DEPTH] bound to: 15'b000000000010000 
	Parameter pt[BHT_GHR_HASH_1] bound to: 5'b00000 
	Parameter pt[BHT_GHR_SIZE] bound to: 8'b00000100 
	Parameter pt[BHT_SIZE] bound to: 16'b0000000000100000 
	Parameter pt[BITMANIP_ZBA] bound to: 5'b00001 
	Parameter pt[BITMANIP_ZBB] bound to: 5'b00001 
	Parameter pt[BITMANIP_ZBC] bound to: 5'b00001 
	Parameter pt[BITMANIP_ZBE] bound to: 5'b00001 
	Parameter pt[BITMANIP_ZBF] bound to: 5'b00001 
	Parameter pt[BITMANIP_ZBP] bound to: 5'b00001 
	Parameter pt[BITMANIP_ZBR] bound to: 5'b00001 
	Parameter pt[BITMANIP_ZBS] bound to: 5'b00001 
	Parameter pt[BTB_ADDR_HI] bound to: 9'b000000101 
	Parameter pt[BTB_ADDR_LO] bound to: 6'b000010 
	Parameter pt[BTB_ARRAY_DEPTH] bound to: 13'b0000000000000 
	Parameter pt[BTB_BTAG_FOLD] bound to: 5'b00000 
	Parameter pt[BTB_BTAG_SIZE] bound to: 9'b000011111 
	Parameter pt[BTB_ENABLE] bound to: 5'b00001 
	Parameter pt[BTB_FOLD2_INDEX_HASH] bound to: 5'b00000 
	Parameter pt[BTB_FULLYA] bound to: 5'b00001 
	Parameter pt[BTB_INDEX1_HI] bound to: 9'b000000101 
	Parameter pt[BTB_INDEX1_LO] bound to: 9'b000000010 
	Parameter pt[BTB_INDEX2_HI] bound to: 9'b000001000 
	Parameter pt[BTB_INDEX2_LO] bound to: 9'b000000110 
	Parameter pt[BTB_INDEX3_HI] bound to: 9'b000001011 
	Parameter pt[BTB_INDEX3_LO] bound to: 9'b000001001 
	Parameter pt[BTB_SIZE] bound to: 14'b00000000001000 
	Parameter pt[BTB_TOFFSET_SIZE] bound to: 9'b000001100 
	Parameter pt[BUILD_AHB_LITE] bound to: 1'b0 
	Parameter pt[BUILD_AXI4] bound to: 5'b00001 
	Parameter pt[BUILD_AXI_NATIVE] bound to: 5'b00001 
	Parameter pt[BUS_PRTY_DEFAULT] bound to: 6'b000011 
	Parameter pt[DATA_ACCESS_ADDR0] bound to: 36'b000000000000000000000000000000000000 
	Parameter pt[DATA_ACCESS_ADDR1] bound to: 36'b000000000000000000000000000000000000 
	Parameter pt[DATA_ACCESS_ADDR2] bound to: 36'b000000000000000000000000000000000000 
	Parameter pt[DATA_ACCESS_ADDR3] bound to: 36'b000000000000000000000000000000000000 
	Parameter pt[DATA_ACCESS_ADDR4] bound to: 36'b000000000000000000000000000000000000 
	Parameter pt[DATA_ACCESS_ADDR5] bound to: 36'b000000000000000000000000000000000000 
	Parameter pt[DATA_ACCESS_ADDR6] bound to: 36'b000000000000000000000000000000000000 
	Parameter pt[DATA_ACCESS_ADDR7] bound to: 36'b000000000000000000000000000000000000 
	Parameter pt[DATA_ACCESS_ENABLE0] bound to: 5'b00000 
	Parameter pt[DATA_ACCESS_ENABLE1] bound to: 5'b00000 
	Parameter pt[DATA_ACCESS_ENABLE2] bound to: 5'b00000 
	Parameter pt[DATA_ACCESS_ENABLE3] bound to: 5'b00000 
	Parameter pt[DATA_ACCESS_ENABLE4] bound to: 5'b00000 
	Parameter pt[DATA_ACCESS_ENABLE5] bound to: 5'b00000 
	Parameter pt[DATA_ACCESS_ENABLE6] bound to: 5'b00000 
	Parameter pt[DATA_ACCESS_ENABLE7] bound to: 5'b00000 
	Parameter pt[DATA_ACCESS_MASK0] bound to: 36'b000011111111111111111111111111111111 
	Parameter pt[DATA_ACCESS_MASK1] bound to: 36'b000011111111111111111111111111111111 
	Parameter pt[DATA_ACCESS_MASK2] bound to: 36'b000011111111111111111111111111111111 
	Parameter pt[DATA_ACCESS_MASK3] bound to: 36'b000011111111111111111111111111111111 
	Parameter pt[DATA_ACCESS_MASK4] bound to: 36'b000011111111111111111111111111111111 
	Parameter pt[DATA_ACCESS_MASK5] bound to: 36'b000011111111111111111111111111111111 
	Parameter pt[DATA_ACCESS_MASK6] bound to: 36'b000011111111111111111111111111111111 
	Parameter pt[DATA_ACCESS_MASK7] bound to: 36'b000011111111111111111111111111111111 
	Parameter pt[DCCM_BANK_BITS] bound to: 7'b0000010 
	Parameter pt[DCCM_BITS] bound to: 9'b000001110 
	Parameter pt[DCCM_BYTE_WIDTH] bound to: 7'b0000100 
	Parameter pt[DCCM_DATA_WIDTH] bound to: 10'b0000100000 
	Parameter pt[DCCM_ECC_WIDTH] bound to: 7'b0000111 
	Parameter pt[DCCM_ENABLE] bound to: 5'b00001 
	Parameter pt[DCCM_FDATA_WIDTH] bound to: 10'b0000100111 
	Parameter pt[DCCM_INDEX_BITS] bound to: 8'b00001010 
	Parameter pt[DCCM_NUM_BANKS] bound to: 9'b000000100 
	Parameter pt[DCCM_REGION] bound to: 8'b00001111 
	Parameter pt[DCCM_SADR] bound to: 36'b000011110000000001000000000000000000 
	Parameter pt[DCCM_SIZE] bound to: 14'b00000000010000 
	Parameter pt[DCCM_WIDTH_BITS] bound to: 6'b000010 
	Parameter pt[DIV_BIT] bound to: 7'b0000100 
	Parameter pt[DIV_NEW] bound to: 5'b00001 
	Parameter pt[DMA_BUF_DEPTH] bound to: 7'b0000010 
	Parameter pt[DMA_BUS_ID] bound to: 9'b000000001 
	Parameter pt[DMA_BUS_PRTY] bound to: 6'b000010 
	Parameter pt[DMA_BUS_TAG] bound to: 8'b00000001 
	Parameter pt[FAST_INTERRUPT_REDIRECT] bound to: 5'b00000 
	Parameter pt[ICACHE_2BANKS] bound to: 5'b00000 
	Parameter pt[ICACHE_BANK_BITS] bound to: 7'b0000001 
	Parameter pt[ICACHE_BANK_HI] bound to: 7'b0000011 
	Parameter pt[ICACHE_BANK_LO] bound to: 6'b000011 
	Parameter pt[ICACHE_BANK_WIDTH] bound to: 8'b00001000 
	Parameter pt[ICACHE_BANKS_WAY] bound to: 7'b0000010 
	Parameter pt[ICACHE_BEAT_ADDR_HI] bound to: 8'b00000101 
	Parameter pt[ICACHE_BEAT_BITS] bound to: 8'b00000011 
	Parameter pt[ICACHE_BYPASS_ENABLE] bound to: 5'b00001 
	Parameter pt[ICACHE_DATA_DEPTH] bound to: 18'b000000000100000000 
	Parameter pt[ICACHE_DATA_INDEX_LO] bound to: 7'b0000100 
	Parameter pt[ICACHE_DATA_WIDTH] bound to: 11'b00001000000 
	Parameter pt[ICACHE_ECC] bound to: 5'b00000 
	Parameter pt[ICACHE_ENABLE] bound to: 5'b00001 
	Parameter pt[ICACHE_FDATA_WIDTH] bound to: 11'b00001000100 
	Parameter pt[ICACHE_INDEX_HI] bound to: 9'b000001011 
	Parameter pt[ICACHE_LN_SZ] bound to: 11'b00001000000 
	Parameter pt[ICACHE_NUM_BEATS] bound to: 8'b00001000 
	Parameter pt[ICACHE_NUM_BYPASS] bound to: 8'b00000010 
	Parameter pt[ICACHE_NUM_BYPASS_WIDTH] bound to: 8'b00000010 
	Parameter pt[ICACHE_NUM_WAYS] bound to: 7'b0000010 
	Parameter pt[ICACHE_ONLY] bound to: 5'b00000 
	Parameter pt[ICACHE_SCND_LAST] bound to: 8'b00000110 
	Parameter pt[ICACHE_SIZE] bound to: 13'b0000000001000 
	Parameter pt[ICACHE_STATUS_BITS] bound to: 7'b0000001 
	Parameter pt[ICACHE_TAG_BYPASS_ENABLE] bound to: 5'b00001 
	Parameter pt[ICACHE_TAG_DEPTH] bound to: 17'b00000000001000000 
	Parameter pt[ICACHE_TAG_INDEX_LO] bound to: 7'b0000110 
	Parameter pt[ICACHE_TAG_LO] bound to: 9'b000001100 
	Parameter pt[ICACHE_TAG_NUM_BYPASS] bound to: 8'b00000010 
	Parameter pt[ICACHE_TAG_NUM_BYPASS_WIDTH] bound to: 8'b00000010 
	Parameter pt[ICACHE_WAYPACK] bound to: 5'b00001 
	Parameter pt[ICCM_BANK_BITS] bound to: 7'b0000010 
	Parameter pt[ICCM_BANK_HI] bound to: 9'b000000011 
	Parameter pt[ICCM_BANK_INDEX_LO] bound to: 9'b000000100 
	Parameter pt[ICCM_BITS] bound to: 9'b000001100 
	Parameter pt[ICCM_ENABLE] bound to: 5'b00001 
	Parameter pt[ICCM_ICACHE] bound to: 5'b00001 
	Parameter pt[ICCM_INDEX_BITS] bound to: 8'b00001000 
	Parameter pt[ICCM_NUM_BANKS] bound to: 9'b000000100 
	Parameter pt[ICCM_ONLY] bound to: 5'b00000 
	Parameter pt[ICCM_REGION] bound to: 8'b00001010 
	Parameter pt[ICCM_SADR] bound to: 36'b000010101111111111111111000000000000 
	Parameter pt[ICCM_SIZE] bound to: 14'b00000000000100 
	Parameter pt[IFU_BUS_ID] bound to: 5'b00001 
	Parameter pt[IFU_BUS_PRTY] bound to: 6'b000010 
	Parameter pt[IFU_BUS_TAG] bound to: 8'b00000011 
	Parameter pt[INST_ACCESS_ADDR0] bound to: 36'b000000000000000000000000000000000000 
	Parameter pt[INST_ACCESS_ADDR1] bound to: 36'b000000000000000000000000000000000000 
	Parameter pt[INST_ACCESS_ADDR2] bound to: 36'b000000000000000000000000000000000000 
	Parameter pt[INST_ACCESS_ADDR3] bound to: 36'b000000000000000000000000000000000000 
	Parameter pt[INST_ACCESS_ADDR4] bound to: 36'b000000000000000000000000000000000000 
	Parameter pt[INST_ACCESS_ADDR5] bound to: 36'b000000000000000000000000000000000000 
	Parameter pt[INST_ACCESS_ADDR6] bound to: 36'b000000000000000000000000000000000000 
	Parameter pt[INST_ACCESS_ADDR7] bound to: 36'b000000000000000000000000000000000000 
	Parameter pt[INST_ACCESS_ENABLE0] bound to: 5'b00000 
	Parameter pt[INST_ACCESS_ENABLE1] bound to: 5'b00000 
	Parameter pt[INST_ACCESS_ENABLE2] bound to: 5'b00000 
	Parameter pt[INST_ACCESS_ENABLE3] bound to: 5'b00000 
	Parameter pt[INST_ACCESS_ENABLE4] bound to: 5'b00000 
	Parameter pt[INST_ACCESS_ENABLE5] bound to: 5'b00000 
	Parameter pt[INST_ACCESS_ENABLE6] bound to: 5'b00000 
	Parameter pt[INST_ACCESS_ENABLE7] bound to: 5'b00000 
	Parameter pt[INST_ACCESS_MASK0] bound to: 36'b000011111111111111111111111111111111 
	Parameter pt[INST_ACCESS_MASK1] bound to: 36'b000011111111111111111111111111111111 
	Parameter pt[INST_ACCESS_MASK2] bound to: 36'b000011111111111111111111111111111111 
	Parameter pt[INST_ACCESS_MASK3] bound to: 36'b000011111111111111111111111111111111 
	Parameter pt[INST_ACCESS_MASK4] bound to: 36'b000011111111111111111111111111111111 
	Parameter pt[INST_ACCESS_MASK5] bound to: 36'b000011111111111111111111111111111111 
	Parameter pt[INST_ACCESS_MASK6] bound to: 36'b000011111111111111111111111111111111 
	Parameter pt[INST_ACCESS_MASK7] bound to: 36'b000011111111111111111111111111111111 
	Parameter pt[LOAD_TO_USE_PLUS1] bound to: 5'b00000 
	Parameter pt[LSU2DMA] bound to: 5'b00000 
	Parameter pt[LSU_BUS_ID] bound to: 5'b00001 
	Parameter pt[LSU_BUS_PRTY] bound to: 6'b000010 
	Parameter pt[LSU_BUS_TAG] bound to: 8'b00000011 
	Parameter pt[LSU_NUM_NBLOAD] bound to: 9'b000000100 
	Parameter pt[LSU_NUM_NBLOAD_WIDTH] bound to: 7'b0000010 
	Parameter pt[LSU_SB_BITS] bound to: 9'b000001110 
	Parameter pt[LSU_STBUF_DEPTH] bound to: 8'b00000100 
	Parameter pt[NO_ICCM_NO_ICACHE] bound to: 5'b00000 
	Parameter pt[PIC_2CYCLE] bound to: 5'b00000 
	Parameter pt[PIC_BASE_ADDR] bound to: 36'b000011110000000011000000000000000000 
	Parameter pt[PIC_BITS] bound to: 9'b000001111 
	Parameter pt[PIC_INT_WORDS] bound to: 8'b00000001 
	Parameter pt[PIC_REGION] bound to: 8'b00001111 
	Parameter pt[PIC_SIZE] bound to: 13'b0000000100000 
	Parameter pt[PIC_TOTAL_INT] bound to: 12'b000000001000 
	Parameter pt[PIC_TOTAL_INT_PLUS1] bound to: 13'b0000000001001 
	Parameter pt[RET_STACK_SIZE] bound to: 8'b00000010 
	Parameter pt[SB_BUS_ID] bound to: 5'b00001 
	Parameter pt[SB_BUS_PRTY] bound to: 6'b000010 
	Parameter pt[SB_BUS_TAG] bound to: 8'b00000001 
	Parameter pt[TIMER_LEGAL_EN] bound to: 5'b00001 
	Parameter pt[BHT_ADDR_HI] bound to: 8'b00000101 
	Parameter pt[BHT_ADDR_LO] bound to: 6'b000010 
	Parameter pt[BHT_ARRAY_DEPTH] bound to: 15'b000000000010000 
	Parameter pt[BHT_GHR_HASH_1] bound to: 5'b00000 
	Parameter pt[BHT_GHR_SIZE] bound to: 8'b00000100 
	Parameter pt[BHT_SIZE] bound to: 16'b0000000000100000 
	Parameter pt[BITMANIP_ZBA] bound to: 5'b00001 
	Parameter pt[BITMANIP_ZBB] bound to: 5'b00001 
	Parameter pt[BITMANIP_ZBC] bound to: 5'b00001 
	Parameter pt[BITMANIP_ZBE] bound to: 5'b00001 
	Parameter pt[BITMANIP_ZBF] bound to: 5'b00001 
	Parameter pt[BITMANIP_ZBP] bound to: 5'b00001 
	Parameter pt[BITMANIP_ZBR] bound to: 5'b00001 
	Parameter pt[BITMANIP_ZBS] bound to: 5'b00001 
	Parameter pt[BTB_ADDR_HI] bound to: 9'b000000101 
	Parameter pt[BTB_ADDR_LO] bound to: 6'b000010 
	Parameter pt[BTB_ARRAY_DEPTH] bound to: 13'b0000000000000 
	Parameter pt[BTB_BTAG_FOLD] bound to: 5'b00000 
	Parameter pt[BTB_BTAG_SIZE] bound to: 9'b000011111 
	Parameter pt[BTB_ENABLE] bound to: 5'b00001 
	Parameter pt[BTB_FOLD2_INDEX_HASH] bound to: 5'b00000 
	Parameter pt[BTB_FULLYA] bound to: 5'b00001 
	Parameter pt[BTB_INDEX1_HI] bound to: 9'b000000101 
	Parameter pt[BTB_INDEX1_LO] bound to: 9'b000000010 
	Parameter pt[BTB_INDEX2_HI] bound to: 9'b000001000 
	Parameter pt[BTB_INDEX2_LO] bound to: 9'b000000110 
	Parameter pt[BTB_INDEX3_HI] bound to: 9'b000001011 
	Parameter pt[BTB_INDEX3_LO] bound to: 9'b000001001 
	Parameter pt[BTB_SIZE] bound to: 14'b00000000001000 
	Parameter pt[BTB_TOFFSET_SIZE] bound to: 9'b000001100 
	Parameter pt[BUILD_AHB_LITE] bound to: 1'b0 
	Parameter pt[BUILD_AXI4] bound to: 5'b00001 
	Parameter pt[BUILD_AXI_NATIVE] bound to: 5'b00001 
	Parameter pt[BUS_PRTY_DEFAULT] bound to: 6'b000011 
	Parameter pt[DATA_ACCESS_ADDR0] bound to: 36'b000000000000000000000000000000000000 
	Parameter pt[DATA_ACCESS_ADDR1] bound to: 36'b000000000000000000000000000000000000 
	Parameter pt[DATA_ACCESS_ADDR2] bound to: 36'b000000000000000000000000000000000000 
	Parameter pt[DATA_ACCESS_ADDR3] bound to: 36'b000000000000000000000000000000000000 
	Parameter pt[DATA_ACCESS_ADDR4] bound to: 36'b000000000000000000000000000000000000 
	Parameter pt[DATA_ACCESS_ADDR5] bound to: 36'b000000000000000000000000000000000000 
	Parameter pt[DATA_ACCESS_ADDR6] bound to: 36'b000000000000000000000000000000000000 
	Parameter pt[DATA_ACCESS_ADDR7] bound to: 36'b000000000000000000000000000000000000 
	Parameter pt[DATA_ACCESS_ENABLE0] bound to: 5'b00000 
	Parameter pt[DATA_ACCESS_ENABLE1] bound to: 5'b00000 
	Parameter pt[DATA_ACCESS_ENABLE2] bound to: 5'b00000 
	Parameter pt[DATA_ACCESS_ENABLE3] bound to: 5'b00000 
	Parameter pt[DATA_ACCESS_ENABLE4] bound to: 5'b00000 
	Parameter pt[DATA_ACCESS_ENABLE5] bound to: 5'b00000 
	Parameter pt[DATA_ACCESS_ENABLE6] bound to: 5'b00000 
	Parameter pt[DATA_ACCESS_ENABLE7] bound to: 5'b00000 
	Parameter pt[DATA_ACCESS_MASK0] bound to: 36'b000011111111111111111111111111111111 
	Parameter pt[DATA_ACCESS_MASK1] bound to: 36'b000011111111111111111111111111111111 
	Parameter pt[DATA_ACCESS_MASK2] bound to: 36'b000011111111111111111111111111111111 
	Parameter pt[DATA_ACCESS_MASK3] bound to: 36'b000011111111111111111111111111111111 
	Parameter pt[DATA_ACCESS_MASK4] bound to: 36'b000011111111111111111111111111111111 
	Parameter pt[DATA_ACCESS_MASK5] bound to: 36'b000011111111111111111111111111111111 
	Parameter pt[DATA_ACCESS_MASK6] bound to: 36'b000011111111111111111111111111111111 
	Parameter pt[DATA_ACCESS_MASK7] bound to: 36'b000011111111111111111111111111111111 
	Parameter pt[DCCM_BANK_BITS] bound to: 7'b0000010 
	Parameter pt[DCCM_BITS] bound to: 9'b000001110 
	Parameter pt[DCCM_BYTE_WIDTH] bound to: 7'b0000100 
	Parameter pt[DCCM_DATA_WIDTH] bound to: 10'b0000100000 
	Parameter pt[DCCM_ECC_WIDTH] bound to: 7'b0000111 
	Parameter pt[DCCM_ENABLE] bound to: 5'b00001 
	Parameter pt[DCCM_FDATA_WIDTH] bound to: 10'b0000100111 
	Parameter pt[DCCM_INDEX_BITS] bound to: 8'b00001010 
	Parameter pt[DCCM_NUM_BANKS] bound to: 9'b000000100 
	Parameter pt[DCCM_REGION] bound to: 8'b00001111 
	Parameter pt[DCCM_SADR] bound to: 36'b000011110000000001000000000000000000 
	Parameter pt[DCCM_SIZE] bound to: 14'b00000000010000 
	Parameter pt[DCCM_WIDTH_BITS] bound to: 6'b000010 
	Parameter pt[DIV_BIT] bound to: 7'b0000100 
	Parameter pt[DIV_NEW] bound to: 5'b00001 
	Parameter pt[DMA_BUF_DEPTH] bound to: 7'b0000010 
	Parameter pt[DMA_BUS_ID] bound to: 9'b000000001 
	Parameter pt[DMA_BUS_PRTY] bound to: 6'b000010 
	Parameter pt[DMA_BUS_TAG] bound to: 8'b00000001 
	Parameter pt[FAST_INTERRUPT_REDIRECT] bound to: 5'b00000 
	Parameter pt[ICACHE_2BANKS] bound to: 5'b00000 
	Parameter pt[ICACHE_BANK_BITS] bound to: 7'b0000001 
	Parameter pt[ICACHE_BANK_HI] bound to: 7'b0000011 
	Parameter pt[ICACHE_BANK_LO] bound to: 6'b000011 
	Parameter pt[ICACHE_BANK_WIDTH] bound to: 8'b00001000 
	Parameter pt[ICACHE_BANKS_WAY] bound to: 7'b0000010 
	Parameter pt[ICACHE_BEAT_ADDR_HI] bound to: 8'b00000101 
	Parameter pt[ICACHE_BEAT_BITS] bound to: 8'b00000011 
	Parameter pt[ICACHE_BYPASS_ENABLE] bound to: 5'b00001 
	Parameter pt[ICACHE_DATA_DEPTH] bound to: 18'b000000000100000000 
	Parameter pt[ICACHE_DATA_INDEX_LO] bound to: 7'b0000100 
	Parameter pt[ICACHE_DATA_WIDTH] bound to: 11'b00001000000 
	Parameter pt[ICACHE_ECC] bound to: 5'b00000 
	Parameter pt[ICACHE_ENABLE] bound to: 5'b00001 
	Parameter pt[ICACHE_FDATA_WIDTH] bound to: 11'b00001000100 
	Parameter pt[ICACHE_INDEX_HI] bound to: 9'b000001011 
	Parameter pt[ICACHE_LN_SZ] bound to: 11'b00001000000 
	Parameter pt[ICACHE_NUM_BEATS] bound to: 8'b00001000 
	Parameter pt[ICACHE_NUM_BYPASS] bound to: 8'b00000010 
	Parameter pt[ICACHE_NUM_BYPASS_WIDTH] bound to: 8'b00000010 
	Parameter pt[ICACHE_NUM_WAYS] bound to: 7'b0000010 
	Parameter pt[ICACHE_ONLY] bound to: 5'b00000 
	Parameter pt[ICACHE_SCND_LAST] bound to: 8'b00000110 
	Parameter pt[ICACHE_SIZE] bound to: 13'b0000000001000 
	Parameter pt[ICACHE_STATUS_BITS] bound to: 7'b0000001 
	Parameter pt[ICACHE_TAG_BYPASS_ENABLE] bound to: 5'b00001 
	Parameter pt[ICACHE_TAG_DEPTH] bound to: 17'b00000000001000000 
	Parameter pt[ICACHE_TAG_INDEX_LO] bound to: 7'b0000110 
	Parameter pt[ICACHE_TAG_LO] bound to: 9'b000001100 
	Parameter pt[ICACHE_TAG_NUM_BYPASS] bound to: 8'b00000010 
	Parameter pt[ICACHE_TAG_NUM_BYPASS_WIDTH] bound to: 8'b00000010 
	Parameter pt[ICACHE_WAYPACK] bound to: 5'b00001 
	Parameter pt[ICCM_BANK_BITS] bound to: 7'b0000010 
	Parameter pt[ICCM_BANK_HI] bound to: 9'b000000011 
	Parameter pt[ICCM_BANK_INDEX_LO] bound to: 9'b000000100 
	Parameter pt[ICCM_BITS] bound to: 9'b000001100 
	Parameter pt[ICCM_ENABLE] bound to: 5'b00001 
	Parameter pt[ICCM_ICACHE] bound to: 5'b00001 
	Parameter pt[ICCM_INDEX_BITS] bound to: 8'b00001000 
	Parameter pt[ICCM_NUM_BANKS] bound to: 9'b000000100 
	Parameter pt[ICCM_ONLY] bound to: 5'b00000 
	Parameter pt[ICCM_REGION] bound to: 8'b00001010 
	Parameter pt[ICCM_SADR] bound to: 36'b000010101111111111111111000000000000 
	Parameter pt[ICCM_SIZE] bound to: 14'b00000000000100 
	Parameter pt[IFU_BUS_ID] bound to: 5'b00001 
	Parameter pt[IFU_BUS_PRTY] bound to: 6'b000010 
	Parameter pt[IFU_BUS_TAG] bound to: 8'b00000011 
	Parameter pt[INST_ACCESS_ADDR0] bound to: 36'b000000000000000000000000000000000000 
	Parameter pt[INST_ACCESS_ADDR1] bound to: 36'b000000000000000000000000000000000000 
	Parameter pt[INST_ACCESS_ADDR2] bound to: 36'b000000000000000000000000000000000000 
	Parameter pt[INST_ACCESS_ADDR3] bound to: 36'b000000000000000000000000000000000000 
	Parameter pt[INST_ACCESS_ADDR4] bound to: 36'b000000000000000000000000000000000000 
	Parameter pt[INST_ACCESS_ADDR5] bound to: 36'b000000000000000000000000000000000000 
	Parameter pt[INST_ACCESS_ADDR6] bound to: 36'b000000000000000000000000000000000000 
	Parameter pt[INST_ACCESS_ADDR7] bound to: 36'b000000000000000000000000000000000000 
	Parameter pt[INST_ACCESS_ENABLE0] bound to: 5'b00000 
	Parameter pt[INST_ACCESS_ENABLE1] bound to: 5'b00000 
	Parameter pt[INST_ACCESS_ENABLE2] bound to: 5'b00000 
	Parameter pt[INST_ACCESS_ENABLE3] bound to: 5'b00000 
	Parameter pt[INST_ACCESS_ENABLE4] bound to: 5'b00000 
	Parameter pt[INST_ACCESS_ENABLE5] bound to: 5'b00000 
	Parameter pt[INST_ACCESS_ENABLE6] bound to: 5'b00000 
	Parameter pt[INST_ACCESS_ENABLE7] bound to: 5'b00000 
	Parameter pt[INST_ACCESS_MASK0] bound to: 36'b000011111111111111111111111111111111 
	Parameter pt[INST_ACCESS_MASK1] bound to: 36'b000011111111111111111111111111111111 
	Parameter pt[INST_ACCESS_MASK2] bound to: 36'b000011111111111111111111111111111111 
	Parameter pt[INST_ACCESS_MASK3] bound to: 36'b000011111111111111111111111111111111 
	Parameter pt[INST_ACCESS_MASK4] bound to: 36'b000011111111111111111111111111111111 
	Parameter pt[INST_ACCESS_MASK5] bound to: 36'b000011111111111111111111111111111111 
	Parameter pt[INST_ACCESS_MASK6] bound to: 36'b000011111111111111111111111111111111 
	Parameter pt[INST_ACCESS_MASK7] bound to: 36'b000011111111111111111111111111111111 
	Parameter pt[LOAD_TO_USE_PLUS1] bound to: 5'b00000 
	Parameter pt[LSU2DMA] bound to: 5'b00000 
	Parameter pt[LSU_BUS_ID] bound to: 5'b00001 
	Parameter pt[LSU_BUS_PRTY] bound to: 6'b000010 
	Parameter pt[LSU_BUS_TAG] bound to: 8'b00000011 
	Parameter pt[LSU_NUM_NBLOAD] bound to: 9'b000000100 
	Parameter pt[LSU_NUM_NBLOAD_WIDTH] bound to: 7'b0000010 
	Parameter pt[LSU_SB_BITS] bound to: 9'b000001110 
	Parameter pt[LSU_STBUF_DEPTH] bound to: 8'b00000100 
	Parameter pt[NO_ICCM_NO_ICACHE] bound to: 5'b00000 
	Parameter pt[PIC_2CYCLE] bound to: 5'b00000 
	Parameter pt[PIC_BASE_ADDR] bound to: 36'b000011110000000011000000000000000000 
	Parameter pt[PIC_BITS] bound to: 9'b000001111 
	Parameter pt[PIC_INT_WORDS] bound to: 8'b00000001 
	Parameter pt[PIC_REGION] bound to: 8'b00001111 
	Parameter pt[PIC_SIZE] bound to: 13'b0000000100000 
	Parameter pt[PIC_TOTAL_INT] bound to: 12'b000000001000 
	Parameter pt[PIC_TOTAL_INT_PLUS1] bound to: 13'b0000000001001 
	Parameter pt[RET_STACK_SIZE] bound to: 8'b00000010 
	Parameter pt[SB_BUS_ID] bound to: 5'b00001 
	Parameter pt[SB_BUS_PRTY] bound to: 6'b000010 
	Parameter pt[SB_BUS_TAG] bound to: 8'b00000001 
	Parameter pt[TIMER_LEGAL_EN] bound to: 5'b00001 
	Parameter WIDTH bound to: 56 - type: integer 
	Parameter WIDTH bound to: 56 - type: integer 
	Parameter WIDTH bound to: 56 - type: integer 
	Parameter WIDTH bound to: 39 - type: integer 
	Parameter WIDTH bound to: 39 - type: integer 
	Parameter WIDTH bound to: 39 - type: integer 
	Parameter WIDTH bound to: 8 - type: integer 
	Parameter WIDTH bound to: 57 - type: integer 
	Parameter WIDTH bound to: 57 - type: integer 
	Parameter WIDTH bound to: 57 - type: integer 
	Parameter WIDTH bound to: 6 - type: integer 
	Parameter OVERRIDE bound to: 1 - type: integer 
	Parameter pt[BHT_ADDR_HI] bound to: 8'b00000101 
	Parameter pt[BHT_ADDR_LO] bound to: 6'b000010 
	Parameter pt[BHT_ARRAY_DEPTH] bound to: 15'b000000000010000 
	Parameter pt[BHT_GHR_HASH_1] bound to: 5'b00000 
	Parameter pt[BHT_GHR_SIZE] bound to: 8'b00000100 
	Parameter pt[BHT_SIZE] bound to: 16'b0000000000100000 
	Parameter pt[BITMANIP_ZBA] bound to: 5'b00001 
	Parameter pt[BITMANIP_ZBB] bound to: 5'b00001 
	Parameter pt[BITMANIP_ZBC] bound to: 5'b00001 
	Parameter pt[BITMANIP_ZBE] bound to: 5'b00001 
	Parameter pt[BITMANIP_ZBF] bound to: 5'b00001 
	Parameter pt[BITMANIP_ZBP] bound to: 5'b00001 
	Parameter pt[BITMANIP_ZBR] bound to: 5'b00001 
	Parameter pt[BITMANIP_ZBS] bound to: 5'b00001 
	Parameter pt[BTB_ADDR_HI] bound to: 9'b000000101 
	Parameter pt[BTB_ADDR_LO] bound to: 6'b000010 
	Parameter pt[BTB_ARRAY_DEPTH] bound to: 13'b0000000000000 
	Parameter pt[BTB_BTAG_FOLD] bound to: 5'b00000 
	Parameter pt[BTB_BTAG_SIZE] bound to: 9'b000011111 
	Parameter pt[BTB_ENABLE] bound to: 5'b00001 
	Parameter pt[BTB_FOLD2_INDEX_HASH] bound to: 5'b00000 
	Parameter pt[BTB_FULLYA] bound to: 5'b00001 
	Parameter pt[BTB_INDEX1_HI] bound to: 9'b000000101 
	Parameter pt[BTB_INDEX1_LO] bound to: 9'b000000010 
	Parameter pt[BTB_INDEX2_HI] bound to: 9'b000001000 
	Parameter pt[BTB_INDEX2_LO] bound to: 9'b000000110 
	Parameter pt[BTB_INDEX3_HI] bound to: 9'b000001011 
	Parameter pt[BTB_INDEX3_LO] bound to: 9'b000001001 
	Parameter pt[BTB_SIZE] bound to: 14'b00000000001000 
	Parameter pt[BTB_TOFFSET_SIZE] bound to: 9'b000001100 
	Parameter pt[BUILD_AHB_LITE] bound to: 1'b0 
	Parameter pt[BUILD_AXI4] bound to: 5'b00001 
	Parameter pt[BUILD_AXI_NATIVE] bound to: 5'b00001 
	Parameter pt[BUS_PRTY_DEFAULT] bound to: 6'b000011 
	Parameter pt[DATA_ACCESS_ADDR0] bound to: 36'b000000000000000000000000000000000000 
	Parameter pt[DATA_ACCESS_ADDR1] bound to: 36'b000000000000000000000000000000000000 
	Parameter pt[DATA_ACCESS_ADDR2] bound to: 36'b000000000000000000000000000000000000 
	Parameter pt[DATA_ACCESS_ADDR3] bound to: 36'b000000000000000000000000000000000000 
	Parameter pt[DATA_ACCESS_ADDR4] bound to: 36'b000000000000000000000000000000000000 
	Parameter pt[DATA_ACCESS_ADDR5] bound to: 36'b000000000000000000000000000000000000 
	Parameter pt[DATA_ACCESS_ADDR6] bound to: 36'b000000000000000000000000000000000000 
	Parameter pt[DATA_ACCESS_ADDR7] bound to: 36'b000000000000000000000000000000000000 
	Parameter pt[DATA_ACCESS_ENABLE0] bound to: 5'b00000 
	Parameter pt[DATA_ACCESS_ENABLE1] bound to: 5'b00000 
	Parameter pt[DATA_ACCESS_ENABLE2] bound to: 5'b00000 
	Parameter pt[DATA_ACCESS_ENABLE3] bound to: 5'b00000 
	Parameter pt[DATA_ACCESS_ENABLE4] bound to: 5'b00000 
	Parameter pt[DATA_ACCESS_ENABLE5] bound to: 5'b00000 
	Parameter pt[DATA_ACCESS_ENABLE6] bound to: 5'b00000 
	Parameter pt[DATA_ACCESS_ENABLE7] bound to: 5'b00000 
	Parameter pt[DATA_ACCESS_MASK0] bound to: 36'b000011111111111111111111111111111111 
	Parameter pt[DATA_ACCESS_MASK1] bound to: 36'b000011111111111111111111111111111111 
	Parameter pt[DATA_ACCESS_MASK2] bound to: 36'b000011111111111111111111111111111111 
	Parameter pt[DATA_ACCESS_MASK3] bound to: 36'b000011111111111111111111111111111111 
	Parameter pt[DATA_ACCESS_MASK4] bound to: 36'b000011111111111111111111111111111111 
	Parameter pt[DATA_ACCESS_MASK5] bound to: 36'b000011111111111111111111111111111111 
	Parameter pt[DATA_ACCESS_MASK6] bound to: 36'b000011111111111111111111111111111111 
	Parameter pt[DATA_ACCESS_MASK7] bound to: 36'b000011111111111111111111111111111111 
	Parameter pt[DCCM_BANK_BITS] bound to: 7'b0000010 
	Parameter pt[DCCM_BITS] bound to: 9'b000001110 
	Parameter pt[DCCM_BYTE_WIDTH] bound to: 7'b0000100 
	Parameter pt[DCCM_DATA_WIDTH] bound to: 10'b0000100000 
	Parameter pt[DCCM_ECC_WIDTH] bound to: 7'b0000111 
	Parameter pt[DCCM_ENABLE] bound to: 5'b00001 
	Parameter pt[DCCM_FDATA_WIDTH] bound to: 10'b0000100111 
	Parameter pt[DCCM_INDEX_BITS] bound to: 8'b00001010 
	Parameter pt[DCCM_NUM_BANKS] bound to: 9'b000000100 
	Parameter pt[DCCM_REGION] bound to: 8'b00001111 
	Parameter pt[DCCM_SADR] bound to: 36'b000011110000000001000000000000000000 
	Parameter pt[DCCM_SIZE] bound to: 14'b00000000010000 
	Parameter pt[DCCM_WIDTH_BITS] bound to: 6'b000010 
	Parameter pt[DIV_BIT] bound to: 7'b0000100 
	Parameter pt[DIV_NEW] bound to: 5'b00001 
	Parameter pt[DMA_BUF_DEPTH] bound to: 7'b0000010 
	Parameter pt[DMA_BUS_ID] bound to: 9'b000000001 
	Parameter pt[DMA_BUS_PRTY] bound to: 6'b000010 
	Parameter pt[DMA_BUS_TAG] bound to: 8'b00000001 
	Parameter pt[FAST_INTERRUPT_REDIRECT] bound to: 5'b00000 
	Parameter pt[ICACHE_2BANKS] bound to: 5'b00000 
	Parameter pt[ICACHE_BANK_BITS] bound to: 7'b0000001 
	Parameter pt[ICACHE_BANK_HI] bound to: 7'b0000011 
	Parameter pt[ICACHE_BANK_LO] bound to: 6'b000011 
	Parameter pt[ICACHE_BANK_WIDTH] bound to: 8'b00001000 
	Parameter pt[ICACHE_BANKS_WAY] bound to: 7'b0000010 
	Parameter pt[ICACHE_BEAT_ADDR_HI] bound to: 8'b00000101 
	Parameter pt[ICACHE_BEAT_BITS] bound to: 8'b00000011 
	Parameter pt[ICACHE_BYPASS_ENABLE] bound to: 5'b00001 
	Parameter pt[ICACHE_DATA_DEPTH] bound to: 18'b000000000100000000 
	Parameter pt[ICACHE_DATA_INDEX_LO] bound to: 7'b0000100 
	Parameter pt[ICACHE_DATA_WIDTH] bound to: 11'b00001000000 
	Parameter pt[ICACHE_ECC] bound to: 5'b00000 
	Parameter pt[ICACHE_ENABLE] bound to: 5'b00001 
	Parameter pt[ICACHE_FDATA_WIDTH] bound to: 11'b00001000100 
	Parameter pt[ICACHE_INDEX_HI] bound to: 9'b000001011 
	Parameter pt[ICACHE_LN_SZ] bound to: 11'b00001000000 
	Parameter pt[ICACHE_NUM_BEATS] bound to: 8'b00001000 
	Parameter pt[ICACHE_NUM_BYPASS] bound to: 8'b00000010 
	Parameter pt[ICACHE_NUM_BYPASS_WIDTH] bound to: 8'b00000010 
	Parameter pt[ICACHE_NUM_WAYS] bound to: 7'b0000010 
	Parameter pt[ICACHE_ONLY] bound to: 5'b00000 
	Parameter pt[ICACHE_SCND_LAST] bound to: 8'b00000110 
	Parameter pt[ICACHE_SIZE] bound to: 13'b0000000001000 
	Parameter pt[ICACHE_STATUS_BITS] bound to: 7'b0000001 
	Parameter pt[ICACHE_TAG_BYPASS_ENABLE] bound to: 5'b00001 
	Parameter pt[ICACHE_TAG_DEPTH] bound to: 17'b00000000001000000 
	Parameter pt[ICACHE_TAG_INDEX_LO] bound to: 7'b0000110 
	Parameter pt[ICACHE_TAG_LO] bound to: 9'b000001100 
	Parameter pt[ICACHE_TAG_NUM_BYPASS] bound to: 8'b00000010 
	Parameter pt[ICACHE_TAG_NUM_BYPASS_WIDTH] bound to: 8'b00000010 
	Parameter pt[ICACHE_WAYPACK] bound to: 5'b00001 
	Parameter pt[ICCM_BANK_BITS] bound to: 7'b0000010 
	Parameter pt[ICCM_BANK_HI] bound to: 9'b000000011 
	Parameter pt[ICCM_BANK_INDEX_LO] bound to: 9'b000000100 
	Parameter pt[ICCM_BITS] bound to: 9'b000001100 
	Parameter pt[ICCM_ENABLE] bound to: 5'b00001 
	Parameter pt[ICCM_ICACHE] bound to: 5'b00001 
	Parameter pt[ICCM_INDEX_BITS] bound to: 8'b00001000 
	Parameter pt[ICCM_NUM_BANKS] bound to: 9'b000000100 
	Parameter pt[ICCM_ONLY] bound to: 5'b00000 
	Parameter pt[ICCM_REGION] bound to: 8'b00001010 
	Parameter pt[ICCM_SADR] bound to: 36'b000010101111111111111111000000000000 
	Parameter pt[ICCM_SIZE] bound to: 14'b00000000000100 
	Parameter pt[IFU_BUS_ID] bound to: 5'b00001 
	Parameter pt[IFU_BUS_PRTY] bound to: 6'b000010 
	Parameter pt[IFU_BUS_TAG] bound to: 8'b00000011 
	Parameter pt[INST_ACCESS_ADDR0] bound to: 36'b000000000000000000000000000000000000 
	Parameter pt[INST_ACCESS_ADDR1] bound to: 36'b000000000000000000000000000000000000 
	Parameter pt[INST_ACCESS_ADDR2] bound to: 36'b000000000000000000000000000000000000 
	Parameter pt[INST_ACCESS_ADDR3] bound to: 36'b000000000000000000000000000000000000 
	Parameter pt[INST_ACCESS_ADDR4] bound to: 36'b000000000000000000000000000000000000 
	Parameter pt[INST_ACCESS_ADDR5] bound to: 36'b000000000000000000000000000000000000 
	Parameter pt[INST_ACCESS_ADDR6] bound to: 36'b000000000000000000000000000000000000 
	Parameter pt[INST_ACCESS_ADDR7] bound to: 36'b000000000000000000000000000000000000 
	Parameter pt[INST_ACCESS_ENABLE0] bound to: 5'b00000 
	Parameter pt[INST_ACCESS_ENABLE1] bound to: 5'b00000 
	Parameter pt[INST_ACCESS_ENABLE2] bound to: 5'b00000 
	Parameter pt[INST_ACCESS_ENABLE3] bound to: 5'b00000 
	Parameter pt[INST_ACCESS_ENABLE4] bound to: 5'b00000 
	Parameter pt[INST_ACCESS_ENABLE5] bound to: 5'b00000 
	Parameter pt[INST_ACCESS_ENABLE6] bound to: 5'b00000 
	Parameter pt[INST_ACCESS_ENABLE7] bound to: 5'b00000 
	Parameter pt[INST_ACCESS_MASK0] bound to: 36'b000011111111111111111111111111111111 
	Parameter pt[INST_ACCESS_MASK1] bound to: 36'b000011111111111111111111111111111111 
	Parameter pt[INST_ACCESS_MASK2] bound to: 36'b000011111111111111111111111111111111 
	Parameter pt[INST_ACCESS_MASK3] bound to: 36'b000011111111111111111111111111111111 
	Parameter pt[INST_ACCESS_MASK4] bound to: 36'b000011111111111111111111111111111111 
	Parameter pt[INST_ACCESS_MASK5] bound to: 36'b000011111111111111111111111111111111 
	Parameter pt[INST_ACCESS_MASK6] bound to: 36'b000011111111111111111111111111111111 
	Parameter pt[INST_ACCESS_MASK7] bound to: 36'b000011111111111111111111111111111111 
	Parameter pt[LOAD_TO_USE_PLUS1] bound to: 5'b00000 
	Parameter pt[LSU2DMA] bound to: 5'b00000 
	Parameter pt[LSU_BUS_ID] bound to: 5'b00001 
	Parameter pt[LSU_BUS_PRTY] bound to: 6'b000010 
	Parameter pt[LSU_BUS_TAG] bound to: 8'b00000011 
	Parameter pt[LSU_NUM_NBLOAD] bound to: 9'b000000100 
	Parameter pt[LSU_NUM_NBLOAD_WIDTH] bound to: 7'b0000010 
	Parameter pt[LSU_SB_BITS] bound to: 9'b000001110 
	Parameter pt[LSU_STBUF_DEPTH] bound to: 8'b00000100 
	Parameter pt[NO_ICCM_NO_ICACHE] bound to: 5'b00000 
	Parameter pt[PIC_2CYCLE] bound to: 5'b00000 
	Parameter pt[PIC_BASE_ADDR] bound to: 36'b000011110000000011000000000000000000 
	Parameter pt[PIC_BITS] bound to: 9'b000001111 
	Parameter pt[PIC_INT_WORDS] bound to: 8'b00000001 
	Parameter pt[PIC_REGION] bound to: 8'b00001111 
	Parameter pt[PIC_SIZE] bound to: 13'b0000000100000 
	Parameter pt[PIC_TOTAL_INT] bound to: 12'b000000001000 
	Parameter pt[PIC_TOTAL_INT_PLUS1] bound to: 13'b0000000001001 
	Parameter pt[RET_STACK_SIZE] bound to: 8'b00000010 
	Parameter pt[SB_BUS_ID] bound to: 5'b00001 
	Parameter pt[SB_BUS_PRTY] bound to: 6'b000010 
	Parameter pt[SB_BUS_TAG] bound to: 8'b00000001 
	Parameter pt[TIMER_LEGAL_EN] bound to: 5'b00001 
	Parameter pt[BHT_ADDR_HI] bound to: 8'b00000101 
	Parameter pt[BHT_ADDR_LO] bound to: 6'b000010 
	Parameter pt[BHT_ARRAY_DEPTH] bound to: 15'b000000000010000 
	Parameter pt[BHT_GHR_HASH_1] bound to: 5'b00000 
	Parameter pt[BHT_GHR_SIZE] bound to: 8'b00000100 
	Parameter pt[BHT_SIZE] bound to: 16'b0000000000100000 
	Parameter pt[BITMANIP_ZBA] bound to: 5'b00001 
	Parameter pt[BITMANIP_ZBB] bound to: 5'b00001 
	Parameter pt[BITMANIP_ZBC] bound to: 5'b00001 
	Parameter pt[BITMANIP_ZBE] bound to: 5'b00001 
	Parameter pt[BITMANIP_ZBF] bound to: 5'b00001 
	Parameter pt[BITMANIP_ZBP] bound to: 5'b00001 
	Parameter pt[BITMANIP_ZBR] bound to: 5'b00001 
	Parameter pt[BITMANIP_ZBS] bound to: 5'b00001 
	Parameter pt[BTB_ADDR_HI] bound to: 9'b000000101 
	Parameter pt[BTB_ADDR_LO] bound to: 6'b000010 
	Parameter pt[BTB_ARRAY_DEPTH] bound to: 13'b0000000000000 
	Parameter pt[BTB_BTAG_FOLD] bound to: 5'b00000 
	Parameter pt[BTB_BTAG_SIZE] bound to: 9'b000011111 
	Parameter pt[BTB_ENABLE] bound to: 5'b00001 
	Parameter pt[BTB_FOLD2_INDEX_HASH] bound to: 5'b00000 
	Parameter pt[BTB_FULLYA] bound to: 5'b00001 
	Parameter pt[BTB_INDEX1_HI] bound to: 9'b000000101 
	Parameter pt[BTB_INDEX1_LO] bound to: 9'b000000010 
	Parameter pt[BTB_INDEX2_HI] bound to: 9'b000001000 
	Parameter pt[BTB_INDEX2_LO] bound to: 9'b000000110 
	Parameter pt[BTB_INDEX3_HI] bound to: 9'b000001011 
	Parameter pt[BTB_INDEX3_LO] bound to: 9'b000001001 
	Parameter pt[BTB_SIZE] bound to: 14'b00000000001000 
	Parameter pt[BTB_TOFFSET_SIZE] bound to: 9'b000001100 
	Parameter pt[BUILD_AHB_LITE] bound to: 1'b0 
	Parameter pt[BUILD_AXI4] bound to: 5'b00001 
	Parameter pt[BUILD_AXI_NATIVE] bound to: 5'b00001 
	Parameter pt[BUS_PRTY_DEFAULT] bound to: 6'b000011 
	Parameter pt[DATA_ACCESS_ADDR0] bound to: 36'b000000000000000000000000000000000000 
	Parameter pt[DATA_ACCESS_ADDR1] bound to: 36'b000000000000000000000000000000000000 
	Parameter pt[DATA_ACCESS_ADDR2] bound to: 36'b000000000000000000000000000000000000 
	Parameter pt[DATA_ACCESS_ADDR3] bound to: 36'b000000000000000000000000000000000000 
	Parameter pt[DATA_ACCESS_ADDR4] bound to: 36'b000000000000000000000000000000000000 
	Parameter pt[DATA_ACCESS_ADDR5] bound to: 36'b000000000000000000000000000000000000 
	Parameter pt[DATA_ACCESS_ADDR6] bound to: 36'b000000000000000000000000000000000000 
	Parameter pt[DATA_ACCESS_ADDR7] bound to: 36'b000000000000000000000000000000000000 
	Parameter pt[DATA_ACCESS_ENABLE0] bound to: 5'b00000 
	Parameter pt[DATA_ACCESS_ENABLE1] bound to: 5'b00000 
	Parameter pt[DATA_ACCESS_ENABLE2] bound to: 5'b00000 
	Parameter pt[DATA_ACCESS_ENABLE3] bound to: 5'b00000 
	Parameter pt[DATA_ACCESS_ENABLE4] bound to: 5'b00000 
	Parameter pt[DATA_ACCESS_ENABLE5] bound to: 5'b00000 
	Parameter pt[DATA_ACCESS_ENABLE6] bound to: 5'b00000 
	Parameter pt[DATA_ACCESS_ENABLE7] bound to: 5'b00000 
	Parameter pt[DATA_ACCESS_MASK0] bound to: 36'b000011111111111111111111111111111111 
	Parameter pt[DATA_ACCESS_MASK1] bound to: 36'b000011111111111111111111111111111111 
	Parameter pt[DATA_ACCESS_MASK2] bound to: 36'b000011111111111111111111111111111111 
	Parameter pt[DATA_ACCESS_MASK3] bound to: 36'b000011111111111111111111111111111111 
	Parameter pt[DATA_ACCESS_MASK4] bound to: 36'b000011111111111111111111111111111111 
	Parameter pt[DATA_ACCESS_MASK5] bound to: 36'b000011111111111111111111111111111111 
	Parameter pt[DATA_ACCESS_MASK6] bound to: 36'b000011111111111111111111111111111111 
	Parameter pt[DATA_ACCESS_MASK7] bound to: 36'b000011111111111111111111111111111111 
	Parameter pt[DCCM_BANK_BITS] bound to: 7'b0000010 
	Parameter pt[DCCM_BITS] bound to: 9'b000001110 
	Parameter pt[DCCM_BYTE_WIDTH] bound to: 7'b0000100 
	Parameter pt[DCCM_DATA_WIDTH] bound to: 10'b0000100000 
	Parameter pt[DCCM_ECC_WIDTH] bound to: 7'b0000111 
	Parameter pt[DCCM_ENABLE] bound to: 5'b00001 
	Parameter pt[DCCM_FDATA_WIDTH] bound to: 10'b0000100111 
	Parameter pt[DCCM_INDEX_BITS] bound to: 8'b00001010 
	Parameter pt[DCCM_NUM_BANKS] bound to: 9'b000000100 
	Parameter pt[DCCM_REGION] bound to: 8'b00001111 
	Parameter pt[DCCM_SADR] bound to: 36'b000011110000000001000000000000000000 
	Parameter pt[DCCM_SIZE] bound to: 14'b00000000010000 
	Parameter pt[DCCM_WIDTH_BITS] bound to: 6'b000010 
	Parameter pt[DIV_BIT] bound to: 7'b0000100 
	Parameter pt[DIV_NEW] bound to: 5'b00001 
	Parameter pt[DMA_BUF_DEPTH] bound to: 7'b0000010 
	Parameter pt[DMA_BUS_ID] bound to: 9'b000000001 
	Parameter pt[DMA_BUS_PRTY] bound to: 6'b000010 
	Parameter pt[DMA_BUS_TAG] bound to: 8'b00000001 
	Parameter pt[FAST_INTERRUPT_REDIRECT] bound to: 5'b00000 
	Parameter pt[ICACHE_2BANKS] bound to: 5'b00000 
	Parameter pt[ICACHE_BANK_BITS] bound to: 7'b0000001 
	Parameter pt[ICACHE_BANK_HI] bound to: 7'b0000011 
	Parameter pt[ICACHE_BANK_LO] bound to: 6'b000011 
	Parameter pt[ICACHE_BANK_WIDTH] bound to: 8'b00001000 
	Parameter pt[ICACHE_BANKS_WAY] bound to: 7'b0000010 
	Parameter pt[ICACHE_BEAT_ADDR_HI] bound to: 8'b00000101 
	Parameter pt[ICACHE_BEAT_BITS] bound to: 8'b00000011 
	Parameter pt[ICACHE_BYPASS_ENABLE] bound to: 5'b00001 
	Parameter pt[ICACHE_DATA_DEPTH] bound to: 18'b000000000100000000 
	Parameter pt[ICACHE_DATA_INDEX_LO] bound to: 7'b0000100 
	Parameter pt[ICACHE_DATA_WIDTH] bound to: 11'b00001000000 
	Parameter pt[ICACHE_ECC] bound to: 5'b00000 
	Parameter pt[ICACHE_ENABLE] bound to: 5'b00001 
	Parameter pt[ICACHE_FDATA_WIDTH] bound to: 11'b00001000100 
	Parameter pt[ICACHE_INDEX_HI] bound to: 9'b000001011 
	Parameter pt[ICACHE_LN_SZ] bound to: 11'b00001000000 
	Parameter pt[ICACHE_NUM_BEATS] bound to: 8'b00001000 
	Parameter pt[ICACHE_NUM_BYPASS] bound to: 8'b00000010 
	Parameter pt[ICACHE_NUM_BYPASS_WIDTH] bound to: 8'b00000010 
	Parameter pt[ICACHE_NUM_WAYS] bound to: 7'b0000010 
	Parameter pt[ICACHE_ONLY] bound to: 5'b00000 
	Parameter pt[ICACHE_SCND_LAST] bound to: 8'b00000110 
	Parameter pt[ICACHE_SIZE] bound to: 13'b0000000001000 
	Parameter pt[ICACHE_STATUS_BITS] bound to: 7'b0000001 
	Parameter pt[ICACHE_TAG_BYPASS_ENABLE] bound to: 5'b00001 
	Parameter pt[ICACHE_TAG_DEPTH] bound to: 17'b00000000001000000 
	Parameter pt[ICACHE_TAG_INDEX_LO] bound to: 7'b0000110 
	Parameter pt[ICACHE_TAG_LO] bound to: 9'b000001100 
	Parameter pt[ICACHE_TAG_NUM_BYPASS] bound to: 8'b00000010 
	Parameter pt[ICACHE_TAG_NUM_BYPASS_WIDTH] bound to: 8'b00000010 
	Parameter pt[ICACHE_WAYPACK] bound to: 5'b00001 
	Parameter pt[ICCM_BANK_BITS] bound to: 7'b0000010 
	Parameter pt[ICCM_BANK_HI] bound to: 9'b000000011 
	Parameter pt[ICCM_BANK_INDEX_LO] bound to: 9'b000000100 
	Parameter pt[ICCM_BITS] bound to: 9'b000001100 
	Parameter pt[ICCM_ENABLE] bound to: 5'b00001 
	Parameter pt[ICCM_ICACHE] bound to: 5'b00001 
	Parameter pt[ICCM_INDEX_BITS] bound to: 8'b00001000 
	Parameter pt[ICCM_NUM_BANKS] bound to: 9'b000000100 
	Parameter pt[ICCM_ONLY] bound to: 5'b00000 
	Parameter pt[ICCM_REGION] bound to: 8'b00001010 
	Parameter pt[ICCM_SADR] bound to: 36'b000010101111111111111111000000000000 
	Parameter pt[ICCM_SIZE] bound to: 14'b00000000000100 
	Parameter pt[IFU_BUS_ID] bound to: 5'b00001 
	Parameter pt[IFU_BUS_PRTY] bound to: 6'b000010 
	Parameter pt[IFU_BUS_TAG] bound to: 8'b00000011 
	Parameter pt[INST_ACCESS_ADDR0] bound to: 36'b000000000000000000000000000000000000 
	Parameter pt[INST_ACCESS_ADDR1] bound to: 36'b000000000000000000000000000000000000 
	Parameter pt[INST_ACCESS_ADDR2] bound to: 36'b000000000000000000000000000000000000 
	Parameter pt[INST_ACCESS_ADDR3] bound to: 36'b000000000000000000000000000000000000 
	Parameter pt[INST_ACCESS_ADDR4] bound to: 36'b000000000000000000000000000000000000 
	Parameter pt[INST_ACCESS_ADDR5] bound to: 36'b000000000000000000000000000000000000 
	Parameter pt[INST_ACCESS_ADDR6] bound to: 36'b000000000000000000000000000000000000 
	Parameter pt[INST_ACCESS_ADDR7] bound to: 36'b000000000000000000000000000000000000 
	Parameter pt[INST_ACCESS_ENABLE0] bound to: 5'b00000 
	Parameter pt[INST_ACCESS_ENABLE1] bound to: 5'b00000 
	Parameter pt[INST_ACCESS_ENABLE2] bound to: 5'b00000 
	Parameter pt[INST_ACCESS_ENABLE3] bound to: 5'b00000 
	Parameter pt[INST_ACCESS_ENABLE4] bound to: 5'b00000 
	Parameter pt[INST_ACCESS_ENABLE5] bound to: 5'b00000 
	Parameter pt[INST_ACCESS_ENABLE6] bound to: 5'b00000 
	Parameter pt[INST_ACCESS_ENABLE7] bound to: 5'b00000 
	Parameter pt[INST_ACCESS_MASK0] bound to: 36'b000011111111111111111111111111111111 
	Parameter pt[INST_ACCESS_MASK1] bound to: 36'b000011111111111111111111111111111111 
	Parameter pt[INST_ACCESS_MASK2] bound to: 36'b000011111111111111111111111111111111 
	Parameter pt[INST_ACCESS_MASK3] bound to: 36'b000011111111111111111111111111111111 
	Parameter pt[INST_ACCESS_MASK4] bound to: 36'b000011111111111111111111111111111111 
	Parameter pt[INST_ACCESS_MASK5] bound to: 36'b000011111111111111111111111111111111 
	Parameter pt[INST_ACCESS_MASK6] bound to: 36'b000011111111111111111111111111111111 
	Parameter pt[INST_ACCESS_MASK7] bound to: 36'b000011111111111111111111111111111111 
	Parameter pt[LOAD_TO_USE_PLUS1] bound to: 5'b00000 
	Parameter pt[LSU2DMA] bound to: 5'b00000 
	Parameter pt[LSU_BUS_ID] bound to: 5'b00001 
	Parameter pt[LSU_BUS_PRTY] bound to: 6'b000010 
	Parameter pt[LSU_BUS_TAG] bound to: 8'b00000011 
	Parameter pt[LSU_NUM_NBLOAD] bound to: 9'b000000100 
	Parameter pt[LSU_NUM_NBLOAD_WIDTH] bound to: 7'b0000010 
	Parameter pt[LSU_SB_BITS] bound to: 9'b000001110 
	Parameter pt[LSU_STBUF_DEPTH] bound to: 8'b00000100 
	Parameter pt[NO_ICCM_NO_ICACHE] bound to: 5'b00000 
	Parameter pt[PIC_2CYCLE] bound to: 5'b00000 
	Parameter pt[PIC_BASE_ADDR] bound to: 36'b000011110000000011000000000000000000 
	Parameter pt[PIC_BITS] bound to: 9'b000001111 
	Parameter pt[PIC_INT_WORDS] bound to: 8'b00000001 
	Parameter pt[PIC_REGION] bound to: 8'b00001111 
	Parameter pt[PIC_SIZE] bound to: 13'b0000000100000 
	Parameter pt[PIC_TOTAL_INT] bound to: 12'b000000001000 
	Parameter pt[PIC_TOTAL_INT_PLUS1] bound to: 13'b0000000001001 
	Parameter pt[RET_STACK_SIZE] bound to: 8'b00000010 
	Parameter pt[SB_BUS_ID] bound to: 5'b00001 
	Parameter pt[SB_BUS_PRTY] bound to: 6'b000010 
	Parameter pt[SB_BUS_TAG] bound to: 8'b00000001 
	Parameter pt[TIMER_LEGAL_EN] bound to: 5'b00001 
	Parameter WIDTH bound to: 34 - type: integer 
	Parameter WIDTH bound to: 34 - type: integer 
	Parameter WIDTH bound to: 34 - type: integer 
	Parameter WIDTH bound to: 33 - type: integer 
	Parameter WIDTH bound to: 33 - type: integer 
	Parameter WIDTH bound to: 33 - type: integer 
	Parameter pt[BHT_ADDR_HI] bound to: 8'b00000101 
	Parameter pt[BHT_ADDR_LO] bound to: 6'b000010 
	Parameter pt[BHT_ARRAY_DEPTH] bound to: 15'b000000000010000 
	Parameter pt[BHT_GHR_HASH_1] bound to: 5'b00000 
	Parameter pt[BHT_GHR_SIZE] bound to: 8'b00000100 
	Parameter pt[BHT_SIZE] bound to: 16'b0000000000100000 
	Parameter pt[BITMANIP_ZBA] bound to: 5'b00001 
	Parameter pt[BITMANIP_ZBB] bound to: 5'b00001 
	Parameter pt[BITMANIP_ZBC] bound to: 5'b00001 
	Parameter pt[BITMANIP_ZBE] bound to: 5'b00001 
	Parameter pt[BITMANIP_ZBF] bound to: 5'b00001 
	Parameter pt[BITMANIP_ZBP] bound to: 5'b00001 
	Parameter pt[BITMANIP_ZBR] bound to: 5'b00001 
	Parameter pt[BITMANIP_ZBS] bound to: 5'b00001 
	Parameter pt[BTB_ADDR_HI] bound to: 9'b000000101 
	Parameter pt[BTB_ADDR_LO] bound to: 6'b000010 
	Parameter pt[BTB_ARRAY_DEPTH] bound to: 13'b0000000000000 
	Parameter pt[BTB_BTAG_FOLD] bound to: 5'b00000 
	Parameter pt[BTB_BTAG_SIZE] bound to: 9'b000011111 
	Parameter pt[BTB_ENABLE] bound to: 5'b00001 
	Parameter pt[BTB_FOLD2_INDEX_HASH] bound to: 5'b00000 
	Parameter pt[BTB_FULLYA] bound to: 5'b00001 
	Parameter pt[BTB_INDEX1_HI] bound to: 9'b000000101 
	Parameter pt[BTB_INDEX1_LO] bound to: 9'b000000010 
	Parameter pt[BTB_INDEX2_HI] bound to: 9'b000001000 
	Parameter pt[BTB_INDEX2_LO] bound to: 9'b000000110 
	Parameter pt[BTB_INDEX3_HI] bound to: 9'b000001011 
	Parameter pt[BTB_INDEX3_LO] bound to: 9'b000001001 
	Parameter pt[BTB_SIZE] bound to: 14'b00000000001000 
	Parameter pt[BTB_TOFFSET_SIZE] bound to: 9'b000001100 
	Parameter pt[BUILD_AHB_LITE] bound to: 1'b0 
	Parameter pt[BUILD_AXI4] bound to: 5'b00001 
	Parameter pt[BUILD_AXI_NATIVE] bound to: 5'b00001 
	Parameter pt[BUS_PRTY_DEFAULT] bound to: 6'b000011 
	Parameter pt[DATA_ACCESS_ADDR0] bound to: 36'b000000000000000000000000000000000000 
	Parameter pt[DATA_ACCESS_ADDR1] bound to: 36'b000000000000000000000000000000000000 
	Parameter pt[DATA_ACCESS_ADDR2] bound to: 36'b000000000000000000000000000000000000 
	Parameter pt[DATA_ACCESS_ADDR3] bound to: 36'b000000000000000000000000000000000000 
	Parameter pt[DATA_ACCESS_ADDR4] bound to: 36'b000000000000000000000000000000000000 
	Parameter pt[DATA_ACCESS_ADDR5] bound to: 36'b000000000000000000000000000000000000 
	Parameter pt[DATA_ACCESS_ADDR6] bound to: 36'b000000000000000000000000000000000000 
	Parameter pt[DATA_ACCESS_ADDR7] bound to: 36'b000000000000000000000000000000000000 
	Parameter pt[DATA_ACCESS_ENABLE0] bound to: 5'b00000 
	Parameter pt[DATA_ACCESS_ENABLE1] bound to: 5'b00000 
	Parameter pt[DATA_ACCESS_ENABLE2] bound to: 5'b00000 
	Parameter pt[DATA_ACCESS_ENABLE3] bound to: 5'b00000 
	Parameter pt[DATA_ACCESS_ENABLE4] bound to: 5'b00000 
	Parameter pt[DATA_ACCESS_ENABLE5] bound to: 5'b00000 
	Parameter pt[DATA_ACCESS_ENABLE6] bound to: 5'b00000 
	Parameter pt[DATA_ACCESS_ENABLE7] bound to: 5'b00000 
	Parameter pt[DATA_ACCESS_MASK0] bound to: 36'b000011111111111111111111111111111111 
	Parameter pt[DATA_ACCESS_MASK1] bound to: 36'b000011111111111111111111111111111111 
	Parameter pt[DATA_ACCESS_MASK2] bound to: 36'b000011111111111111111111111111111111 
	Parameter pt[DATA_ACCESS_MASK3] bound to: 36'b000011111111111111111111111111111111 
	Parameter pt[DATA_ACCESS_MASK4] bound to: 36'b000011111111111111111111111111111111 
	Parameter pt[DATA_ACCESS_MASK5] bound to: 36'b000011111111111111111111111111111111 
	Parameter pt[DATA_ACCESS_MASK6] bound to: 36'b000011111111111111111111111111111111 
	Parameter pt[DATA_ACCESS_MASK7] bound to: 36'b000011111111111111111111111111111111 
	Parameter pt[DCCM_BANK_BITS] bound to: 7'b0000010 
	Parameter pt[DCCM_BITS] bound to: 9'b000001110 
	Parameter pt[DCCM_BYTE_WIDTH] bound to: 7'b0000100 
	Parameter pt[DCCM_DATA_WIDTH] bound to: 10'b0000100000 
	Parameter pt[DCCM_ECC_WIDTH] bound to: 7'b0000111 
	Parameter pt[DCCM_ENABLE] bound to: 5'b00001 
	Parameter pt[DCCM_FDATA_WIDTH] bound to: 10'b0000100111 
	Parameter pt[DCCM_INDEX_BITS] bound to: 8'b00001010 
	Parameter pt[DCCM_NUM_BANKS] bound to: 9'b000000100 
	Parameter pt[DCCM_REGION] bound to: 8'b00001111 
	Parameter pt[DCCM_SADR] bound to: 36'b000011110000000001000000000000000000 
	Parameter pt[DCCM_SIZE] bound to: 14'b00000000010000 
	Parameter pt[DCCM_WIDTH_BITS] bound to: 6'b000010 
	Parameter pt[DIV_BIT] bound to: 7'b0000100 
	Parameter pt[DIV_NEW] bound to: 5'b00001 
	Parameter pt[DMA_BUF_DEPTH] bound to: 7'b0000010 
	Parameter pt[DMA_BUS_ID] bound to: 9'b000000001 
	Parameter pt[DMA_BUS_PRTY] bound to: 6'b000010 
	Parameter pt[DMA_BUS_TAG] bound to: 8'b00000001 
	Parameter pt[FAST_INTERRUPT_REDIRECT] bound to: 5'b00000 
	Parameter pt[ICACHE_2BANKS] bound to: 5'b00000 
	Parameter pt[ICACHE_BANK_BITS] bound to: 7'b0000001 
	Parameter pt[ICACHE_BANK_HI] bound to: 7'b0000011 
	Parameter pt[ICACHE_BANK_LO] bound to: 6'b000011 
	Parameter pt[ICACHE_BANK_WIDTH] bound to: 8'b00001000 
	Parameter pt[ICACHE_BANKS_WAY] bound to: 7'b0000010 
	Parameter pt[ICACHE_BEAT_ADDR_HI] bound to: 8'b00000101 
	Parameter pt[ICACHE_BEAT_BITS] bound to: 8'b00000011 
	Parameter pt[ICACHE_BYPASS_ENABLE] bound to: 5'b00001 
	Parameter pt[ICACHE_DATA_DEPTH] bound to: 18'b000000000100000000 
	Parameter pt[ICACHE_DATA_INDEX_LO] bound to: 7'b0000100 
	Parameter pt[ICACHE_DATA_WIDTH] bound to: 11'b00001000000 
	Parameter pt[ICACHE_ECC] bound to: 5'b00000 
	Parameter pt[ICACHE_ENABLE] bound to: 5'b00001 
	Parameter pt[ICACHE_FDATA_WIDTH] bound to: 11'b00001000100 
	Parameter pt[ICACHE_INDEX_HI] bound to: 9'b000001011 
	Parameter pt[ICACHE_LN_SZ] bound to: 11'b00001000000 
	Parameter pt[ICACHE_NUM_BEATS] bound to: 8'b00001000 
	Parameter pt[ICACHE_NUM_BYPASS] bound to: 8'b00000010 
	Parameter pt[ICACHE_NUM_BYPASS_WIDTH] bound to: 8'b00000010 
	Parameter pt[ICACHE_NUM_WAYS] bound to: 7'b0000010 
	Parameter pt[ICACHE_ONLY] bound to: 5'b00000 
	Parameter pt[ICACHE_SCND_LAST] bound to: 8'b00000110 
	Parameter pt[ICACHE_SIZE] bound to: 13'b0000000001000 
	Parameter pt[ICACHE_STATUS_BITS] bound to: 7'b0000001 
	Parameter pt[ICACHE_TAG_BYPASS_ENABLE] bound to: 5'b00001 
	Parameter pt[ICACHE_TAG_DEPTH] bound to: 17'b00000000001000000 
	Parameter pt[ICACHE_TAG_INDEX_LO] bound to: 7'b0000110 
	Parameter pt[ICACHE_TAG_LO] bound to: 9'b000001100 
	Parameter pt[ICACHE_TAG_NUM_BYPASS] bound to: 8'b00000010 
	Parameter pt[ICACHE_TAG_NUM_BYPASS_WIDTH] bound to: 8'b00000010 
	Parameter pt[ICACHE_WAYPACK] bound to: 5'b00001 
	Parameter pt[ICCM_BANK_BITS] bound to: 7'b0000010 
	Parameter pt[ICCM_BANK_HI] bound to: 9'b000000011 
	Parameter pt[ICCM_BANK_INDEX_LO] bound to: 9'b000000100 
	Parameter pt[ICCM_BITS] bound to: 9'b000001100 
	Parameter pt[ICCM_ENABLE] bound to: 5'b00001 
	Parameter pt[ICCM_ICACHE] bound to: 5'b00001 
	Parameter pt[ICCM_INDEX_BITS] bound to: 8'b00001000 
	Parameter pt[ICCM_NUM_BANKS] bound to: 9'b000000100 
	Parameter pt[ICCM_ONLY] bound to: 5'b00000 
	Parameter pt[ICCM_REGION] bound to: 8'b00001010 
	Parameter pt[ICCM_SADR] bound to: 36'b000010101111111111111111000000000000 
	Parameter pt[ICCM_SIZE] bound to: 14'b00000000000100 
	Parameter pt[IFU_BUS_ID] bound to: 5'b00001 
	Parameter pt[IFU_BUS_PRTY] bound to: 6'b000010 
	Parameter pt[IFU_BUS_TAG] bound to: 8'b00000011 
	Parameter pt[INST_ACCESS_ADDR0] bound to: 36'b000000000000000000000000000000000000 
	Parameter pt[INST_ACCESS_ADDR1] bound to: 36'b000000000000000000000000000000000000 
	Parameter pt[INST_ACCESS_ADDR2] bound to: 36'b000000000000000000000000000000000000 
	Parameter pt[INST_ACCESS_ADDR3] bound to: 36'b000000000000000000000000000000000000 
	Parameter pt[INST_ACCESS_ADDR4] bound to: 36'b000000000000000000000000000000000000 
	Parameter pt[INST_ACCESS_ADDR5] bound to: 36'b000000000000000000000000000000000000 
	Parameter pt[INST_ACCESS_ADDR6] bound to: 36'b000000000000000000000000000000000000 
	Parameter pt[INST_ACCESS_ADDR7] bound to: 36'b000000000000000000000000000000000000 
	Parameter pt[INST_ACCESS_ENABLE0] bound to: 5'b00000 
	Parameter pt[INST_ACCESS_ENABLE1] bound to: 5'b00000 
	Parameter pt[INST_ACCESS_ENABLE2] bound to: 5'b00000 
	Parameter pt[INST_ACCESS_ENABLE3] bound to: 5'b00000 
	Parameter pt[INST_ACCESS_ENABLE4] bound to: 5'b00000 
	Parameter pt[INST_ACCESS_ENABLE5] bound to: 5'b00000 
	Parameter pt[INST_ACCESS_ENABLE6] bound to: 5'b00000 
	Parameter pt[INST_ACCESS_ENABLE7] bound to: 5'b00000 
	Parameter pt[INST_ACCESS_MASK0] bound to: 36'b000011111111111111111111111111111111 
	Parameter pt[INST_ACCESS_MASK1] bound to: 36'b000011111111111111111111111111111111 
	Parameter pt[INST_ACCESS_MASK2] bound to: 36'b000011111111111111111111111111111111 
	Parameter pt[INST_ACCESS_MASK3] bound to: 36'b000011111111111111111111111111111111 
	Parameter pt[INST_ACCESS_MASK4] bound to: 36'b000011111111111111111111111111111111 
	Parameter pt[INST_ACCESS_MASK5] bound to: 36'b000011111111111111111111111111111111 
	Parameter pt[INST_ACCESS_MASK6] bound to: 36'b000011111111111111111111111111111111 
	Parameter pt[INST_ACCESS_MASK7] bound to: 36'b000011111111111111111111111111111111 
	Parameter pt[LOAD_TO_USE_PLUS1] bound to: 5'b00000 
	Parameter pt[LSU2DMA] bound to: 5'b00000 
	Parameter pt[LSU_BUS_ID] bound to: 5'b00001 
	Parameter pt[LSU_BUS_PRTY] bound to: 6'b000010 
	Parameter pt[LSU_BUS_TAG] bound to: 8'b00000011 
	Parameter pt[LSU_NUM_NBLOAD] bound to: 9'b000000100 
	Parameter pt[LSU_NUM_NBLOAD_WIDTH] bound to: 7'b0000010 
	Parameter pt[LSU_SB_BITS] bound to: 9'b000001110 
	Parameter pt[LSU_STBUF_DEPTH] bound to: 8'b00000100 
	Parameter pt[NO_ICCM_NO_ICACHE] bound to: 5'b00000 
	Parameter pt[PIC_2CYCLE] bound to: 5'b00000 
	Parameter pt[PIC_BASE_ADDR] bound to: 36'b000011110000000011000000000000000000 
	Parameter pt[PIC_BITS] bound to: 9'b000001111 
	Parameter pt[PIC_INT_WORDS] bound to: 8'b00000001 
	Parameter pt[PIC_REGION] bound to: 8'b00001111 
	Parameter pt[PIC_SIZE] bound to: 13'b0000000100000 
	Parameter pt[PIC_TOTAL_INT] bound to: 12'b000000001000 
	Parameter pt[PIC_TOTAL_INT_PLUS1] bound to: 13'b0000000001001 
	Parameter pt[RET_STACK_SIZE] bound to: 8'b00000010 
	Parameter pt[SB_BUS_ID] bound to: 5'b00001 
	Parameter pt[SB_BUS_PRTY] bound to: 6'b000010 
	Parameter pt[SB_BUS_TAG] bound to: 8'b00000001 
	Parameter pt[TIMER_LEGAL_EN] bound to: 5'b00001 
	Parameter WIDTH bound to: 19 - type: integer 
	Parameter WIDTH bound to: 19 - type: integer 
	Parameter WIDTH bound to: 19 - type: integer 
	Parameter WIDTH bound to: 32 - type: integer 
	Parameter pt[BHT_ADDR_HI] bound to: 8'b00000101 
	Parameter pt[BHT_ADDR_LO] bound to: 6'b000010 
	Parameter pt[BHT_ARRAY_DEPTH] bound to: 15'b000000000010000 
	Parameter pt[BHT_GHR_HASH_1] bound to: 5'b00000 
	Parameter pt[BHT_GHR_SIZE] bound to: 8'b00000100 
	Parameter pt[BHT_SIZE] bound to: 16'b0000000000100000 
	Parameter pt[BITMANIP_ZBA] bound to: 5'b00001 
	Parameter pt[BITMANIP_ZBB] bound to: 5'b00001 
	Parameter pt[BITMANIP_ZBC] bound to: 5'b00001 
	Parameter pt[BITMANIP_ZBE] bound to: 5'b00001 
	Parameter pt[BITMANIP_ZBF] bound to: 5'b00001 
	Parameter pt[BITMANIP_ZBP] bound to: 5'b00001 
	Parameter pt[BITMANIP_ZBR] bound to: 5'b00001 
	Parameter pt[BITMANIP_ZBS] bound to: 5'b00001 
	Parameter pt[BTB_ADDR_HI] bound to: 9'b000000101 
	Parameter pt[BTB_ADDR_LO] bound to: 6'b000010 
	Parameter pt[BTB_ARRAY_DEPTH] bound to: 13'b0000000000000 
	Parameter pt[BTB_BTAG_FOLD] bound to: 5'b00000 
	Parameter pt[BTB_BTAG_SIZE] bound to: 9'b000011111 
	Parameter pt[BTB_ENABLE] bound to: 5'b00001 
	Parameter pt[BTB_FOLD2_INDEX_HASH] bound to: 5'b00000 
	Parameter pt[BTB_FULLYA] bound to: 5'b00001 
	Parameter pt[BTB_INDEX1_HI] bound to: 9'b000000101 
	Parameter pt[BTB_INDEX1_LO] bound to: 9'b000000010 
	Parameter pt[BTB_INDEX2_HI] bound to: 9'b000001000 
	Parameter pt[BTB_INDEX2_LO] bound to: 9'b000000110 
	Parameter pt[BTB_INDEX3_HI] bound to: 9'b000001011 
	Parameter pt[BTB_INDEX3_LO] bound to: 9'b000001001 
	Parameter pt[BTB_SIZE] bound to: 14'b00000000001000 
	Parameter pt[BTB_TOFFSET_SIZE] bound to: 9'b000001100 
	Parameter pt[BUILD_AHB_LITE] bound to: 1'b0 
	Parameter pt[BUILD_AXI4] bound to: 5'b00001 
	Parameter pt[BUILD_AXI_NATIVE] bound to: 5'b00001 
	Parameter pt[BUS_PRTY_DEFAULT] bound to: 6'b000011 
	Parameter pt[DATA_ACCESS_ADDR0] bound to: 36'b000000000000000000000000000000000000 
	Parameter pt[DATA_ACCESS_ADDR1] bound to: 36'b000000000000000000000000000000000000 
	Parameter pt[DATA_ACCESS_ADDR2] bound to: 36'b000000000000000000000000000000000000 
	Parameter pt[DATA_ACCESS_ADDR3] bound to: 36'b000000000000000000000000000000000000 
	Parameter pt[DATA_ACCESS_ADDR4] bound to: 36'b000000000000000000000000000000000000 
	Parameter pt[DATA_ACCESS_ADDR5] bound to: 36'b000000000000000000000000000000000000 
	Parameter pt[DATA_ACCESS_ADDR6] bound to: 36'b000000000000000000000000000000000000 
	Parameter pt[DATA_ACCESS_ADDR7] bound to: 36'b000000000000000000000000000000000000 
	Parameter pt[DATA_ACCESS_ENABLE0] bound to: 5'b00000 
	Parameter pt[DATA_ACCESS_ENABLE1] bound to: 5'b00000 
	Parameter pt[DATA_ACCESS_ENABLE2] bound to: 5'b00000 
	Parameter pt[DATA_ACCESS_ENABLE3] bound to: 5'b00000 
	Parameter pt[DATA_ACCESS_ENABLE4] bound to: 5'b00000 
	Parameter pt[DATA_ACCESS_ENABLE5] bound to: 5'b00000 
	Parameter pt[DATA_ACCESS_ENABLE6] bound to: 5'b00000 
	Parameter pt[DATA_ACCESS_ENABLE7] bound to: 5'b00000 
	Parameter pt[DATA_ACCESS_MASK0] bound to: 36'b000011111111111111111111111111111111 
	Parameter pt[DATA_ACCESS_MASK1] bound to: 36'b000011111111111111111111111111111111 
	Parameter pt[DATA_ACCESS_MASK2] bound to: 36'b000011111111111111111111111111111111 
	Parameter pt[DATA_ACCESS_MASK3] bound to: 36'b000011111111111111111111111111111111 
	Parameter pt[DATA_ACCESS_MASK4] bound to: 36'b000011111111111111111111111111111111 
	Parameter pt[DATA_ACCESS_MASK5] bound to: 36'b000011111111111111111111111111111111 
	Parameter pt[DATA_ACCESS_MASK6] bound to: 36'b000011111111111111111111111111111111 
	Parameter pt[DATA_ACCESS_MASK7] bound to: 36'b000011111111111111111111111111111111 
	Parameter pt[DCCM_BANK_BITS] bound to: 7'b0000010 
	Parameter pt[DCCM_BITS] bound to: 9'b000001110 
	Parameter pt[DCCM_BYTE_WIDTH] bound to: 7'b0000100 
	Parameter pt[DCCM_DATA_WIDTH] bound to: 10'b0000100000 
	Parameter pt[DCCM_ECC_WIDTH] bound to: 7'b0000111 
	Parameter pt[DCCM_ENABLE] bound to: 5'b00001 
	Parameter pt[DCCM_FDATA_WIDTH] bound to: 10'b0000100111 
	Parameter pt[DCCM_INDEX_BITS] bound to: 8'b00001010 
	Parameter pt[DCCM_NUM_BANKS] bound to: 9'b000000100 
	Parameter pt[DCCM_REGION] bound to: 8'b00001111 
	Parameter pt[DCCM_SADR] bound to: 36'b000011110000000001000000000000000000 
	Parameter pt[DCCM_SIZE] bound to: 14'b00000000010000 
	Parameter pt[DCCM_WIDTH_BITS] bound to: 6'b000010 
	Parameter pt[DIV_BIT] bound to: 7'b0000100 
	Parameter pt[DIV_NEW] bound to: 5'b00001 
	Parameter pt[DMA_BUF_DEPTH] bound to: 7'b0000010 
	Parameter pt[DMA_BUS_ID] bound to: 9'b000000001 
	Parameter pt[DMA_BUS_PRTY] bound to: 6'b000010 
	Parameter pt[DMA_BUS_TAG] bound to: 8'b00000001 
	Parameter pt[FAST_INTERRUPT_REDIRECT] bound to: 5'b00000 
	Parameter pt[ICACHE_2BANKS] bound to: 5'b00000 
	Parameter pt[ICACHE_BANK_BITS] bound to: 7'b0000001 
	Parameter pt[ICACHE_BANK_HI] bound to: 7'b0000011 
	Parameter pt[ICACHE_BANK_LO] bound to: 6'b000011 
	Parameter pt[ICACHE_BANK_WIDTH] bound to: 8'b00001000 
	Parameter pt[ICACHE_BANKS_WAY] bound to: 7'b0000010 
	Parameter pt[ICACHE_BEAT_ADDR_HI] bound to: 8'b00000101 
	Parameter pt[ICACHE_BEAT_BITS] bound to: 8'b00000011 
	Parameter pt[ICACHE_BYPASS_ENABLE] bound to: 5'b00001 
	Parameter pt[ICACHE_DATA_DEPTH] bound to: 18'b000000000100000000 
	Parameter pt[ICACHE_DATA_INDEX_LO] bound to: 7'b0000100 
	Parameter pt[ICACHE_DATA_WIDTH] bound to: 11'b00001000000 
	Parameter pt[ICACHE_ECC] bound to: 5'b00000 
	Parameter pt[ICACHE_ENABLE] bound to: 5'b00001 
	Parameter pt[ICACHE_FDATA_WIDTH] bound to: 11'b00001000100 
	Parameter pt[ICACHE_INDEX_HI] bound to: 9'b000001011 
	Parameter pt[ICACHE_LN_SZ] bound to: 11'b00001000000 
	Parameter pt[ICACHE_NUM_BEATS] bound to: 8'b00001000 
	Parameter pt[ICACHE_NUM_BYPASS] bound to: 8'b00000010 
	Parameter pt[ICACHE_NUM_BYPASS_WIDTH] bound to: 8'b00000010 
	Parameter pt[ICACHE_NUM_WAYS] bound to: 7'b0000010 
	Parameter pt[ICACHE_ONLY] bound to: 5'b00000 
	Parameter pt[ICACHE_SCND_LAST] bound to: 8'b00000110 
	Parameter pt[ICACHE_SIZE] bound to: 13'b0000000001000 
	Parameter pt[ICACHE_STATUS_BITS] bound to: 7'b0000001 
	Parameter pt[ICACHE_TAG_BYPASS_ENABLE] bound to: 5'b00001 
	Parameter pt[ICACHE_TAG_DEPTH] bound to: 17'b00000000001000000 
	Parameter pt[ICACHE_TAG_INDEX_LO] bound to: 7'b0000110 
	Parameter pt[ICACHE_TAG_LO] bound to: 9'b000001100 
	Parameter pt[ICACHE_TAG_NUM_BYPASS] bound to: 8'b00000010 
	Parameter pt[ICACHE_TAG_NUM_BYPASS_WIDTH] bound to: 8'b00000010 
	Parameter pt[ICACHE_WAYPACK] bound to: 5'b00001 
	Parameter pt[ICCM_BANK_BITS] bound to: 7'b0000010 
	Parameter pt[ICCM_BANK_HI] bound to: 9'b000000011 
	Parameter pt[ICCM_BANK_INDEX_LO] bound to: 9'b000000100 
	Parameter pt[ICCM_BITS] bound to: 9'b000001100 
	Parameter pt[ICCM_ENABLE] bound to: 5'b00001 
	Parameter pt[ICCM_ICACHE] bound to: 5'b00001 
	Parameter pt[ICCM_INDEX_BITS] bound to: 8'b00001000 
	Parameter pt[ICCM_NUM_BANKS] bound to: 9'b000000100 
	Parameter pt[ICCM_ONLY] bound to: 5'b00000 
	Parameter pt[ICCM_REGION] bound to: 8'b00001010 
	Parameter pt[ICCM_SADR] bound to: 36'b000010101111111111111111000000000000 
	Parameter pt[ICCM_SIZE] bound to: 14'b00000000000100 
	Parameter pt[IFU_BUS_ID] bound to: 5'b00001 
	Parameter pt[IFU_BUS_PRTY] bound to: 6'b000010 
	Parameter pt[IFU_BUS_TAG] bound to: 8'b00000011 
	Parameter pt[INST_ACCESS_ADDR0] bound to: 36'b000000000000000000000000000000000000 
	Parameter pt[INST_ACCESS_ADDR1] bound to: 36'b000000000000000000000000000000000000 
	Parameter pt[INST_ACCESS_ADDR2] bound to: 36'b000000000000000000000000000000000000 
	Parameter pt[INST_ACCESS_ADDR3] bound to: 36'b000000000000000000000000000000000000 
	Parameter pt[INST_ACCESS_ADDR4] bound to: 36'b000000000000000000000000000000000000 
	Parameter pt[INST_ACCESS_ADDR5] bound to: 36'b000000000000000000000000000000000000 
	Parameter pt[INST_ACCESS_ADDR6] bound to: 36'b000000000000000000000000000000000000 
	Parameter pt[INST_ACCESS_ADDR7] bound to: 36'b000000000000000000000000000000000000 
	Parameter pt[INST_ACCESS_ENABLE0] bound to: 5'b00000 
	Parameter pt[INST_ACCESS_ENABLE1] bound to: 5'b00000 
	Parameter pt[INST_ACCESS_ENABLE2] bound to: 5'b00000 
	Parameter pt[INST_ACCESS_ENABLE3] bound to: 5'b00000 
	Parameter pt[INST_ACCESS_ENABLE4] bound to: 5'b00000 
	Parameter pt[INST_ACCESS_ENABLE5] bound to: 5'b00000 
	Parameter pt[INST_ACCESS_ENABLE6] bound to: 5'b00000 
	Parameter pt[INST_ACCESS_ENABLE7] bound to: 5'b00000 
	Parameter pt[INST_ACCESS_MASK0] bound to: 36'b000011111111111111111111111111111111 
	Parameter pt[INST_ACCESS_MASK1] bound to: 36'b000011111111111111111111111111111111 
	Parameter pt[INST_ACCESS_MASK2] bound to: 36'b000011111111111111111111111111111111 
	Parameter pt[INST_ACCESS_MASK3] bound to: 36'b000011111111111111111111111111111111 
	Parameter pt[INST_ACCESS_MASK4] bound to: 36'b000011111111111111111111111111111111 
	Parameter pt[INST_ACCESS_MASK5] bound to: 36'b000011111111111111111111111111111111 
	Parameter pt[INST_ACCESS_MASK6] bound to: 36'b000011111111111111111111111111111111 
	Parameter pt[INST_ACCESS_MASK7] bound to: 36'b000011111111111111111111111111111111 
	Parameter pt[LOAD_TO_USE_PLUS1] bound to: 5'b00000 
	Parameter pt[LSU2DMA] bound to: 5'b00000 
	Parameter pt[LSU_BUS_ID] bound to: 5'b00001 
	Parameter pt[LSU_BUS_PRTY] bound to: 6'b000010 
	Parameter pt[LSU_BUS_TAG] bound to: 8'b00000011 
	Parameter pt[LSU_NUM_NBLOAD] bound to: 9'b000000100 
	Parameter pt[LSU_NUM_NBLOAD_WIDTH] bound to: 7'b0000010 
	Parameter pt[LSU_SB_BITS] bound to: 9'b000001110 
	Parameter pt[LSU_STBUF_DEPTH] bound to: 8'b00000100 
	Parameter pt[NO_ICCM_NO_ICACHE] bound to: 5'b00000 
	Parameter pt[PIC_2CYCLE] bound to: 5'b00000 
	Parameter pt[PIC_BASE_ADDR] bound to: 36'b000011110000000011000000000000000000 
	Parameter pt[PIC_BITS] bound to: 9'b000001111 
	Parameter pt[PIC_INT_WORDS] bound to: 8'b00000001 
	Parameter pt[PIC_REGION] bound to: 8'b00001111 
	Parameter pt[PIC_SIZE] bound to: 13'b0000000100000 
	Parameter pt[PIC_TOTAL_INT] bound to: 12'b000000001000 
	Parameter pt[PIC_TOTAL_INT_PLUS1] bound to: 13'b0000000001001 
	Parameter pt[RET_STACK_SIZE] bound to: 8'b00000010 
	Parameter pt[SB_BUS_ID] bound to: 5'b00001 
	Parameter pt[SB_BUS_PRTY] bound to: 6'b000010 
	Parameter pt[SB_BUS_TAG] bound to: 8'b00000001 
	Parameter pt[TIMER_LEGAL_EN] bound to: 5'b00001 
	Parameter pt[BHT_ADDR_HI] bound to: 8'b00000101 
	Parameter pt[BHT_ADDR_LO] bound to: 6'b000010 
	Parameter pt[BHT_ARRAY_DEPTH] bound to: 15'b000000000010000 
	Parameter pt[BHT_GHR_HASH_1] bound to: 5'b00000 
	Parameter pt[BHT_GHR_SIZE] bound to: 8'b00000100 
	Parameter pt[BHT_SIZE] bound to: 16'b0000000000100000 
	Parameter pt[BITMANIP_ZBA] bound to: 5'b00001 
	Parameter pt[BITMANIP_ZBB] bound to: 5'b00001 
	Parameter pt[BITMANIP_ZBC] bound to: 5'b00001 
	Parameter pt[BITMANIP_ZBE] bound to: 5'b00001 
	Parameter pt[BITMANIP_ZBF] bound to: 5'b00001 
	Parameter pt[BITMANIP_ZBP] bound to: 5'b00001 
	Parameter pt[BITMANIP_ZBR] bound to: 5'b00001 
	Parameter pt[BITMANIP_ZBS] bound to: 5'b00001 
	Parameter pt[BTB_ADDR_HI] bound to: 9'b000000101 
	Parameter pt[BTB_ADDR_LO] bound to: 6'b000010 
	Parameter pt[BTB_ARRAY_DEPTH] bound to: 13'b0000000000000 
	Parameter pt[BTB_BTAG_FOLD] bound to: 5'b00000 
	Parameter pt[BTB_BTAG_SIZE] bound to: 9'b000011111 
	Parameter pt[BTB_ENABLE] bound to: 5'b00001 
	Parameter pt[BTB_FOLD2_INDEX_HASH] bound to: 5'b00000 
	Parameter pt[BTB_FULLYA] bound to: 5'b00001 
	Parameter pt[BTB_INDEX1_HI] bound to: 9'b000000101 
	Parameter pt[BTB_INDEX1_LO] bound to: 9'b000000010 
	Parameter pt[BTB_INDEX2_HI] bound to: 9'b000001000 
	Parameter pt[BTB_INDEX2_LO] bound to: 9'b000000110 
	Parameter pt[BTB_INDEX3_HI] bound to: 9'b000001011 
	Parameter pt[BTB_INDEX3_LO] bound to: 9'b000001001 
	Parameter pt[BTB_SIZE] bound to: 14'b00000000001000 
	Parameter pt[BTB_TOFFSET_SIZE] bound to: 9'b000001100 
	Parameter pt[BUILD_AHB_LITE] bound to: 1'b0 
	Parameter pt[BUILD_AXI4] bound to: 5'b00001 
	Parameter pt[BUILD_AXI_NATIVE] bound to: 5'b00001 
	Parameter pt[BUS_PRTY_DEFAULT] bound to: 6'b000011 
	Parameter pt[DATA_ACCESS_ADDR0] bound to: 36'b000000000000000000000000000000000000 
	Parameter pt[DATA_ACCESS_ADDR1] bound to: 36'b000000000000000000000000000000000000 
	Parameter pt[DATA_ACCESS_ADDR2] bound to: 36'b000000000000000000000000000000000000 
	Parameter pt[DATA_ACCESS_ADDR3] bound to: 36'b000000000000000000000000000000000000 
	Parameter pt[DATA_ACCESS_ADDR4] bound to: 36'b000000000000000000000000000000000000 
	Parameter pt[DATA_ACCESS_ADDR5] bound to: 36'b000000000000000000000000000000000000 
	Parameter pt[DATA_ACCESS_ADDR6] bound to: 36'b000000000000000000000000000000000000 
	Parameter pt[DATA_ACCESS_ADDR7] bound to: 36'b000000000000000000000000000000000000 
	Parameter pt[DATA_ACCESS_ENABLE0] bound to: 5'b00000 
	Parameter pt[DATA_ACCESS_ENABLE1] bound to: 5'b00000 
	Parameter pt[DATA_ACCESS_ENABLE2] bound to: 5'b00000 
	Parameter pt[DATA_ACCESS_ENABLE3] bound to: 5'b00000 
	Parameter pt[DATA_ACCESS_ENABLE4] bound to: 5'b00000 
	Parameter pt[DATA_ACCESS_ENABLE5] bound to: 5'b00000 
	Parameter pt[DATA_ACCESS_ENABLE6] bound to: 5'b00000 
	Parameter pt[DATA_ACCESS_ENABLE7] bound to: 5'b00000 
	Parameter pt[DATA_ACCESS_MASK0] bound to: 36'b000011111111111111111111111111111111 
	Parameter pt[DATA_ACCESS_MASK1] bound to: 36'b000011111111111111111111111111111111 
	Parameter pt[DATA_ACCESS_MASK2] bound to: 36'b000011111111111111111111111111111111 
	Parameter pt[DATA_ACCESS_MASK3] bound to: 36'b000011111111111111111111111111111111 
	Parameter pt[DATA_ACCESS_MASK4] bound to: 36'b000011111111111111111111111111111111 
	Parameter pt[DATA_ACCESS_MASK5] bound to: 36'b000011111111111111111111111111111111 
	Parameter pt[DATA_ACCESS_MASK6] bound to: 36'b000011111111111111111111111111111111 
	Parameter pt[DATA_ACCESS_MASK7] bound to: 36'b000011111111111111111111111111111111 
	Parameter pt[DCCM_BANK_BITS] bound to: 7'b0000010 
	Parameter pt[DCCM_BITS] bound to: 9'b000001110 
	Parameter pt[DCCM_BYTE_WIDTH] bound to: 7'b0000100 
	Parameter pt[DCCM_DATA_WIDTH] bound to: 10'b0000100000 
	Parameter pt[DCCM_ECC_WIDTH] bound to: 7'b0000111 
	Parameter pt[DCCM_ENABLE] bound to: 5'b00001 
	Parameter pt[DCCM_FDATA_WIDTH] bound to: 10'b0000100111 
	Parameter pt[DCCM_INDEX_BITS] bound to: 8'b00001010 
	Parameter pt[DCCM_NUM_BANKS] bound to: 9'b000000100 
	Parameter pt[DCCM_REGION] bound to: 8'b00001111 
	Parameter pt[DCCM_SADR] bound to: 36'b000011110000000001000000000000000000 
	Parameter pt[DCCM_SIZE] bound to: 14'b00000000010000 
	Parameter pt[DCCM_WIDTH_BITS] bound to: 6'b000010 
	Parameter pt[DIV_BIT] bound to: 7'b0000100 
	Parameter pt[DIV_NEW] bound to: 5'b00001 
	Parameter pt[DMA_BUF_DEPTH] bound to: 7'b0000010 
	Parameter pt[DMA_BUS_ID] bound to: 9'b000000001 
	Parameter pt[DMA_BUS_PRTY] bound to: 6'b000010 
	Parameter pt[DMA_BUS_TAG] bound to: 8'b00000001 
	Parameter pt[FAST_INTERRUPT_REDIRECT] bound to: 5'b00000 
	Parameter pt[ICACHE_2BANKS] bound to: 5'b00000 
	Parameter pt[ICACHE_BANK_BITS] bound to: 7'b0000001 
	Parameter pt[ICACHE_BANK_HI] bound to: 7'b0000011 
	Parameter pt[ICACHE_BANK_LO] bound to: 6'b000011 
	Parameter pt[ICACHE_BANK_WIDTH] bound to: 8'b00001000 
	Parameter pt[ICACHE_BANKS_WAY] bound to: 7'b0000010 
	Parameter pt[ICACHE_BEAT_ADDR_HI] bound to: 8'b00000101 
	Parameter pt[ICACHE_BEAT_BITS] bound to: 8'b00000011 
	Parameter pt[ICACHE_BYPASS_ENABLE] bound to: 5'b00001 
	Parameter pt[ICACHE_DATA_DEPTH] bound to: 18'b000000000100000000 
	Parameter pt[ICACHE_DATA_INDEX_LO] bound to: 7'b0000100 
	Parameter pt[ICACHE_DATA_WIDTH] bound to: 11'b00001000000 
	Parameter pt[ICACHE_ECC] bound to: 5'b00000 
	Parameter pt[ICACHE_ENABLE] bound to: 5'b00001 
	Parameter pt[ICACHE_FDATA_WIDTH] bound to: 11'b00001000100 
	Parameter pt[ICACHE_INDEX_HI] bound to: 9'b000001011 
	Parameter pt[ICACHE_LN_SZ] bound to: 11'b00001000000 
	Parameter pt[ICACHE_NUM_BEATS] bound to: 8'b00001000 
	Parameter pt[ICACHE_NUM_BYPASS] bound to: 8'b00000010 
	Parameter pt[ICACHE_NUM_BYPASS_WIDTH] bound to: 8'b00000010 
	Parameter pt[ICACHE_NUM_WAYS] bound to: 7'b0000010 
	Parameter pt[ICACHE_ONLY] bound to: 5'b00000 
	Parameter pt[ICACHE_SCND_LAST] bound to: 8'b00000110 
	Parameter pt[ICACHE_SIZE] bound to: 13'b0000000001000 
	Parameter pt[ICACHE_STATUS_BITS] bound to: 7'b0000001 
	Parameter pt[ICACHE_TAG_BYPASS_ENABLE] bound to: 5'b00001 
	Parameter pt[ICACHE_TAG_DEPTH] bound to: 17'b00000000001000000 
	Parameter pt[ICACHE_TAG_INDEX_LO] bound to: 7'b0000110 
	Parameter pt[ICACHE_TAG_LO] bound to: 9'b000001100 
	Parameter pt[ICACHE_TAG_NUM_BYPASS] bound to: 8'b00000010 
	Parameter pt[ICACHE_TAG_NUM_BYPASS_WIDTH] bound to: 8'b00000010 
	Parameter pt[ICACHE_WAYPACK] bound to: 5'b00001 
	Parameter pt[ICCM_BANK_BITS] bound to: 7'b0000010 
	Parameter pt[ICCM_BANK_HI] bound to: 9'b000000011 
	Parameter pt[ICCM_BANK_INDEX_LO] bound to: 9'b000000100 
	Parameter pt[ICCM_BITS] bound to: 9'b000001100 
	Parameter pt[ICCM_ENABLE] bound to: 5'b00001 
	Parameter pt[ICCM_ICACHE] bound to: 5'b00001 
	Parameter pt[ICCM_INDEX_BITS] bound to: 8'b00001000 
	Parameter pt[ICCM_NUM_BANKS] bound to: 9'b000000100 
	Parameter pt[ICCM_ONLY] bound to: 5'b00000 
	Parameter pt[ICCM_REGION] bound to: 8'b00001010 
	Parameter pt[ICCM_SADR] bound to: 36'b000010101111111111111111000000000000 
	Parameter pt[ICCM_SIZE] bound to: 14'b00000000000100 
	Parameter pt[IFU_BUS_ID] bound to: 5'b00001 
	Parameter pt[IFU_BUS_PRTY] bound to: 6'b000010 
	Parameter pt[IFU_BUS_TAG] bound to: 8'b00000011 
	Parameter pt[INST_ACCESS_ADDR0] bound to: 36'b000000000000000000000000000000000000 
	Parameter pt[INST_ACCESS_ADDR1] bound to: 36'b000000000000000000000000000000000000 
	Parameter pt[INST_ACCESS_ADDR2] bound to: 36'b000000000000000000000000000000000000 
	Parameter pt[INST_ACCESS_ADDR3] bound to: 36'b000000000000000000000000000000000000 
	Parameter pt[INST_ACCESS_ADDR4] bound to: 36'b000000000000000000000000000000000000 
	Parameter pt[INST_ACCESS_ADDR5] bound to: 36'b000000000000000000000000000000000000 
	Parameter pt[INST_ACCESS_ADDR6] bound to: 36'b000000000000000000000000000000000000 
	Parameter pt[INST_ACCESS_ADDR7] bound to: 36'b000000000000000000000000000000000000 
	Parameter pt[INST_ACCESS_ENABLE0] bound to: 5'b00000 
	Parameter pt[INST_ACCESS_ENABLE1] bound to: 5'b00000 
	Parameter pt[INST_ACCESS_ENABLE2] bound to: 5'b00000 
	Parameter pt[INST_ACCESS_ENABLE3] bound to: 5'b00000 
	Parameter pt[INST_ACCESS_ENABLE4] bound to: 5'b00000 
	Parameter pt[INST_ACCESS_ENABLE5] bound to: 5'b00000 
	Parameter pt[INST_ACCESS_ENABLE6] bound to: 5'b00000 
	Parameter pt[INST_ACCESS_ENABLE7] bound to: 5'b00000 
	Parameter pt[INST_ACCESS_MASK0] bound to: 36'b000011111111111111111111111111111111 
	Parameter pt[INST_ACCESS_MASK1] bound to: 36'b000011111111111111111111111111111111 
	Parameter pt[INST_ACCESS_MASK2] bound to: 36'b000011111111111111111111111111111111 
	Parameter pt[INST_ACCESS_MASK3] bound to: 36'b000011111111111111111111111111111111 
	Parameter pt[INST_ACCESS_MASK4] bound to: 36'b000011111111111111111111111111111111 
	Parameter pt[INST_ACCESS_MASK5] bound to: 36'b000011111111111111111111111111111111 
	Parameter pt[INST_ACCESS_MASK6] bound to: 36'b000011111111111111111111111111111111 
	Parameter pt[INST_ACCESS_MASK7] bound to: 36'b000011111111111111111111111111111111 
	Parameter pt[LOAD_TO_USE_PLUS1] bound to: 5'b00000 
	Parameter pt[LSU2DMA] bound to: 5'b00000 
	Parameter pt[LSU_BUS_ID] bound to: 5'b00001 
	Parameter pt[LSU_BUS_PRTY] bound to: 6'b000010 
	Parameter pt[LSU_BUS_TAG] bound to: 8'b00000011 
	Parameter pt[LSU_NUM_NBLOAD] bound to: 9'b000000100 
	Parameter pt[LSU_NUM_NBLOAD_WIDTH] bound to: 7'b0000010 
	Parameter pt[LSU_SB_BITS] bound to: 9'b000001110 
	Parameter pt[LSU_STBUF_DEPTH] bound to: 8'b00000100 
	Parameter pt[NO_ICCM_NO_ICACHE] bound to: 5'b00000 
	Parameter pt[PIC_2CYCLE] bound to: 5'b00000 
	Parameter pt[PIC_BASE_ADDR] bound to: 36'b000011110000000011000000000000000000 
	Parameter pt[PIC_BITS] bound to: 9'b000001111 
	Parameter pt[PIC_INT_WORDS] bound to: 8'b00000001 
	Parameter pt[PIC_REGION] bound to: 8'b00001111 
	Parameter pt[PIC_SIZE] bound to: 13'b0000000100000 
	Parameter pt[PIC_TOTAL_INT] bound to: 12'b000000001000 
	Parameter pt[PIC_TOTAL_INT_PLUS1] bound to: 13'b0000000001001 
	Parameter pt[RET_STACK_SIZE] bound to: 8'b00000010 
	Parameter pt[SB_BUS_ID] bound to: 5'b00001 
	Parameter pt[SB_BUS_PRTY] bound to: 6'b000010 
	Parameter pt[SB_BUS_TAG] bound to: 8'b00000001 
	Parameter pt[TIMER_LEGAL_EN] bound to: 5'b00001 
	Parameter WIDTH bound to: 38 - type: integer 
	Parameter WIDTH bound to: 38 - type: integer 
	Parameter WIDTH bound to: 38 - type: integer 
	Parameter CCM_SADR bound to: 36'b000011110000000001000000000000000000 
	Parameter CCM_SIZE bound to: 14'b00000000010000 
	Parameter CCM_SADR bound to: 36'b000011110000000011000000000000000000 
	Parameter CCM_SIZE bound to: 13'b0000000100000 
	Parameter WIDTH bound to: 13 - type: integer 
	Parameter WIDTH bound to: 29 - type: integer 
	Parameter WIDTH bound to: 29 - type: integer 
	Parameter WIDTH bound to: 29 - type: integer 
	Parameter pt[BHT_ADDR_HI] bound to: 8'b00000101 
	Parameter pt[BHT_ADDR_LO] bound to: 6'b000010 
	Parameter pt[BHT_ARRAY_DEPTH] bound to: 15'b000000000010000 
	Parameter pt[BHT_GHR_HASH_1] bound to: 5'b00000 
	Parameter pt[BHT_GHR_SIZE] bound to: 8'b00000100 
	Parameter pt[BHT_SIZE] bound to: 16'b0000000000100000 
	Parameter pt[BITMANIP_ZBA] bound to: 5'b00001 
	Parameter pt[BITMANIP_ZBB] bound to: 5'b00001 
	Parameter pt[BITMANIP_ZBC] bound to: 5'b00001 
	Parameter pt[BITMANIP_ZBE] bound to: 5'b00001 
	Parameter pt[BITMANIP_ZBF] bound to: 5'b00001 
	Parameter pt[BITMANIP_ZBP] bound to: 5'b00001 
	Parameter pt[BITMANIP_ZBR] bound to: 5'b00001 
	Parameter pt[BITMANIP_ZBS] bound to: 5'b00001 
	Parameter pt[BTB_ADDR_HI] bound to: 9'b000000101 
	Parameter pt[BTB_ADDR_LO] bound to: 6'b000010 
	Parameter pt[BTB_ARRAY_DEPTH] bound to: 13'b0000000000000 
	Parameter pt[BTB_BTAG_FOLD] bound to: 5'b00000 
	Parameter pt[BTB_BTAG_SIZE] bound to: 9'b000011111 
	Parameter pt[BTB_ENABLE] bound to: 5'b00001 
	Parameter pt[BTB_FOLD2_INDEX_HASH] bound to: 5'b00000 
	Parameter pt[BTB_FULLYA] bound to: 5'b00001 
	Parameter pt[BTB_INDEX1_HI] bound to: 9'b000000101 
	Parameter pt[BTB_INDEX1_LO] bound to: 9'b000000010 
	Parameter pt[BTB_INDEX2_HI] bound to: 9'b000001000 
	Parameter pt[BTB_INDEX2_LO] bound to: 9'b000000110 
	Parameter pt[BTB_INDEX3_HI] bound to: 9'b000001011 
	Parameter pt[BTB_INDEX3_LO] bound to: 9'b000001001 
	Parameter pt[BTB_SIZE] bound to: 14'b00000000001000 
	Parameter pt[BTB_TOFFSET_SIZE] bound to: 9'b000001100 
	Parameter pt[BUILD_AHB_LITE] bound to: 1'b0 
	Parameter pt[BUILD_AXI4] bound to: 5'b00001 
	Parameter pt[BUILD_AXI_NATIVE] bound to: 5'b00001 
	Parameter pt[BUS_PRTY_DEFAULT] bound to: 6'b000011 
	Parameter pt[DATA_ACCESS_ADDR0] bound to: 36'b000000000000000000000000000000000000 
	Parameter pt[DATA_ACCESS_ADDR1] bound to: 36'b000000000000000000000000000000000000 
	Parameter pt[DATA_ACCESS_ADDR2] bound to: 36'b000000000000000000000000000000000000 
	Parameter pt[DATA_ACCESS_ADDR3] bound to: 36'b000000000000000000000000000000000000 
	Parameter pt[DATA_ACCESS_ADDR4] bound to: 36'b000000000000000000000000000000000000 
	Parameter pt[DATA_ACCESS_ADDR5] bound to: 36'b000000000000000000000000000000000000 
	Parameter pt[DATA_ACCESS_ADDR6] bound to: 36'b000000000000000000000000000000000000 
	Parameter pt[DATA_ACCESS_ADDR7] bound to: 36'b000000000000000000000000000000000000 
	Parameter pt[DATA_ACCESS_ENABLE0] bound to: 5'b00000 
	Parameter pt[DATA_ACCESS_ENABLE1] bound to: 5'b00000 
	Parameter pt[DATA_ACCESS_ENABLE2] bound to: 5'b00000 
	Parameter pt[DATA_ACCESS_ENABLE3] bound to: 5'b00000 
	Parameter pt[DATA_ACCESS_ENABLE4] bound to: 5'b00000 
	Parameter pt[DATA_ACCESS_ENABLE5] bound to: 5'b00000 
	Parameter pt[DATA_ACCESS_ENABLE6] bound to: 5'b00000 
	Parameter pt[DATA_ACCESS_ENABLE7] bound to: 5'b00000 
	Parameter pt[DATA_ACCESS_MASK0] bound to: 36'b000011111111111111111111111111111111 
	Parameter pt[DATA_ACCESS_MASK1] bound to: 36'b000011111111111111111111111111111111 
	Parameter pt[DATA_ACCESS_MASK2] bound to: 36'b000011111111111111111111111111111111 
	Parameter pt[DATA_ACCESS_MASK3] bound to: 36'b000011111111111111111111111111111111 
	Parameter pt[DATA_ACCESS_MASK4] bound to: 36'b000011111111111111111111111111111111 
	Parameter pt[DATA_ACCESS_MASK5] bound to: 36'b000011111111111111111111111111111111 
	Parameter pt[DATA_ACCESS_MASK6] bound to: 36'b000011111111111111111111111111111111 
	Parameter pt[DATA_ACCESS_MASK7] bound to: 36'b000011111111111111111111111111111111 
	Parameter pt[DCCM_BANK_BITS] bound to: 7'b0000010 
	Parameter pt[DCCM_BITS] bound to: 9'b000001110 
	Parameter pt[DCCM_BYTE_WIDTH] bound to: 7'b0000100 
	Parameter pt[DCCM_DATA_WIDTH] bound to: 10'b0000100000 
	Parameter pt[DCCM_ECC_WIDTH] bound to: 7'b0000111 
	Parameter pt[DCCM_ENABLE] bound to: 5'b00001 
	Parameter pt[DCCM_FDATA_WIDTH] bound to: 10'b0000100111 
	Parameter pt[DCCM_INDEX_BITS] bound to: 8'b00001010 
	Parameter pt[DCCM_NUM_BANKS] bound to: 9'b000000100 
	Parameter pt[DCCM_REGION] bound to: 8'b00001111 
	Parameter pt[DCCM_SADR] bound to: 36'b000011110000000001000000000000000000 
	Parameter pt[DCCM_SIZE] bound to: 14'b00000000010000 
	Parameter pt[DCCM_WIDTH_BITS] bound to: 6'b000010 
	Parameter pt[DIV_BIT] bound to: 7'b0000100 
	Parameter pt[DIV_NEW] bound to: 5'b00001 
	Parameter pt[DMA_BUF_DEPTH] bound to: 7'b0000010 
	Parameter pt[DMA_BUS_ID] bound to: 9'b000000001 
	Parameter pt[DMA_BUS_PRTY] bound to: 6'b000010 
	Parameter pt[DMA_BUS_TAG] bound to: 8'b00000001 
	Parameter pt[FAST_INTERRUPT_REDIRECT] bound to: 5'b00000 
	Parameter pt[ICACHE_2BANKS] bound to: 5'b00000 
	Parameter pt[ICACHE_BANK_BITS] bound to: 7'b0000001 
	Parameter pt[ICACHE_BANK_HI] bound to: 7'b0000011 
	Parameter pt[ICACHE_BANK_LO] bound to: 6'b000011 
	Parameter pt[ICACHE_BANK_WIDTH] bound to: 8'b00001000 
	Parameter pt[ICACHE_BANKS_WAY] bound to: 7'b0000010 
	Parameter pt[ICACHE_BEAT_ADDR_HI] bound to: 8'b00000101 
	Parameter pt[ICACHE_BEAT_BITS] bound to: 8'b00000011 
	Parameter pt[ICACHE_BYPASS_ENABLE] bound to: 5'b00001 
	Parameter pt[ICACHE_DATA_DEPTH] bound to: 18'b000000000100000000 
	Parameter pt[ICACHE_DATA_INDEX_LO] bound to: 7'b0000100 
	Parameter pt[ICACHE_DATA_WIDTH] bound to: 11'b00001000000 
	Parameter pt[ICACHE_ECC] bound to: 5'b00000 
	Parameter pt[ICACHE_ENABLE] bound to: 5'b00001 
	Parameter pt[ICACHE_FDATA_WIDTH] bound to: 11'b00001000100 
	Parameter pt[ICACHE_INDEX_HI] bound to: 9'b000001011 
	Parameter pt[ICACHE_LN_SZ] bound to: 11'b00001000000 
	Parameter pt[ICACHE_NUM_BEATS] bound to: 8'b00001000 
	Parameter pt[ICACHE_NUM_BYPASS] bound to: 8'b00000010 
	Parameter pt[ICACHE_NUM_BYPASS_WIDTH] bound to: 8'b00000010 
	Parameter pt[ICACHE_NUM_WAYS] bound to: 7'b0000010 
	Parameter pt[ICACHE_ONLY] bound to: 5'b00000 
	Parameter pt[ICACHE_SCND_LAST] bound to: 8'b00000110 
	Parameter pt[ICACHE_SIZE] bound to: 13'b0000000001000 
	Parameter pt[ICACHE_STATUS_BITS] bound to: 7'b0000001 
	Parameter pt[ICACHE_TAG_BYPASS_ENABLE] bound to: 5'b00001 
	Parameter pt[ICACHE_TAG_DEPTH] bound to: 17'b00000000001000000 
	Parameter pt[ICACHE_TAG_INDEX_LO] bound to: 7'b0000110 
	Parameter pt[ICACHE_TAG_LO] bound to: 9'b000001100 
	Parameter pt[ICACHE_TAG_NUM_BYPASS] bound to: 8'b00000010 
	Parameter pt[ICACHE_TAG_NUM_BYPASS_WIDTH] bound to: 8'b00000010 
	Parameter pt[ICACHE_WAYPACK] bound to: 5'b00001 
	Parameter pt[ICCM_BANK_BITS] bound to: 7'b0000010 
	Parameter pt[ICCM_BANK_HI] bound to: 9'b000000011 
	Parameter pt[ICCM_BANK_INDEX_LO] bound to: 9'b000000100 
	Parameter pt[ICCM_BITS] bound to: 9'b000001100 
	Parameter pt[ICCM_ENABLE] bound to: 5'b00001 
	Parameter pt[ICCM_ICACHE] bound to: 5'b00001 
	Parameter pt[ICCM_INDEX_BITS] bound to: 8'b00001000 
	Parameter pt[ICCM_NUM_BANKS] bound to: 9'b000000100 
	Parameter pt[ICCM_ONLY] bound to: 5'b00000 
	Parameter pt[ICCM_REGION] bound to: 8'b00001010 
	Parameter pt[ICCM_SADR] bound to: 36'b000010101111111111111111000000000000 
	Parameter pt[ICCM_SIZE] bound to: 14'b00000000000100 
	Parameter pt[IFU_BUS_ID] bound to: 5'b00001 
	Parameter pt[IFU_BUS_PRTY] bound to: 6'b000010 
	Parameter pt[IFU_BUS_TAG] bound to: 8'b00000011 
	Parameter pt[INST_ACCESS_ADDR0] bound to: 36'b000000000000000000000000000000000000 
	Parameter pt[INST_ACCESS_ADDR1] bound to: 36'b000000000000000000000000000000000000 
	Parameter pt[INST_ACCESS_ADDR2] bound to: 36'b000000000000000000000000000000000000 
	Parameter pt[INST_ACCESS_ADDR3] bound to: 36'b000000000000000000000000000000000000 
	Parameter pt[INST_ACCESS_ADDR4] bound to: 36'b000000000000000000000000000000000000 
	Parameter pt[INST_ACCESS_ADDR5] bound to: 36'b000000000000000000000000000000000000 
	Parameter pt[INST_ACCESS_ADDR6] bound to: 36'b000000000000000000000000000000000000 
	Parameter pt[INST_ACCESS_ADDR7] bound to: 36'b000000000000000000000000000000000000 
	Parameter pt[INST_ACCESS_ENABLE0] bound to: 5'b00000 
	Parameter pt[INST_ACCESS_ENABLE1] bound to: 5'b00000 
	Parameter pt[INST_ACCESS_ENABLE2] bound to: 5'b00000 
	Parameter pt[INST_ACCESS_ENABLE3] bound to: 5'b00000 
	Parameter pt[INST_ACCESS_ENABLE4] bound to: 5'b00000 
	Parameter pt[INST_ACCESS_ENABLE5] bound to: 5'b00000 
	Parameter pt[INST_ACCESS_ENABLE6] bound to: 5'b00000 
	Parameter pt[INST_ACCESS_ENABLE7] bound to: 5'b00000 
	Parameter pt[INST_ACCESS_MASK0] bound to: 36'b000011111111111111111111111111111111 
	Parameter pt[INST_ACCESS_MASK1] bound to: 36'b000011111111111111111111111111111111 
	Parameter pt[INST_ACCESS_MASK2] bound to: 36'b000011111111111111111111111111111111 
	Parameter pt[INST_ACCESS_MASK3] bound to: 36'b000011111111111111111111111111111111 
	Parameter pt[INST_ACCESS_MASK4] bound to: 36'b000011111111111111111111111111111111 
	Parameter pt[INST_ACCESS_MASK5] bound to: 36'b000011111111111111111111111111111111 
	Parameter pt[INST_ACCESS_MASK6] bound to: 36'b000011111111111111111111111111111111 
	Parameter pt[INST_ACCESS_MASK7] bound to: 36'b000011111111111111111111111111111111 
	Parameter pt[LOAD_TO_USE_PLUS1] bound to: 5'b00000 
	Parameter pt[LSU2DMA] bound to: 5'b00000 
	Parameter pt[LSU_BUS_ID] bound to: 5'b00001 
	Parameter pt[LSU_BUS_PRTY] bound to: 6'b000010 
	Parameter pt[LSU_BUS_TAG] bound to: 8'b00000011 
	Parameter pt[LSU_NUM_NBLOAD] bound to: 9'b000000100 
	Parameter pt[LSU_NUM_NBLOAD_WIDTH] bound to: 7'b0000010 
	Parameter pt[LSU_SB_BITS] bound to: 9'b000001110 
	Parameter pt[LSU_STBUF_DEPTH] bound to: 8'b00000100 
	Parameter pt[NO_ICCM_NO_ICACHE] bound to: 5'b00000 
	Parameter pt[PIC_2CYCLE] bound to: 5'b00000 
	Parameter pt[PIC_BASE_ADDR] bound to: 36'b000011110000000011000000000000000000 
	Parameter pt[PIC_BITS] bound to: 9'b000001111 
	Parameter pt[PIC_INT_WORDS] bound to: 8'b00000001 
	Parameter pt[PIC_REGION] bound to: 8'b00001111 
	Parameter pt[PIC_SIZE] bound to: 13'b0000000100000 
	Parameter pt[PIC_TOTAL_INT] bound to: 12'b000000001000 
	Parameter pt[PIC_TOTAL_INT_PLUS1] bound to: 13'b0000000001001 
	Parameter pt[RET_STACK_SIZE] bound to: 8'b00000010 
	Parameter pt[SB_BUS_ID] bound to: 5'b00001 
	Parameter pt[SB_BUS_PRTY] bound to: 6'b000010 
	Parameter pt[SB_BUS_TAG] bound to: 8'b00000001 
	Parameter pt[TIMER_LEGAL_EN] bound to: 5'b00001 
	Parameter WIDTH bound to: 10'b0000100000 
	Parameter WIDTH bound to: 10'b0000100000 
	Parameter WIDTH bound to: 10'b0000100000 
	Parameter WIDTH bound to: 9'b000001110 
	Parameter WIDTH bound to: 9'b000001110 
	Parameter WIDTH bound to: 9'b000001110 
	Parameter pt[BHT_ADDR_HI] bound to: 8'b00000101 
	Parameter pt[BHT_ADDR_LO] bound to: 6'b000010 
	Parameter pt[BHT_ARRAY_DEPTH] bound to: 15'b000000000010000 
	Parameter pt[BHT_GHR_HASH_1] bound to: 5'b00000 
	Parameter pt[BHT_GHR_SIZE] bound to: 8'b00000100 
	Parameter pt[BHT_SIZE] bound to: 16'b0000000000100000 
	Parameter pt[BITMANIP_ZBA] bound to: 5'b00001 
	Parameter pt[BITMANIP_ZBB] bound to: 5'b00001 
	Parameter pt[BITMANIP_ZBC] bound to: 5'b00001 
	Parameter pt[BITMANIP_ZBE] bound to: 5'b00001 
	Parameter pt[BITMANIP_ZBF] bound to: 5'b00001 
	Parameter pt[BITMANIP_ZBP] bound to: 5'b00001 
	Parameter pt[BITMANIP_ZBR] bound to: 5'b00001 
	Parameter pt[BITMANIP_ZBS] bound to: 5'b00001 
	Parameter pt[BTB_ADDR_HI] bound to: 9'b000000101 
	Parameter pt[BTB_ADDR_LO] bound to: 6'b000010 
	Parameter pt[BTB_ARRAY_DEPTH] bound to: 13'b0000000000000 
	Parameter pt[BTB_BTAG_FOLD] bound to: 5'b00000 
	Parameter pt[BTB_BTAG_SIZE] bound to: 9'b000011111 
	Parameter pt[BTB_ENABLE] bound to: 5'b00001 
	Parameter pt[BTB_FOLD2_INDEX_HASH] bound to: 5'b00000 
	Parameter pt[BTB_FULLYA] bound to: 5'b00001 
	Parameter pt[BTB_INDEX1_HI] bound to: 9'b000000101 
	Parameter pt[BTB_INDEX1_LO] bound to: 9'b000000010 
	Parameter pt[BTB_INDEX2_HI] bound to: 9'b000001000 
	Parameter pt[BTB_INDEX2_LO] bound to: 9'b000000110 
	Parameter pt[BTB_INDEX3_HI] bound to: 9'b000001011 
	Parameter pt[BTB_INDEX3_LO] bound to: 9'b000001001 
	Parameter pt[BTB_SIZE] bound to: 14'b00000000001000 
	Parameter pt[BTB_TOFFSET_SIZE] bound to: 9'b000001100 
	Parameter pt[BUILD_AHB_LITE] bound to: 1'b0 
	Parameter pt[BUILD_AXI4] bound to: 5'b00001 
	Parameter pt[BUILD_AXI_NATIVE] bound to: 5'b00001 
	Parameter pt[BUS_PRTY_DEFAULT] bound to: 6'b000011 
	Parameter pt[DATA_ACCESS_ADDR0] bound to: 36'b000000000000000000000000000000000000 
	Parameter pt[DATA_ACCESS_ADDR1] bound to: 36'b000000000000000000000000000000000000 
	Parameter pt[DATA_ACCESS_ADDR2] bound to: 36'b000000000000000000000000000000000000 
	Parameter pt[DATA_ACCESS_ADDR3] bound to: 36'b000000000000000000000000000000000000 
	Parameter pt[DATA_ACCESS_ADDR4] bound to: 36'b000000000000000000000000000000000000 
	Parameter pt[DATA_ACCESS_ADDR5] bound to: 36'b000000000000000000000000000000000000 
	Parameter pt[DATA_ACCESS_ADDR6] bound to: 36'b000000000000000000000000000000000000 
	Parameter pt[DATA_ACCESS_ADDR7] bound to: 36'b000000000000000000000000000000000000 
	Parameter pt[DATA_ACCESS_ENABLE0] bound to: 5'b00000 
	Parameter pt[DATA_ACCESS_ENABLE1] bound to: 5'b00000 
	Parameter pt[DATA_ACCESS_ENABLE2] bound to: 5'b00000 
	Parameter pt[DATA_ACCESS_ENABLE3] bound to: 5'b00000 
	Parameter pt[DATA_ACCESS_ENABLE4] bound to: 5'b00000 
	Parameter pt[DATA_ACCESS_ENABLE5] bound to: 5'b00000 
	Parameter pt[DATA_ACCESS_ENABLE6] bound to: 5'b00000 
	Parameter pt[DATA_ACCESS_ENABLE7] bound to: 5'b00000 
	Parameter pt[DATA_ACCESS_MASK0] bound to: 36'b000011111111111111111111111111111111 
	Parameter pt[DATA_ACCESS_MASK1] bound to: 36'b000011111111111111111111111111111111 
	Parameter pt[DATA_ACCESS_MASK2] bound to: 36'b000011111111111111111111111111111111 
	Parameter pt[DATA_ACCESS_MASK3] bound to: 36'b000011111111111111111111111111111111 
	Parameter pt[DATA_ACCESS_MASK4] bound to: 36'b000011111111111111111111111111111111 
	Parameter pt[DATA_ACCESS_MASK5] bound to: 36'b000011111111111111111111111111111111 
	Parameter pt[DATA_ACCESS_MASK6] bound to: 36'b000011111111111111111111111111111111 
	Parameter pt[DATA_ACCESS_MASK7] bound to: 36'b000011111111111111111111111111111111 
	Parameter pt[DCCM_BANK_BITS] bound to: 7'b0000010 
	Parameter pt[DCCM_BITS] bound to: 9'b000001110 
	Parameter pt[DCCM_BYTE_WIDTH] bound to: 7'b0000100 
	Parameter pt[DCCM_DATA_WIDTH] bound to: 10'b0000100000 
	Parameter pt[DCCM_ECC_WIDTH] bound to: 7'b0000111 
	Parameter pt[DCCM_ENABLE] bound to: 5'b00001 
	Parameter pt[DCCM_FDATA_WIDTH] bound to: 10'b0000100111 
	Parameter pt[DCCM_INDEX_BITS] bound to: 8'b00001010 
	Parameter pt[DCCM_NUM_BANKS] bound to: 9'b000000100 
	Parameter pt[DCCM_REGION] bound to: 8'b00001111 
	Parameter pt[DCCM_SADR] bound to: 36'b000011110000000001000000000000000000 
	Parameter pt[DCCM_SIZE] bound to: 14'b00000000010000 
	Parameter pt[DCCM_WIDTH_BITS] bound to: 6'b000010 
	Parameter pt[DIV_BIT] bound to: 7'b0000100 
	Parameter pt[DIV_NEW] bound to: 5'b00001 
	Parameter pt[DMA_BUF_DEPTH] bound to: 7'b0000010 
	Parameter pt[DMA_BUS_ID] bound to: 9'b000000001 
	Parameter pt[DMA_BUS_PRTY] bound to: 6'b000010 
	Parameter pt[DMA_BUS_TAG] bound to: 8'b00000001 
	Parameter pt[FAST_INTERRUPT_REDIRECT] bound to: 5'b00000 
	Parameter pt[ICACHE_2BANKS] bound to: 5'b00000 
	Parameter pt[ICACHE_BANK_BITS] bound to: 7'b0000001 
	Parameter pt[ICACHE_BANK_HI] bound to: 7'b0000011 
	Parameter pt[ICACHE_BANK_LO] bound to: 6'b000011 
	Parameter pt[ICACHE_BANK_WIDTH] bound to: 8'b00001000 
	Parameter pt[ICACHE_BANKS_WAY] bound to: 7'b0000010 
	Parameter pt[ICACHE_BEAT_ADDR_HI] bound to: 8'b00000101 
	Parameter pt[ICACHE_BEAT_BITS] bound to: 8'b00000011 
	Parameter pt[ICACHE_BYPASS_ENABLE] bound to: 5'b00001 
	Parameter pt[ICACHE_DATA_DEPTH] bound to: 18'b000000000100000000 
	Parameter pt[ICACHE_DATA_INDEX_LO] bound to: 7'b0000100 
	Parameter pt[ICACHE_DATA_WIDTH] bound to: 11'b00001000000 
	Parameter pt[ICACHE_ECC] bound to: 5'b00000 
	Parameter pt[ICACHE_ENABLE] bound to: 5'b00001 
	Parameter pt[ICACHE_FDATA_WIDTH] bound to: 11'b00001000100 
	Parameter pt[ICACHE_INDEX_HI] bound to: 9'b000001011 
	Parameter pt[ICACHE_LN_SZ] bound to: 11'b00001000000 
	Parameter pt[ICACHE_NUM_BEATS] bound to: 8'b00001000 
	Parameter pt[ICACHE_NUM_BYPASS] bound to: 8'b00000010 
	Parameter pt[ICACHE_NUM_BYPASS_WIDTH] bound to: 8'b00000010 
	Parameter pt[ICACHE_NUM_WAYS] bound to: 7'b0000010 
	Parameter pt[ICACHE_ONLY] bound to: 5'b00000 
	Parameter pt[ICACHE_SCND_LAST] bound to: 8'b00000110 
	Parameter pt[ICACHE_SIZE] bound to: 13'b0000000001000 
	Parameter pt[ICACHE_STATUS_BITS] bound to: 7'b0000001 
	Parameter pt[ICACHE_TAG_BYPASS_ENABLE] bound to: 5'b00001 
	Parameter pt[ICACHE_TAG_DEPTH] bound to: 17'b00000000001000000 
	Parameter pt[ICACHE_TAG_INDEX_LO] bound to: 7'b0000110 
	Parameter pt[ICACHE_TAG_LO] bound to: 9'b000001100 
	Parameter pt[ICACHE_TAG_NUM_BYPASS] bound to: 8'b00000010 
	Parameter pt[ICACHE_TAG_NUM_BYPASS_WIDTH] bound to: 8'b00000010 
	Parameter pt[ICACHE_WAYPACK] bound to: 5'b00001 
	Parameter pt[ICCM_BANK_BITS] bound to: 7'b0000010 
	Parameter pt[ICCM_BANK_HI] bound to: 9'b000000011 
	Parameter pt[ICCM_BANK_INDEX_LO] bound to: 9'b000000100 
	Parameter pt[ICCM_BITS] bound to: 9'b000001100 
	Parameter pt[ICCM_ENABLE] bound to: 5'b00001 
	Parameter pt[ICCM_ICACHE] bound to: 5'b00001 
	Parameter pt[ICCM_INDEX_BITS] bound to: 8'b00001000 
	Parameter pt[ICCM_NUM_BANKS] bound to: 9'b000000100 
	Parameter pt[ICCM_ONLY] bound to: 5'b00000 
	Parameter pt[ICCM_REGION] bound to: 8'b00001010 
	Parameter pt[ICCM_SADR] bound to: 36'b000010101111111111111111000000000000 
	Parameter pt[ICCM_SIZE] bound to: 14'b00000000000100 
	Parameter pt[IFU_BUS_ID] bound to: 5'b00001 
	Parameter pt[IFU_BUS_PRTY] bound to: 6'b000010 
	Parameter pt[IFU_BUS_TAG] bound to: 8'b00000011 
	Parameter pt[INST_ACCESS_ADDR0] bound to: 36'b000000000000000000000000000000000000 
	Parameter pt[INST_ACCESS_ADDR1] bound to: 36'b000000000000000000000000000000000000 
	Parameter pt[INST_ACCESS_ADDR2] bound to: 36'b000000000000000000000000000000000000 
	Parameter pt[INST_ACCESS_ADDR3] bound to: 36'b000000000000000000000000000000000000 
	Parameter pt[INST_ACCESS_ADDR4] bound to: 36'b000000000000000000000000000000000000 
	Parameter pt[INST_ACCESS_ADDR5] bound to: 36'b000000000000000000000000000000000000 
	Parameter pt[INST_ACCESS_ADDR6] bound to: 36'b000000000000000000000000000000000000 
	Parameter pt[INST_ACCESS_ADDR7] bound to: 36'b000000000000000000000000000000000000 
	Parameter pt[INST_ACCESS_ENABLE0] bound to: 5'b00000 
	Parameter pt[INST_ACCESS_ENABLE1] bound to: 5'b00000 
	Parameter pt[INST_ACCESS_ENABLE2] bound to: 5'b00000 
	Parameter pt[INST_ACCESS_ENABLE3] bound to: 5'b00000 
	Parameter pt[INST_ACCESS_ENABLE4] bound to: 5'b00000 
	Parameter pt[INST_ACCESS_ENABLE5] bound to: 5'b00000 
	Parameter pt[INST_ACCESS_ENABLE6] bound to: 5'b00000 
	Parameter pt[INST_ACCESS_ENABLE7] bound to: 5'b00000 
	Parameter pt[INST_ACCESS_MASK0] bound to: 36'b000011111111111111111111111111111111 
	Parameter pt[INST_ACCESS_MASK1] bound to: 36'b000011111111111111111111111111111111 
	Parameter pt[INST_ACCESS_MASK2] bound to: 36'b000011111111111111111111111111111111 
	Parameter pt[INST_ACCESS_MASK3] bound to: 36'b000011111111111111111111111111111111 
	Parameter pt[INST_ACCESS_MASK4] bound to: 36'b000011111111111111111111111111111111 
	Parameter pt[INST_ACCESS_MASK5] bound to: 36'b000011111111111111111111111111111111 
	Parameter pt[INST_ACCESS_MASK6] bound to: 36'b000011111111111111111111111111111111 
	Parameter pt[INST_ACCESS_MASK7] bound to: 36'b000011111111111111111111111111111111 
	Parameter pt[LOAD_TO_USE_PLUS1] bound to: 5'b00000 
	Parameter pt[LSU2DMA] bound to: 5'b00000 
	Parameter pt[LSU_BUS_ID] bound to: 5'b00001 
	Parameter pt[LSU_BUS_PRTY] bound to: 6'b000010 
	Parameter pt[LSU_BUS_TAG] bound to: 8'b00000011 
	Parameter pt[LSU_NUM_NBLOAD] bound to: 9'b000000100 
	Parameter pt[LSU_NUM_NBLOAD_WIDTH] bound to: 7'b0000010 
	Parameter pt[LSU_SB_BITS] bound to: 9'b000001110 
	Parameter pt[LSU_STBUF_DEPTH] bound to: 8'b00000100 
	Parameter pt[NO_ICCM_NO_ICACHE] bound to: 5'b00000 
	Parameter pt[PIC_2CYCLE] bound to: 5'b00000 
	Parameter pt[PIC_BASE_ADDR] bound to: 36'b000011110000000011000000000000000000 
	Parameter pt[PIC_BITS] bound to: 9'b000001111 
	Parameter pt[PIC_INT_WORDS] bound to: 8'b00000001 
	Parameter pt[PIC_REGION] bound to: 8'b00001111 
	Parameter pt[PIC_SIZE] bound to: 13'b0000000100000 
	Parameter pt[PIC_TOTAL_INT] bound to: 12'b000000001000 
	Parameter pt[PIC_TOTAL_INT_PLUS1] bound to: 13'b0000000001001 
	Parameter pt[RET_STACK_SIZE] bound to: 8'b00000010 
	Parameter pt[SB_BUS_ID] bound to: 5'b00001 
	Parameter pt[SB_BUS_PRTY] bound to: 6'b000010 
	Parameter pt[SB_BUS_TAG] bound to: 8'b00000001 
	Parameter pt[TIMER_LEGAL_EN] bound to: 5'b00001 
	Parameter WIDTH bound to: 1 - type: integer 
	Parameter WIDTH bound to: 7'b0000100 
	Parameter WIDTH bound to: 7'b0000100 
	Parameter pt[BHT_ADDR_HI] bound to: 8'b00000101 
	Parameter pt[BHT_ADDR_LO] bound to: 6'b000010 
	Parameter pt[BHT_ARRAY_DEPTH] bound to: 15'b000000000010000 
	Parameter pt[BHT_GHR_HASH_1] bound to: 5'b00000 
	Parameter pt[BHT_GHR_SIZE] bound to: 8'b00000100 
	Parameter pt[BHT_SIZE] bound to: 16'b0000000000100000 
	Parameter pt[BITMANIP_ZBA] bound to: 5'b00001 
	Parameter pt[BITMANIP_ZBB] bound to: 5'b00001 
	Parameter pt[BITMANIP_ZBC] bound to: 5'b00001 
	Parameter pt[BITMANIP_ZBE] bound to: 5'b00001 
	Parameter pt[BITMANIP_ZBF] bound to: 5'b00001 
	Parameter pt[BITMANIP_ZBP] bound to: 5'b00001 
	Parameter pt[BITMANIP_ZBR] bound to: 5'b00001 
	Parameter pt[BITMANIP_ZBS] bound to: 5'b00001 
	Parameter pt[BTB_ADDR_HI] bound to: 9'b000000101 
	Parameter pt[BTB_ADDR_LO] bound to: 6'b000010 
	Parameter pt[BTB_ARRAY_DEPTH] bound to: 13'b0000000000000 
	Parameter pt[BTB_BTAG_FOLD] bound to: 5'b00000 
	Parameter pt[BTB_BTAG_SIZE] bound to: 9'b000011111 
	Parameter pt[BTB_ENABLE] bound to: 5'b00001 
	Parameter pt[BTB_FOLD2_INDEX_HASH] bound to: 5'b00000 
	Parameter pt[BTB_FULLYA] bound to: 5'b00001 
	Parameter pt[BTB_INDEX1_HI] bound to: 9'b000000101 
	Parameter pt[BTB_INDEX1_LO] bound to: 9'b000000010 
	Parameter pt[BTB_INDEX2_HI] bound to: 9'b000001000 
	Parameter pt[BTB_INDEX2_LO] bound to: 9'b000000110 
	Parameter pt[BTB_INDEX3_HI] bound to: 9'b000001011 
	Parameter pt[BTB_INDEX3_LO] bound to: 9'b000001001 
	Parameter pt[BTB_SIZE] bound to: 14'b00000000001000 
	Parameter pt[BTB_TOFFSET_SIZE] bound to: 9'b000001100 
	Parameter pt[BUILD_AHB_LITE] bound to: 1'b0 
	Parameter pt[BUILD_AXI4] bound to: 5'b00001 
	Parameter pt[BUILD_AXI_NATIVE] bound to: 5'b00001 
	Parameter pt[BUS_PRTY_DEFAULT] bound to: 6'b000011 
	Parameter pt[DATA_ACCESS_ADDR0] bound to: 36'b000000000000000000000000000000000000 
	Parameter pt[DATA_ACCESS_ADDR1] bound to: 36'b000000000000000000000000000000000000 
	Parameter pt[DATA_ACCESS_ADDR2] bound to: 36'b000000000000000000000000000000000000 
	Parameter pt[DATA_ACCESS_ADDR3] bound to: 36'b000000000000000000000000000000000000 
	Parameter pt[DATA_ACCESS_ADDR4] bound to: 36'b000000000000000000000000000000000000 
	Parameter pt[DATA_ACCESS_ADDR5] bound to: 36'b000000000000000000000000000000000000 
	Parameter pt[DATA_ACCESS_ADDR6] bound to: 36'b000000000000000000000000000000000000 
	Parameter pt[DATA_ACCESS_ADDR7] bound to: 36'b000000000000000000000000000000000000 
	Parameter pt[DATA_ACCESS_ENABLE0] bound to: 5'b00000 
	Parameter pt[DATA_ACCESS_ENABLE1] bound to: 5'b00000 
	Parameter pt[DATA_ACCESS_ENABLE2] bound to: 5'b00000 
	Parameter pt[DATA_ACCESS_ENABLE3] bound to: 5'b00000 
	Parameter pt[DATA_ACCESS_ENABLE4] bound to: 5'b00000 
	Parameter pt[DATA_ACCESS_ENABLE5] bound to: 5'b00000 
	Parameter pt[DATA_ACCESS_ENABLE6] bound to: 5'b00000 
	Parameter pt[DATA_ACCESS_ENABLE7] bound to: 5'b00000 
	Parameter pt[DATA_ACCESS_MASK0] bound to: 36'b000011111111111111111111111111111111 
	Parameter pt[DATA_ACCESS_MASK1] bound to: 36'b000011111111111111111111111111111111 
	Parameter pt[DATA_ACCESS_MASK2] bound to: 36'b000011111111111111111111111111111111 
	Parameter pt[DATA_ACCESS_MASK3] bound to: 36'b000011111111111111111111111111111111 
	Parameter pt[DATA_ACCESS_MASK4] bound to: 36'b000011111111111111111111111111111111 
	Parameter pt[DATA_ACCESS_MASK5] bound to: 36'b000011111111111111111111111111111111 
	Parameter pt[DATA_ACCESS_MASK6] bound to: 36'b000011111111111111111111111111111111 
	Parameter pt[DATA_ACCESS_MASK7] bound to: 36'b000011111111111111111111111111111111 
	Parameter pt[DCCM_BANK_BITS] bound to: 7'b0000010 
	Parameter pt[DCCM_BITS] bound to: 9'b000001110 
	Parameter pt[DCCM_BYTE_WIDTH] bound to: 7'b0000100 
	Parameter pt[DCCM_DATA_WIDTH] bound to: 10'b0000100000 
	Parameter pt[DCCM_ECC_WIDTH] bound to: 7'b0000111 
	Parameter pt[DCCM_ENABLE] bound to: 5'b00001 
	Parameter pt[DCCM_FDATA_WIDTH] bound to: 10'b0000100111 
	Parameter pt[DCCM_INDEX_BITS] bound to: 8'b00001010 
	Parameter pt[DCCM_NUM_BANKS] bound to: 9'b000000100 
	Parameter pt[DCCM_REGION] bound to: 8'b00001111 
	Parameter pt[DCCM_SADR] bound to: 36'b000011110000000001000000000000000000 
	Parameter pt[DCCM_SIZE] bound to: 14'b00000000010000 
	Parameter pt[DCCM_WIDTH_BITS] bound to: 6'b000010 
	Parameter pt[DIV_BIT] bound to: 7'b0000100 
	Parameter pt[DIV_NEW] bound to: 5'b00001 
	Parameter pt[DMA_BUF_DEPTH] bound to: 7'b0000010 
	Parameter pt[DMA_BUS_ID] bound to: 9'b000000001 
	Parameter pt[DMA_BUS_PRTY] bound to: 6'b000010 
	Parameter pt[DMA_BUS_TAG] bound to: 8'b00000001 
	Parameter pt[FAST_INTERRUPT_REDIRECT] bound to: 5'b00000 
	Parameter pt[ICACHE_2BANKS] bound to: 5'b00000 
	Parameter pt[ICACHE_BANK_BITS] bound to: 7'b0000001 
	Parameter pt[ICACHE_BANK_HI] bound to: 7'b0000011 
	Parameter pt[ICACHE_BANK_LO] bound to: 6'b000011 
	Parameter pt[ICACHE_BANK_WIDTH] bound to: 8'b00001000 
	Parameter pt[ICACHE_BANKS_WAY] bound to: 7'b0000010 
	Parameter pt[ICACHE_BEAT_ADDR_HI] bound to: 8'b00000101 
	Parameter pt[ICACHE_BEAT_BITS] bound to: 8'b00000011 
	Parameter pt[ICACHE_BYPASS_ENABLE] bound to: 5'b00001 
	Parameter pt[ICACHE_DATA_DEPTH] bound to: 18'b000000000100000000 
	Parameter pt[ICACHE_DATA_INDEX_LO] bound to: 7'b0000100 
	Parameter pt[ICACHE_DATA_WIDTH] bound to: 11'b00001000000 
	Parameter pt[ICACHE_ECC] bound to: 5'b00000 
	Parameter pt[ICACHE_ENABLE] bound to: 5'b00001 
	Parameter pt[ICACHE_FDATA_WIDTH] bound to: 11'b00001000100 
	Parameter pt[ICACHE_INDEX_HI] bound to: 9'b000001011 
	Parameter pt[ICACHE_LN_SZ] bound to: 11'b00001000000 
	Parameter pt[ICACHE_NUM_BEATS] bound to: 8'b00001000 
	Parameter pt[ICACHE_NUM_BYPASS] bound to: 8'b00000010 
	Parameter pt[ICACHE_NUM_BYPASS_WIDTH] bound to: 8'b00000010 
	Parameter pt[ICACHE_NUM_WAYS] bound to: 7'b0000010 
	Parameter pt[ICACHE_ONLY] bound to: 5'b00000 
	Parameter pt[ICACHE_SCND_LAST] bound to: 8'b00000110 
	Parameter pt[ICACHE_SIZE] bound to: 13'b0000000001000 
	Parameter pt[ICACHE_STATUS_BITS] bound to: 7'b0000001 
	Parameter pt[ICACHE_TAG_BYPASS_ENABLE] bound to: 5'b00001 
	Parameter pt[ICACHE_TAG_DEPTH] bound to: 17'b00000000001000000 
	Parameter pt[ICACHE_TAG_INDEX_LO] bound to: 7'b0000110 
	Parameter pt[ICACHE_TAG_LO] bound to: 9'b000001100 
	Parameter pt[ICACHE_TAG_NUM_BYPASS] bound to: 8'b00000010 
	Parameter pt[ICACHE_TAG_NUM_BYPASS_WIDTH] bound to: 8'b00000010 
	Parameter pt[ICACHE_WAYPACK] bound to: 5'b00001 
	Parameter pt[ICCM_BANK_BITS] bound to: 7'b0000010 
	Parameter pt[ICCM_BANK_HI] bound to: 9'b000000011 
	Parameter pt[ICCM_BANK_INDEX_LO] bound to: 9'b000000100 
	Parameter pt[ICCM_BITS] bound to: 9'b000001100 
	Parameter pt[ICCM_ENABLE] bound to: 5'b00001 
	Parameter pt[ICCM_ICACHE] bound to: 5'b00001 
	Parameter pt[ICCM_INDEX_BITS] bound to: 8'b00001000 
	Parameter pt[ICCM_NUM_BANKS] bound to: 9'b000000100 
	Parameter pt[ICCM_ONLY] bound to: 5'b00000 
	Parameter pt[ICCM_REGION] bound to: 8'b00001010 
	Parameter pt[ICCM_SADR] bound to: 36'b000010101111111111111111000000000000 
	Parameter pt[ICCM_SIZE] bound to: 14'b00000000000100 
	Parameter pt[IFU_BUS_ID] bound to: 5'b00001 
	Parameter pt[IFU_BUS_PRTY] bound to: 6'b000010 
	Parameter pt[IFU_BUS_TAG] bound to: 8'b00000011 
	Parameter pt[INST_ACCESS_ADDR0] bound to: 36'b000000000000000000000000000000000000 
	Parameter pt[INST_ACCESS_ADDR1] bound to: 36'b000000000000000000000000000000000000 
	Parameter pt[INST_ACCESS_ADDR2] bound to: 36'b000000000000000000000000000000000000 
	Parameter pt[INST_ACCESS_ADDR3] bound to: 36'b000000000000000000000000000000000000 
	Parameter pt[INST_ACCESS_ADDR4] bound to: 36'b000000000000000000000000000000000000 
	Parameter pt[INST_ACCESS_ADDR5] bound to: 36'b000000000000000000000000000000000000 
	Parameter pt[INST_ACCESS_ADDR6] bound to: 36'b000000000000000000000000000000000000 
	Parameter pt[INST_ACCESS_ADDR7] bound to: 36'b000000000000000000000000000000000000 
	Parameter pt[INST_ACCESS_ENABLE0] bound to: 5'b00000 
	Parameter pt[INST_ACCESS_ENABLE1] bound to: 5'b00000 
	Parameter pt[INST_ACCESS_ENABLE2] bound to: 5'b00000 
	Parameter pt[INST_ACCESS_ENABLE3] bound to: 5'b00000 
	Parameter pt[INST_ACCESS_ENABLE4] bound to: 5'b00000 
	Parameter pt[INST_ACCESS_ENABLE5] bound to: 5'b00000 
	Parameter pt[INST_ACCESS_ENABLE6] bound to: 5'b00000 
	Parameter pt[INST_ACCESS_ENABLE7] bound to: 5'b00000 
	Parameter pt[INST_ACCESS_MASK0] bound to: 36'b000011111111111111111111111111111111 
	Parameter pt[INST_ACCESS_MASK1] bound to: 36'b000011111111111111111111111111111111 
	Parameter pt[INST_ACCESS_MASK2] bound to: 36'b000011111111111111111111111111111111 
	Parameter pt[INST_ACCESS_MASK3] bound to: 36'b000011111111111111111111111111111111 
	Parameter pt[INST_ACCESS_MASK4] bound to: 36'b000011111111111111111111111111111111 
	Parameter pt[INST_ACCESS_MASK5] bound to: 36'b000011111111111111111111111111111111 
	Parameter pt[INST_ACCESS_MASK6] bound to: 36'b000011111111111111111111111111111111 
	Parameter pt[INST_ACCESS_MASK7] bound to: 36'b000011111111111111111111111111111111 
	Parameter pt[LOAD_TO_USE_PLUS1] bound to: 5'b00000 
	Parameter pt[LSU2DMA] bound to: 5'b00000 
	Parameter pt[LSU_BUS_ID] bound to: 5'b00001 
	Parameter pt[LSU_BUS_PRTY] bound to: 6'b000010 
	Parameter pt[LSU_BUS_TAG] bound to: 8'b00000011 
	Parameter pt[LSU_NUM_NBLOAD] bound to: 9'b000000100 
	Parameter pt[LSU_NUM_NBLOAD_WIDTH] bound to: 7'b0000010 
	Parameter pt[LSU_SB_BITS] bound to: 9'b000001110 
	Parameter pt[LSU_STBUF_DEPTH] bound to: 8'b00000100 
	Parameter pt[NO_ICCM_NO_ICACHE] bound to: 5'b00000 
	Parameter pt[PIC_2CYCLE] bound to: 5'b00000 
	Parameter pt[PIC_BASE_ADDR] bound to: 36'b000011110000000011000000000000000000 
	Parameter pt[PIC_BITS] bound to: 9'b000001111 
	Parameter pt[PIC_INT_WORDS] bound to: 8'b00000001 
	Parameter pt[PIC_REGION] bound to: 8'b00001111 
	Parameter pt[PIC_SIZE] bound to: 13'b0000000100000 
	Parameter pt[PIC_TOTAL_INT] bound to: 12'b000000001000 
	Parameter pt[PIC_TOTAL_INT_PLUS1] bound to: 13'b0000000001001 
	Parameter pt[RET_STACK_SIZE] bound to: 8'b00000010 
	Parameter pt[SB_BUS_ID] bound to: 5'b00001 
	Parameter pt[SB_BUS_PRTY] bound to: 6'b000010 
	Parameter pt[SB_BUS_TAG] bound to: 8'b00000001 
	Parameter pt[TIMER_LEGAL_EN] bound to: 5'b00001 
	Parameter pt[BHT_ADDR_HI] bound to: 8'b00000101 
	Parameter pt[BHT_ADDR_LO] bound to: 6'b000010 
	Parameter pt[BHT_ARRAY_DEPTH] bound to: 15'b000000000010000 
	Parameter pt[BHT_GHR_HASH_1] bound to: 5'b00000 
	Parameter pt[BHT_GHR_SIZE] bound to: 8'b00000100 
	Parameter pt[BHT_SIZE] bound to: 16'b0000000000100000 
	Parameter pt[BITMANIP_ZBA] bound to: 5'b00001 
	Parameter pt[BITMANIP_ZBB] bound to: 5'b00001 
	Parameter pt[BITMANIP_ZBC] bound to: 5'b00001 
	Parameter pt[BITMANIP_ZBE] bound to: 5'b00001 
	Parameter pt[BITMANIP_ZBF] bound to: 5'b00001 
	Parameter pt[BITMANIP_ZBP] bound to: 5'b00001 
	Parameter pt[BITMANIP_ZBR] bound to: 5'b00001 
	Parameter pt[BITMANIP_ZBS] bound to: 5'b00001 
	Parameter pt[BTB_ADDR_HI] bound to: 9'b000000101 
	Parameter pt[BTB_ADDR_LO] bound to: 6'b000010 
	Parameter pt[BTB_ARRAY_DEPTH] bound to: 13'b0000000000000 
	Parameter pt[BTB_BTAG_FOLD] bound to: 5'b00000 
	Parameter pt[BTB_BTAG_SIZE] bound to: 9'b000011111 
	Parameter pt[BTB_ENABLE] bound to: 5'b00001 
	Parameter pt[BTB_FOLD2_INDEX_HASH] bound to: 5'b00000 
	Parameter pt[BTB_FULLYA] bound to: 5'b00001 
	Parameter pt[BTB_INDEX1_HI] bound to: 9'b000000101 
	Parameter pt[BTB_INDEX1_LO] bound to: 9'b000000010 
	Parameter pt[BTB_INDEX2_HI] bound to: 9'b000001000 
	Parameter pt[BTB_INDEX2_LO] bound to: 9'b000000110 
	Parameter pt[BTB_INDEX3_HI] bound to: 9'b000001011 
	Parameter pt[BTB_INDEX3_LO] bound to: 9'b000001001 
	Parameter pt[BTB_SIZE] bound to: 14'b00000000001000 
	Parameter pt[BTB_TOFFSET_SIZE] bound to: 9'b000001100 
	Parameter pt[BUILD_AHB_LITE] bound to: 1'b0 
	Parameter pt[BUILD_AXI4] bound to: 5'b00001 
	Parameter pt[BUILD_AXI_NATIVE] bound to: 5'b00001 
	Parameter pt[BUS_PRTY_DEFAULT] bound to: 6'b000011 
	Parameter pt[DATA_ACCESS_ADDR0] bound to: 36'b000000000000000000000000000000000000 
	Parameter pt[DATA_ACCESS_ADDR1] bound to: 36'b000000000000000000000000000000000000 
	Parameter pt[DATA_ACCESS_ADDR2] bound to: 36'b000000000000000000000000000000000000 
	Parameter pt[DATA_ACCESS_ADDR3] bound to: 36'b000000000000000000000000000000000000 
	Parameter pt[DATA_ACCESS_ADDR4] bound to: 36'b000000000000000000000000000000000000 
	Parameter pt[DATA_ACCESS_ADDR5] bound to: 36'b000000000000000000000000000000000000 
	Parameter pt[DATA_ACCESS_ADDR6] bound to: 36'b000000000000000000000000000000000000 
	Parameter pt[DATA_ACCESS_ADDR7] bound to: 36'b000000000000000000000000000000000000 
	Parameter pt[DATA_ACCESS_ENABLE0] bound to: 5'b00000 
	Parameter pt[DATA_ACCESS_ENABLE1] bound to: 5'b00000 
	Parameter pt[DATA_ACCESS_ENABLE2] bound to: 5'b00000 
	Parameter pt[DATA_ACCESS_ENABLE3] bound to: 5'b00000 
	Parameter pt[DATA_ACCESS_ENABLE4] bound to: 5'b00000 
	Parameter pt[DATA_ACCESS_ENABLE5] bound to: 5'b00000 
	Parameter pt[DATA_ACCESS_ENABLE6] bound to: 5'b00000 
	Parameter pt[DATA_ACCESS_ENABLE7] bound to: 5'b00000 
	Parameter pt[DATA_ACCESS_MASK0] bound to: 36'b000011111111111111111111111111111111 
	Parameter pt[DATA_ACCESS_MASK1] bound to: 36'b000011111111111111111111111111111111 
	Parameter pt[DATA_ACCESS_MASK2] bound to: 36'b000011111111111111111111111111111111 
	Parameter pt[DATA_ACCESS_MASK3] bound to: 36'b000011111111111111111111111111111111 
	Parameter pt[DATA_ACCESS_MASK4] bound to: 36'b000011111111111111111111111111111111 
	Parameter pt[DATA_ACCESS_MASK5] bound to: 36'b000011111111111111111111111111111111 
	Parameter pt[DATA_ACCESS_MASK6] bound to: 36'b000011111111111111111111111111111111 
	Parameter pt[DATA_ACCESS_MASK7] bound to: 36'b000011111111111111111111111111111111 
	Parameter pt[DCCM_BANK_BITS] bound to: 7'b0000010 
	Parameter pt[DCCM_BITS] bound to: 9'b000001110 
	Parameter pt[DCCM_BYTE_WIDTH] bound to: 7'b0000100 
	Parameter pt[DCCM_DATA_WIDTH] bound to: 10'b0000100000 
	Parameter pt[DCCM_ECC_WIDTH] bound to: 7'b0000111 
	Parameter pt[DCCM_ENABLE] bound to: 5'b00001 
	Parameter pt[DCCM_FDATA_WIDTH] bound to: 10'b0000100111 
	Parameter pt[DCCM_INDEX_BITS] bound to: 8'b00001010 
	Parameter pt[DCCM_NUM_BANKS] bound to: 9'b000000100 
	Parameter pt[DCCM_REGION] bound to: 8'b00001111 
	Parameter pt[DCCM_SADR] bound to: 36'b000011110000000001000000000000000000 
	Parameter pt[DCCM_SIZE] bound to: 14'b00000000010000 
	Parameter pt[DCCM_WIDTH_BITS] bound to: 6'b000010 
	Parameter pt[DIV_BIT] bound to: 7'b0000100 
	Parameter pt[DIV_NEW] bound to: 5'b00001 
	Parameter pt[DMA_BUF_DEPTH] bound to: 7'b0000010 
	Parameter pt[DMA_BUS_ID] bound to: 9'b000000001 
	Parameter pt[DMA_BUS_PRTY] bound to: 6'b000010 
	Parameter pt[DMA_BUS_TAG] bound to: 8'b00000001 
	Parameter pt[FAST_INTERRUPT_REDIRECT] bound to: 5'b00000 
	Parameter pt[ICACHE_2BANKS] bound to: 5'b00000 
	Parameter pt[ICACHE_BANK_BITS] bound to: 7'b0000001 
	Parameter pt[ICACHE_BANK_HI] bound to: 7'b0000011 
	Parameter pt[ICACHE_BANK_LO] bound to: 6'b000011 
	Parameter pt[ICACHE_BANK_WIDTH] bound to: 8'b00001000 
	Parameter pt[ICACHE_BANKS_WAY] bound to: 7'b0000010 
	Parameter pt[ICACHE_BEAT_ADDR_HI] bound to: 8'b00000101 
	Parameter pt[ICACHE_BEAT_BITS] bound to: 8'b00000011 
	Parameter pt[ICACHE_BYPASS_ENABLE] bound to: 5'b00001 
	Parameter pt[ICACHE_DATA_DEPTH] bound to: 18'b000000000100000000 
	Parameter pt[ICACHE_DATA_INDEX_LO] bound to: 7'b0000100 
	Parameter pt[ICACHE_DATA_WIDTH] bound to: 11'b00001000000 
	Parameter pt[ICACHE_ECC] bound to: 5'b00000 
	Parameter pt[ICACHE_ENABLE] bound to: 5'b00001 
	Parameter pt[ICACHE_FDATA_WIDTH] bound to: 11'b00001000100 
	Parameter pt[ICACHE_INDEX_HI] bound to: 9'b000001011 
	Parameter pt[ICACHE_LN_SZ] bound to: 11'b00001000000 
	Parameter pt[ICACHE_NUM_BEATS] bound to: 8'b00001000 
	Parameter pt[ICACHE_NUM_BYPASS] bound to: 8'b00000010 
	Parameter pt[ICACHE_NUM_BYPASS_WIDTH] bound to: 8'b00000010 
	Parameter pt[ICACHE_NUM_WAYS] bound to: 7'b0000010 
	Parameter pt[ICACHE_ONLY] bound to: 5'b00000 
	Parameter pt[ICACHE_SCND_LAST] bound to: 8'b00000110 
	Parameter pt[ICACHE_SIZE] bound to: 13'b0000000001000 
	Parameter pt[ICACHE_STATUS_BITS] bound to: 7'b0000001 
	Parameter pt[ICACHE_TAG_BYPASS_ENABLE] bound to: 5'b00001 
	Parameter pt[ICACHE_TAG_DEPTH] bound to: 17'b00000000001000000 
	Parameter pt[ICACHE_TAG_INDEX_LO] bound to: 7'b0000110 
	Parameter pt[ICACHE_TAG_LO] bound to: 9'b000001100 
	Parameter pt[ICACHE_TAG_NUM_BYPASS] bound to: 8'b00000010 
	Parameter pt[ICACHE_TAG_NUM_BYPASS_WIDTH] bound to: 8'b00000010 
	Parameter pt[ICACHE_WAYPACK] bound to: 5'b00001 
	Parameter pt[ICCM_BANK_BITS] bound to: 7'b0000010 
	Parameter pt[ICCM_BANK_HI] bound to: 9'b000000011 
	Parameter pt[ICCM_BANK_INDEX_LO] bound to: 9'b000000100 
	Parameter pt[ICCM_BITS] bound to: 9'b000001100 
	Parameter pt[ICCM_ENABLE] bound to: 5'b00001 
	Parameter pt[ICCM_ICACHE] bound to: 5'b00001 
	Parameter pt[ICCM_INDEX_BITS] bound to: 8'b00001000 
	Parameter pt[ICCM_NUM_BANKS] bound to: 9'b000000100 
	Parameter pt[ICCM_ONLY] bound to: 5'b00000 
	Parameter pt[ICCM_REGION] bound to: 8'b00001010 
	Parameter pt[ICCM_SADR] bound to: 36'b000010101111111111111111000000000000 
	Parameter pt[ICCM_SIZE] bound to: 14'b00000000000100 
	Parameter pt[IFU_BUS_ID] bound to: 5'b00001 
	Parameter pt[IFU_BUS_PRTY] bound to: 6'b000010 
	Parameter pt[IFU_BUS_TAG] bound to: 8'b00000011 
	Parameter pt[INST_ACCESS_ADDR0] bound to: 36'b000000000000000000000000000000000000 
	Parameter pt[INST_ACCESS_ADDR1] bound to: 36'b000000000000000000000000000000000000 
	Parameter pt[INST_ACCESS_ADDR2] bound to: 36'b000000000000000000000000000000000000 
	Parameter pt[INST_ACCESS_ADDR3] bound to: 36'b000000000000000000000000000000000000 
	Parameter pt[INST_ACCESS_ADDR4] bound to: 36'b000000000000000000000000000000000000 
	Parameter pt[INST_ACCESS_ADDR5] bound to: 36'b000000000000000000000000000000000000 
	Parameter pt[INST_ACCESS_ADDR6] bound to: 36'b000000000000000000000000000000000000 
	Parameter pt[INST_ACCESS_ADDR7] bound to: 36'b000000000000000000000000000000000000 
	Parameter pt[INST_ACCESS_ENABLE0] bound to: 5'b00000 
	Parameter pt[INST_ACCESS_ENABLE1] bound to: 5'b00000 
	Parameter pt[INST_ACCESS_ENABLE2] bound to: 5'b00000 
	Parameter pt[INST_ACCESS_ENABLE3] bound to: 5'b00000 
	Parameter pt[INST_ACCESS_ENABLE4] bound to: 5'b00000 
	Parameter pt[INST_ACCESS_ENABLE5] bound to: 5'b00000 
	Parameter pt[INST_ACCESS_ENABLE6] bound to: 5'b00000 
	Parameter pt[INST_ACCESS_ENABLE7] bound to: 5'b00000 
	Parameter pt[INST_ACCESS_MASK0] bound to: 36'b000011111111111111111111111111111111 
	Parameter pt[INST_ACCESS_MASK1] bound to: 36'b000011111111111111111111111111111111 
	Parameter pt[INST_ACCESS_MASK2] bound to: 36'b000011111111111111111111111111111111 
	Parameter pt[INST_ACCESS_MASK3] bound to: 36'b000011111111111111111111111111111111 
	Parameter pt[INST_ACCESS_MASK4] bound to: 36'b000011111111111111111111111111111111 
	Parameter pt[INST_ACCESS_MASK5] bound to: 36'b000011111111111111111111111111111111 
	Parameter pt[INST_ACCESS_MASK6] bound to: 36'b000011111111111111111111111111111111 
	Parameter pt[INST_ACCESS_MASK7] bound to: 36'b000011111111111111111111111111111111 
	Parameter pt[LOAD_TO_USE_PLUS1] bound to: 5'b00000 
	Parameter pt[LSU2DMA] bound to: 5'b00000 
	Parameter pt[LSU_BUS_ID] bound to: 5'b00001 
	Parameter pt[LSU_BUS_PRTY] bound to: 6'b000010 
	Parameter pt[LSU_BUS_TAG] bound to: 8'b00000011 
	Parameter pt[LSU_NUM_NBLOAD] bound to: 9'b000000100 
	Parameter pt[LSU_NUM_NBLOAD_WIDTH] bound to: 7'b0000010 
	Parameter pt[LSU_SB_BITS] bound to: 9'b000001110 
	Parameter pt[LSU_STBUF_DEPTH] bound to: 8'b00000100 
	Parameter pt[NO_ICCM_NO_ICACHE] bound to: 5'b00000 
	Parameter pt[PIC_2CYCLE] bound to: 5'b00000 
	Parameter pt[PIC_BASE_ADDR] bound to: 36'b000011110000000011000000000000000000 
	Parameter pt[PIC_BITS] bound to: 9'b000001111 
	Parameter pt[PIC_INT_WORDS] bound to: 8'b00000001 
	Parameter pt[PIC_REGION] bound to: 8'b00001111 
	Parameter pt[PIC_SIZE] bound to: 13'b0000000100000 
	Parameter pt[PIC_TOTAL_INT] bound to: 12'b000000001000 
	Parameter pt[PIC_TOTAL_INT_PLUS1] bound to: 13'b0000000001001 
	Parameter pt[RET_STACK_SIZE] bound to: 8'b00000010 
	Parameter pt[SB_BUS_ID] bound to: 5'b00001 
	Parameter pt[SB_BUS_PRTY] bound to: 6'b000010 
	Parameter pt[SB_BUS_TAG] bound to: 8'b00000001 
	Parameter pt[TIMER_LEGAL_EN] bound to: 5'b00001 
	Parameter pt[BHT_ADDR_HI] bound to: 8'b00000101 
	Parameter pt[BHT_ADDR_LO] bound to: 6'b000010 
	Parameter pt[BHT_ARRAY_DEPTH] bound to: 15'b000000000010000 
	Parameter pt[BHT_GHR_HASH_1] bound to: 5'b00000 
	Parameter pt[BHT_GHR_SIZE] bound to: 8'b00000100 
	Parameter pt[BHT_SIZE] bound to: 16'b0000000000100000 
	Parameter pt[BITMANIP_ZBA] bound to: 5'b00001 
	Parameter pt[BITMANIP_ZBB] bound to: 5'b00001 
	Parameter pt[BITMANIP_ZBC] bound to: 5'b00001 
	Parameter pt[BITMANIP_ZBE] bound to: 5'b00001 
	Parameter pt[BITMANIP_ZBF] bound to: 5'b00001 
	Parameter pt[BITMANIP_ZBP] bound to: 5'b00001 
	Parameter pt[BITMANIP_ZBR] bound to: 5'b00001 
	Parameter pt[BITMANIP_ZBS] bound to: 5'b00001 
	Parameter pt[BTB_ADDR_HI] bound to: 9'b000000101 
	Parameter pt[BTB_ADDR_LO] bound to: 6'b000010 
	Parameter pt[BTB_ARRAY_DEPTH] bound to: 13'b0000000000000 
	Parameter pt[BTB_BTAG_FOLD] bound to: 5'b00000 
	Parameter pt[BTB_BTAG_SIZE] bound to: 9'b000011111 
	Parameter pt[BTB_ENABLE] bound to: 5'b00001 
	Parameter pt[BTB_FOLD2_INDEX_HASH] bound to: 5'b00000 
	Parameter pt[BTB_FULLYA] bound to: 5'b00001 
	Parameter pt[BTB_INDEX1_HI] bound to: 9'b000000101 
	Parameter pt[BTB_INDEX1_LO] bound to: 9'b000000010 
	Parameter pt[BTB_INDEX2_HI] bound to: 9'b000001000 
	Parameter pt[BTB_INDEX2_LO] bound to: 9'b000000110 
	Parameter pt[BTB_INDEX3_HI] bound to: 9'b000001011 
	Parameter pt[BTB_INDEX3_LO] bound to: 9'b000001001 
	Parameter pt[BTB_SIZE] bound to: 14'b00000000001000 
	Parameter pt[BTB_TOFFSET_SIZE] bound to: 9'b000001100 
	Parameter pt[BUILD_AHB_LITE] bound to: 1'b0 
	Parameter pt[BUILD_AXI4] bound to: 5'b00001 
	Parameter pt[BUILD_AXI_NATIVE] bound to: 5'b00001 
	Parameter pt[BUS_PRTY_DEFAULT] bound to: 6'b000011 
	Parameter pt[DATA_ACCESS_ADDR0] bound to: 36'b000000000000000000000000000000000000 
	Parameter pt[DATA_ACCESS_ADDR1] bound to: 36'b000000000000000000000000000000000000 
	Parameter pt[DATA_ACCESS_ADDR2] bound to: 36'b000000000000000000000000000000000000 
	Parameter pt[DATA_ACCESS_ADDR3] bound to: 36'b000000000000000000000000000000000000 
	Parameter pt[DATA_ACCESS_ADDR4] bound to: 36'b000000000000000000000000000000000000 
	Parameter pt[DATA_ACCESS_ADDR5] bound to: 36'b000000000000000000000000000000000000 
	Parameter pt[DATA_ACCESS_ADDR6] bound to: 36'b000000000000000000000000000000000000 
	Parameter pt[DATA_ACCESS_ADDR7] bound to: 36'b000000000000000000000000000000000000 
	Parameter pt[DATA_ACCESS_ENABLE0] bound to: 5'b00000 
	Parameter pt[DATA_ACCESS_ENABLE1] bound to: 5'b00000 
	Parameter pt[DATA_ACCESS_ENABLE2] bound to: 5'b00000 
	Parameter pt[DATA_ACCESS_ENABLE3] bound to: 5'b00000 
	Parameter pt[DATA_ACCESS_ENABLE4] bound to: 5'b00000 
	Parameter pt[DATA_ACCESS_ENABLE5] bound to: 5'b00000 
	Parameter pt[DATA_ACCESS_ENABLE6] bound to: 5'b00000 
	Parameter pt[DATA_ACCESS_ENABLE7] bound to: 5'b00000 
	Parameter pt[DATA_ACCESS_MASK0] bound to: 36'b000011111111111111111111111111111111 
	Parameter pt[DATA_ACCESS_MASK1] bound to: 36'b000011111111111111111111111111111111 
	Parameter pt[DATA_ACCESS_MASK2] bound to: 36'b000011111111111111111111111111111111 
	Parameter pt[DATA_ACCESS_MASK3] bound to: 36'b000011111111111111111111111111111111 
	Parameter pt[DATA_ACCESS_MASK4] bound to: 36'b000011111111111111111111111111111111 
	Parameter pt[DATA_ACCESS_MASK5] bound to: 36'b000011111111111111111111111111111111 
	Parameter pt[DATA_ACCESS_MASK6] bound to: 36'b000011111111111111111111111111111111 
	Parameter pt[DATA_ACCESS_MASK7] bound to: 36'b000011111111111111111111111111111111 
	Parameter pt[DCCM_BANK_BITS] bound to: 7'b0000010 
	Parameter pt[DCCM_BITS] bound to: 9'b000001110 
	Parameter pt[DCCM_BYTE_WIDTH] bound to: 7'b0000100 
	Parameter pt[DCCM_DATA_WIDTH] bound to: 10'b0000100000 
	Parameter pt[DCCM_ECC_WIDTH] bound to: 7'b0000111 
	Parameter pt[DCCM_ENABLE] bound to: 5'b00001 
	Parameter pt[DCCM_FDATA_WIDTH] bound to: 10'b0000100111 
	Parameter pt[DCCM_INDEX_BITS] bound to: 8'b00001010 
	Parameter pt[DCCM_NUM_BANKS] bound to: 9'b000000100 
	Parameter pt[DCCM_REGION] bound to: 8'b00001111 
	Parameter pt[DCCM_SADR] bound to: 36'b000011110000000001000000000000000000 
	Parameter pt[DCCM_SIZE] bound to: 14'b00000000010000 
	Parameter pt[DCCM_WIDTH_BITS] bound to: 6'b000010 
	Parameter pt[DIV_BIT] bound to: 7'b0000100 
	Parameter pt[DIV_NEW] bound to: 5'b00001 
	Parameter pt[DMA_BUF_DEPTH] bound to: 7'b0000010 
	Parameter pt[DMA_BUS_ID] bound to: 9'b000000001 
	Parameter pt[DMA_BUS_PRTY] bound to: 6'b000010 
	Parameter pt[DMA_BUS_TAG] bound to: 8'b00000001 
	Parameter pt[FAST_INTERRUPT_REDIRECT] bound to: 5'b00000 
	Parameter pt[ICACHE_2BANKS] bound to: 5'b00000 
	Parameter pt[ICACHE_BANK_BITS] bound to: 7'b0000001 
	Parameter pt[ICACHE_BANK_HI] bound to: 7'b0000011 
	Parameter pt[ICACHE_BANK_LO] bound to: 6'b000011 
	Parameter pt[ICACHE_BANK_WIDTH] bound to: 8'b00001000 
	Parameter pt[ICACHE_BANKS_WAY] bound to: 7'b0000010 
	Parameter pt[ICACHE_BEAT_ADDR_HI] bound to: 8'b00000101 
	Parameter pt[ICACHE_BEAT_BITS] bound to: 8'b00000011 
	Parameter pt[ICACHE_BYPASS_ENABLE] bound to: 5'b00001 
	Parameter pt[ICACHE_DATA_DEPTH] bound to: 18'b000000000100000000 
	Parameter pt[ICACHE_DATA_INDEX_LO] bound to: 7'b0000100 
	Parameter pt[ICACHE_DATA_WIDTH] bound to: 11'b00001000000 
	Parameter pt[ICACHE_ECC] bound to: 5'b00000 
	Parameter pt[ICACHE_ENABLE] bound to: 5'b00001 
	Parameter pt[ICACHE_FDATA_WIDTH] bound to: 11'b00001000100 
	Parameter pt[ICACHE_INDEX_HI] bound to: 9'b000001011 
	Parameter pt[ICACHE_LN_SZ] bound to: 11'b00001000000 
	Parameter pt[ICACHE_NUM_BEATS] bound to: 8'b00001000 
	Parameter pt[ICACHE_NUM_BYPASS] bound to: 8'b00000010 
	Parameter pt[ICACHE_NUM_BYPASS_WIDTH] bound to: 8'b00000010 
	Parameter pt[ICACHE_NUM_WAYS] bound to: 7'b0000010 
	Parameter pt[ICACHE_ONLY] bound to: 5'b00000 
	Parameter pt[ICACHE_SCND_LAST] bound to: 8'b00000110 
	Parameter pt[ICACHE_SIZE] bound to: 13'b0000000001000 
	Parameter pt[ICACHE_STATUS_BITS] bound to: 7'b0000001 
	Parameter pt[ICACHE_TAG_BYPASS_ENABLE] bound to: 5'b00001 
	Parameter pt[ICACHE_TAG_DEPTH] bound to: 17'b00000000001000000 
	Parameter pt[ICACHE_TAG_INDEX_LO] bound to: 7'b0000110 
	Parameter pt[ICACHE_TAG_LO] bound to: 9'b000001100 
	Parameter pt[ICACHE_TAG_NUM_BYPASS] bound to: 8'b00000010 
	Parameter pt[ICACHE_TAG_NUM_BYPASS_WIDTH] bound to: 8'b00000010 
	Parameter pt[ICACHE_WAYPACK] bound to: 5'b00001 
	Parameter pt[ICCM_BANK_BITS] bound to: 7'b0000010 
	Parameter pt[ICCM_BANK_HI] bound to: 9'b000000011 
	Parameter pt[ICCM_BANK_INDEX_LO] bound to: 9'b000000100 
	Parameter pt[ICCM_BITS] bound to: 9'b000001100 
	Parameter pt[ICCM_ENABLE] bound to: 5'b00001 
	Parameter pt[ICCM_ICACHE] bound to: 5'b00001 
	Parameter pt[ICCM_INDEX_BITS] bound to: 8'b00001000 
	Parameter pt[ICCM_NUM_BANKS] bound to: 9'b000000100 
	Parameter pt[ICCM_ONLY] bound to: 5'b00000 
	Parameter pt[ICCM_REGION] bound to: 8'b00001010 
	Parameter pt[ICCM_SADR] bound to: 36'b000010101111111111111111000000000000 
	Parameter pt[ICCM_SIZE] bound to: 14'b00000000000100 
	Parameter pt[IFU_BUS_ID] bound to: 5'b00001 
	Parameter pt[IFU_BUS_PRTY] bound to: 6'b000010 
	Parameter pt[IFU_BUS_TAG] bound to: 8'b00000011 
	Parameter pt[INST_ACCESS_ADDR0] bound to: 36'b000000000000000000000000000000000000 
	Parameter pt[INST_ACCESS_ADDR1] bound to: 36'b000000000000000000000000000000000000 
	Parameter pt[INST_ACCESS_ADDR2] bound to: 36'b000000000000000000000000000000000000 
	Parameter pt[INST_ACCESS_ADDR3] bound to: 36'b000000000000000000000000000000000000 
	Parameter pt[INST_ACCESS_ADDR4] bound to: 36'b000000000000000000000000000000000000 
	Parameter pt[INST_ACCESS_ADDR5] bound to: 36'b000000000000000000000000000000000000 
	Parameter pt[INST_ACCESS_ADDR6] bound to: 36'b000000000000000000000000000000000000 
	Parameter pt[INST_ACCESS_ADDR7] bound to: 36'b000000000000000000000000000000000000 
	Parameter pt[INST_ACCESS_ENABLE0] bound to: 5'b00000 
	Parameter pt[INST_ACCESS_ENABLE1] bound to: 5'b00000 
	Parameter pt[INST_ACCESS_ENABLE2] bound to: 5'b00000 
	Parameter pt[INST_ACCESS_ENABLE3] bound to: 5'b00000 
	Parameter pt[INST_ACCESS_ENABLE4] bound to: 5'b00000 
	Parameter pt[INST_ACCESS_ENABLE5] bound to: 5'b00000 
	Parameter pt[INST_ACCESS_ENABLE6] bound to: 5'b00000 
	Parameter pt[INST_ACCESS_ENABLE7] bound to: 5'b00000 
	Parameter pt[INST_ACCESS_MASK0] bound to: 36'b000011111111111111111111111111111111 
	Parameter pt[INST_ACCESS_MASK1] bound to: 36'b000011111111111111111111111111111111 
	Parameter pt[INST_ACCESS_MASK2] bound to: 36'b000011111111111111111111111111111111 
	Parameter pt[INST_ACCESS_MASK3] bound to: 36'b000011111111111111111111111111111111 
	Parameter pt[INST_ACCESS_MASK4] bound to: 36'b000011111111111111111111111111111111 
	Parameter pt[INST_ACCESS_MASK5] bound to: 36'b000011111111111111111111111111111111 
	Parameter pt[INST_ACCESS_MASK6] bound to: 36'b000011111111111111111111111111111111 
	Parameter pt[INST_ACCESS_MASK7] bound to: 36'b000011111111111111111111111111111111 
	Parameter pt[LOAD_TO_USE_PLUS1] bound to: 5'b00000 
	Parameter pt[LSU2DMA] bound to: 5'b00000 
	Parameter pt[LSU_BUS_ID] bound to: 5'b00001 
	Parameter pt[LSU_BUS_PRTY] bound to: 6'b000010 
	Parameter pt[LSU_BUS_TAG] bound to: 8'b00000011 
	Parameter pt[LSU_NUM_NBLOAD] bound to: 9'b000000100 
	Parameter pt[LSU_NUM_NBLOAD_WIDTH] bound to: 7'b0000010 
	Parameter pt[LSU_SB_BITS] bound to: 9'b000001110 
	Parameter pt[LSU_STBUF_DEPTH] bound to: 8'b00000100 
	Parameter pt[NO_ICCM_NO_ICACHE] bound to: 5'b00000 
	Parameter pt[PIC_2CYCLE] bound to: 5'b00000 
	Parameter pt[PIC_BASE_ADDR] bound to: 36'b000011110000000011000000000000000000 
	Parameter pt[PIC_BITS] bound to: 9'b000001111 
	Parameter pt[PIC_INT_WORDS] bound to: 8'b00000001 
	Parameter pt[PIC_REGION] bound to: 8'b00001111 
	Parameter pt[PIC_SIZE] bound to: 13'b0000000100000 
	Parameter pt[PIC_TOTAL_INT] bound to: 12'b000000001000 
	Parameter pt[PIC_TOTAL_INT_PLUS1] bound to: 13'b0000000001001 
	Parameter pt[RET_STACK_SIZE] bound to: 8'b00000010 
	Parameter pt[SB_BUS_ID] bound to: 5'b00001 
	Parameter pt[SB_BUS_PRTY] bound to: 6'b000010 
	Parameter pt[SB_BUS_TAG] bound to: 8'b00000001 
	Parameter pt[TIMER_LEGAL_EN] bound to: 5'b00001 
	Parameter pt[BHT_ADDR_HI] bound to: 8'b00000101 
	Parameter pt[BHT_ADDR_LO] bound to: 6'b000010 
	Parameter pt[BHT_ARRAY_DEPTH] bound to: 15'b000000000010000 
	Parameter pt[BHT_GHR_HASH_1] bound to: 5'b00000 
	Parameter pt[BHT_GHR_SIZE] bound to: 8'b00000100 
	Parameter pt[BHT_SIZE] bound to: 16'b0000000000100000 
	Parameter pt[BITMANIP_ZBA] bound to: 5'b00001 
	Parameter pt[BITMANIP_ZBB] bound to: 5'b00001 
	Parameter pt[BITMANIP_ZBC] bound to: 5'b00001 
	Parameter pt[BITMANIP_ZBE] bound to: 5'b00001 
	Parameter pt[BITMANIP_ZBF] bound to: 5'b00001 
	Parameter pt[BITMANIP_ZBP] bound to: 5'b00001 
	Parameter pt[BITMANIP_ZBR] bound to: 5'b00001 
	Parameter pt[BITMANIP_ZBS] bound to: 5'b00001 
	Parameter pt[BTB_ADDR_HI] bound to: 9'b000000101 
	Parameter pt[BTB_ADDR_LO] bound to: 6'b000010 
	Parameter pt[BTB_ARRAY_DEPTH] bound to: 13'b0000000000000 
	Parameter pt[BTB_BTAG_FOLD] bound to: 5'b00000 
	Parameter pt[BTB_BTAG_SIZE] bound to: 9'b000011111 
	Parameter pt[BTB_ENABLE] bound to: 5'b00001 
	Parameter pt[BTB_FOLD2_INDEX_HASH] bound to: 5'b00000 
	Parameter pt[BTB_FULLYA] bound to: 5'b00001 
	Parameter pt[BTB_INDEX1_HI] bound to: 9'b000000101 
	Parameter pt[BTB_INDEX1_LO] bound to: 9'b000000010 
	Parameter pt[BTB_INDEX2_HI] bound to: 9'b000001000 
	Parameter pt[BTB_INDEX2_LO] bound to: 9'b000000110 
	Parameter pt[BTB_INDEX3_HI] bound to: 9'b000001011 
	Parameter pt[BTB_INDEX3_LO] bound to: 9'b000001001 
	Parameter pt[BTB_SIZE] bound to: 14'b00000000001000 
	Parameter pt[BTB_TOFFSET_SIZE] bound to: 9'b000001100 
	Parameter pt[BUILD_AHB_LITE] bound to: 1'b0 
	Parameter pt[BUILD_AXI4] bound to: 5'b00001 
	Parameter pt[BUILD_AXI_NATIVE] bound to: 5'b00001 
	Parameter pt[BUS_PRTY_DEFAULT] bound to: 6'b000011 
	Parameter pt[DATA_ACCESS_ADDR0] bound to: 36'b000000000000000000000000000000000000 
	Parameter pt[DATA_ACCESS_ADDR1] bound to: 36'b000000000000000000000000000000000000 
	Parameter pt[DATA_ACCESS_ADDR2] bound to: 36'b000000000000000000000000000000000000 
	Parameter pt[DATA_ACCESS_ADDR3] bound to: 36'b000000000000000000000000000000000000 
	Parameter pt[DATA_ACCESS_ADDR4] bound to: 36'b000000000000000000000000000000000000 
	Parameter pt[DATA_ACCESS_ADDR5] bound to: 36'b000000000000000000000000000000000000 
	Parameter pt[DATA_ACCESS_ADDR6] bound to: 36'b000000000000000000000000000000000000 
	Parameter pt[DATA_ACCESS_ADDR7] bound to: 36'b000000000000000000000000000000000000 
	Parameter pt[DATA_ACCESS_ENABLE0] bound to: 5'b00000 
	Parameter pt[DATA_ACCESS_ENABLE1] bound to: 5'b00000 
	Parameter pt[DATA_ACCESS_ENABLE2] bound to: 5'b00000 
	Parameter pt[DATA_ACCESS_ENABLE3] bound to: 5'b00000 
	Parameter pt[DATA_ACCESS_ENABLE4] bound to: 5'b00000 
	Parameter pt[DATA_ACCESS_ENABLE5] bound to: 5'b00000 
	Parameter pt[DATA_ACCESS_ENABLE6] bound to: 5'b00000 
	Parameter pt[DATA_ACCESS_ENABLE7] bound to: 5'b00000 
	Parameter pt[DATA_ACCESS_MASK0] bound to: 36'b000011111111111111111111111111111111 
	Parameter pt[DATA_ACCESS_MASK1] bound to: 36'b000011111111111111111111111111111111 
	Parameter pt[DATA_ACCESS_MASK2] bound to: 36'b000011111111111111111111111111111111 
	Parameter pt[DATA_ACCESS_MASK3] bound to: 36'b000011111111111111111111111111111111 
	Parameter pt[DATA_ACCESS_MASK4] bound to: 36'b000011111111111111111111111111111111 
	Parameter pt[DATA_ACCESS_MASK5] bound to: 36'b000011111111111111111111111111111111 
	Parameter pt[DATA_ACCESS_MASK6] bound to: 36'b000011111111111111111111111111111111 
	Parameter pt[DATA_ACCESS_MASK7] bound to: 36'b000011111111111111111111111111111111 
	Parameter pt[DCCM_BANK_BITS] bound to: 7'b0000010 
	Parameter pt[DCCM_BITS] bound to: 9'b000001110 
	Parameter pt[DCCM_BYTE_WIDTH] bound to: 7'b0000100 
	Parameter pt[DCCM_DATA_WIDTH] bound to: 10'b0000100000 
	Parameter pt[DCCM_ECC_WIDTH] bound to: 7'b0000111 
	Parameter pt[DCCM_ENABLE] bound to: 5'b00001 
	Parameter pt[DCCM_FDATA_WIDTH] bound to: 10'b0000100111 
	Parameter pt[DCCM_INDEX_BITS] bound to: 8'b00001010 
	Parameter pt[DCCM_NUM_BANKS] bound to: 9'b000000100 
	Parameter pt[DCCM_REGION] bound to: 8'b00001111 
	Parameter pt[DCCM_SADR] bound to: 36'b000011110000000001000000000000000000 
	Parameter pt[DCCM_SIZE] bound to: 14'b00000000010000 
	Parameter pt[DCCM_WIDTH_BITS] bound to: 6'b000010 
	Parameter pt[DIV_BIT] bound to: 7'b0000100 
	Parameter pt[DIV_NEW] bound to: 5'b00001 
	Parameter pt[DMA_BUF_DEPTH] bound to: 7'b0000010 
	Parameter pt[DMA_BUS_ID] bound to: 9'b000000001 
	Parameter pt[DMA_BUS_PRTY] bound to: 6'b000010 
	Parameter pt[DMA_BUS_TAG] bound to: 8'b00000001 
	Parameter pt[FAST_INTERRUPT_REDIRECT] bound to: 5'b00000 
	Parameter pt[ICACHE_2BANKS] bound to: 5'b00000 
	Parameter pt[ICACHE_BANK_BITS] bound to: 7'b0000001 
	Parameter pt[ICACHE_BANK_HI] bound to: 7'b0000011 
	Parameter pt[ICACHE_BANK_LO] bound to: 6'b000011 
	Parameter pt[ICACHE_BANK_WIDTH] bound to: 8'b00001000 
	Parameter pt[ICACHE_BANKS_WAY] bound to: 7'b0000010 
	Parameter pt[ICACHE_BEAT_ADDR_HI] bound to: 8'b00000101 
	Parameter pt[ICACHE_BEAT_BITS] bound to: 8'b00000011 
	Parameter pt[ICACHE_BYPASS_ENABLE] bound to: 5'b00001 
	Parameter pt[ICACHE_DATA_DEPTH] bound to: 18'b000000000100000000 
	Parameter pt[ICACHE_DATA_INDEX_LO] bound to: 7'b0000100 
	Parameter pt[ICACHE_DATA_WIDTH] bound to: 11'b00001000000 
	Parameter pt[ICACHE_ECC] bound to: 5'b00000 
	Parameter pt[ICACHE_ENABLE] bound to: 5'b00001 
	Parameter pt[ICACHE_FDATA_WIDTH] bound to: 11'b00001000100 
	Parameter pt[ICACHE_INDEX_HI] bound to: 9'b000001011 
	Parameter pt[ICACHE_LN_SZ] bound to: 11'b00001000000 
	Parameter pt[ICACHE_NUM_BEATS] bound to: 8'b00001000 
	Parameter pt[ICACHE_NUM_BYPASS] bound to: 8'b00000010 
	Parameter pt[ICACHE_NUM_BYPASS_WIDTH] bound to: 8'b00000010 
	Parameter pt[ICACHE_NUM_WAYS] bound to: 7'b0000010 
	Parameter pt[ICACHE_ONLY] bound to: 5'b00000 
	Parameter pt[ICACHE_SCND_LAST] bound to: 8'b00000110 
	Parameter pt[ICACHE_SIZE] bound to: 13'b0000000001000 
	Parameter pt[ICACHE_STATUS_BITS] bound to: 7'b0000001 
	Parameter pt[ICACHE_TAG_BYPASS_ENABLE] bound to: 5'b00001 
	Parameter pt[ICACHE_TAG_DEPTH] bound to: 17'b00000000001000000 
	Parameter pt[ICACHE_TAG_INDEX_LO] bound to: 7'b0000110 
	Parameter pt[ICACHE_TAG_LO] bound to: 9'b000001100 
	Parameter pt[ICACHE_TAG_NUM_BYPASS] bound to: 8'b00000010 
	Parameter pt[ICACHE_TAG_NUM_BYPASS_WIDTH] bound to: 8'b00000010 
	Parameter pt[ICACHE_WAYPACK] bound to: 5'b00001 
	Parameter pt[ICCM_BANK_BITS] bound to: 7'b0000010 
	Parameter pt[ICCM_BANK_HI] bound to: 9'b000000011 
	Parameter pt[ICCM_BANK_INDEX_LO] bound to: 9'b000000100 
	Parameter pt[ICCM_BITS] bound to: 9'b000001100 
	Parameter pt[ICCM_ENABLE] bound to: 5'b00001 
	Parameter pt[ICCM_ICACHE] bound to: 5'b00001 
	Parameter pt[ICCM_INDEX_BITS] bound to: 8'b00001000 
	Parameter pt[ICCM_NUM_BANKS] bound to: 9'b000000100 
	Parameter pt[ICCM_ONLY] bound to: 5'b00000 
	Parameter pt[ICCM_REGION] bound to: 8'b00001010 
	Parameter pt[ICCM_SADR] bound to: 36'b000010101111111111111111000000000000 
	Parameter pt[ICCM_SIZE] bound to: 14'b00000000000100 
	Parameter pt[IFU_BUS_ID] bound to: 5'b00001 
	Parameter pt[IFU_BUS_PRTY] bound to: 6'b000010 
	Parameter pt[IFU_BUS_TAG] bound to: 8'b00000011 
	Parameter pt[INST_ACCESS_ADDR0] bound to: 36'b000000000000000000000000000000000000 
	Parameter pt[INST_ACCESS_ADDR1] bound to: 36'b000000000000000000000000000000000000 
	Parameter pt[INST_ACCESS_ADDR2] bound to: 36'b000000000000000000000000000000000000 
	Parameter pt[INST_ACCESS_ADDR3] bound to: 36'b000000000000000000000000000000000000 
	Parameter pt[INST_ACCESS_ADDR4] bound to: 36'b000000000000000000000000000000000000 
	Parameter pt[INST_ACCESS_ADDR5] bound to: 36'b000000000000000000000000000000000000 
	Parameter pt[INST_ACCESS_ADDR6] bound to: 36'b000000000000000000000000000000000000 
	Parameter pt[INST_ACCESS_ADDR7] bound to: 36'b000000000000000000000000000000000000 
	Parameter pt[INST_ACCESS_ENABLE0] bound to: 5'b00000 
	Parameter pt[INST_ACCESS_ENABLE1] bound to: 5'b00000 
	Parameter pt[INST_ACCESS_ENABLE2] bound to: 5'b00000 
	Parameter pt[INST_ACCESS_ENABLE3] bound to: 5'b00000 
	Parameter pt[INST_ACCESS_ENABLE4] bound to: 5'b00000 
	Parameter pt[INST_ACCESS_ENABLE5] bound to: 5'b00000 
	Parameter pt[INST_ACCESS_ENABLE6] bound to: 5'b00000 
	Parameter pt[INST_ACCESS_ENABLE7] bound to: 5'b00000 
	Parameter pt[INST_ACCESS_MASK0] bound to: 36'b000011111111111111111111111111111111 
	Parameter pt[INST_ACCESS_MASK1] bound to: 36'b000011111111111111111111111111111111 
	Parameter pt[INST_ACCESS_MASK2] bound to: 36'b000011111111111111111111111111111111 
	Parameter pt[INST_ACCESS_MASK3] bound to: 36'b000011111111111111111111111111111111 
	Parameter pt[INST_ACCESS_MASK4] bound to: 36'b000011111111111111111111111111111111 
	Parameter pt[INST_ACCESS_MASK5] bound to: 36'b000011111111111111111111111111111111 
	Parameter pt[INST_ACCESS_MASK6] bound to: 36'b000011111111111111111111111111111111 
	Parameter pt[INST_ACCESS_MASK7] bound to: 36'b000011111111111111111111111111111111 
	Parameter pt[LOAD_TO_USE_PLUS1] bound to: 5'b00000 
	Parameter pt[LSU2DMA] bound to: 5'b00000 
	Parameter pt[LSU_BUS_ID] bound to: 5'b00001 
	Parameter pt[LSU_BUS_PRTY] bound to: 6'b000010 
	Parameter pt[LSU_BUS_TAG] bound to: 8'b00000011 
	Parameter pt[LSU_NUM_NBLOAD] bound to: 9'b000000100 
	Parameter pt[LSU_NUM_NBLOAD_WIDTH] bound to: 7'b0000010 
	Parameter pt[LSU_SB_BITS] bound to: 9'b000001110 
	Parameter pt[LSU_STBUF_DEPTH] bound to: 8'b00000100 
	Parameter pt[NO_ICCM_NO_ICACHE] bound to: 5'b00000 
	Parameter pt[PIC_2CYCLE] bound to: 5'b00000 
	Parameter pt[PIC_BASE_ADDR] bound to: 36'b000011110000000011000000000000000000 
	Parameter pt[PIC_BITS] bound to: 9'b000001111 
	Parameter pt[PIC_INT_WORDS] bound to: 8'b00000001 
	Parameter pt[PIC_REGION] bound to: 8'b00001111 
	Parameter pt[PIC_SIZE] bound to: 13'b0000000100000 
	Parameter pt[PIC_TOTAL_INT] bound to: 12'b000000001000 
	Parameter pt[PIC_TOTAL_INT_PLUS1] bound to: 13'b0000000001001 
	Parameter pt[RET_STACK_SIZE] bound to: 8'b00000010 
	Parameter pt[SB_BUS_ID] bound to: 5'b00001 
	Parameter pt[SB_BUS_PRTY] bound to: 6'b000010 
	Parameter pt[SB_BUS_TAG] bound to: 8'b00000001 
	Parameter pt[TIMER_LEGAL_EN] bound to: 5'b00001 
	Parameter pt[BHT_ADDR_HI] bound to: 8'b00000101 
	Parameter pt[BHT_ADDR_LO] bound to: 6'b000010 
	Parameter pt[BHT_ARRAY_DEPTH] bound to: 15'b000000000010000 
	Parameter pt[BHT_GHR_HASH_1] bound to: 5'b00000 
	Parameter pt[BHT_GHR_SIZE] bound to: 8'b00000100 
	Parameter pt[BHT_SIZE] bound to: 16'b0000000000100000 
	Parameter pt[BITMANIP_ZBA] bound to: 5'b00001 
	Parameter pt[BITMANIP_ZBB] bound to: 5'b00001 
	Parameter pt[BITMANIP_ZBC] bound to: 5'b00001 
	Parameter pt[BITMANIP_ZBE] bound to: 5'b00001 
	Parameter pt[BITMANIP_ZBF] bound to: 5'b00001 
	Parameter pt[BITMANIP_ZBP] bound to: 5'b00001 
	Parameter pt[BITMANIP_ZBR] bound to: 5'b00001 
	Parameter pt[BITMANIP_ZBS] bound to: 5'b00001 
	Parameter pt[BTB_ADDR_HI] bound to: 9'b000000101 
	Parameter pt[BTB_ADDR_LO] bound to: 6'b000010 
	Parameter pt[BTB_ARRAY_DEPTH] bound to: 13'b0000000000000 
	Parameter pt[BTB_BTAG_FOLD] bound to: 5'b00000 
	Parameter pt[BTB_BTAG_SIZE] bound to: 9'b000011111 
	Parameter pt[BTB_ENABLE] bound to: 5'b00001 
	Parameter pt[BTB_FOLD2_INDEX_HASH] bound to: 5'b00000 
	Parameter pt[BTB_FULLYA] bound to: 5'b00001 
	Parameter pt[BTB_INDEX1_HI] bound to: 9'b000000101 
	Parameter pt[BTB_INDEX1_LO] bound to: 9'b000000010 
	Parameter pt[BTB_INDEX2_HI] bound to: 9'b000001000 
	Parameter pt[BTB_INDEX2_LO] bound to: 9'b000000110 
	Parameter pt[BTB_INDEX3_HI] bound to: 9'b000001011 
	Parameter pt[BTB_INDEX3_LO] bound to: 9'b000001001 
	Parameter pt[BTB_SIZE] bound to: 14'b00000000001000 
	Parameter pt[BTB_TOFFSET_SIZE] bound to: 9'b000001100 
	Parameter pt[BUILD_AHB_LITE] bound to: 1'b0 
	Parameter pt[BUILD_AXI4] bound to: 5'b00001 
	Parameter pt[BUILD_AXI_NATIVE] bound to: 5'b00001 
	Parameter pt[BUS_PRTY_DEFAULT] bound to: 6'b000011 
	Parameter pt[DATA_ACCESS_ADDR0] bound to: 36'b000000000000000000000000000000000000 
	Parameter pt[DATA_ACCESS_ADDR1] bound to: 36'b000000000000000000000000000000000000 
	Parameter pt[DATA_ACCESS_ADDR2] bound to: 36'b000000000000000000000000000000000000 
	Parameter pt[DATA_ACCESS_ADDR3] bound to: 36'b000000000000000000000000000000000000 
	Parameter pt[DATA_ACCESS_ADDR4] bound to: 36'b000000000000000000000000000000000000 
	Parameter pt[DATA_ACCESS_ADDR5] bound to: 36'b000000000000000000000000000000000000 
	Parameter pt[DATA_ACCESS_ADDR6] bound to: 36'b000000000000000000000000000000000000 
	Parameter pt[DATA_ACCESS_ADDR7] bound to: 36'b000000000000000000000000000000000000 
	Parameter pt[DATA_ACCESS_ENABLE0] bound to: 5'b00000 
	Parameter pt[DATA_ACCESS_ENABLE1] bound to: 5'b00000 
	Parameter pt[DATA_ACCESS_ENABLE2] bound to: 5'b00000 
	Parameter pt[DATA_ACCESS_ENABLE3] bound to: 5'b00000 
	Parameter pt[DATA_ACCESS_ENABLE4] bound to: 5'b00000 
	Parameter pt[DATA_ACCESS_ENABLE5] bound to: 5'b00000 
	Parameter pt[DATA_ACCESS_ENABLE6] bound to: 5'b00000 
	Parameter pt[DATA_ACCESS_ENABLE7] bound to: 5'b00000 
	Parameter pt[DATA_ACCESS_MASK0] bound to: 36'b000011111111111111111111111111111111 
	Parameter pt[DATA_ACCESS_MASK1] bound to: 36'b000011111111111111111111111111111111 
	Parameter pt[DATA_ACCESS_MASK2] bound to: 36'b000011111111111111111111111111111111 
	Parameter pt[DATA_ACCESS_MASK3] bound to: 36'b000011111111111111111111111111111111 
	Parameter pt[DATA_ACCESS_MASK4] bound to: 36'b000011111111111111111111111111111111 
	Parameter pt[DATA_ACCESS_MASK5] bound to: 36'b000011111111111111111111111111111111 
	Parameter pt[DATA_ACCESS_MASK6] bound to: 36'b000011111111111111111111111111111111 
	Parameter pt[DATA_ACCESS_MASK7] bound to: 36'b000011111111111111111111111111111111 
	Parameter pt[DCCM_BANK_BITS] bound to: 7'b0000010 
	Parameter pt[DCCM_BITS] bound to: 9'b000001110 
	Parameter pt[DCCM_BYTE_WIDTH] bound to: 7'b0000100 
	Parameter pt[DCCM_DATA_WIDTH] bound to: 10'b0000100000 
	Parameter pt[DCCM_ECC_WIDTH] bound to: 7'b0000111 
	Parameter pt[DCCM_ENABLE] bound to: 5'b00001 
	Parameter pt[DCCM_FDATA_WIDTH] bound to: 10'b0000100111 
	Parameter pt[DCCM_INDEX_BITS] bound to: 8'b00001010 
	Parameter pt[DCCM_NUM_BANKS] bound to: 9'b000000100 
	Parameter pt[DCCM_REGION] bound to: 8'b00001111 
	Parameter pt[DCCM_SADR] bound to: 36'b000011110000000001000000000000000000 
	Parameter pt[DCCM_SIZE] bound to: 14'b00000000010000 
	Parameter pt[DCCM_WIDTH_BITS] bound to: 6'b000010 
	Parameter pt[DIV_BIT] bound to: 7'b0000100 
	Parameter pt[DIV_NEW] bound to: 5'b00001 
	Parameter pt[DMA_BUF_DEPTH] bound to: 7'b0000010 
	Parameter pt[DMA_BUS_ID] bound to: 9'b000000001 
	Parameter pt[DMA_BUS_PRTY] bound to: 6'b000010 
	Parameter pt[DMA_BUS_TAG] bound to: 8'b00000001 
	Parameter pt[FAST_INTERRUPT_REDIRECT] bound to: 5'b00000 
	Parameter pt[ICACHE_2BANKS] bound to: 5'b00000 
	Parameter pt[ICACHE_BANK_BITS] bound to: 7'b0000001 
	Parameter pt[ICACHE_BANK_HI] bound to: 7'b0000011 
	Parameter pt[ICACHE_BANK_LO] bound to: 6'b000011 
	Parameter pt[ICACHE_BANK_WIDTH] bound to: 8'b00001000 
	Parameter pt[ICACHE_BANKS_WAY] bound to: 7'b0000010 
	Parameter pt[ICACHE_BEAT_ADDR_HI] bound to: 8'b00000101 
	Parameter pt[ICACHE_BEAT_BITS] bound to: 8'b00000011 
	Parameter pt[ICACHE_BYPASS_ENABLE] bound to: 5'b00001 
	Parameter pt[ICACHE_DATA_DEPTH] bound to: 18'b000000000100000000 
	Parameter pt[ICACHE_DATA_INDEX_LO] bound to: 7'b0000100 
	Parameter pt[ICACHE_DATA_WIDTH] bound to: 11'b00001000000 
	Parameter pt[ICACHE_ECC] bound to: 5'b00000 
	Parameter pt[ICACHE_ENABLE] bound to: 5'b00001 
	Parameter pt[ICACHE_FDATA_WIDTH] bound to: 11'b00001000100 
	Parameter pt[ICACHE_INDEX_HI] bound to: 9'b000001011 
	Parameter pt[ICACHE_LN_SZ] bound to: 11'b00001000000 
	Parameter pt[ICACHE_NUM_BEATS] bound to: 8'b00001000 
	Parameter pt[ICACHE_NUM_BYPASS] bound to: 8'b00000010 
	Parameter pt[ICACHE_NUM_BYPASS_WIDTH] bound to: 8'b00000010 
	Parameter pt[ICACHE_NUM_WAYS] bound to: 7'b0000010 
	Parameter pt[ICACHE_ONLY] bound to: 5'b00000 
	Parameter pt[ICACHE_SCND_LAST] bound to: 8'b00000110 
	Parameter pt[ICACHE_SIZE] bound to: 13'b0000000001000 
	Parameter pt[ICACHE_STATUS_BITS] bound to: 7'b0000001 
	Parameter pt[ICACHE_TAG_BYPASS_ENABLE] bound to: 5'b00001 
	Parameter pt[ICACHE_TAG_DEPTH] bound to: 17'b00000000001000000 
	Parameter pt[ICACHE_TAG_INDEX_LO] bound to: 7'b0000110 
	Parameter pt[ICACHE_TAG_LO] bound to: 9'b000001100 
	Parameter pt[ICACHE_TAG_NUM_BYPASS] bound to: 8'b00000010 
	Parameter pt[ICACHE_TAG_NUM_BYPASS_WIDTH] bound to: 8'b00000010 
	Parameter pt[ICACHE_WAYPACK] bound to: 5'b00001 
	Parameter pt[ICCM_BANK_BITS] bound to: 7'b0000010 
	Parameter pt[ICCM_BANK_HI] bound to: 9'b000000011 
	Parameter pt[ICCM_BANK_INDEX_LO] bound to: 9'b000000100 
	Parameter pt[ICCM_BITS] bound to: 9'b000001100 
	Parameter pt[ICCM_ENABLE] bound to: 5'b00001 
	Parameter pt[ICCM_ICACHE] bound to: 5'b00001 
	Parameter pt[ICCM_INDEX_BITS] bound to: 8'b00001000 
	Parameter pt[ICCM_NUM_BANKS] bound to: 9'b000000100 
	Parameter pt[ICCM_ONLY] bound to: 5'b00000 
	Parameter pt[ICCM_REGION] bound to: 8'b00001010 
	Parameter pt[ICCM_SADR] bound to: 36'b000010101111111111111111000000000000 
	Parameter pt[ICCM_SIZE] bound to: 14'b00000000000100 
	Parameter pt[IFU_BUS_ID] bound to: 5'b00001 
	Parameter pt[IFU_BUS_PRTY] bound to: 6'b000010 
	Parameter pt[IFU_BUS_TAG] bound to: 8'b00000011 
	Parameter pt[INST_ACCESS_ADDR0] bound to: 36'b000000000000000000000000000000000000 
	Parameter pt[INST_ACCESS_ADDR1] bound to: 36'b000000000000000000000000000000000000 
	Parameter pt[INST_ACCESS_ADDR2] bound to: 36'b000000000000000000000000000000000000 
	Parameter pt[INST_ACCESS_ADDR3] bound to: 36'b000000000000000000000000000000000000 
	Parameter pt[INST_ACCESS_ADDR4] bound to: 36'b000000000000000000000000000000000000 
	Parameter pt[INST_ACCESS_ADDR5] bound to: 36'b000000000000000000000000000000000000 
	Parameter pt[INST_ACCESS_ADDR6] bound to: 36'b000000000000000000000000000000000000 
	Parameter pt[INST_ACCESS_ADDR7] bound to: 36'b000000000000000000000000000000000000 
	Parameter pt[INST_ACCESS_ENABLE0] bound to: 5'b00000 
	Parameter pt[INST_ACCESS_ENABLE1] bound to: 5'b00000 
	Parameter pt[INST_ACCESS_ENABLE2] bound to: 5'b00000 
	Parameter pt[INST_ACCESS_ENABLE3] bound to: 5'b00000 
	Parameter pt[INST_ACCESS_ENABLE4] bound to: 5'b00000 
	Parameter pt[INST_ACCESS_ENABLE5] bound to: 5'b00000 
	Parameter pt[INST_ACCESS_ENABLE6] bound to: 5'b00000 
	Parameter pt[INST_ACCESS_ENABLE7] bound to: 5'b00000 
	Parameter pt[INST_ACCESS_MASK0] bound to: 36'b000011111111111111111111111111111111 
	Parameter pt[INST_ACCESS_MASK1] bound to: 36'b000011111111111111111111111111111111 
	Parameter pt[INST_ACCESS_MASK2] bound to: 36'b000011111111111111111111111111111111 
	Parameter pt[INST_ACCESS_MASK3] bound to: 36'b000011111111111111111111111111111111 
	Parameter pt[INST_ACCESS_MASK4] bound to: 36'b000011111111111111111111111111111111 
	Parameter pt[INST_ACCESS_MASK5] bound to: 36'b000011111111111111111111111111111111 
	Parameter pt[INST_ACCESS_MASK6] bound to: 36'b000011111111111111111111111111111111 
	Parameter pt[INST_ACCESS_MASK7] bound to: 36'b000011111111111111111111111111111111 
	Parameter pt[LOAD_TO_USE_PLUS1] bound to: 5'b00000 
	Parameter pt[LSU2DMA] bound to: 5'b00000 
	Parameter pt[LSU_BUS_ID] bound to: 5'b00001 
	Parameter pt[LSU_BUS_PRTY] bound to: 6'b000010 
	Parameter pt[LSU_BUS_TAG] bound to: 8'b00000011 
	Parameter pt[LSU_NUM_NBLOAD] bound to: 9'b000000100 
	Parameter pt[LSU_NUM_NBLOAD_WIDTH] bound to: 7'b0000010 
	Parameter pt[LSU_SB_BITS] bound to: 9'b000001110 
	Parameter pt[LSU_STBUF_DEPTH] bound to: 8'b00000100 
	Parameter pt[NO_ICCM_NO_ICACHE] bound to: 5'b00000 
	Parameter pt[PIC_2CYCLE] bound to: 5'b00000 
	Parameter pt[PIC_BASE_ADDR] bound to: 36'b000011110000000011000000000000000000 
	Parameter pt[PIC_BITS] bound to: 9'b000001111 
	Parameter pt[PIC_INT_WORDS] bound to: 8'b00000001 
	Parameter pt[PIC_REGION] bound to: 8'b00001111 
	Parameter pt[PIC_SIZE] bound to: 13'b0000000100000 
	Parameter pt[PIC_TOTAL_INT] bound to: 12'b000000001000 
	Parameter pt[PIC_TOTAL_INT_PLUS1] bound to: 13'b0000000001001 
	Parameter pt[RET_STACK_SIZE] bound to: 8'b00000010 
	Parameter pt[SB_BUS_ID] bound to: 5'b00001 
	Parameter pt[SB_BUS_PRTY] bound to: 6'b000010 
	Parameter pt[SB_BUS_TAG] bound to: 8'b00000001 
	Parameter pt[TIMER_LEGAL_EN] bound to: 5'b00001 
	Parameter WIDTH bound to: 9'b000000100 
	Parameter WIDTH bound to: 8 - type: integer 
	Parameter WIDTH bound to: 3 - type: integer 
	Parameter pt[BHT_ADDR_HI] bound to: 8'b00000101 
	Parameter pt[BHT_ADDR_LO] bound to: 6'b000010 
	Parameter pt[BHT_ARRAY_DEPTH] bound to: 15'b000000000010000 
	Parameter pt[BHT_GHR_HASH_1] bound to: 5'b00000 
	Parameter pt[BHT_GHR_SIZE] bound to: 8'b00000100 
	Parameter pt[BHT_SIZE] bound to: 16'b0000000000100000 
	Parameter pt[BITMANIP_ZBA] bound to: 5'b00001 
	Parameter pt[BITMANIP_ZBB] bound to: 5'b00001 
	Parameter pt[BITMANIP_ZBC] bound to: 5'b00001 
	Parameter pt[BITMANIP_ZBE] bound to: 5'b00001 
	Parameter pt[BITMANIP_ZBF] bound to: 5'b00001 
	Parameter pt[BITMANIP_ZBP] bound to: 5'b00001 
	Parameter pt[BITMANIP_ZBR] bound to: 5'b00001 
	Parameter pt[BITMANIP_ZBS] bound to: 5'b00001 
	Parameter pt[BTB_ADDR_HI] bound to: 9'b000000101 
	Parameter pt[BTB_ADDR_LO] bound to: 6'b000010 
	Parameter pt[BTB_ARRAY_DEPTH] bound to: 13'b0000000000000 
	Parameter pt[BTB_BTAG_FOLD] bound to: 5'b00000 
	Parameter pt[BTB_BTAG_SIZE] bound to: 9'b000011111 
	Parameter pt[BTB_ENABLE] bound to: 5'b00001 
	Parameter pt[BTB_FOLD2_INDEX_HASH] bound to: 5'b00000 
	Parameter pt[BTB_FULLYA] bound to: 5'b00001 
	Parameter pt[BTB_INDEX1_HI] bound to: 9'b000000101 
	Parameter pt[BTB_INDEX1_LO] bound to: 9'b000000010 
	Parameter pt[BTB_INDEX2_HI] bound to: 9'b000001000 
	Parameter pt[BTB_INDEX2_LO] bound to: 9'b000000110 
	Parameter pt[BTB_INDEX3_HI] bound to: 9'b000001011 
	Parameter pt[BTB_INDEX3_LO] bound to: 9'b000001001 
	Parameter pt[BTB_SIZE] bound to: 14'b00000000001000 
	Parameter pt[BTB_TOFFSET_SIZE] bound to: 9'b000001100 
	Parameter pt[BUILD_AHB_LITE] bound to: 1'b0 
	Parameter pt[BUILD_AXI4] bound to: 5'b00001 
	Parameter pt[BUILD_AXI_NATIVE] bound to: 5'b00001 
	Parameter pt[BUS_PRTY_DEFAULT] bound to: 6'b000011 
	Parameter pt[DATA_ACCESS_ADDR0] bound to: 36'b000000000000000000000000000000000000 
	Parameter pt[DATA_ACCESS_ADDR1] bound to: 36'b000000000000000000000000000000000000 
	Parameter pt[DATA_ACCESS_ADDR2] bound to: 36'b000000000000000000000000000000000000 
	Parameter pt[DATA_ACCESS_ADDR3] bound to: 36'b000000000000000000000000000000000000 
	Parameter pt[DATA_ACCESS_ADDR4] bound to: 36'b000000000000000000000000000000000000 
	Parameter pt[DATA_ACCESS_ADDR5] bound to: 36'b000000000000000000000000000000000000 
	Parameter pt[DATA_ACCESS_ADDR6] bound to: 36'b000000000000000000000000000000000000 
	Parameter pt[DATA_ACCESS_ADDR7] bound to: 36'b000000000000000000000000000000000000 
	Parameter pt[DATA_ACCESS_ENABLE0] bound to: 5'b00000 
	Parameter pt[DATA_ACCESS_ENABLE1] bound to: 5'b00000 
	Parameter pt[DATA_ACCESS_ENABLE2] bound to: 5'b00000 
	Parameter pt[DATA_ACCESS_ENABLE3] bound to: 5'b00000 
	Parameter pt[DATA_ACCESS_ENABLE4] bound to: 5'b00000 
	Parameter pt[DATA_ACCESS_ENABLE5] bound to: 5'b00000 
	Parameter pt[DATA_ACCESS_ENABLE6] bound to: 5'b00000 
	Parameter pt[DATA_ACCESS_ENABLE7] bound to: 5'b00000 
	Parameter pt[DATA_ACCESS_MASK0] bound to: 36'b000011111111111111111111111111111111 
	Parameter pt[DATA_ACCESS_MASK1] bound to: 36'b000011111111111111111111111111111111 
	Parameter pt[DATA_ACCESS_MASK2] bound to: 36'b000011111111111111111111111111111111 
	Parameter pt[DATA_ACCESS_MASK3] bound to: 36'b000011111111111111111111111111111111 
	Parameter pt[DATA_ACCESS_MASK4] bound to: 36'b000011111111111111111111111111111111 
	Parameter pt[DATA_ACCESS_MASK5] bound to: 36'b000011111111111111111111111111111111 
	Parameter pt[DATA_ACCESS_MASK6] bound to: 36'b000011111111111111111111111111111111 
	Parameter pt[DATA_ACCESS_MASK7] bound to: 36'b000011111111111111111111111111111111 
	Parameter pt[DCCM_BANK_BITS] bound to: 7'b0000010 
	Parameter pt[DCCM_BITS] bound to: 9'b000001110 
	Parameter pt[DCCM_BYTE_WIDTH] bound to: 7'b0000100 
	Parameter pt[DCCM_DATA_WIDTH] bound to: 10'b0000100000 
	Parameter pt[DCCM_ECC_WIDTH] bound to: 7'b0000111 
	Parameter pt[DCCM_ENABLE] bound to: 5'b00001 
	Parameter pt[DCCM_FDATA_WIDTH] bound to: 10'b0000100111 
	Parameter pt[DCCM_INDEX_BITS] bound to: 8'b00001010 
	Parameter pt[DCCM_NUM_BANKS] bound to: 9'b000000100 
	Parameter pt[DCCM_REGION] bound to: 8'b00001111 
	Parameter pt[DCCM_SADR] bound to: 36'b000011110000000001000000000000000000 
	Parameter pt[DCCM_SIZE] bound to: 14'b00000000010000 
	Parameter pt[DCCM_WIDTH_BITS] bound to: 6'b000010 
	Parameter pt[DIV_BIT] bound to: 7'b0000100 
	Parameter pt[DIV_NEW] bound to: 5'b00001 
	Parameter pt[DMA_BUF_DEPTH] bound to: 7'b0000010 
	Parameter pt[DMA_BUS_ID] bound to: 9'b000000001 
	Parameter pt[DMA_BUS_PRTY] bound to: 6'b000010 
	Parameter pt[DMA_BUS_TAG] bound to: 8'b00000001 
	Parameter pt[FAST_INTERRUPT_REDIRECT] bound to: 5'b00000 
	Parameter pt[ICACHE_2BANKS] bound to: 5'b00000 
	Parameter pt[ICACHE_BANK_BITS] bound to: 7'b0000001 
	Parameter pt[ICACHE_BANK_HI] bound to: 7'b0000011 
	Parameter pt[ICACHE_BANK_LO] bound to: 6'b000011 
	Parameter pt[ICACHE_BANK_WIDTH] bound to: 8'b00001000 
	Parameter pt[ICACHE_BANKS_WAY] bound to: 7'b0000010 
	Parameter pt[ICACHE_BEAT_ADDR_HI] bound to: 8'b00000101 
	Parameter pt[ICACHE_BEAT_BITS] bound to: 8'b00000011 
	Parameter pt[ICACHE_BYPASS_ENABLE] bound to: 5'b00001 
	Parameter pt[ICACHE_DATA_DEPTH] bound to: 18'b000000000100000000 
	Parameter pt[ICACHE_DATA_INDEX_LO] bound to: 7'b0000100 
	Parameter pt[ICACHE_DATA_WIDTH] bound to: 11'b00001000000 
	Parameter pt[ICACHE_ECC] bound to: 5'b00000 
	Parameter pt[ICACHE_ENABLE] bound to: 5'b00001 
	Parameter pt[ICACHE_FDATA_WIDTH] bound to: 11'b00001000100 
	Parameter pt[ICACHE_INDEX_HI] bound to: 9'b000001011 
	Parameter pt[ICACHE_LN_SZ] bound to: 11'b00001000000 
	Parameter pt[ICACHE_NUM_BEATS] bound to: 8'b00001000 
	Parameter pt[ICACHE_NUM_BYPASS] bound to: 8'b00000010 
	Parameter pt[ICACHE_NUM_BYPASS_WIDTH] bound to: 8'b00000010 
	Parameter pt[ICACHE_NUM_WAYS] bound to: 7'b0000010 
	Parameter pt[ICACHE_ONLY] bound to: 5'b00000 
	Parameter pt[ICACHE_SCND_LAST] bound to: 8'b00000110 
	Parameter pt[ICACHE_SIZE] bound to: 13'b0000000001000 
	Parameter pt[ICACHE_STATUS_BITS] bound to: 7'b0000001 
	Parameter pt[ICACHE_TAG_BYPASS_ENABLE] bound to: 5'b00001 
	Parameter pt[ICACHE_TAG_DEPTH] bound to: 17'b00000000001000000 
	Parameter pt[ICACHE_TAG_INDEX_LO] bound to: 7'b0000110 
	Parameter pt[ICACHE_TAG_LO] bound to: 9'b000001100 
	Parameter pt[ICACHE_TAG_NUM_BYPASS] bound to: 8'b00000010 
	Parameter pt[ICACHE_TAG_NUM_BYPASS_WIDTH] bound to: 8'b00000010 
	Parameter pt[ICACHE_WAYPACK] bound to: 5'b00001 
	Parameter pt[ICCM_BANK_BITS] bound to: 7'b0000010 
	Parameter pt[ICCM_BANK_HI] bound to: 9'b000000011 
	Parameter pt[ICCM_BANK_INDEX_LO] bound to: 9'b000000100 
	Parameter pt[ICCM_BITS] bound to: 9'b000001100 
	Parameter pt[ICCM_ENABLE] bound to: 5'b00001 
	Parameter pt[ICCM_ICACHE] bound to: 5'b00001 
	Parameter pt[ICCM_INDEX_BITS] bound to: 8'b00001000 
	Parameter pt[ICCM_NUM_BANKS] bound to: 9'b000000100 
	Parameter pt[ICCM_ONLY] bound to: 5'b00000 
	Parameter pt[ICCM_REGION] bound to: 8'b00001010 
	Parameter pt[ICCM_SADR] bound to: 36'b000010101111111111111111000000000000 
	Parameter pt[ICCM_SIZE] bound to: 14'b00000000000100 
	Parameter pt[IFU_BUS_ID] bound to: 5'b00001 
	Parameter pt[IFU_BUS_PRTY] bound to: 6'b000010 
	Parameter pt[IFU_BUS_TAG] bound to: 8'b00000011 
	Parameter pt[INST_ACCESS_ADDR0] bound to: 36'b000000000000000000000000000000000000 
	Parameter pt[INST_ACCESS_ADDR1] bound to: 36'b000000000000000000000000000000000000 
	Parameter pt[INST_ACCESS_ADDR2] bound to: 36'b000000000000000000000000000000000000 
	Parameter pt[INST_ACCESS_ADDR3] bound to: 36'b000000000000000000000000000000000000 
	Parameter pt[INST_ACCESS_ADDR4] bound to: 36'b000000000000000000000000000000000000 
	Parameter pt[INST_ACCESS_ADDR5] bound to: 36'b000000000000000000000000000000000000 
	Parameter pt[INST_ACCESS_ADDR6] bound to: 36'b000000000000000000000000000000000000 
	Parameter pt[INST_ACCESS_ADDR7] bound to: 36'b000000000000000000000000000000000000 
	Parameter pt[INST_ACCESS_ENABLE0] bound to: 5'b00000 
	Parameter pt[INST_ACCESS_ENABLE1] bound to: 5'b00000 
	Parameter pt[INST_ACCESS_ENABLE2] bound to: 5'b00000 
	Parameter pt[INST_ACCESS_ENABLE3] bound to: 5'b00000 
	Parameter pt[INST_ACCESS_ENABLE4] bound to: 5'b00000 
	Parameter pt[INST_ACCESS_ENABLE5] bound to: 5'b00000 
	Parameter pt[INST_ACCESS_ENABLE6] bound to: 5'b00000 
	Parameter pt[INST_ACCESS_ENABLE7] bound to: 5'b00000 
	Parameter pt[INST_ACCESS_MASK0] bound to: 36'b000011111111111111111111111111111111 
	Parameter pt[INST_ACCESS_MASK1] bound to: 36'b000011111111111111111111111111111111 
	Parameter pt[INST_ACCESS_MASK2] bound to: 36'b000011111111111111111111111111111111 
	Parameter pt[INST_ACCESS_MASK3] bound to: 36'b000011111111111111111111111111111111 
	Parameter pt[INST_ACCESS_MASK4] bound to: 36'b000011111111111111111111111111111111 
	Parameter pt[INST_ACCESS_MASK5] bound to: 36'b000011111111111111111111111111111111 
	Parameter pt[INST_ACCESS_MASK6] bound to: 36'b000011111111111111111111111111111111 
	Parameter pt[INST_ACCESS_MASK7] bound to: 36'b000011111111111111111111111111111111 
	Parameter pt[LOAD_TO_USE_PLUS1] bound to: 5'b00000 
	Parameter pt[LSU2DMA] bound to: 5'b00000 
	Parameter pt[LSU_BUS_ID] bound to: 5'b00001 
	Parameter pt[LSU_BUS_PRTY] bound to: 6'b000010 
	Parameter pt[LSU_BUS_TAG] bound to: 8'b00000011 
	Parameter pt[LSU_NUM_NBLOAD] bound to: 9'b000000100 
	Parameter pt[LSU_NUM_NBLOAD_WIDTH] bound to: 7'b0000010 
	Parameter pt[LSU_SB_BITS] bound to: 9'b000001110 
	Parameter pt[LSU_STBUF_DEPTH] bound to: 8'b00000100 
	Parameter pt[NO_ICCM_NO_ICACHE] bound to: 5'b00000 
	Parameter pt[PIC_2CYCLE] bound to: 5'b00000 
	Parameter pt[PIC_BASE_ADDR] bound to: 36'b000011110000000011000000000000000000 
	Parameter pt[PIC_BITS] bound to: 9'b000001111 
	Parameter pt[PIC_INT_WORDS] bound to: 8'b00000001 
	Parameter pt[PIC_REGION] bound to: 8'b00001111 
	Parameter pt[PIC_SIZE] bound to: 13'b0000000100000 
	Parameter pt[PIC_TOTAL_INT] bound to: 12'b000000001000 
	Parameter pt[PIC_TOTAL_INT_PLUS1] bound to: 13'b0000000001001 
	Parameter pt[RET_STACK_SIZE] bound to: 8'b00000010 
	Parameter pt[SB_BUS_ID] bound to: 5'b00001 
	Parameter pt[SB_BUS_PRTY] bound to: 6'b000010 
	Parameter pt[SB_BUS_TAG] bound to: 8'b00000001 
	Parameter pt[TIMER_LEGAL_EN] bound to: 5'b00001 
	Parameter WIDTH bound to: 1 - type: integer 
	Parameter ID_BITS bound to: 8 - type: integer 
	Parameter INTPRIORITY_BITS bound to: 4 - type: integer 
	Parameter pt[BHT_ADDR_HI] bound to: 8'b00000101 
	Parameter pt[BHT_ADDR_LO] bound to: 6'b000010 
	Parameter pt[BHT_ARRAY_DEPTH] bound to: 15'b000000000010000 
	Parameter pt[BHT_GHR_HASH_1] bound to: 5'b00000 
	Parameter pt[BHT_GHR_SIZE] bound to: 8'b00000100 
	Parameter pt[BHT_SIZE] bound to: 16'b0000000000100000 
	Parameter pt[BITMANIP_ZBA] bound to: 5'b00001 
	Parameter pt[BITMANIP_ZBB] bound to: 5'b00001 
	Parameter pt[BITMANIP_ZBC] bound to: 5'b00001 
	Parameter pt[BITMANIP_ZBE] bound to: 5'b00001 
	Parameter pt[BITMANIP_ZBF] bound to: 5'b00001 
	Parameter pt[BITMANIP_ZBP] bound to: 5'b00001 
	Parameter pt[BITMANIP_ZBR] bound to: 5'b00001 
	Parameter pt[BITMANIP_ZBS] bound to: 5'b00001 
	Parameter pt[BTB_ADDR_HI] bound to: 9'b000000101 
	Parameter pt[BTB_ADDR_LO] bound to: 6'b000010 
	Parameter pt[BTB_ARRAY_DEPTH] bound to: 13'b0000000000000 
	Parameter pt[BTB_BTAG_FOLD] bound to: 5'b00000 
	Parameter pt[BTB_BTAG_SIZE] bound to: 9'b000011111 
	Parameter pt[BTB_ENABLE] bound to: 5'b00001 
	Parameter pt[BTB_FOLD2_INDEX_HASH] bound to: 5'b00000 
	Parameter pt[BTB_FULLYA] bound to: 5'b00001 
	Parameter pt[BTB_INDEX1_HI] bound to: 9'b000000101 
	Parameter pt[BTB_INDEX1_LO] bound to: 9'b000000010 
	Parameter pt[BTB_INDEX2_HI] bound to: 9'b000001000 
	Parameter pt[BTB_INDEX2_LO] bound to: 9'b000000110 
	Parameter pt[BTB_INDEX3_HI] bound to: 9'b000001011 
	Parameter pt[BTB_INDEX3_LO] bound to: 9'b000001001 
	Parameter pt[BTB_SIZE] bound to: 14'b00000000001000 
	Parameter pt[BTB_TOFFSET_SIZE] bound to: 9'b000001100 
	Parameter pt[BUILD_AHB_LITE] bound to: 1'b0 
	Parameter pt[BUILD_AXI4] bound to: 5'b00001 
	Parameter pt[BUILD_AXI_NATIVE] bound to: 5'b00001 
	Parameter pt[BUS_PRTY_DEFAULT] bound to: 6'b000011 
	Parameter pt[DATA_ACCESS_ADDR0] bound to: 36'b000000000000000000000000000000000000 
	Parameter pt[DATA_ACCESS_ADDR1] bound to: 36'b000000000000000000000000000000000000 
	Parameter pt[DATA_ACCESS_ADDR2] bound to: 36'b000000000000000000000000000000000000 
	Parameter pt[DATA_ACCESS_ADDR3] bound to: 36'b000000000000000000000000000000000000 
	Parameter pt[DATA_ACCESS_ADDR4] bound to: 36'b000000000000000000000000000000000000 
	Parameter pt[DATA_ACCESS_ADDR5] bound to: 36'b000000000000000000000000000000000000 
	Parameter pt[DATA_ACCESS_ADDR6] bound to: 36'b000000000000000000000000000000000000 
	Parameter pt[DATA_ACCESS_ADDR7] bound to: 36'b000000000000000000000000000000000000 
	Parameter pt[DATA_ACCESS_ENABLE0] bound to: 5'b00000 
	Parameter pt[DATA_ACCESS_ENABLE1] bound to: 5'b00000 
	Parameter pt[DATA_ACCESS_ENABLE2] bound to: 5'b00000 
	Parameter pt[DATA_ACCESS_ENABLE3] bound to: 5'b00000 
	Parameter pt[DATA_ACCESS_ENABLE4] bound to: 5'b00000 
	Parameter pt[DATA_ACCESS_ENABLE5] bound to: 5'b00000 
	Parameter pt[DATA_ACCESS_ENABLE6] bound to: 5'b00000 
	Parameter pt[DATA_ACCESS_ENABLE7] bound to: 5'b00000 
	Parameter pt[DATA_ACCESS_MASK0] bound to: 36'b000011111111111111111111111111111111 
	Parameter pt[DATA_ACCESS_MASK1] bound to: 36'b000011111111111111111111111111111111 
	Parameter pt[DATA_ACCESS_MASK2] bound to: 36'b000011111111111111111111111111111111 
	Parameter pt[DATA_ACCESS_MASK3] bound to: 36'b000011111111111111111111111111111111 
	Parameter pt[DATA_ACCESS_MASK4] bound to: 36'b000011111111111111111111111111111111 
	Parameter pt[DATA_ACCESS_MASK5] bound to: 36'b000011111111111111111111111111111111 
	Parameter pt[DATA_ACCESS_MASK6] bound to: 36'b000011111111111111111111111111111111 
	Parameter pt[DATA_ACCESS_MASK7] bound to: 36'b000011111111111111111111111111111111 
	Parameter pt[DCCM_BANK_BITS] bound to: 7'b0000010 
	Parameter pt[DCCM_BITS] bound to: 9'b000001110 
	Parameter pt[DCCM_BYTE_WIDTH] bound to: 7'b0000100 
	Parameter pt[DCCM_DATA_WIDTH] bound to: 10'b0000100000 
	Parameter pt[DCCM_ECC_WIDTH] bound to: 7'b0000111 
	Parameter pt[DCCM_ENABLE] bound to: 5'b00001 
	Parameter pt[DCCM_FDATA_WIDTH] bound to: 10'b0000100111 
	Parameter pt[DCCM_INDEX_BITS] bound to: 8'b00001010 
	Parameter pt[DCCM_NUM_BANKS] bound to: 9'b000000100 
	Parameter pt[DCCM_REGION] bound to: 8'b00001111 
	Parameter pt[DCCM_SADR] bound to: 36'b000011110000000001000000000000000000 
	Parameter pt[DCCM_SIZE] bound to: 14'b00000000010000 
	Parameter pt[DCCM_WIDTH_BITS] bound to: 6'b000010 
	Parameter pt[DIV_BIT] bound to: 7'b0000100 
	Parameter pt[DIV_NEW] bound to: 5'b00001 
	Parameter pt[DMA_BUF_DEPTH] bound to: 7'b0000010 
	Parameter pt[DMA_BUS_ID] bound to: 9'b000000001 
	Parameter pt[DMA_BUS_PRTY] bound to: 6'b000010 
	Parameter pt[DMA_BUS_TAG] bound to: 8'b00000001 
	Parameter pt[FAST_INTERRUPT_REDIRECT] bound to: 5'b00000 
	Parameter pt[ICACHE_2BANKS] bound to: 5'b00000 
	Parameter pt[ICACHE_BANK_BITS] bound to: 7'b0000001 
	Parameter pt[ICACHE_BANK_HI] bound to: 7'b0000011 
	Parameter pt[ICACHE_BANK_LO] bound to: 6'b000011 
	Parameter pt[ICACHE_BANK_WIDTH] bound to: 8'b00001000 
	Parameter pt[ICACHE_BANKS_WAY] bound to: 7'b0000010 
	Parameter pt[ICACHE_BEAT_ADDR_HI] bound to: 8'b00000101 
	Parameter pt[ICACHE_BEAT_BITS] bound to: 8'b00000011 
	Parameter pt[ICACHE_BYPASS_ENABLE] bound to: 5'b00001 
	Parameter pt[ICACHE_DATA_DEPTH] bound to: 18'b000000000100000000 
	Parameter pt[ICACHE_DATA_INDEX_LO] bound to: 7'b0000100 
	Parameter pt[ICACHE_DATA_WIDTH] bound to: 11'b00001000000 
	Parameter pt[ICACHE_ECC] bound to: 5'b00000 
	Parameter pt[ICACHE_ENABLE] bound to: 5'b00001 
	Parameter pt[ICACHE_FDATA_WIDTH] bound to: 11'b00001000100 
	Parameter pt[ICACHE_INDEX_HI] bound to: 9'b000001011 
	Parameter pt[ICACHE_LN_SZ] bound to: 11'b00001000000 
	Parameter pt[ICACHE_NUM_BEATS] bound to: 8'b00001000 
	Parameter pt[ICACHE_NUM_BYPASS] bound to: 8'b00000010 
	Parameter pt[ICACHE_NUM_BYPASS_WIDTH] bound to: 8'b00000010 
	Parameter pt[ICACHE_NUM_WAYS] bound to: 7'b0000010 
	Parameter pt[ICACHE_ONLY] bound to: 5'b00000 
	Parameter pt[ICACHE_SCND_LAST] bound to: 8'b00000110 
	Parameter pt[ICACHE_SIZE] bound to: 13'b0000000001000 
	Parameter pt[ICACHE_STATUS_BITS] bound to: 7'b0000001 
	Parameter pt[ICACHE_TAG_BYPASS_ENABLE] bound to: 5'b00001 
	Parameter pt[ICACHE_TAG_DEPTH] bound to: 17'b00000000001000000 
	Parameter pt[ICACHE_TAG_INDEX_LO] bound to: 7'b0000110 
	Parameter pt[ICACHE_TAG_LO] bound to: 9'b000001100 
	Parameter pt[ICACHE_TAG_NUM_BYPASS] bound to: 8'b00000010 
	Parameter pt[ICACHE_TAG_NUM_BYPASS_WIDTH] bound to: 8'b00000010 
	Parameter pt[ICACHE_WAYPACK] bound to: 5'b00001 
	Parameter pt[ICCM_BANK_BITS] bound to: 7'b0000010 
	Parameter pt[ICCM_BANK_HI] bound to: 9'b000000011 
	Parameter pt[ICCM_BANK_INDEX_LO] bound to: 9'b000000100 
	Parameter pt[ICCM_BITS] bound to: 9'b000001100 
	Parameter pt[ICCM_ENABLE] bound to: 5'b00001 
	Parameter pt[ICCM_ICACHE] bound to: 5'b00001 
	Parameter pt[ICCM_INDEX_BITS] bound to: 8'b00001000 
	Parameter pt[ICCM_NUM_BANKS] bound to: 9'b000000100 
	Parameter pt[ICCM_ONLY] bound to: 5'b00000 
	Parameter pt[ICCM_REGION] bound to: 8'b00001010 
	Parameter pt[ICCM_SADR] bound to: 36'b000010101111111111111111000000000000 
	Parameter pt[ICCM_SIZE] bound to: 14'b00000000000100 
	Parameter pt[IFU_BUS_ID] bound to: 5'b00001 
	Parameter pt[IFU_BUS_PRTY] bound to: 6'b000010 
	Parameter pt[IFU_BUS_TAG] bound to: 8'b00000011 
	Parameter pt[INST_ACCESS_ADDR0] bound to: 36'b000000000000000000000000000000000000 
	Parameter pt[INST_ACCESS_ADDR1] bound to: 36'b000000000000000000000000000000000000 
	Parameter pt[INST_ACCESS_ADDR2] bound to: 36'b000000000000000000000000000000000000 
	Parameter pt[INST_ACCESS_ADDR3] bound to: 36'b000000000000000000000000000000000000 
	Parameter pt[INST_ACCESS_ADDR4] bound to: 36'b000000000000000000000000000000000000 
	Parameter pt[INST_ACCESS_ADDR5] bound to: 36'b000000000000000000000000000000000000 
	Parameter pt[INST_ACCESS_ADDR6] bound to: 36'b000000000000000000000000000000000000 
	Parameter pt[INST_ACCESS_ADDR7] bound to: 36'b000000000000000000000000000000000000 
	Parameter pt[INST_ACCESS_ENABLE0] bound to: 5'b00000 
	Parameter pt[INST_ACCESS_ENABLE1] bound to: 5'b00000 
	Parameter pt[INST_ACCESS_ENABLE2] bound to: 5'b00000 
	Parameter pt[INST_ACCESS_ENABLE3] bound to: 5'b00000 
	Parameter pt[INST_ACCESS_ENABLE4] bound to: 5'b00000 
	Parameter pt[INST_ACCESS_ENABLE5] bound to: 5'b00000 
	Parameter pt[INST_ACCESS_ENABLE6] bound to: 5'b00000 
	Parameter pt[INST_ACCESS_ENABLE7] bound to: 5'b00000 
	Parameter pt[INST_ACCESS_MASK0] bound to: 36'b000011111111111111111111111111111111 
	Parameter pt[INST_ACCESS_MASK1] bound to: 36'b000011111111111111111111111111111111 
	Parameter pt[INST_ACCESS_MASK2] bound to: 36'b000011111111111111111111111111111111 
	Parameter pt[INST_ACCESS_MASK3] bound to: 36'b000011111111111111111111111111111111 
	Parameter pt[INST_ACCESS_MASK4] bound to: 36'b000011111111111111111111111111111111 
	Parameter pt[INST_ACCESS_MASK5] bound to: 36'b000011111111111111111111111111111111 
	Parameter pt[INST_ACCESS_MASK6] bound to: 36'b000011111111111111111111111111111111 
	Parameter pt[INST_ACCESS_MASK7] bound to: 36'b000011111111111111111111111111111111 
	Parameter pt[LOAD_TO_USE_PLUS1] bound to: 5'b00000 
	Parameter pt[LSU2DMA] bound to: 5'b00000 
	Parameter pt[LSU_BUS_ID] bound to: 5'b00001 
	Parameter pt[LSU_BUS_PRTY] bound to: 6'b000010 
	Parameter pt[LSU_BUS_TAG] bound to: 8'b00000011 
	Parameter pt[LSU_NUM_NBLOAD] bound to: 9'b000000100 
	Parameter pt[LSU_NUM_NBLOAD_WIDTH] bound to: 7'b0000010 
	Parameter pt[LSU_SB_BITS] bound to: 9'b000001110 
	Parameter pt[LSU_STBUF_DEPTH] bound to: 8'b00000100 
	Parameter pt[NO_ICCM_NO_ICACHE] bound to: 5'b00000 
	Parameter pt[PIC_2CYCLE] bound to: 5'b00000 
	Parameter pt[PIC_BASE_ADDR] bound to: 36'b000011110000000011000000000000000000 
	Parameter pt[PIC_BITS] bound to: 9'b000001111 
	Parameter pt[PIC_INT_WORDS] bound to: 8'b00000001 
	Parameter pt[PIC_REGION] bound to: 8'b00001111 
	Parameter pt[PIC_SIZE] bound to: 13'b0000000100000 
	Parameter pt[PIC_TOTAL_INT] bound to: 12'b000000001000 
	Parameter pt[PIC_TOTAL_INT_PLUS1] bound to: 13'b0000000001001 
	Parameter pt[RET_STACK_SIZE] bound to: 8'b00000010 
	Parameter pt[SB_BUS_ID] bound to: 5'b00001 
	Parameter pt[SB_BUS_PRTY] bound to: 6'b000010 
	Parameter pt[SB_BUS_TAG] bound to: 8'b00000001 
	Parameter pt[TIMER_LEGAL_EN] bound to: 5'b00001 
	Parameter WIDTH bound to: 2 - type: integer 
	Parameter WIDTH bound to: 8'b00000001 
	Parameter WIDTH bound to: 8'b00000001 
	Parameter WIDTH bound to: 9'b000000001 
	Parameter WIDTH bound to: 9'b000000001 
	Parameter WIDTH bound to: 6'b000010 
	Parameter WIDTH bound to: 6'b000010 
	Parameter WIDTH bound to: 1 - type: integer 
	Parameter WIDTH bound to: 8'b00000001 
	Parameter WIDTH bound to: 3 - type: integer 
WARNING: [Synth 8-689] width (2) of port connection 'trace_rv_i_valid_ip' does not match port width (1) of module 'el2_veer' [/run/media/sackb/Windows-SSD/Users/sackb/OneDrive/Desktop/University/Course_Work/2025-2026/Spring_2026/ECE_540/ece540sp26-Final_Project/Hardware/Hardware.srcs/sources_1/imports/vga.srcs/sources_1/imports/src/VeeRwolf/VeeR_EL2CoreComplex/veer_el2_wrapper.sv:515]
WARNING: [Synth 8-689] width (2) of port connection 'trace_rv_i_exception_ip' does not match port width (1) of module 'el2_veer' [/run/media/sackb/Windows-SSD/Users/sackb/OneDrive/Desktop/University/Course_Work/2025-2026/Spring_2026/ECE_540/ece540sp26-Final_Project/Hardware/Hardware.srcs/sources_1/imports/vga.srcs/sources_1/imports/src/VeeRwolf/VeeR_EL2CoreComplex/veer_el2_wrapper.sv:515]
WARNING: [Synth 8-689] width (2) of port connection 'trace_rv_i_interrupt_ip' does not match port width (1) of module 'el2_veer' [/run/media/sackb/Windows-SSD/Users/sackb/OneDrive/Desktop/University/Course_Work/2025-2026/Spring_2026/ECE_540/ece540sp26-Final_Project/Hardware/Hardware.srcs/sources_1/imports/vga.srcs/sources_1/imports/src/VeeRwolf/VeeR_EL2CoreComplex/veer_el2_wrapper.sv:515]
	Parameter pt[BHT_ADDR_HI] bound to: 8'b00000101 
	Parameter pt[BHT_ADDR_LO] bound to: 6'b000010 
	Parameter pt[BHT_ARRAY_DEPTH] bound to: 15'b000000000010000 
	Parameter pt[BHT_GHR_HASH_1] bound to: 5'b00000 
	Parameter pt[BHT_GHR_SIZE] bound to: 8'b00000100 
	Parameter pt[BHT_SIZE] bound to: 16'b0000000000100000 
	Parameter pt[BITMANIP_ZBA] bound to: 5'b00001 
	Parameter pt[BITMANIP_ZBB] bound to: 5'b00001 
	Parameter pt[BITMANIP_ZBC] bound to: 5'b00001 
	Parameter pt[BITMANIP_ZBE] bound to: 5'b00001 
	Parameter pt[BITMANIP_ZBF] bound to: 5'b00001 
	Parameter pt[BITMANIP_ZBP] bound to: 5'b00001 
	Parameter pt[BITMANIP_ZBR] bound to: 5'b00001 
	Parameter pt[BITMANIP_ZBS] bound to: 5'b00001 
	Parameter pt[BTB_ADDR_HI] bound to: 9'b000000101 
	Parameter pt[BTB_ADDR_LO] bound to: 6'b000010 
	Parameter pt[BTB_ARRAY_DEPTH] bound to: 13'b0000000000000 
	Parameter pt[BTB_BTAG_FOLD] bound to: 5'b00000 
	Parameter pt[BTB_BTAG_SIZE] bound to: 9'b000011111 
	Parameter pt[BTB_ENABLE] bound to: 5'b00001 
	Parameter pt[BTB_FOLD2_INDEX_HASH] bound to: 5'b00000 
	Parameter pt[BTB_FULLYA] bound to: 5'b00001 
	Parameter pt[BTB_INDEX1_HI] bound to: 9'b000000101 
	Parameter pt[BTB_INDEX1_LO] bound to: 9'b000000010 
	Parameter pt[BTB_INDEX2_HI] bound to: 9'b000001000 
	Parameter pt[BTB_INDEX2_LO] bound to: 9'b000000110 
	Parameter pt[BTB_INDEX3_HI] bound to: 9'b000001011 
	Parameter pt[BTB_INDEX3_LO] bound to: 9'b000001001 
	Parameter pt[BTB_SIZE] bound to: 14'b00000000001000 
	Parameter pt[BTB_TOFFSET_SIZE] bound to: 9'b000001100 
	Parameter pt[BUILD_AHB_LITE] bound to: 1'b0 
	Parameter pt[BUILD_AXI4] bound to: 5'b00001 
	Parameter pt[BUILD_AXI_NATIVE] bound to: 5'b00001 
	Parameter pt[BUS_PRTY_DEFAULT] bound to: 6'b000011 
	Parameter pt[DATA_ACCESS_ADDR0] bound to: 36'b000000000000000000000000000000000000 
	Parameter pt[DATA_ACCESS_ADDR1] bound to: 36'b000000000000000000000000000000000000 
	Parameter pt[DATA_ACCESS_ADDR2] bound to: 36'b000000000000000000000000000000000000 
	Parameter pt[DATA_ACCESS_ADDR3] bound to: 36'b000000000000000000000000000000000000 
	Parameter pt[DATA_ACCESS_ADDR4] bound to: 36'b000000000000000000000000000000000000 
	Parameter pt[DATA_ACCESS_ADDR5] bound to: 36'b000000000000000000000000000000000000 
	Parameter pt[DATA_ACCESS_ADDR6] bound to: 36'b000000000000000000000000000000000000 
	Parameter pt[DATA_ACCESS_ADDR7] bound to: 36'b000000000000000000000000000000000000 
	Parameter pt[DATA_ACCESS_ENABLE0] bound to: 5'b00000 
	Parameter pt[DATA_ACCESS_ENABLE1] bound to: 5'b00000 
	Parameter pt[DATA_ACCESS_ENABLE2] bound to: 5'b00000 
	Parameter pt[DATA_ACCESS_ENABLE3] bound to: 5'b00000 
	Parameter pt[DATA_ACCESS_ENABLE4] bound to: 5'b00000 
	Parameter pt[DATA_ACCESS_ENABLE5] bound to: 5'b00000 
	Parameter pt[DATA_ACCESS_ENABLE6] bound to: 5'b00000 
	Parameter pt[DATA_ACCESS_ENABLE7] bound to: 5'b00000 
	Parameter pt[DATA_ACCESS_MASK0] bound to: 36'b000011111111111111111111111111111111 
	Parameter pt[DATA_ACCESS_MASK1] bound to: 36'b000011111111111111111111111111111111 
	Parameter pt[DATA_ACCESS_MASK2] bound to: 36'b000011111111111111111111111111111111 
	Parameter pt[DATA_ACCESS_MASK3] bound to: 36'b000011111111111111111111111111111111 
	Parameter pt[DATA_ACCESS_MASK4] bound to: 36'b000011111111111111111111111111111111 
	Parameter pt[DATA_ACCESS_MASK5] bound to: 36'b000011111111111111111111111111111111 
	Parameter pt[DATA_ACCESS_MASK6] bound to: 36'b000011111111111111111111111111111111 
	Parameter pt[DATA_ACCESS_MASK7] bound to: 36'b000011111111111111111111111111111111 
	Parameter pt[DCCM_BANK_BITS] bound to: 7'b0000010 
	Parameter pt[DCCM_BITS] bound to: 9'b000001110 
	Parameter pt[DCCM_BYTE_WIDTH] bound to: 7'b0000100 
	Parameter pt[DCCM_DATA_WIDTH] bound to: 10'b0000100000 
	Parameter pt[DCCM_ECC_WIDTH] bound to: 7'b0000111 
	Parameter pt[DCCM_ENABLE] bound to: 5'b00001 
	Parameter pt[DCCM_FDATA_WIDTH] bound to: 10'b0000100111 
	Parameter pt[DCCM_INDEX_BITS] bound to: 8'b00001010 
	Parameter pt[DCCM_NUM_BANKS] bound to: 9'b000000100 
	Parameter pt[DCCM_REGION] bound to: 8'b00001111 
	Parameter pt[DCCM_SADR] bound to: 36'b000011110000000001000000000000000000 
	Parameter pt[DCCM_SIZE] bound to: 14'b00000000010000 
	Parameter pt[DCCM_WIDTH_BITS] bound to: 6'b000010 
	Parameter pt[DIV_BIT] bound to: 7'b0000100 
	Parameter pt[DIV_NEW] bound to: 5'b00001 
	Parameter pt[DMA_BUF_DEPTH] bound to: 7'b0000010 
	Parameter pt[DMA_BUS_ID] bound to: 9'b000000001 
	Parameter pt[DMA_BUS_PRTY] bound to: 6'b000010 
	Parameter pt[DMA_BUS_TAG] bound to: 8'b00000001 
	Parameter pt[FAST_INTERRUPT_REDIRECT] bound to: 5'b00000 
	Parameter pt[ICACHE_2BANKS] bound to: 5'b00000 
	Parameter pt[ICACHE_BANK_BITS] bound to: 7'b0000001 
	Parameter pt[ICACHE_BANK_HI] bound to: 7'b0000011 
	Parameter pt[ICACHE_BANK_LO] bound to: 6'b000011 
	Parameter pt[ICACHE_BANK_WIDTH] bound to: 8'b00001000 
	Parameter pt[ICACHE_BANKS_WAY] bound to: 7'b0000010 
	Parameter pt[ICACHE_BEAT_ADDR_HI] bound to: 8'b00000101 
	Parameter pt[ICACHE_BEAT_BITS] bound to: 8'b00000011 
	Parameter pt[ICACHE_BYPASS_ENABLE] bound to: 5'b00001 
	Parameter pt[ICACHE_DATA_DEPTH] bound to: 18'b000000000100000000 
	Parameter pt[ICACHE_DATA_INDEX_LO] bound to: 7'b0000100 
	Parameter pt[ICACHE_DATA_WIDTH] bound to: 11'b00001000000 
	Parameter pt[ICACHE_ECC] bound to: 5'b00000 
	Parameter pt[ICACHE_ENABLE] bound to: 5'b00001 
	Parameter pt[ICACHE_FDATA_WIDTH] bound to: 11'b00001000100 
	Parameter pt[ICACHE_INDEX_HI] bound to: 9'b000001011 
	Parameter pt[ICACHE_LN_SZ] bound to: 11'b00001000000 
	Parameter pt[ICACHE_NUM_BEATS] bound to: 8'b00001000 
	Parameter pt[ICACHE_NUM_BYPASS] bound to: 8'b00000010 
	Parameter pt[ICACHE_NUM_BYPASS_WIDTH] bound to: 8'b00000010 
	Parameter pt[ICACHE_NUM_WAYS] bound to: 7'b0000010 
	Parameter pt[ICACHE_ONLY] bound to: 5'b00000 
	Parameter pt[ICACHE_SCND_LAST] bound to: 8'b00000110 
	Parameter pt[ICACHE_SIZE] bound to: 13'b0000000001000 
	Parameter pt[ICACHE_STATUS_BITS] bound to: 7'b0000001 
	Parameter pt[ICACHE_TAG_BYPASS_ENABLE] bound to: 5'b00001 
	Parameter pt[ICACHE_TAG_DEPTH] bound to: 17'b00000000001000000 
	Parameter pt[ICACHE_TAG_INDEX_LO] bound to: 7'b0000110 
	Parameter pt[ICACHE_TAG_LO] bound to: 9'b000001100 
	Parameter pt[ICACHE_TAG_NUM_BYPASS] bound to: 8'b00000010 
	Parameter pt[ICACHE_TAG_NUM_BYPASS_WIDTH] bound to: 8'b00000010 
	Parameter pt[ICACHE_WAYPACK] bound to: 5'b00001 
	Parameter pt[ICCM_BANK_BITS] bound to: 7'b0000010 
	Parameter pt[ICCM_BANK_HI] bound to: 9'b000000011 
	Parameter pt[ICCM_BANK_INDEX_LO] bound to: 9'b000000100 
	Parameter pt[ICCM_BITS] bound to: 9'b000001100 
	Parameter pt[ICCM_ENABLE] bound to: 5'b00001 
	Parameter pt[ICCM_ICACHE] bound to: 5'b00001 
	Parameter pt[ICCM_INDEX_BITS] bound to: 8'b00001000 
	Parameter pt[ICCM_NUM_BANKS] bound to: 9'b000000100 
	Parameter pt[ICCM_ONLY] bound to: 5'b00000 
	Parameter pt[ICCM_REGION] bound to: 8'b00001010 
	Parameter pt[ICCM_SADR] bound to: 36'b000010101111111111111111000000000000 
	Parameter pt[ICCM_SIZE] bound to: 14'b00000000000100 
	Parameter pt[IFU_BUS_ID] bound to: 5'b00001 
	Parameter pt[IFU_BUS_PRTY] bound to: 6'b000010 
	Parameter pt[IFU_BUS_TAG] bound to: 8'b00000011 
	Parameter pt[INST_ACCESS_ADDR0] bound to: 36'b000000000000000000000000000000000000 
	Parameter pt[INST_ACCESS_ADDR1] bound to: 36'b000000000000000000000000000000000000 
	Parameter pt[INST_ACCESS_ADDR2] bound to: 36'b000000000000000000000000000000000000 
	Parameter pt[INST_ACCESS_ADDR3] bound to: 36'b000000000000000000000000000000000000 
	Parameter pt[INST_ACCESS_ADDR4] bound to: 36'b000000000000000000000000000000000000 
	Parameter pt[INST_ACCESS_ADDR5] bound to: 36'b000000000000000000000000000000000000 
	Parameter pt[INST_ACCESS_ADDR6] bound to: 36'b000000000000000000000000000000000000 
	Parameter pt[INST_ACCESS_ADDR7] bound to: 36'b000000000000000000000000000000000000 
	Parameter pt[INST_ACCESS_ENABLE0] bound to: 5'b00000 
	Parameter pt[INST_ACCESS_ENABLE1] bound to: 5'b00000 
	Parameter pt[INST_ACCESS_ENABLE2] bound to: 5'b00000 
	Parameter pt[INST_ACCESS_ENABLE3] bound to: 5'b00000 
	Parameter pt[INST_ACCESS_ENABLE4] bound to: 5'b00000 
	Parameter pt[INST_ACCESS_ENABLE5] bound to: 5'b00000 
	Parameter pt[INST_ACCESS_ENABLE6] bound to: 5'b00000 
	Parameter pt[INST_ACCESS_ENABLE7] bound to: 5'b00000 
	Parameter pt[INST_ACCESS_MASK0] bound to: 36'b000011111111111111111111111111111111 
	Parameter pt[INST_ACCESS_MASK1] bound to: 36'b000011111111111111111111111111111111 
	Parameter pt[INST_ACCESS_MASK2] bound to: 36'b000011111111111111111111111111111111 
	Parameter pt[INST_ACCESS_MASK3] bound to: 36'b000011111111111111111111111111111111 
	Parameter pt[INST_ACCESS_MASK4] bound to: 36'b000011111111111111111111111111111111 
	Parameter pt[INST_ACCESS_MASK5] bound to: 36'b000011111111111111111111111111111111 
	Parameter pt[INST_ACCESS_MASK6] bound to: 36'b000011111111111111111111111111111111 
	Parameter pt[INST_ACCESS_MASK7] bound to: 36'b000011111111111111111111111111111111 
	Parameter pt[LOAD_TO_USE_PLUS1] bound to: 5'b00000 
	Parameter pt[LSU2DMA] bound to: 5'b00000 
	Parameter pt[LSU_BUS_ID] bound to: 5'b00001 
	Parameter pt[LSU_BUS_PRTY] bound to: 6'b000010 
	Parameter pt[LSU_BUS_TAG] bound to: 8'b00000011 
	Parameter pt[LSU_NUM_NBLOAD] bound to: 9'b000000100 
	Parameter pt[LSU_NUM_NBLOAD_WIDTH] bound to: 7'b0000010 
	Parameter pt[LSU_SB_BITS] bound to: 9'b000001110 
	Parameter pt[LSU_STBUF_DEPTH] bound to: 8'b00000100 
	Parameter pt[NO_ICCM_NO_ICACHE] bound to: 5'b00000 
	Parameter pt[PIC_2CYCLE] bound to: 5'b00000 
	Parameter pt[PIC_BASE_ADDR] bound to: 36'b000011110000000011000000000000000000 
	Parameter pt[PIC_BITS] bound to: 9'b000001111 
	Parameter pt[PIC_INT_WORDS] bound to: 8'b00000001 
	Parameter pt[PIC_REGION] bound to: 8'b00001111 
	Parameter pt[PIC_SIZE] bound to: 13'b0000000100000 
	Parameter pt[PIC_TOTAL_INT] bound to: 12'b000000001000 
	Parameter pt[PIC_TOTAL_INT_PLUS1] bound to: 13'b0000000001001 
	Parameter pt[RET_STACK_SIZE] bound to: 8'b00000010 
	Parameter pt[SB_BUS_ID] bound to: 5'b00001 
	Parameter pt[SB_BUS_PRTY] bound to: 6'b000010 
	Parameter pt[SB_BUS_TAG] bound to: 8'b00000001 
	Parameter pt[TIMER_LEGAL_EN] bound to: 5'b00001 
	Parameter pt[BHT_ADDR_HI] bound to: 8'b00000101 
	Parameter pt[BHT_ADDR_LO] bound to: 6'b000010 
	Parameter pt[BHT_ARRAY_DEPTH] bound to: 15'b000000000010000 
	Parameter pt[BHT_GHR_HASH_1] bound to: 5'b00000 
	Parameter pt[BHT_GHR_SIZE] bound to: 8'b00000100 
	Parameter pt[BHT_SIZE] bound to: 16'b0000000000100000 
	Parameter pt[BITMANIP_ZBA] bound to: 5'b00001 
	Parameter pt[BITMANIP_ZBB] bound to: 5'b00001 
	Parameter pt[BITMANIP_ZBC] bound to: 5'b00001 
	Parameter pt[BITMANIP_ZBE] bound to: 5'b00001 
	Parameter pt[BITMANIP_ZBF] bound to: 5'b00001 
	Parameter pt[BITMANIP_ZBP] bound to: 5'b00001 
	Parameter pt[BITMANIP_ZBR] bound to: 5'b00001 
	Parameter pt[BITMANIP_ZBS] bound to: 5'b00001 
	Parameter pt[BTB_ADDR_HI] bound to: 9'b000000101 
	Parameter pt[BTB_ADDR_LO] bound to: 6'b000010 
	Parameter pt[BTB_ARRAY_DEPTH] bound to: 13'b0000000000000 
	Parameter pt[BTB_BTAG_FOLD] bound to: 5'b00000 
	Parameter pt[BTB_BTAG_SIZE] bound to: 9'b000011111 
	Parameter pt[BTB_ENABLE] bound to: 5'b00001 
	Parameter pt[BTB_FOLD2_INDEX_HASH] bound to: 5'b00000 
	Parameter pt[BTB_FULLYA] bound to: 5'b00001 
	Parameter pt[BTB_INDEX1_HI] bound to: 9'b000000101 
	Parameter pt[BTB_INDEX1_LO] bound to: 9'b000000010 
	Parameter pt[BTB_INDEX2_HI] bound to: 9'b000001000 
	Parameter pt[BTB_INDEX2_LO] bound to: 9'b000000110 
	Parameter pt[BTB_INDEX3_HI] bound to: 9'b000001011 
	Parameter pt[BTB_INDEX3_LO] bound to: 9'b000001001 
	Parameter pt[BTB_SIZE] bound to: 14'b00000000001000 
	Parameter pt[BTB_TOFFSET_SIZE] bound to: 9'b000001100 
	Parameter pt[BUILD_AHB_LITE] bound to: 1'b0 
	Parameter pt[BUILD_AXI4] bound to: 5'b00001 
	Parameter pt[BUILD_AXI_NATIVE] bound to: 5'b00001 
	Parameter pt[BUS_PRTY_DEFAULT] bound to: 6'b000011 
	Parameter pt[DATA_ACCESS_ADDR0] bound to: 36'b000000000000000000000000000000000000 
	Parameter pt[DATA_ACCESS_ADDR1] bound to: 36'b000000000000000000000000000000000000 
	Parameter pt[DATA_ACCESS_ADDR2] bound to: 36'b000000000000000000000000000000000000 
	Parameter pt[DATA_ACCESS_ADDR3] bound to: 36'b000000000000000000000000000000000000 
	Parameter pt[DATA_ACCESS_ADDR4] bound to: 36'b000000000000000000000000000000000000 
	Parameter pt[DATA_ACCESS_ADDR5] bound to: 36'b000000000000000000000000000000000000 
	Parameter pt[DATA_ACCESS_ADDR6] bound to: 36'b000000000000000000000000000000000000 
	Parameter pt[DATA_ACCESS_ADDR7] bound to: 36'b000000000000000000000000000000000000 
	Parameter pt[DATA_ACCESS_ENABLE0] bound to: 5'b00000 
	Parameter pt[DATA_ACCESS_ENABLE1] bound to: 5'b00000 
	Parameter pt[DATA_ACCESS_ENABLE2] bound to: 5'b00000 
	Parameter pt[DATA_ACCESS_ENABLE3] bound to: 5'b00000 
	Parameter pt[DATA_ACCESS_ENABLE4] bound to: 5'b00000 
	Parameter pt[DATA_ACCESS_ENABLE5] bound to: 5'b00000 
	Parameter pt[DATA_ACCESS_ENABLE6] bound to: 5'b00000 
	Parameter pt[DATA_ACCESS_ENABLE7] bound to: 5'b00000 
	Parameter pt[DATA_ACCESS_MASK0] bound to: 36'b000011111111111111111111111111111111 
	Parameter pt[DATA_ACCESS_MASK1] bound to: 36'b000011111111111111111111111111111111 
	Parameter pt[DATA_ACCESS_MASK2] bound to: 36'b000011111111111111111111111111111111 
	Parameter pt[DATA_ACCESS_MASK3] bound to: 36'b000011111111111111111111111111111111 
	Parameter pt[DATA_ACCESS_MASK4] bound to: 36'b000011111111111111111111111111111111 
	Parameter pt[DATA_ACCESS_MASK5] bound to: 36'b000011111111111111111111111111111111 
	Parameter pt[DATA_ACCESS_MASK6] bound to: 36'b000011111111111111111111111111111111 
	Parameter pt[DATA_ACCESS_MASK7] bound to: 36'b000011111111111111111111111111111111 
	Parameter pt[DCCM_BANK_BITS] bound to: 7'b0000010 
	Parameter pt[DCCM_BITS] bound to: 9'b000001110 
	Parameter pt[DCCM_BYTE_WIDTH] bound to: 7'b0000100 
	Parameter pt[DCCM_DATA_WIDTH] bound to: 10'b0000100000 
	Parameter pt[DCCM_ECC_WIDTH] bound to: 7'b0000111 
	Parameter pt[DCCM_ENABLE] bound to: 5'b00001 
	Parameter pt[DCCM_FDATA_WIDTH] bound to: 10'b0000100111 
	Parameter pt[DCCM_INDEX_BITS] bound to: 8'b00001010 
	Parameter pt[DCCM_NUM_BANKS] bound to: 9'b000000100 
	Parameter pt[DCCM_REGION] bound to: 8'b00001111 
	Parameter pt[DCCM_SADR] bound to: 36'b000011110000000001000000000000000000 
	Parameter pt[DCCM_SIZE] bound to: 14'b00000000010000 
	Parameter pt[DCCM_WIDTH_BITS] bound to: 6'b000010 
	Parameter pt[DIV_BIT] bound to: 7'b0000100 
	Parameter pt[DIV_NEW] bound to: 5'b00001 
	Parameter pt[DMA_BUF_DEPTH] bound to: 7'b0000010 
	Parameter pt[DMA_BUS_ID] bound to: 9'b000000001 
	Parameter pt[DMA_BUS_PRTY] bound to: 6'b000010 
	Parameter pt[DMA_BUS_TAG] bound to: 8'b00000001 
	Parameter pt[FAST_INTERRUPT_REDIRECT] bound to: 5'b00000 
	Parameter pt[ICACHE_2BANKS] bound to: 5'b00000 
	Parameter pt[ICACHE_BANK_BITS] bound to: 7'b0000001 
	Parameter pt[ICACHE_BANK_HI] bound to: 7'b0000011 
	Parameter pt[ICACHE_BANK_LO] bound to: 6'b000011 
	Parameter pt[ICACHE_BANK_WIDTH] bound to: 8'b00001000 
	Parameter pt[ICACHE_BANKS_WAY] bound to: 7'b0000010 
	Parameter pt[ICACHE_BEAT_ADDR_HI] bound to: 8'b00000101 
	Parameter pt[ICACHE_BEAT_BITS] bound to: 8'b00000011 
	Parameter pt[ICACHE_BYPASS_ENABLE] bound to: 5'b00001 
	Parameter pt[ICACHE_DATA_DEPTH] bound to: 18'b000000000100000000 
	Parameter pt[ICACHE_DATA_INDEX_LO] bound to: 7'b0000100 
	Parameter pt[ICACHE_DATA_WIDTH] bound to: 11'b00001000000 
	Parameter pt[ICACHE_ECC] bound to: 5'b00000 
	Parameter pt[ICACHE_ENABLE] bound to: 5'b00001 
	Parameter pt[ICACHE_FDATA_WIDTH] bound to: 11'b00001000100 
	Parameter pt[ICACHE_INDEX_HI] bound to: 9'b000001011 
	Parameter pt[ICACHE_LN_SZ] bound to: 11'b00001000000 
	Parameter pt[ICACHE_NUM_BEATS] bound to: 8'b00001000 
	Parameter pt[ICACHE_NUM_BYPASS] bound to: 8'b00000010 
	Parameter pt[ICACHE_NUM_BYPASS_WIDTH] bound to: 8'b00000010 
	Parameter pt[ICACHE_NUM_WAYS] bound to: 7'b0000010 
	Parameter pt[ICACHE_ONLY] bound to: 5'b00000 
	Parameter pt[ICACHE_SCND_LAST] bound to: 8'b00000110 
	Parameter pt[ICACHE_SIZE] bound to: 13'b0000000001000 
	Parameter pt[ICACHE_STATUS_BITS] bound to: 7'b0000001 
	Parameter pt[ICACHE_TAG_BYPASS_ENABLE] bound to: 5'b00001 
	Parameter pt[ICACHE_TAG_DEPTH] bound to: 17'b00000000001000000 
	Parameter pt[ICACHE_TAG_INDEX_LO] bound to: 7'b0000110 
	Parameter pt[ICACHE_TAG_LO] bound to: 9'b000001100 
	Parameter pt[ICACHE_TAG_NUM_BYPASS] bound to: 8'b00000010 
	Parameter pt[ICACHE_TAG_NUM_BYPASS_WIDTH] bound to: 8'b00000010 
	Parameter pt[ICACHE_WAYPACK] bound to: 5'b00001 
	Parameter pt[ICCM_BANK_BITS] bound to: 7'b0000010 
	Parameter pt[ICCM_BANK_HI] bound to: 9'b000000011 
	Parameter pt[ICCM_BANK_INDEX_LO] bound to: 9'b000000100 
	Parameter pt[ICCM_BITS] bound to: 9'b000001100 
	Parameter pt[ICCM_ENABLE] bound to: 5'b00001 
	Parameter pt[ICCM_ICACHE] bound to: 5'b00001 
	Parameter pt[ICCM_INDEX_BITS] bound to: 8'b00001000 
	Parameter pt[ICCM_NUM_BANKS] bound to: 9'b000000100 
	Parameter pt[ICCM_ONLY] bound to: 5'b00000 
	Parameter pt[ICCM_REGION] bound to: 8'b00001010 
	Parameter pt[ICCM_SADR] bound to: 36'b000010101111111111111111000000000000 
	Parameter pt[ICCM_SIZE] bound to: 14'b00000000000100 
	Parameter pt[IFU_BUS_ID] bound to: 5'b00001 
	Parameter pt[IFU_BUS_PRTY] bound to: 6'b000010 
	Parameter pt[IFU_BUS_TAG] bound to: 8'b00000011 
	Parameter pt[INST_ACCESS_ADDR0] bound to: 36'b000000000000000000000000000000000000 
	Parameter pt[INST_ACCESS_ADDR1] bound to: 36'b000000000000000000000000000000000000 
	Parameter pt[INST_ACCESS_ADDR2] bound to: 36'b000000000000000000000000000000000000 
	Parameter pt[INST_ACCESS_ADDR3] bound to: 36'b000000000000000000000000000000000000 
	Parameter pt[INST_ACCESS_ADDR4] bound to: 36'b000000000000000000000000000000000000 
	Parameter pt[INST_ACCESS_ADDR5] bound to: 36'b000000000000000000000000000000000000 
	Parameter pt[INST_ACCESS_ADDR6] bound to: 36'b000000000000000000000000000000000000 
	Parameter pt[INST_ACCESS_ADDR7] bound to: 36'b000000000000000000000000000000000000 
	Parameter pt[INST_ACCESS_ENABLE0] bound to: 5'b00000 
	Parameter pt[INST_ACCESS_ENABLE1] bound to: 5'b00000 
	Parameter pt[INST_ACCESS_ENABLE2] bound to: 5'b00000 
	Parameter pt[INST_ACCESS_ENABLE3] bound to: 5'b00000 
	Parameter pt[INST_ACCESS_ENABLE4] bound to: 5'b00000 
	Parameter pt[INST_ACCESS_ENABLE5] bound to: 5'b00000 
	Parameter pt[INST_ACCESS_ENABLE6] bound to: 5'b00000 
	Parameter pt[INST_ACCESS_ENABLE7] bound to: 5'b00000 
	Parameter pt[INST_ACCESS_MASK0] bound to: 36'b000011111111111111111111111111111111 
	Parameter pt[INST_ACCESS_MASK1] bound to: 36'b000011111111111111111111111111111111 
	Parameter pt[INST_ACCESS_MASK2] bound to: 36'b000011111111111111111111111111111111 
	Parameter pt[INST_ACCESS_MASK3] bound to: 36'b000011111111111111111111111111111111 
	Parameter pt[INST_ACCESS_MASK4] bound to: 36'b000011111111111111111111111111111111 
	Parameter pt[INST_ACCESS_MASK5] bound to: 36'b000011111111111111111111111111111111 
	Parameter pt[INST_ACCESS_MASK6] bound to: 36'b000011111111111111111111111111111111 
	Parameter pt[INST_ACCESS_MASK7] bound to: 36'b000011111111111111111111111111111111 
	Parameter pt[LOAD_TO_USE_PLUS1] bound to: 5'b00000 
	Parameter pt[LSU2DMA] bound to: 5'b00000 
	Parameter pt[LSU_BUS_ID] bound to: 5'b00001 
	Parameter pt[LSU_BUS_PRTY] bound to: 6'b000010 
	Parameter pt[LSU_BUS_TAG] bound to: 8'b00000011 
	Parameter pt[LSU_NUM_NBLOAD] bound to: 9'b000000100 
	Parameter pt[LSU_NUM_NBLOAD_WIDTH] bound to: 7'b0000010 
	Parameter pt[LSU_SB_BITS] bound to: 9'b000001110 
	Parameter pt[LSU_STBUF_DEPTH] bound to: 8'b00000100 
	Parameter pt[NO_ICCM_NO_ICACHE] bound to: 5'b00000 
	Parameter pt[PIC_2CYCLE] bound to: 5'b00000 
	Parameter pt[PIC_BASE_ADDR] bound to: 36'b000011110000000011000000000000000000 
	Parameter pt[PIC_BITS] bound to: 9'b000001111 
	Parameter pt[PIC_INT_WORDS] bound to: 8'b00000001 
	Parameter pt[PIC_REGION] bound to: 8'b00001111 
	Parameter pt[PIC_SIZE] bound to: 13'b0000000100000 
	Parameter pt[PIC_TOTAL_INT] bound to: 12'b000000001000 
	Parameter pt[PIC_TOTAL_INT_PLUS1] bound to: 13'b0000000001001 
	Parameter pt[RET_STACK_SIZE] bound to: 8'b00000010 
	Parameter pt[SB_BUS_ID] bound to: 5'b00001 
	Parameter pt[SB_BUS_PRTY] bound to: 6'b000010 
	Parameter pt[SB_BUS_TAG] bound to: 8'b00000001 
	Parameter pt[TIMER_LEGAL_EN] bound to: 5'b00001 
	Parameter pt[BHT_ADDR_HI] bound to: 8'b00000101 
	Parameter pt[BHT_ADDR_LO] bound to: 6'b000010 
	Parameter pt[BHT_ARRAY_DEPTH] bound to: 15'b000000000010000 
	Parameter pt[BHT_GHR_HASH_1] bound to: 5'b00000 
	Parameter pt[BHT_GHR_SIZE] bound to: 8'b00000100 
	Parameter pt[BHT_SIZE] bound to: 16'b0000000000100000 
	Parameter pt[BITMANIP_ZBA] bound to: 5'b00001 
	Parameter pt[BITMANIP_ZBB] bound to: 5'b00001 
	Parameter pt[BITMANIP_ZBC] bound to: 5'b00001 
	Parameter pt[BITMANIP_ZBE] bound to: 5'b00001 
	Parameter pt[BITMANIP_ZBF] bound to: 5'b00001 
	Parameter pt[BITMANIP_ZBP] bound to: 5'b00001 
	Parameter pt[BITMANIP_ZBR] bound to: 5'b00001 
	Parameter pt[BITMANIP_ZBS] bound to: 5'b00001 
	Parameter pt[BTB_ADDR_HI] bound to: 9'b000000101 
	Parameter pt[BTB_ADDR_LO] bound to: 6'b000010 
	Parameter pt[BTB_ARRAY_DEPTH] bound to: 13'b0000000000000 
	Parameter pt[BTB_BTAG_FOLD] bound to: 5'b00000 
	Parameter pt[BTB_BTAG_SIZE] bound to: 9'b000011111 
	Parameter pt[BTB_ENABLE] bound to: 5'b00001 
	Parameter pt[BTB_FOLD2_INDEX_HASH] bound to: 5'b00000 
	Parameter pt[BTB_FULLYA] bound to: 5'b00001 
	Parameter pt[BTB_INDEX1_HI] bound to: 9'b000000101 
	Parameter pt[BTB_INDEX1_LO] bound to: 9'b000000010 
	Parameter pt[BTB_INDEX2_HI] bound to: 9'b000001000 
	Parameter pt[BTB_INDEX2_LO] bound to: 9'b000000110 
	Parameter pt[BTB_INDEX3_HI] bound to: 9'b000001011 
	Parameter pt[BTB_INDEX3_LO] bound to: 9'b000001001 
	Parameter pt[BTB_SIZE] bound to: 14'b00000000001000 
	Parameter pt[BTB_TOFFSET_SIZE] bound to: 9'b000001100 
	Parameter pt[BUILD_AHB_LITE] bound to: 1'b0 
	Parameter pt[BUILD_AXI4] bound to: 5'b00001 
	Parameter pt[BUILD_AXI_NATIVE] bound to: 5'b00001 
	Parameter pt[BUS_PRTY_DEFAULT] bound to: 6'b000011 
	Parameter pt[DATA_ACCESS_ADDR0] bound to: 36'b000000000000000000000000000000000000 
	Parameter pt[DATA_ACCESS_ADDR1] bound to: 36'b000000000000000000000000000000000000 
	Parameter pt[DATA_ACCESS_ADDR2] bound to: 36'b000000000000000000000000000000000000 
	Parameter pt[DATA_ACCESS_ADDR3] bound to: 36'b000000000000000000000000000000000000 
	Parameter pt[DATA_ACCESS_ADDR4] bound to: 36'b000000000000000000000000000000000000 
	Parameter pt[DATA_ACCESS_ADDR5] bound to: 36'b000000000000000000000000000000000000 
	Parameter pt[DATA_ACCESS_ADDR6] bound to: 36'b000000000000000000000000000000000000 
	Parameter pt[DATA_ACCESS_ADDR7] bound to: 36'b000000000000000000000000000000000000 
	Parameter pt[DATA_ACCESS_ENABLE0] bound to: 5'b00000 
	Parameter pt[DATA_ACCESS_ENABLE1] bound to: 5'b00000 
	Parameter pt[DATA_ACCESS_ENABLE2] bound to: 5'b00000 
	Parameter pt[DATA_ACCESS_ENABLE3] bound to: 5'b00000 
	Parameter pt[DATA_ACCESS_ENABLE4] bound to: 5'b00000 
	Parameter pt[DATA_ACCESS_ENABLE5] bound to: 5'b00000 
	Parameter pt[DATA_ACCESS_ENABLE6] bound to: 5'b00000 
	Parameter pt[DATA_ACCESS_ENABLE7] bound to: 5'b00000 
	Parameter pt[DATA_ACCESS_MASK0] bound to: 36'b000011111111111111111111111111111111 
	Parameter pt[DATA_ACCESS_MASK1] bound to: 36'b000011111111111111111111111111111111 
	Parameter pt[DATA_ACCESS_MASK2] bound to: 36'b000011111111111111111111111111111111 
	Parameter pt[DATA_ACCESS_MASK3] bound to: 36'b000011111111111111111111111111111111 
	Parameter pt[DATA_ACCESS_MASK4] bound to: 36'b000011111111111111111111111111111111 
	Parameter pt[DATA_ACCESS_MASK5] bound to: 36'b000011111111111111111111111111111111 
	Parameter pt[DATA_ACCESS_MASK6] bound to: 36'b000011111111111111111111111111111111 
	Parameter pt[DATA_ACCESS_MASK7] bound to: 36'b000011111111111111111111111111111111 
	Parameter pt[DCCM_BANK_BITS] bound to: 7'b0000010 
	Parameter pt[DCCM_BITS] bound to: 9'b000001110 
	Parameter pt[DCCM_BYTE_WIDTH] bound to: 7'b0000100 
	Parameter pt[DCCM_DATA_WIDTH] bound to: 10'b0000100000 
	Parameter pt[DCCM_ECC_WIDTH] bound to: 7'b0000111 
	Parameter pt[DCCM_ENABLE] bound to: 5'b00001 
	Parameter pt[DCCM_FDATA_WIDTH] bound to: 10'b0000100111 
	Parameter pt[DCCM_INDEX_BITS] bound to: 8'b00001010 
	Parameter pt[DCCM_NUM_BANKS] bound to: 9'b000000100 
	Parameter pt[DCCM_REGION] bound to: 8'b00001111 
	Parameter pt[DCCM_SADR] bound to: 36'b000011110000000001000000000000000000 
	Parameter pt[DCCM_SIZE] bound to: 14'b00000000010000 
	Parameter pt[DCCM_WIDTH_BITS] bound to: 6'b000010 
	Parameter pt[DIV_BIT] bound to: 7'b0000100 
	Parameter pt[DIV_NEW] bound to: 5'b00001 
	Parameter pt[DMA_BUF_DEPTH] bound to: 7'b0000010 
	Parameter pt[DMA_BUS_ID] bound to: 9'b000000001 
	Parameter pt[DMA_BUS_PRTY] bound to: 6'b000010 
	Parameter pt[DMA_BUS_TAG] bound to: 8'b00000001 
	Parameter pt[FAST_INTERRUPT_REDIRECT] bound to: 5'b00000 
	Parameter pt[ICACHE_2BANKS] bound to: 5'b00000 
	Parameter pt[ICACHE_BANK_BITS] bound to: 7'b0000001 
	Parameter pt[ICACHE_BANK_HI] bound to: 7'b0000011 
	Parameter pt[ICACHE_BANK_LO] bound to: 6'b000011 
	Parameter pt[ICACHE_BANK_WIDTH] bound to: 8'b00001000 
	Parameter pt[ICACHE_BANKS_WAY] bound to: 7'b0000010 
	Parameter pt[ICACHE_BEAT_ADDR_HI] bound to: 8'b00000101 
	Parameter pt[ICACHE_BEAT_BITS] bound to: 8'b00000011 
	Parameter pt[ICACHE_BYPASS_ENABLE] bound to: 5'b00001 
	Parameter pt[ICACHE_DATA_DEPTH] bound to: 18'b000000000100000000 
	Parameter pt[ICACHE_DATA_INDEX_LO] bound to: 7'b0000100 
	Parameter pt[ICACHE_DATA_WIDTH] bound to: 11'b00001000000 
	Parameter pt[ICACHE_ECC] bound to: 5'b00000 
	Parameter pt[ICACHE_ENABLE] bound to: 5'b00001 
	Parameter pt[ICACHE_FDATA_WIDTH] bound to: 11'b00001000100 
	Parameter pt[ICACHE_INDEX_HI] bound to: 9'b000001011 
	Parameter pt[ICACHE_LN_SZ] bound to: 11'b00001000000 
	Parameter pt[ICACHE_NUM_BEATS] bound to: 8'b00001000 
	Parameter pt[ICACHE_NUM_BYPASS] bound to: 8'b00000010 
	Parameter pt[ICACHE_NUM_BYPASS_WIDTH] bound to: 8'b00000010 
	Parameter pt[ICACHE_NUM_WAYS] bound to: 7'b0000010 
	Parameter pt[ICACHE_ONLY] bound to: 5'b00000 
	Parameter pt[ICACHE_SCND_LAST] bound to: 8'b00000110 
	Parameter pt[ICACHE_SIZE] bound to: 13'b0000000001000 
	Parameter pt[ICACHE_STATUS_BITS] bound to: 7'b0000001 
	Parameter pt[ICACHE_TAG_BYPASS_ENABLE] bound to: 5'b00001 
	Parameter pt[ICACHE_TAG_DEPTH] bound to: 17'b00000000001000000 
	Parameter pt[ICACHE_TAG_INDEX_LO] bound to: 7'b0000110 
	Parameter pt[ICACHE_TAG_LO] bound to: 9'b000001100 
	Parameter pt[ICACHE_TAG_NUM_BYPASS] bound to: 8'b00000010 
	Parameter pt[ICACHE_TAG_NUM_BYPASS_WIDTH] bound to: 8'b00000010 
	Parameter pt[ICACHE_WAYPACK] bound to: 5'b00001 
	Parameter pt[ICCM_BANK_BITS] bound to: 7'b0000010 
	Parameter pt[ICCM_BANK_HI] bound to: 9'b000000011 
	Parameter pt[ICCM_BANK_INDEX_LO] bound to: 9'b000000100 
	Parameter pt[ICCM_BITS] bound to: 9'b000001100 
	Parameter pt[ICCM_ENABLE] bound to: 5'b00001 
	Parameter pt[ICCM_ICACHE] bound to: 5'b00001 
	Parameter pt[ICCM_INDEX_BITS] bound to: 8'b00001000 
	Parameter pt[ICCM_NUM_BANKS] bound to: 9'b000000100 
	Parameter pt[ICCM_ONLY] bound to: 5'b00000 
	Parameter pt[ICCM_REGION] bound to: 8'b00001010 
	Parameter pt[ICCM_SADR] bound to: 36'b000010101111111111111111000000000000 
	Parameter pt[ICCM_SIZE] bound to: 14'b00000000000100 
	Parameter pt[IFU_BUS_ID] bound to: 5'b00001 
	Parameter pt[IFU_BUS_PRTY] bound to: 6'b000010 
	Parameter pt[IFU_BUS_TAG] bound to: 8'b00000011 
	Parameter pt[INST_ACCESS_ADDR0] bound to: 36'b000000000000000000000000000000000000 
	Parameter pt[INST_ACCESS_ADDR1] bound to: 36'b000000000000000000000000000000000000 
	Parameter pt[INST_ACCESS_ADDR2] bound to: 36'b000000000000000000000000000000000000 
	Parameter pt[INST_ACCESS_ADDR3] bound to: 36'b000000000000000000000000000000000000 
	Parameter pt[INST_ACCESS_ADDR4] bound to: 36'b000000000000000000000000000000000000 
	Parameter pt[INST_ACCESS_ADDR5] bound to: 36'b000000000000000000000000000000000000 
	Parameter pt[INST_ACCESS_ADDR6] bound to: 36'b000000000000000000000000000000000000 
	Parameter pt[INST_ACCESS_ADDR7] bound to: 36'b000000000000000000000000000000000000 
	Parameter pt[INST_ACCESS_ENABLE0] bound to: 5'b00000 
	Parameter pt[INST_ACCESS_ENABLE1] bound to: 5'b00000 
	Parameter pt[INST_ACCESS_ENABLE2] bound to: 5'b00000 
	Parameter pt[INST_ACCESS_ENABLE3] bound to: 5'b00000 
	Parameter pt[INST_ACCESS_ENABLE4] bound to: 5'b00000 
	Parameter pt[INST_ACCESS_ENABLE5] bound to: 5'b00000 
	Parameter pt[INST_ACCESS_ENABLE6] bound to: 5'b00000 
	Parameter pt[INST_ACCESS_ENABLE7] bound to: 5'b00000 
	Parameter pt[INST_ACCESS_MASK0] bound to: 36'b000011111111111111111111111111111111 
	Parameter pt[INST_ACCESS_MASK1] bound to: 36'b000011111111111111111111111111111111 
	Parameter pt[INST_ACCESS_MASK2] bound to: 36'b000011111111111111111111111111111111 
	Parameter pt[INST_ACCESS_MASK3] bound to: 36'b000011111111111111111111111111111111 
	Parameter pt[INST_ACCESS_MASK4] bound to: 36'b000011111111111111111111111111111111 
	Parameter pt[INST_ACCESS_MASK5] bound to: 36'b000011111111111111111111111111111111 
	Parameter pt[INST_ACCESS_MASK6] bound to: 36'b000011111111111111111111111111111111 
	Parameter pt[INST_ACCESS_MASK7] bound to: 36'b000011111111111111111111111111111111 
	Parameter pt[LOAD_TO_USE_PLUS1] bound to: 5'b00000 
	Parameter pt[LSU2DMA] bound to: 5'b00000 
	Parameter pt[LSU_BUS_ID] bound to: 5'b00001 
	Parameter pt[LSU_BUS_PRTY] bound to: 6'b000010 
	Parameter pt[LSU_BUS_TAG] bound to: 8'b00000011 
	Parameter pt[LSU_NUM_NBLOAD] bound to: 9'b000000100 
	Parameter pt[LSU_NUM_NBLOAD_WIDTH] bound to: 7'b0000010 
	Parameter pt[LSU_SB_BITS] bound to: 9'b000001110 
	Parameter pt[LSU_STBUF_DEPTH] bound to: 8'b00000100 
	Parameter pt[NO_ICCM_NO_ICACHE] bound to: 5'b00000 
	Parameter pt[PIC_2CYCLE] bound to: 5'b00000 
	Parameter pt[PIC_BASE_ADDR] bound to: 36'b000011110000000011000000000000000000 
	Parameter pt[PIC_BITS] bound to: 9'b000001111 
	Parameter pt[PIC_INT_WORDS] bound to: 8'b00000001 
	Parameter pt[PIC_REGION] bound to: 8'b00001111 
	Parameter pt[PIC_SIZE] bound to: 13'b0000000100000 
	Parameter pt[PIC_TOTAL_INT] bound to: 12'b000000001000 
	Parameter pt[PIC_TOTAL_INT_PLUS1] bound to: 13'b0000000001001 
	Parameter pt[RET_STACK_SIZE] bound to: 8'b00000010 
	Parameter pt[SB_BUS_ID] bound to: 5'b00001 
	Parameter pt[SB_BUS_PRTY] bound to: 6'b000010 
	Parameter pt[SB_BUS_TAG] bound to: 8'b00000001 
	Parameter pt[TIMER_LEGAL_EN] bound to: 5'b00001 
	Parameter WIDTH bound to: 20 - type: integer 
	Parameter WIDTH bound to: 44 - type: integer 
	Parameter WIDTH bound to: 44 - type: integer 
	Parameter WIDTH bound to: 44 - type: integer 
	Parameter WIDTH bound to: 8'b00000010 
	Parameter WIDTH bound to: 8'b00000010 
	Parameter WIDTH bound to: 20 - type: integer 
	Parameter WIDTH bound to: 20 - type: integer 
	Parameter WIDTH bound to: 20 - type: integer 
	Parameter WIDTH bound to: 20 - type: integer 
	Parameter pt[BHT_ADDR_HI] bound to: 8'b00000101 
	Parameter pt[BHT_ADDR_LO] bound to: 6'b000010 
	Parameter pt[BHT_ARRAY_DEPTH] bound to: 15'b000000000010000 
	Parameter pt[BHT_GHR_HASH_1] bound to: 5'b00000 
	Parameter pt[BHT_GHR_SIZE] bound to: 8'b00000100 
	Parameter pt[BHT_SIZE] bound to: 16'b0000000000100000 
	Parameter pt[BITMANIP_ZBA] bound to: 5'b00001 
	Parameter pt[BITMANIP_ZBB] bound to: 5'b00001 
	Parameter pt[BITMANIP_ZBC] bound to: 5'b00001 
	Parameter pt[BITMANIP_ZBE] bound to: 5'b00001 
	Parameter pt[BITMANIP_ZBF] bound to: 5'b00001 
	Parameter pt[BITMANIP_ZBP] bound to: 5'b00001 
	Parameter pt[BITMANIP_ZBR] bound to: 5'b00001 
	Parameter pt[BITMANIP_ZBS] bound to: 5'b00001 
	Parameter pt[BTB_ADDR_HI] bound to: 9'b000000101 
	Parameter pt[BTB_ADDR_LO] bound to: 6'b000010 
	Parameter pt[BTB_ARRAY_DEPTH] bound to: 13'b0000000000000 
	Parameter pt[BTB_BTAG_FOLD] bound to: 5'b00000 
	Parameter pt[BTB_BTAG_SIZE] bound to: 9'b000011111 
	Parameter pt[BTB_ENABLE] bound to: 5'b00001 
	Parameter pt[BTB_FOLD2_INDEX_HASH] bound to: 5'b00000 
	Parameter pt[BTB_FULLYA] bound to: 5'b00001 
	Parameter pt[BTB_INDEX1_HI] bound to: 9'b000000101 
	Parameter pt[BTB_INDEX1_LO] bound to: 9'b000000010 
	Parameter pt[BTB_INDEX2_HI] bound to: 9'b000001000 
	Parameter pt[BTB_INDEX2_LO] bound to: 9'b000000110 
	Parameter pt[BTB_INDEX3_HI] bound to: 9'b000001011 
	Parameter pt[BTB_INDEX3_LO] bound to: 9'b000001001 
	Parameter pt[BTB_SIZE] bound to: 14'b00000000001000 
	Parameter pt[BTB_TOFFSET_SIZE] bound to: 9'b000001100 
	Parameter pt[BUILD_AHB_LITE] bound to: 1'b0 
	Parameter pt[BUILD_AXI4] bound to: 5'b00001 
	Parameter pt[BUILD_AXI_NATIVE] bound to: 5'b00001 
	Parameter pt[BUS_PRTY_DEFAULT] bound to: 6'b000011 
	Parameter pt[DATA_ACCESS_ADDR0] bound to: 36'b000000000000000000000000000000000000 
	Parameter pt[DATA_ACCESS_ADDR1] bound to: 36'b000000000000000000000000000000000000 
	Parameter pt[DATA_ACCESS_ADDR2] bound to: 36'b000000000000000000000000000000000000 
	Parameter pt[DATA_ACCESS_ADDR3] bound to: 36'b000000000000000000000000000000000000 
	Parameter pt[DATA_ACCESS_ADDR4] bound to: 36'b000000000000000000000000000000000000 
	Parameter pt[DATA_ACCESS_ADDR5] bound to: 36'b000000000000000000000000000000000000 
	Parameter pt[DATA_ACCESS_ADDR6] bound to: 36'b000000000000000000000000000000000000 
	Parameter pt[DATA_ACCESS_ADDR7] bound to: 36'b000000000000000000000000000000000000 
	Parameter pt[DATA_ACCESS_ENABLE0] bound to: 5'b00000 
	Parameter pt[DATA_ACCESS_ENABLE1] bound to: 5'b00000 
	Parameter pt[DATA_ACCESS_ENABLE2] bound to: 5'b00000 
	Parameter pt[DATA_ACCESS_ENABLE3] bound to: 5'b00000 
	Parameter pt[DATA_ACCESS_ENABLE4] bound to: 5'b00000 
	Parameter pt[DATA_ACCESS_ENABLE5] bound to: 5'b00000 
	Parameter pt[DATA_ACCESS_ENABLE6] bound to: 5'b00000 
	Parameter pt[DATA_ACCESS_ENABLE7] bound to: 5'b00000 
	Parameter pt[DATA_ACCESS_MASK0] bound to: 36'b000011111111111111111111111111111111 
	Parameter pt[DATA_ACCESS_MASK1] bound to: 36'b000011111111111111111111111111111111 
	Parameter pt[DATA_ACCESS_MASK2] bound to: 36'b000011111111111111111111111111111111 
	Parameter pt[DATA_ACCESS_MASK3] bound to: 36'b000011111111111111111111111111111111 
	Parameter pt[DATA_ACCESS_MASK4] bound to: 36'b000011111111111111111111111111111111 
	Parameter pt[DATA_ACCESS_MASK5] bound to: 36'b000011111111111111111111111111111111 
	Parameter pt[DATA_ACCESS_MASK6] bound to: 36'b000011111111111111111111111111111111 
	Parameter pt[DATA_ACCESS_MASK7] bound to: 36'b000011111111111111111111111111111111 
	Parameter pt[DCCM_BANK_BITS] bound to: 7'b0000010 
	Parameter pt[DCCM_BITS] bound to: 9'b000001110 
	Parameter pt[DCCM_BYTE_WIDTH] bound to: 7'b0000100 
	Parameter pt[DCCM_DATA_WIDTH] bound to: 10'b0000100000 
	Parameter pt[DCCM_ECC_WIDTH] bound to: 7'b0000111 
	Parameter pt[DCCM_ENABLE] bound to: 5'b00001 
	Parameter pt[DCCM_FDATA_WIDTH] bound to: 10'b0000100111 
	Parameter pt[DCCM_INDEX_BITS] bound to: 8'b00001010 
	Parameter pt[DCCM_NUM_BANKS] bound to: 9'b000000100 
	Parameter pt[DCCM_REGION] bound to: 8'b00001111 
	Parameter pt[DCCM_SADR] bound to: 36'b000011110000000001000000000000000000 
	Parameter pt[DCCM_SIZE] bound to: 14'b00000000010000 
	Parameter pt[DCCM_WIDTH_BITS] bound to: 6'b000010 
	Parameter pt[DIV_BIT] bound to: 7'b0000100 
	Parameter pt[DIV_NEW] bound to: 5'b00001 
	Parameter pt[DMA_BUF_DEPTH] bound to: 7'b0000010 
	Parameter pt[DMA_BUS_ID] bound to: 9'b000000001 
	Parameter pt[DMA_BUS_PRTY] bound to: 6'b000010 
	Parameter pt[DMA_BUS_TAG] bound to: 8'b00000001 
	Parameter pt[FAST_INTERRUPT_REDIRECT] bound to: 5'b00000 
	Parameter pt[ICACHE_2BANKS] bound to: 5'b00000 
	Parameter pt[ICACHE_BANK_BITS] bound to: 7'b0000001 
	Parameter pt[ICACHE_BANK_HI] bound to: 7'b0000011 
	Parameter pt[ICACHE_BANK_LO] bound to: 6'b000011 
	Parameter pt[ICACHE_BANK_WIDTH] bound to: 8'b00001000 
	Parameter pt[ICACHE_BANKS_WAY] bound to: 7'b0000010 
	Parameter pt[ICACHE_BEAT_ADDR_HI] bound to: 8'b00000101 
	Parameter pt[ICACHE_BEAT_BITS] bound to: 8'b00000011 
	Parameter pt[ICACHE_BYPASS_ENABLE] bound to: 5'b00001 
	Parameter pt[ICACHE_DATA_DEPTH] bound to: 18'b000000000100000000 
	Parameter pt[ICACHE_DATA_INDEX_LO] bound to: 7'b0000100 
	Parameter pt[ICACHE_DATA_WIDTH] bound to: 11'b00001000000 
	Parameter pt[ICACHE_ECC] bound to: 5'b00000 
	Parameter pt[ICACHE_ENABLE] bound to: 5'b00001 
	Parameter pt[ICACHE_FDATA_WIDTH] bound to: 11'b00001000100 
	Parameter pt[ICACHE_INDEX_HI] bound to: 9'b000001011 
	Parameter pt[ICACHE_LN_SZ] bound to: 11'b00001000000 
	Parameter pt[ICACHE_NUM_BEATS] bound to: 8'b00001000 
	Parameter pt[ICACHE_NUM_BYPASS] bound to: 8'b00000010 
	Parameter pt[ICACHE_NUM_BYPASS_WIDTH] bound to: 8'b00000010 
	Parameter pt[ICACHE_NUM_WAYS] bound to: 7'b0000010 
	Parameter pt[ICACHE_ONLY] bound to: 5'b00000 
	Parameter pt[ICACHE_SCND_LAST] bound to: 8'b00000110 
	Parameter pt[ICACHE_SIZE] bound to: 13'b0000000001000 
	Parameter pt[ICACHE_STATUS_BITS] bound to: 7'b0000001 
	Parameter pt[ICACHE_TAG_BYPASS_ENABLE] bound to: 5'b00001 
	Parameter pt[ICACHE_TAG_DEPTH] bound to: 17'b00000000001000000 
	Parameter pt[ICACHE_TAG_INDEX_LO] bound to: 7'b0000110 
	Parameter pt[ICACHE_TAG_LO] bound to: 9'b000001100 
	Parameter pt[ICACHE_TAG_NUM_BYPASS] bound to: 8'b00000010 
	Parameter pt[ICACHE_TAG_NUM_BYPASS_WIDTH] bound to: 8'b00000010 
	Parameter pt[ICACHE_WAYPACK] bound to: 5'b00001 
	Parameter pt[ICCM_BANK_BITS] bound to: 7'b0000010 
	Parameter pt[ICCM_BANK_HI] bound to: 9'b000000011 
	Parameter pt[ICCM_BANK_INDEX_LO] bound to: 9'b000000100 
	Parameter pt[ICCM_BITS] bound to: 9'b000001100 
	Parameter pt[ICCM_ENABLE] bound to: 5'b00001 
	Parameter pt[ICCM_ICACHE] bound to: 5'b00001 
	Parameter pt[ICCM_INDEX_BITS] bound to: 8'b00001000 
	Parameter pt[ICCM_NUM_BANKS] bound to: 9'b000000100 
	Parameter pt[ICCM_ONLY] bound to: 5'b00000 
	Parameter pt[ICCM_REGION] bound to: 8'b00001010 
	Parameter pt[ICCM_SADR] bound to: 36'b000010101111111111111111000000000000 
	Parameter pt[ICCM_SIZE] bound to: 14'b00000000000100 
	Parameter pt[IFU_BUS_ID] bound to: 5'b00001 
	Parameter pt[IFU_BUS_PRTY] bound to: 6'b000010 
	Parameter pt[IFU_BUS_TAG] bound to: 8'b00000011 
	Parameter pt[INST_ACCESS_ADDR0] bound to: 36'b000000000000000000000000000000000000 
	Parameter pt[INST_ACCESS_ADDR1] bound to: 36'b000000000000000000000000000000000000 
	Parameter pt[INST_ACCESS_ADDR2] bound to: 36'b000000000000000000000000000000000000 
	Parameter pt[INST_ACCESS_ADDR3] bound to: 36'b000000000000000000000000000000000000 
	Parameter pt[INST_ACCESS_ADDR4] bound to: 36'b000000000000000000000000000000000000 
	Parameter pt[INST_ACCESS_ADDR5] bound to: 36'b000000000000000000000000000000000000 
	Parameter pt[INST_ACCESS_ADDR6] bound to: 36'b000000000000000000000000000000000000 
	Parameter pt[INST_ACCESS_ADDR7] bound to: 36'b000000000000000000000000000000000000 
	Parameter pt[INST_ACCESS_ENABLE0] bound to: 5'b00000 
	Parameter pt[INST_ACCESS_ENABLE1] bound to: 5'b00000 
	Parameter pt[INST_ACCESS_ENABLE2] bound to: 5'b00000 
	Parameter pt[INST_ACCESS_ENABLE3] bound to: 5'b00000 
	Parameter pt[INST_ACCESS_ENABLE4] bound to: 5'b00000 
	Parameter pt[INST_ACCESS_ENABLE5] bound to: 5'b00000 
	Parameter pt[INST_ACCESS_ENABLE6] bound to: 5'b00000 
	Parameter pt[INST_ACCESS_ENABLE7] bound to: 5'b00000 
	Parameter pt[INST_ACCESS_MASK0] bound to: 36'b000011111111111111111111111111111111 
	Parameter pt[INST_ACCESS_MASK1] bound to: 36'b000011111111111111111111111111111111 
	Parameter pt[INST_ACCESS_MASK2] bound to: 36'b000011111111111111111111111111111111 
	Parameter pt[INST_ACCESS_MASK3] bound to: 36'b000011111111111111111111111111111111 
	Parameter pt[INST_ACCESS_MASK4] bound to: 36'b000011111111111111111111111111111111 
	Parameter pt[INST_ACCESS_MASK5] bound to: 36'b000011111111111111111111111111111111 
	Parameter pt[INST_ACCESS_MASK6] bound to: 36'b000011111111111111111111111111111111 
	Parameter pt[INST_ACCESS_MASK7] bound to: 36'b000011111111111111111111111111111111 
	Parameter pt[LOAD_TO_USE_PLUS1] bound to: 5'b00000 
	Parameter pt[LSU2DMA] bound to: 5'b00000 
	Parameter pt[LSU_BUS_ID] bound to: 5'b00001 
	Parameter pt[LSU_BUS_PRTY] bound to: 6'b000010 
	Parameter pt[LSU_BUS_TAG] bound to: 8'b00000011 
	Parameter pt[LSU_NUM_NBLOAD] bound to: 9'b000000100 
	Parameter pt[LSU_NUM_NBLOAD_WIDTH] bound to: 7'b0000010 
	Parameter pt[LSU_SB_BITS] bound to: 9'b000001110 
	Parameter pt[LSU_STBUF_DEPTH] bound to: 8'b00000100 
	Parameter pt[NO_ICCM_NO_ICACHE] bound to: 5'b00000 
	Parameter pt[PIC_2CYCLE] bound to: 5'b00000 
	Parameter pt[PIC_BASE_ADDR] bound to: 36'b000011110000000011000000000000000000 
	Parameter pt[PIC_BITS] bound to: 9'b000001111 
	Parameter pt[PIC_INT_WORDS] bound to: 8'b00000001 
	Parameter pt[PIC_REGION] bound to: 8'b00001111 
	Parameter pt[PIC_SIZE] bound to: 13'b0000000100000 
	Parameter pt[PIC_TOTAL_INT] bound to: 12'b000000001000 
	Parameter pt[PIC_TOTAL_INT_PLUS1] bound to: 13'b0000000001001 
	Parameter pt[RET_STACK_SIZE] bound to: 8'b00000010 
	Parameter pt[SB_BUS_ID] bound to: 5'b00001 
	Parameter pt[SB_BUS_PRTY] bound to: 6'b000010 
	Parameter pt[SB_BUS_TAG] bound to: 8'b00000001 
	Parameter pt[TIMER_LEGAL_EN] bound to: 5'b00001 
	Parameter WIDTH bound to: 28 - type: integer 
	Parameter WIDTH bound to: 28 - type: integer 
	Parameter WIDTH bound to: 28 - type: integer 
	Parameter WIDTH bound to: 136 - type: integer 
	Parameter WIDTH bound to: 136 - type: integer 
	Parameter WIDTH bound to: 136 - type: integer 
	Parameter WIDTH bound to: 10 - type: integer 
	Parameter OVERRIDE bound to: 1 - type: integer 
	Parameter pt[BHT_ADDR_HI] bound to: 8'b00000101 
	Parameter pt[BHT_ADDR_LO] bound to: 6'b000010 
	Parameter pt[BHT_ARRAY_DEPTH] bound to: 15'b000000000010000 
	Parameter pt[BHT_GHR_HASH_1] bound to: 5'b00000 
	Parameter pt[BHT_GHR_SIZE] bound to: 8'b00000100 
	Parameter pt[BHT_SIZE] bound to: 16'b0000000000100000 
	Parameter pt[BITMANIP_ZBA] bound to: 5'b00001 
	Parameter pt[BITMANIP_ZBB] bound to: 5'b00001 
	Parameter pt[BITMANIP_ZBC] bound to: 5'b00001 
	Parameter pt[BITMANIP_ZBE] bound to: 5'b00001 
	Parameter pt[BITMANIP_ZBF] bound to: 5'b00001 
	Parameter pt[BITMANIP_ZBP] bound to: 5'b00001 
	Parameter pt[BITMANIP_ZBR] bound to: 5'b00001 
	Parameter pt[BITMANIP_ZBS] bound to: 5'b00001 
	Parameter pt[BTB_ADDR_HI] bound to: 9'b000000101 
	Parameter pt[BTB_ADDR_LO] bound to: 6'b000010 
	Parameter pt[BTB_ARRAY_DEPTH] bound to: 13'b0000000000000 
	Parameter pt[BTB_BTAG_FOLD] bound to: 5'b00000 
	Parameter pt[BTB_BTAG_SIZE] bound to: 9'b000011111 
	Parameter pt[BTB_ENABLE] bound to: 5'b00001 
	Parameter pt[BTB_FOLD2_INDEX_HASH] bound to: 5'b00000 
	Parameter pt[BTB_FULLYA] bound to: 5'b00001 
	Parameter pt[BTB_INDEX1_HI] bound to: 9'b000000101 
	Parameter pt[BTB_INDEX1_LO] bound to: 9'b000000010 
	Parameter pt[BTB_INDEX2_HI] bound to: 9'b000001000 
	Parameter pt[BTB_INDEX2_LO] bound to: 9'b000000110 
	Parameter pt[BTB_INDEX3_HI] bound to: 9'b000001011 
	Parameter pt[BTB_INDEX3_LO] bound to: 9'b000001001 
	Parameter pt[BTB_SIZE] bound to: 14'b00000000001000 
	Parameter pt[BTB_TOFFSET_SIZE] bound to: 9'b000001100 
	Parameter pt[BUILD_AHB_LITE] bound to: 1'b0 
	Parameter pt[BUILD_AXI4] bound to: 5'b00001 
	Parameter pt[BUILD_AXI_NATIVE] bound to: 5'b00001 
	Parameter pt[BUS_PRTY_DEFAULT] bound to: 6'b000011 
	Parameter pt[DATA_ACCESS_ADDR0] bound to: 36'b000000000000000000000000000000000000 
	Parameter pt[DATA_ACCESS_ADDR1] bound to: 36'b000000000000000000000000000000000000 
	Parameter pt[DATA_ACCESS_ADDR2] bound to: 36'b000000000000000000000000000000000000 
	Parameter pt[DATA_ACCESS_ADDR3] bound to: 36'b000000000000000000000000000000000000 
	Parameter pt[DATA_ACCESS_ADDR4] bound to: 36'b000000000000000000000000000000000000 
	Parameter pt[DATA_ACCESS_ADDR5] bound to: 36'b000000000000000000000000000000000000 
	Parameter pt[DATA_ACCESS_ADDR6] bound to: 36'b000000000000000000000000000000000000 
	Parameter pt[DATA_ACCESS_ADDR7] bound to: 36'b000000000000000000000000000000000000 
	Parameter pt[DATA_ACCESS_ENABLE0] bound to: 5'b00000 
	Parameter pt[DATA_ACCESS_ENABLE1] bound to: 5'b00000 
	Parameter pt[DATA_ACCESS_ENABLE2] bound to: 5'b00000 
	Parameter pt[DATA_ACCESS_ENABLE3] bound to: 5'b00000 
	Parameter pt[DATA_ACCESS_ENABLE4] bound to: 5'b00000 
	Parameter pt[DATA_ACCESS_ENABLE5] bound to: 5'b00000 
	Parameter pt[DATA_ACCESS_ENABLE6] bound to: 5'b00000 
	Parameter pt[DATA_ACCESS_ENABLE7] bound to: 5'b00000 
	Parameter pt[DATA_ACCESS_MASK0] bound to: 36'b000011111111111111111111111111111111 
	Parameter pt[DATA_ACCESS_MASK1] bound to: 36'b000011111111111111111111111111111111 
	Parameter pt[DATA_ACCESS_MASK2] bound to: 36'b000011111111111111111111111111111111 
	Parameter pt[DATA_ACCESS_MASK3] bound to: 36'b000011111111111111111111111111111111 
	Parameter pt[DATA_ACCESS_MASK4] bound to: 36'b000011111111111111111111111111111111 
	Parameter pt[DATA_ACCESS_MASK5] bound to: 36'b000011111111111111111111111111111111 
	Parameter pt[DATA_ACCESS_MASK6] bound to: 36'b000011111111111111111111111111111111 
	Parameter pt[DATA_ACCESS_MASK7] bound to: 36'b000011111111111111111111111111111111 
	Parameter pt[DCCM_BANK_BITS] bound to: 7'b0000010 
	Parameter pt[DCCM_BITS] bound to: 9'b000001110 
	Parameter pt[DCCM_BYTE_WIDTH] bound to: 7'b0000100 
	Parameter pt[DCCM_DATA_WIDTH] bound to: 10'b0000100000 
	Parameter pt[DCCM_ECC_WIDTH] bound to: 7'b0000111 
	Parameter pt[DCCM_ENABLE] bound to: 5'b00001 
	Parameter pt[DCCM_FDATA_WIDTH] bound to: 10'b0000100111 
	Parameter pt[DCCM_INDEX_BITS] bound to: 8'b00001010 
	Parameter pt[DCCM_NUM_BANKS] bound to: 9'b000000100 
	Parameter pt[DCCM_REGION] bound to: 8'b00001111 
	Parameter pt[DCCM_SADR] bound to: 36'b000011110000000001000000000000000000 
	Parameter pt[DCCM_SIZE] bound to: 14'b00000000010000 
	Parameter pt[DCCM_WIDTH_BITS] bound to: 6'b000010 
	Parameter pt[DIV_BIT] bound to: 7'b0000100 
	Parameter pt[DIV_NEW] bound to: 5'b00001 
	Parameter pt[DMA_BUF_DEPTH] bound to: 7'b0000010 
	Parameter pt[DMA_BUS_ID] bound to: 9'b000000001 
	Parameter pt[DMA_BUS_PRTY] bound to: 6'b000010 
	Parameter pt[DMA_BUS_TAG] bound to: 8'b00000001 
	Parameter pt[FAST_INTERRUPT_REDIRECT] bound to: 5'b00000 
	Parameter pt[ICACHE_2BANKS] bound to: 5'b00000 
	Parameter pt[ICACHE_BANK_BITS] bound to: 7'b0000001 
	Parameter pt[ICACHE_BANK_HI] bound to: 7'b0000011 
	Parameter pt[ICACHE_BANK_LO] bound to: 6'b000011 
	Parameter pt[ICACHE_BANK_WIDTH] bound to: 8'b00001000 
	Parameter pt[ICACHE_BANKS_WAY] bound to: 7'b0000010 
	Parameter pt[ICACHE_BEAT_ADDR_HI] bound to: 8'b00000101 
	Parameter pt[ICACHE_BEAT_BITS] bound to: 8'b00000011 
	Parameter pt[ICACHE_BYPASS_ENABLE] bound to: 5'b00001 
	Parameter pt[ICACHE_DATA_DEPTH] bound to: 18'b000000000100000000 
	Parameter pt[ICACHE_DATA_INDEX_LO] bound to: 7'b0000100 
	Parameter pt[ICACHE_DATA_WIDTH] bound to: 11'b00001000000 
	Parameter pt[ICACHE_ECC] bound to: 5'b00000 
	Parameter pt[ICACHE_ENABLE] bound to: 5'b00001 
	Parameter pt[ICACHE_FDATA_WIDTH] bound to: 11'b00001000100 
	Parameter pt[ICACHE_INDEX_HI] bound to: 9'b000001011 
	Parameter pt[ICACHE_LN_SZ] bound to: 11'b00001000000 
	Parameter pt[ICACHE_NUM_BEATS] bound to: 8'b00001000 
	Parameter pt[ICACHE_NUM_BYPASS] bound to: 8'b00000010 
	Parameter pt[ICACHE_NUM_BYPASS_WIDTH] bound to: 8'b00000010 
	Parameter pt[ICACHE_NUM_WAYS] bound to: 7'b0000010 
	Parameter pt[ICACHE_ONLY] bound to: 5'b00000 
	Parameter pt[ICACHE_SCND_LAST] bound to: 8'b00000110 
	Parameter pt[ICACHE_SIZE] bound to: 13'b0000000001000 
	Parameter pt[ICACHE_STATUS_BITS] bound to: 7'b0000001 
	Parameter pt[ICACHE_TAG_BYPASS_ENABLE] bound to: 5'b00001 
	Parameter pt[ICACHE_TAG_DEPTH] bound to: 17'b00000000001000000 
	Parameter pt[ICACHE_TAG_INDEX_LO] bound to: 7'b0000110 
	Parameter pt[ICACHE_TAG_LO] bound to: 9'b000001100 
	Parameter pt[ICACHE_TAG_NUM_BYPASS] bound to: 8'b00000010 
	Parameter pt[ICACHE_TAG_NUM_BYPASS_WIDTH] bound to: 8'b00000010 
	Parameter pt[ICACHE_WAYPACK] bound to: 5'b00001 
	Parameter pt[ICCM_BANK_BITS] bound to: 7'b0000010 
	Parameter pt[ICCM_BANK_HI] bound to: 9'b000000011 
	Parameter pt[ICCM_BANK_INDEX_LO] bound to: 9'b000000100 
	Parameter pt[ICCM_BITS] bound to: 9'b000001100 
	Parameter pt[ICCM_ENABLE] bound to: 5'b00001 
	Parameter pt[ICCM_ICACHE] bound to: 5'b00001 
	Parameter pt[ICCM_INDEX_BITS] bound to: 8'b00001000 
	Parameter pt[ICCM_NUM_BANKS] bound to: 9'b000000100 
	Parameter pt[ICCM_ONLY] bound to: 5'b00000 
	Parameter pt[ICCM_REGION] bound to: 8'b00001010 
	Parameter pt[ICCM_SADR] bound to: 36'b000010101111111111111111000000000000 
	Parameter pt[ICCM_SIZE] bound to: 14'b00000000000100 
	Parameter pt[IFU_BUS_ID] bound to: 5'b00001 
	Parameter pt[IFU_BUS_PRTY] bound to: 6'b000010 
	Parameter pt[IFU_BUS_TAG] bound to: 8'b00000011 
	Parameter pt[INST_ACCESS_ADDR0] bound to: 36'b000000000000000000000000000000000000 
	Parameter pt[INST_ACCESS_ADDR1] bound to: 36'b000000000000000000000000000000000000 
	Parameter pt[INST_ACCESS_ADDR2] bound to: 36'b000000000000000000000000000000000000 
	Parameter pt[INST_ACCESS_ADDR3] bound to: 36'b000000000000000000000000000000000000 
	Parameter pt[INST_ACCESS_ADDR4] bound to: 36'b000000000000000000000000000000000000 
	Parameter pt[INST_ACCESS_ADDR5] bound to: 36'b000000000000000000000000000000000000 
	Parameter pt[INST_ACCESS_ADDR6] bound to: 36'b000000000000000000000000000000000000 
	Parameter pt[INST_ACCESS_ADDR7] bound to: 36'b000000000000000000000000000000000000 
	Parameter pt[INST_ACCESS_ENABLE0] bound to: 5'b00000 
	Parameter pt[INST_ACCESS_ENABLE1] bound to: 5'b00000 
	Parameter pt[INST_ACCESS_ENABLE2] bound to: 5'b00000 
	Parameter pt[INST_ACCESS_ENABLE3] bound to: 5'b00000 
	Parameter pt[INST_ACCESS_ENABLE4] bound to: 5'b00000 
	Parameter pt[INST_ACCESS_ENABLE5] bound to: 5'b00000 
	Parameter pt[INST_ACCESS_ENABLE6] bound to: 5'b00000 
	Parameter pt[INST_ACCESS_ENABLE7] bound to: 5'b00000 
	Parameter pt[INST_ACCESS_MASK0] bound to: 36'b000011111111111111111111111111111111 
	Parameter pt[INST_ACCESS_MASK1] bound to: 36'b000011111111111111111111111111111111 
	Parameter pt[INST_ACCESS_MASK2] bound to: 36'b000011111111111111111111111111111111 
	Parameter pt[INST_ACCESS_MASK3] bound to: 36'b000011111111111111111111111111111111 
	Parameter pt[INST_ACCESS_MASK4] bound to: 36'b000011111111111111111111111111111111 
	Parameter pt[INST_ACCESS_MASK5] bound to: 36'b000011111111111111111111111111111111 
	Parameter pt[INST_ACCESS_MASK6] bound to: 36'b000011111111111111111111111111111111 
	Parameter pt[INST_ACCESS_MASK7] bound to: 36'b000011111111111111111111111111111111 
	Parameter pt[LOAD_TO_USE_PLUS1] bound to: 5'b00000 
	Parameter pt[LSU2DMA] bound to: 5'b00000 
	Parameter pt[LSU_BUS_ID] bound to: 5'b00001 
	Parameter pt[LSU_BUS_PRTY] bound to: 6'b000010 
	Parameter pt[LSU_BUS_TAG] bound to: 8'b00000011 
	Parameter pt[LSU_NUM_NBLOAD] bound to: 9'b000000100 
	Parameter pt[LSU_NUM_NBLOAD_WIDTH] bound to: 7'b0000010 
	Parameter pt[LSU_SB_BITS] bound to: 9'b000001110 
	Parameter pt[LSU_STBUF_DEPTH] bound to: 8'b00000100 
	Parameter pt[NO_ICCM_NO_ICACHE] bound to: 5'b00000 
	Parameter pt[PIC_2CYCLE] bound to: 5'b00000 
	Parameter pt[PIC_BASE_ADDR] bound to: 36'b000011110000000011000000000000000000 
	Parameter pt[PIC_BITS] bound to: 9'b000001111 
	Parameter pt[PIC_INT_WORDS] bound to: 8'b00000001 
	Parameter pt[PIC_REGION] bound to: 8'b00001111 
	Parameter pt[PIC_SIZE] bound to: 13'b0000000100000 
	Parameter pt[PIC_TOTAL_INT] bound to: 12'b000000001000 
	Parameter pt[PIC_TOTAL_INT_PLUS1] bound to: 13'b0000000001001 
	Parameter pt[RET_STACK_SIZE] bound to: 8'b00000010 
	Parameter pt[SB_BUS_ID] bound to: 5'b00001 
	Parameter pt[SB_BUS_PRTY] bound to: 6'b000010 
	Parameter pt[SB_BUS_TAG] bound to: 8'b00000001 
	Parameter pt[TIMER_LEGAL_EN] bound to: 5'b00001 
	Parameter WIDTH bound to: 10 - type: integer 
	Parameter WIDTH bound to: 10 - type: integer 
	Parameter WIDTH bound to: 39 - type: integer 
	Parameter WIDTH bound to: 39 - type: integer 
	Parameter WIDTH bound to: 9'b000000011 
	Parameter WIDTH bound to: 9'b000000011 
WARNING: [Synth 8-689] width (64) of port connection 'trace_rv_i_address_ip' does not match port width (32) of module 'veer_wrapper_dmi' [/run/media/sackb/Windows-SSD/Users/sackb/OneDrive/Desktop/University/Course_Work/2025-2026/Spring_2026/ECE_540/ece540sp26-Final_Project/Hardware/Hardware.srcs/sources_1/imports/vga.srcs/sources_1/imports/src/VeeRwolf/veerwolf_core.v:747]
WARNING: [Synth 8-689] width (3) of port connection 'trace_rv_i_valid_ip' does not match port width (2) of module 'veer_wrapper_dmi' [/run/media/sackb/Windows-SSD/Users/sackb/OneDrive/Desktop/University/Course_Work/2025-2026/Spring_2026/ECE_540/ece540sp26-Final_Project/Hardware/Hardware.srcs/sources_1/imports/vga.srcs/sources_1/imports/src/VeeRwolf/veerwolf_core.v:748]
WARNING: [Synth 8-689] width (4) of port connection 'lsu_axi_awid' does not match port width (3) of module 'veer_wrapper_dmi' [/run/media/sackb/Windows-SSD/Users/sackb/OneDrive/Desktop/University/Course_Work/2025-2026/Spring_2026/ECE_540/ece540sp26-Final_Project/Hardware/Hardware.srcs/sources_1/imports/vga.srcs/sources_1/imports/src/VeeRwolf/veerwolf_core.v:758]
WARNING: [Synth 8-689] width (4) of port connection 'lsu_axi_bid' does not match port width (3) of module 'veer_wrapper_dmi' [/run/media/sackb/Windows-SSD/Users/sackb/OneDrive/Desktop/University/Course_Work/2025-2026/Spring_2026/ECE_540/ece540sp26-Final_Project/Hardware/Hardware.srcs/sources_1/imports/vga.srcs/sources_1/imports/src/VeeRwolf/veerwolf_core.v:778]
WARNING: [Synth 8-689] width (4) of port connection 'lsu_axi_arid' does not match port width (3) of module 'veer_wrapper_dmi' [/run/media/sackb/Windows-SSD/Users/sackb/OneDrive/Desktop/University/Course_Work/2025-2026/Spring_2026/ECE_540/ece540sp26-Final_Project/Hardware/Hardware.srcs/sources_1/imports/vga.srcs/sources_1/imports/src/VeeRwolf/veerwolf_core.v:782]
WARNING: [Synth 8-689] width (4) of port connection 'lsu_axi_rid' does not match port width (3) of module 'veer_wrapper_dmi' [/run/media/sackb/Windows-SSD/Users/sackb/OneDrive/Desktop/University/Course_Work/2025-2026/Spring_2026/ECE_540/ece540sp26-Final_Project/Hardware/Hardware.srcs/sources_1/imports/vga.srcs/sources_1/imports/src/VeeRwolf/veerwolf_core.v:795]
WARNING: [Synth 8-315] illegal expression in output port connection [/run/media/sackb/Windows-SSD/Users/sackb/OneDrive/Desktop/University/Course_Work/2025-2026/Spring_2026/ECE_540/ece540sp26-Final_Project/Hardware/Hardware.srcs/sources_1/new/ethernet_top.sv:264]
WARNING: [Synth 8-7023] instance 'u_ethernet_top' of module 'ethernet_top' has 54 connections declared, but only 44 given [/run/media/sackb/Windows-SSD/Users/sackb/OneDrive/Desktop/University/Course_Work/2025-2026/Spring_2026/ECE_540/ece540sp26-Final_Project/Hardware/Hardware.srcs/sources_1/imports/vga.srcs/sources_1/imports/src/rvfpganexys.sv:400]
WARNING: [Synth 8-6014] Unused sequential element sdram_bankmachine0_cmd_buffer_source_first_reg was removed.  [/run/media/sackb/Windows-SSD/Users/sackb/OneDrive/Desktop/University/Course_Work/2025-2026/Spring_2026/ECE_540/ece540sp26-Final_Project/Hardware/Hardware.srcs/sources_1/imports/vga.srcs/sources_1/imports/src/LiteDRAM/litedram_core.v:14657]
WARNING: [Synth 8-6014] Unused sequential element sdram_bankmachine0_cmd_buffer_source_last_reg was removed.  [/run/media/sackb/Windows-SSD/Users/sackb/OneDrive/Desktop/University/Course_Work/2025-2026/Spring_2026/ECE_540/ece540sp26-Final_Project/Hardware/Hardware.srcs/sources_1/imports/vga.srcs/sources_1/imports/src/LiteDRAM/litedram_core.v:14658]
WARNING: [Synth 8-6014] Unused sequential element sdram_bankmachine1_cmd_buffer_source_first_reg was removed.  [/run/media/sackb/Windows-SSD/Users/sackb/OneDrive/Desktop/University/Course_Work/2025-2026/Spring_2026/ECE_540/ece540sp26-Final_Project/Hardware/Hardware.srcs/sources_1/imports/vga.srcs/sources_1/imports/src/LiteDRAM/litedram_core.v:14703]
WARNING: [Synth 8-6014] Unused sequential element sdram_bankmachine1_cmd_buffer_source_last_reg was removed.  [/run/media/sackb/Windows-SSD/Users/sackb/OneDrive/Desktop/University/Course_Work/2025-2026/Spring_2026/ECE_540/ece540sp26-Final_Project/Hardware/Hardware.srcs/sources_1/imports/vga.srcs/sources_1/imports/src/LiteDRAM/litedram_core.v:14704]
WARNING: [Synth 8-6014] Unused sequential element sdram_bankmachine2_cmd_buffer_source_first_reg was removed.  [/run/media/sackb/Windows-SSD/Users/sackb/OneDrive/Desktop/University/Course_Work/2025-2026/Spring_2026/ECE_540/ece540sp26-Final_Project/Hardware/Hardware.srcs/sources_1/imports/vga.srcs/sources_1/imports/src/LiteDRAM/litedram_core.v:14749]
WARNING: [Synth 8-6014] Unused sequential element sdram_bankmachine2_cmd_buffer_source_last_reg was removed.  [/run/media/sackb/Windows-SSD/Users/sackb/OneDrive/Desktop/University/Course_Work/2025-2026/Spring_2026/ECE_540/ece540sp26-Final_Project/Hardware/Hardware.srcs/sources_1/imports/vga.srcs/sources_1/imports/src/LiteDRAM/litedram_core.v:14750]
WARNING: [Synth 8-6014] Unused sequential element sdram_bankmachine3_cmd_buffer_source_first_reg was removed.  [/run/media/sackb/Windows-SSD/Users/sackb/OneDrive/Desktop/University/Course_Work/2025-2026/Spring_2026/ECE_540/ece540sp26-Final_Project/Hardware/Hardware.srcs/sources_1/imports/vga.srcs/sources_1/imports/src/LiteDRAM/litedram_core.v:14795]
WARNING: [Synth 8-6014] Unused sequential element sdram_bankmachine3_cmd_buffer_source_last_reg was removed.  [/run/media/sackb/Windows-SSD/Users/sackb/OneDrive/Desktop/University/Course_Work/2025-2026/Spring_2026/ECE_540/ece540sp26-Final_Project/Hardware/Hardware.srcs/sources_1/imports/vga.srcs/sources_1/imports/src/LiteDRAM/litedram_core.v:14796]
WARNING: [Synth 8-6014] Unused sequential element sdram_bankmachine4_cmd_buffer_source_first_reg was removed.  [/run/media/sackb/Windows-SSD/Users/sackb/OneDrive/Desktop/University/Course_Work/2025-2026/Spring_2026/ECE_540/ece540sp26-Final_Project/Hardware/Hardware.srcs/sources_1/imports/vga.srcs/sources_1/imports/src/LiteDRAM/litedram_core.v:14841]
WARNING: [Synth 8-6014] Unused sequential element sdram_bankmachine4_cmd_buffer_source_last_reg was removed.  [/run/media/sackb/Windows-SSD/Users/sackb/OneDrive/Desktop/University/Course_Work/2025-2026/Spring_2026/ECE_540/ece540sp26-Final_Project/Hardware/Hardware.srcs/sources_1/imports/vga.srcs/sources_1/imports/src/LiteDRAM/litedram_core.v:14842]
WARNING: [Synth 8-6014] Unused sequential element sdram_bankmachine5_cmd_buffer_source_first_reg was removed.  [/run/media/sackb/Windows-SSD/Users/sackb/OneDrive/Desktop/University/Course_Work/2025-2026/Spring_2026/ECE_540/ece540sp26-Final_Project/Hardware/Hardware.srcs/sources_1/imports/vga.srcs/sources_1/imports/src/LiteDRAM/litedram_core.v:14887]
WARNING: [Synth 8-6014] Unused sequential element sdram_bankmachine5_cmd_buffer_source_last_reg was removed.  [/run/media/sackb/Windows-SSD/Users/sackb/OneDrive/Desktop/University/Course_Work/2025-2026/Spring_2026/ECE_540/ece540sp26-Final_Project/Hardware/Hardware.srcs/sources_1/imports/vga.srcs/sources_1/imports/src/LiteDRAM/litedram_core.v:14888]
WARNING: [Synth 8-6014] Unused sequential element sdram_bankmachine6_cmd_buffer_source_first_reg was removed.  [/run/media/sackb/Windows-SSD/Users/sackb/OneDrive/Desktop/University/Course_Work/2025-2026/Spring_2026/ECE_540/ece540sp26-Final_Project/Hardware/Hardware.srcs/sources_1/imports/vga.srcs/sources_1/imports/src/LiteDRAM/litedram_core.v:14933]
WARNING: [Synth 8-6014] Unused sequential element sdram_bankmachine6_cmd_buffer_source_last_reg was removed.  [/run/media/sackb/Windows-SSD/Users/sackb/OneDrive/Desktop/University/Course_Work/2025-2026/Spring_2026/ECE_540/ece540sp26-Final_Project/Hardware/Hardware.srcs/sources_1/imports/vga.srcs/sources_1/imports/src/LiteDRAM/litedram_core.v:14934]
WARNING: [Synth 8-6014] Unused sequential element sdram_bankmachine7_cmd_buffer_source_first_reg was removed.  [/run/media/sackb/Windows-SSD/Users/sackb/OneDrive/Desktop/University/Course_Work/2025-2026/Spring_2026/ECE_540/ece540sp26-Final_Project/Hardware/Hardware.srcs/sources_1/imports/vga.srcs/sources_1/imports/src/LiteDRAM/litedram_core.v:14979]
WARNING: [Synth 8-6014] Unused sequential element sdram_bankmachine7_cmd_buffer_source_last_reg was removed.  [/run/media/sackb/Windows-SSD/Users/sackb/OneDrive/Desktop/University/Course_Work/2025-2026/Spring_2026/ECE_540/ece540sp26-Final_Project/Hardware/Hardware.srcs/sources_1/imports/vga.srcs/sources_1/imports/src/LiteDRAM/litedram_core.v:14980]
WARNING: [Synth 8-6014] Unused sequential element write_aw_buffer_source_first_reg was removed.  [/run/media/sackb/Windows-SSD/Users/sackb/OneDrive/Desktop/University/Course_Work/2025-2026/Spring_2026/ECE_540/ece540sp26-Final_Project/Hardware/Hardware.srcs/sources_1/imports/vga.srcs/sources_1/imports/src/LiteDRAM/litedram_core.v:15680]
WARNING: [Synth 8-6014] Unused sequential element write_aw_buffer_source_last_reg was removed.  [/run/media/sackb/Windows-SSD/Users/sackb/OneDrive/Desktop/University/Course_Work/2025-2026/Spring_2026/ECE_540/ece540sp26-Final_Project/Hardware/Hardware.srcs/sources_1/imports/vga.srcs/sources_1/imports/src/LiteDRAM/litedram_core.v:15681]
WARNING: [Synth 8-6014] Unused sequential element write_aw_buffer_source_payload_lock_reg was removed.  [/run/media/sackb/Windows-SSD/Users/sackb/OneDrive/Desktop/University/Course_Work/2025-2026/Spring_2026/ECE_540/ece540sp26-Final_Project/Hardware/Hardware.srcs/sources_1/imports/vga.srcs/sources_1/imports/src/LiteDRAM/litedram_core.v:15686]
WARNING: [Synth 8-6014] Unused sequential element write_aw_buffer_source_payload_prot_reg was removed.  [/run/media/sackb/Windows-SSD/Users/sackb/OneDrive/Desktop/University/Course_Work/2025-2026/Spring_2026/ECE_540/ece540sp26-Final_Project/Hardware/Hardware.srcs/sources_1/imports/vga.srcs/sources_1/imports/src/LiteDRAM/litedram_core.v:15687]
WARNING: [Synth 8-6014] Unused sequential element write_aw_buffer_source_payload_cache_reg was removed.  [/run/media/sackb/Windows-SSD/Users/sackb/OneDrive/Desktop/University/Course_Work/2025-2026/Spring_2026/ECE_540/ece540sp26-Final_Project/Hardware/Hardware.srcs/sources_1/imports/vga.srcs/sources_1/imports/src/LiteDRAM/litedram_core.v:15688]
WARNING: [Synth 8-6014] Unused sequential element write_aw_buffer_source_payload_qos_reg was removed.  [/run/media/sackb/Windows-SSD/Users/sackb/OneDrive/Desktop/University/Course_Work/2025-2026/Spring_2026/ECE_540/ece540sp26-Final_Project/Hardware/Hardware.srcs/sources_1/imports/vga.srcs/sources_1/imports/src/LiteDRAM/litedram_core.v:15689]
WARNING: [Synth 8-6014] Unused sequential element read_ar_buffer_source_first_reg was removed.  [/run/media/sackb/Windows-SSD/Users/sackb/OneDrive/Desktop/University/Course_Work/2025-2026/Spring_2026/ECE_540/ece540sp26-Final_Project/Hardware/Hardware.srcs/sources_1/imports/vga.srcs/sources_1/imports/src/LiteDRAM/litedram_core.v:15771]
WARNING: [Synth 8-6014] Unused sequential element read_ar_buffer_source_last_reg was removed.  [/run/media/sackb/Windows-SSD/Users/sackb/OneDrive/Desktop/University/Course_Work/2025-2026/Spring_2026/ECE_540/ece540sp26-Final_Project/Hardware/Hardware.srcs/sources_1/imports/vga.srcs/sources_1/imports/src/LiteDRAM/litedram_core.v:15772]
WARNING: [Synth 8-6014] Unused sequential element read_ar_buffer_source_payload_lock_reg was removed.  [/run/media/sackb/Windows-SSD/Users/sackb/OneDrive/Desktop/University/Course_Work/2025-2026/Spring_2026/ECE_540/ece540sp26-Final_Project/Hardware/Hardware.srcs/sources_1/imports/vga.srcs/sources_1/imports/src/LiteDRAM/litedram_core.v:15777]
WARNING: [Synth 8-6014] Unused sequential element read_ar_buffer_source_payload_prot_reg was removed.  [/run/media/sackb/Windows-SSD/Users/sackb/OneDrive/Desktop/University/Course_Work/2025-2026/Spring_2026/ECE_540/ece540sp26-Final_Project/Hardware/Hardware.srcs/sources_1/imports/vga.srcs/sources_1/imports/src/LiteDRAM/litedram_core.v:15778]
WARNING: [Synth 8-6014] Unused sequential element read_ar_buffer_source_payload_cache_reg was removed.  [/run/media/sackb/Windows-SSD/Users/sackb/OneDrive/Desktop/University/Course_Work/2025-2026/Spring_2026/ECE_540/ece540sp26-Final_Project/Hardware/Hardware.srcs/sources_1/imports/vga.srcs/sources_1/imports/src/LiteDRAM/litedram_core.v:15779]
WARNING: [Synth 8-6014] Unused sequential element read_ar_buffer_source_payload_qos_reg was removed.  [/run/media/sackb/Windows-SSD/Users/sackb/OneDrive/Desktop/University/Course_Work/2025-2026/Spring_2026/ECE_540/ece540sp26-Final_Project/Hardware/Hardware.srcs/sources_1/imports/vga.srcs/sources_1/imports/src/LiteDRAM/litedram_core.v:15780]
WARNING: [Synth 8-6014] Unused sequential element soccontroller_scratch_re_reg was removed.  [/run/media/sackb/Windows-SSD/Users/sackb/OneDrive/Desktop/University/Course_Work/2025-2026/Spring_2026/ECE_540/ece540sp26-Final_Project/Hardware/Hardware.srcs/sources_1/imports/vga.srcs/sources_1/imports/src/LiteDRAM/litedram_core.v:15932]
WARNING: [Synth 8-6014] Unused sequential element soccontroller_bus_errors_re_reg was removed.  [/run/media/sackb/Windows-SSD/Users/sackb/OneDrive/Desktop/University/Course_Work/2025-2026/Spring_2026/ECE_540/ece540sp26-Final_Project/Hardware/Hardware.srcs/sources_1/imports/vga.srcs/sources_1/imports/src/LiteDRAM/litedram_core.v:15933]
WARNING: [Synth 8-6014] Unused sequential element init_done_re_reg was removed.  [/run/media/sackb/Windows-SSD/Users/sackb/OneDrive/Desktop/University/Course_Work/2025-2026/Spring_2026/ECE_540/ece540sp26-Final_Project/Hardware/Hardware.srcs/sources_1/imports/vga.srcs/sources_1/imports/src/LiteDRAM/litedram_core.v:15948]
WARNING: [Synth 8-6014] Unused sequential element init_error_re_reg was removed.  [/run/media/sackb/Windows-SSD/Users/sackb/OneDrive/Desktop/University/Course_Work/2025-2026/Spring_2026/ECE_540/ece540sp26-Final_Project/Hardware/Hardware.srcs/sources_1/imports/vga.srcs/sources_1/imports/src/LiteDRAM/litedram_core.v:15952]
WARNING: [Synth 8-6014] Unused sequential element a7ddrphy_rst_re_reg was removed.  [/run/media/sackb/Windows-SSD/Users/sackb/OneDrive/Desktop/University/Course_Work/2025-2026/Spring_2026/ECE_540/ece540sp26-Final_Project/Hardware/Hardware.srcs/sources_1/imports/vga.srcs/sources_1/imports/src/LiteDRAM/litedram_core.v:16000]
WARNING: [Synth 8-6014] Unused sequential element a7ddrphy_half_sys8x_taps_re_reg was removed.  [/run/media/sackb/Windows-SSD/Users/sackb/OneDrive/Desktop/University/Course_Work/2025-2026/Spring_2026/ECE_540/ece540sp26-Final_Project/Hardware/Hardware.srcs/sources_1/imports/vga.srcs/sources_1/imports/src/LiteDRAM/litedram_core.v:16004]
WARNING: [Synth 8-6014] Unused sequential element a7ddrphy_wlevel_en_re_reg was removed.  [/run/media/sackb/Windows-SSD/Users/sackb/OneDrive/Desktop/University/Course_Work/2025-2026/Spring_2026/ECE_540/ece540sp26-Final_Project/Hardware/Hardware.srcs/sources_1/imports/vga.srcs/sources_1/imports/src/LiteDRAM/litedram_core.v:16008]
WARNING: [Synth 8-6014] Unused sequential element a7ddrphy_dly_sel_re_reg was removed.  [/run/media/sackb/Windows-SSD/Users/sackb/OneDrive/Desktop/University/Course_Work/2025-2026/Spring_2026/ECE_540/ece540sp26-Final_Project/Hardware/Hardware.srcs/sources_1/imports/vga.srcs/sources_1/imports/src/LiteDRAM/litedram_core.v:16012]
WARNING: [Synth 8-6014] Unused sequential element a7ddrphy_rdphase_re_reg was removed.  [/run/media/sackb/Windows-SSD/Users/sackb/OneDrive/Desktop/University/Course_Work/2025-2026/Spring_2026/ECE_540/ece540sp26-Final_Project/Hardware/Hardware.srcs/sources_1/imports/vga.srcs/sources_1/imports/src/LiteDRAM/litedram_core.v:16016]
WARNING: [Synth 8-6014] Unused sequential element a7ddrphy_wrphase_re_reg was removed.  [/run/media/sackb/Windows-SSD/Users/sackb/OneDrive/Desktop/University/Course_Work/2025-2026/Spring_2026/ECE_540/ece540sp26-Final_Project/Hardware/Hardware.srcs/sources_1/imports/vga.srcs/sources_1/imports/src/LiteDRAM/litedram_core.v:16020]
WARNING: [Synth 8-6014] Unused sequential element sdram_re_reg was removed.  [/run/media/sackb/Windows-SSD/Users/sackb/OneDrive/Desktop/University/Course_Work/2025-2026/Spring_2026/ECE_540/ece540sp26-Final_Project/Hardware/Hardware.srcs/sources_1/imports/vga.srcs/sources_1/imports/src/LiteDRAM/litedram_core.v:16110]
WARNING: [Synth 8-6014] Unused sequential element sdram_phaseinjector0_command_re_reg was removed.  [/run/media/sackb/Windows-SSD/Users/sackb/OneDrive/Desktop/University/Course_Work/2025-2026/Spring_2026/ECE_540/ece540sp26-Final_Project/Hardware/Hardware.srcs/sources_1/imports/vga.srcs/sources_1/imports/src/LiteDRAM/litedram_core.v:16114]
WARNING: [Synth 8-6014] Unused sequential element sdram_phaseinjector0_address_re_reg was removed.  [/run/media/sackb/Windows-SSD/Users/sackb/OneDrive/Desktop/University/Course_Work/2025-2026/Spring_2026/ECE_540/ece540sp26-Final_Project/Hardware/Hardware.srcs/sources_1/imports/vga.srcs/sources_1/imports/src/LiteDRAM/litedram_core.v:16121]
WARNING: [Synth 8-6014] Unused sequential element sdram_phaseinjector0_baddress_re_reg was removed.  [/run/media/sackb/Windows-SSD/Users/sackb/OneDrive/Desktop/University/Course_Work/2025-2026/Spring_2026/ECE_540/ece540sp26-Final_Project/Hardware/Hardware.srcs/sources_1/imports/vga.srcs/sources_1/imports/src/LiteDRAM/litedram_core.v:16125]
WARNING: [Synth 8-6014] Unused sequential element sdram_phaseinjector0_wrdata_re_reg was removed.  [/run/media/sackb/Windows-SSD/Users/sackb/OneDrive/Desktop/University/Course_Work/2025-2026/Spring_2026/ECE_540/ece540sp26-Final_Project/Hardware/Hardware.srcs/sources_1/imports/vga.srcs/sources_1/imports/src/LiteDRAM/litedram_core.v:16138]
WARNING: [Synth 8-6014] Unused sequential element sdram_phaseinjector0_rddata_re_reg was removed.  [/run/media/sackb/Windows-SSD/Users/sackb/OneDrive/Desktop/University/Course_Work/2025-2026/Spring_2026/ECE_540/ece540sp26-Final_Project/Hardware/Hardware.srcs/sources_1/imports/vga.srcs/sources_1/imports/src/LiteDRAM/litedram_core.v:16139]
WARNING: [Synth 8-6014] Unused sequential element sdram_phaseinjector1_command_re_reg was removed.  [/run/media/sackb/Windows-SSD/Users/sackb/OneDrive/Desktop/University/Course_Work/2025-2026/Spring_2026/ECE_540/ece540sp26-Final_Project/Hardware/Hardware.srcs/sources_1/imports/vga.srcs/sources_1/imports/src/LiteDRAM/litedram_core.v:16143]
WARNING: [Synth 8-6014] Unused sequential element sdram_phaseinjector1_address_re_reg was removed.  [/run/media/sackb/Windows-SSD/Users/sackb/OneDrive/Desktop/University/Course_Work/2025-2026/Spring_2026/ECE_540/ece540sp26-Final_Project/Hardware/Hardware.srcs/sources_1/imports/vga.srcs/sources_1/imports/src/LiteDRAM/litedram_core.v:16150]
WARNING: [Synth 8-6014] Unused sequential element sdram_phaseinjector1_baddress_re_reg was removed.  [/run/media/sackb/Windows-SSD/Users/sackb/OneDrive/Desktop/University/Course_Work/2025-2026/Spring_2026/ECE_540/ece540sp26-Final_Project/Hardware/Hardware.srcs/sources_1/imports/vga.srcs/sources_1/imports/src/LiteDRAM/litedram_core.v:16154]
WARNING: [Synth 8-6014] Unused sequential element sdram_phaseinjector1_wrdata_re_reg was removed.  [/run/media/sackb/Windows-SSD/Users/sackb/OneDrive/Desktop/University/Course_Work/2025-2026/Spring_2026/ECE_540/ece540sp26-Final_Project/Hardware/Hardware.srcs/sources_1/imports/vga.srcs/sources_1/imports/src/LiteDRAM/litedram_core.v:16167]
WARNING: [Synth 8-6014] Unused sequential element sdram_phaseinjector1_rddata_re_reg was removed.  [/run/media/sackb/Windows-SSD/Users/sackb/OneDrive/Desktop/University/Course_Work/2025-2026/Spring_2026/ECE_540/ece540sp26-Final_Project/Hardware/Hardware.srcs/sources_1/imports/vga.srcs/sources_1/imports/src/LiteDRAM/litedram_core.v:16168]
WARNING: [Synth 8-6014] Unused sequential element timer_load_re_reg was removed.  [/run/media/sackb/Windows-SSD/Users/sackb/OneDrive/Desktop/University/Course_Work/2025-2026/Spring_2026/ECE_540/ece540sp26-Final_Project/Hardware/Hardware.srcs/sources_1/imports/vga.srcs/sources_1/imports/src/LiteDRAM/litedram_core.v:16237]
WARNING: [Synth 8-6014] Unused sequential element timer_reload_re_reg was removed.  [/run/media/sackb/Windows-SSD/Users/sackb/OneDrive/Desktop/University/Course_Work/2025-2026/Spring_2026/ECE_540/ece540sp26-Final_Project/Hardware/Hardware.srcs/sources_1/imports/vga.srcs/sources_1/imports/src/LiteDRAM/litedram_core.v:16250]
WARNING: [Synth 8-6014] Unused sequential element timer_en_re_reg was removed.  [/run/media/sackb/Windows-SSD/Users/sackb/OneDrive/Desktop/University/Course_Work/2025-2026/Spring_2026/ECE_540/ece540sp26-Final_Project/Hardware/Hardware.srcs/sources_1/imports/vga.srcs/sources_1/imports/src/LiteDRAM/litedram_core.v:16254]
WARNING: [Synth 8-6014] Unused sequential element timer_value_re_reg was removed.  [/run/media/sackb/Windows-SSD/Users/sackb/OneDrive/Desktop/University/Course_Work/2025-2026/Spring_2026/ECE_540/ece540sp26-Final_Project/Hardware/Hardware.srcs/sources_1/imports/vga.srcs/sources_1/imports/src/LiteDRAM/litedram_core.v:16259]
WARNING: [Synth 8-6014] Unused sequential element timer_status_re_reg was removed.  [/run/media/sackb/Windows-SSD/Users/sackb/OneDrive/Desktop/University/Course_Work/2025-2026/Spring_2026/ECE_540/ece540sp26-Final_Project/Hardware/Hardware.srcs/sources_1/imports/vga.srcs/sources_1/imports/src/LiteDRAM/litedram_core.v:16260]
WARNING: [Synth 8-6014] Unused sequential element timer_enable_re_reg was removed.  [/run/media/sackb/Windows-SSD/Users/sackb/OneDrive/Desktop/University/Course_Work/2025-2026/Spring_2026/ECE_540/ece540sp26-Final_Project/Hardware/Hardware.srcs/sources_1/imports/vga.srcs/sources_1/imports/src/LiteDRAM/litedram_core.v:16268]
WARNING: [Synth 8-6014] Unused sequential element uart_txfull_re_reg was removed.  [/run/media/sackb/Windows-SSD/Users/sackb/OneDrive/Desktop/University/Course_Work/2025-2026/Spring_2026/ECE_540/ece540sp26-Final_Project/Hardware/Hardware.srcs/sources_1/imports/vga.srcs/sources_1/imports/src/LiteDRAM/litedram_core.v:16298]
WARNING: [Synth 8-6014] Unused sequential element uart_rxempty_re_reg was removed.  [/run/media/sackb/Windows-SSD/Users/sackb/OneDrive/Desktop/University/Course_Work/2025-2026/Spring_2026/ECE_540/ece540sp26-Final_Project/Hardware/Hardware.srcs/sources_1/imports/vga.srcs/sources_1/imports/src/LiteDRAM/litedram_core.v:16299]
WARNING: [Synth 8-6014] Unused sequential element uart_status_re_reg was removed.  [/run/media/sackb/Windows-SSD/Users/sackb/OneDrive/Desktop/University/Course_Work/2025-2026/Spring_2026/ECE_540/ece540sp26-Final_Project/Hardware/Hardware.srcs/sources_1/imports/vga.srcs/sources_1/imports/src/LiteDRAM/litedram_core.v:16300]
WARNING: [Synth 8-6014] Unused sequential element uart_enable_re_reg was removed.  [/run/media/sackb/Windows-SSD/Users/sackb/OneDrive/Desktop/University/Course_Work/2025-2026/Spring_2026/ECE_540/ece540sp26-Final_Project/Hardware/Hardware.srcs/sources_1/imports/vga.srcs/sources_1/imports/src/LiteDRAM/litedram_core.v:16308]
WARNING: [Synth 8-6014] Unused sequential element uart_txempty_re_reg was removed.  [/run/media/sackb/Windows-SSD/Users/sackb/OneDrive/Desktop/University/Course_Work/2025-2026/Spring_2026/ECE_540/ece540sp26-Final_Project/Hardware/Hardware.srcs/sources_1/imports/vga.srcs/sources_1/imports/src/LiteDRAM/litedram_core.v:16309]
WARNING: [Synth 8-6014] Unused sequential element uart_rxfull_re_reg was removed.  [/run/media/sackb/Windows-SSD/Users/sackb/OneDrive/Desktop/University/Course_Work/2025-2026/Spring_2026/ECE_540/ece540sp26-Final_Project/Hardware/Hardware.srcs/sources_1/imports/vga.srcs/sources_1/imports/src/LiteDRAM/litedram_core.v:16310]
WARNING: [Synth 8-6014] Unused sequential element uart_phy_re_reg was removed.  [/run/media/sackb/Windows-SSD/Users/sackb/OneDrive/Desktop/University/Course_Work/2025-2026/Spring_2026/ECE_540/ece540sp26-Final_Project/Hardware/Hardware.srcs/sources_1/imports/vga.srcs/sources_1/imports/src/LiteDRAM/litedram_core.v:16340]
WARNING: [Synth 8-6014] Unused sequential element memdat_1_reg was removed.  [/run/media/sackb/Windows-SSD/Users/sackb/OneDrive/Desktop/University/Course_Work/2025-2026/Spring_2026/ECE_540/ece540sp26-Final_Project/Hardware/Hardware.srcs/sources_1/imports/vga.srcs/sources_1/imports/src/LiteDRAM/litedram_core.v:16728]
WARNING: [Synth 8-6014] Unused sequential element memdat_3_reg was removed.  [/run/media/sackb/Windows-SSD/Users/sackb/OneDrive/Desktop/University/Course_Work/2025-2026/Spring_2026/ECE_540/ece540sp26-Final_Project/Hardware/Hardware.srcs/sources_1/imports/vga.srcs/sources_1/imports/src/LiteDRAM/litedram_core.v:16745]
WARNING: [Synth 8-6014] Unused sequential element memdat_5_reg was removed.  [/run/media/sackb/Windows-SSD/Users/sackb/OneDrive/Desktop/University/Course_Work/2025-2026/Spring_2026/ECE_540/ece540sp26-Final_Project/Hardware/Hardware.srcs/sources_1/imports/vga.srcs/sources_1/imports/src/LiteDRAM/litedram_core.v:18646]
WARNING: [Synth 8-6014] Unused sequential element memdat_6_reg was removed.  [/run/media/sackb/Windows-SSD/Users/sackb/OneDrive/Desktop/University/Course_Work/2025-2026/Spring_2026/ECE_540/ece540sp26-Final_Project/Hardware/Hardware.srcs/sources_1/imports/vga.srcs/sources_1/imports/src/LiteDRAM/litedram_core.v:18660]
WARNING: [Synth 8-6014] Unused sequential element memdat_7_reg was removed.  [/run/media/sackb/Windows-SSD/Users/sackb/OneDrive/Desktop/University/Course_Work/2025-2026/Spring_2026/ECE_540/ece540sp26-Final_Project/Hardware/Hardware.srcs/sources_1/imports/vga.srcs/sources_1/imports/src/LiteDRAM/litedram_core.v:18674]
WARNING: [Synth 8-6014] Unused sequential element memdat_8_reg was removed.  [/run/media/sackb/Windows-SSD/Users/sackb/OneDrive/Desktop/University/Course_Work/2025-2026/Spring_2026/ECE_540/ece540sp26-Final_Project/Hardware/Hardware.srcs/sources_1/imports/vga.srcs/sources_1/imports/src/LiteDRAM/litedram_core.v:18688]
WARNING: [Synth 8-6014] Unused sequential element memdat_9_reg was removed.  [/run/media/sackb/Windows-SSD/Users/sackb/OneDrive/Desktop/University/Course_Work/2025-2026/Spring_2026/ECE_540/ece540sp26-Final_Project/Hardware/Hardware.srcs/sources_1/imports/vga.srcs/sources_1/imports/src/LiteDRAM/litedram_core.v:18702]
WARNING: [Synth 8-6014] Unused sequential element memdat_10_reg was removed.  [/run/media/sackb/Windows-SSD/Users/sackb/OneDrive/Desktop/University/Course_Work/2025-2026/Spring_2026/ECE_540/ece540sp26-Final_Project/Hardware/Hardware.srcs/sources_1/imports/vga.srcs/sources_1/imports/src/LiteDRAM/litedram_core.v:18716]
WARNING: [Synth 8-6014] Unused sequential element memdat_11_reg was removed.  [/run/media/sackb/Windows-SSD/Users/sackb/OneDrive/Desktop/University/Course_Work/2025-2026/Spring_2026/ECE_540/ece540sp26-Final_Project/Hardware/Hardware.srcs/sources_1/imports/vga.srcs/sources_1/imports/src/LiteDRAM/litedram_core.v:18730]
WARNING: [Synth 8-6014] Unused sequential element memdat_12_reg was removed.  [/run/media/sackb/Windows-SSD/Users/sackb/OneDrive/Desktop/University/Course_Work/2025-2026/Spring_2026/ECE_540/ece540sp26-Final_Project/Hardware/Hardware.srcs/sources_1/imports/vga.srcs/sources_1/imports/src/LiteDRAM/litedram_core.v:18744]
WARNING: [Synth 8-6014] Unused sequential element memdat_13_reg was removed.  [/run/media/sackb/Windows-SSD/Users/sackb/OneDrive/Desktop/University/Course_Work/2025-2026/Spring_2026/ECE_540/ece540sp26-Final_Project/Hardware/Hardware.srcs/sources_1/imports/vga.srcs/sources_1/imports/src/LiteDRAM/litedram_core.v:18769]
WARNING: [Synth 8-6014] Unused sequential element memdat_15_reg was removed.  [/run/media/sackb/Windows-SSD/Users/sackb/OneDrive/Desktop/University/Course_Work/2025-2026/Spring_2026/ECE_540/ece540sp26-Final_Project/Hardware/Hardware.srcs/sources_1/imports/vga.srcs/sources_1/imports/src/LiteDRAM/litedram_core.v:18785]
WARNING: [Synth 8-6014] Unused sequential element memdat_16_reg was removed.  [/run/media/sackb/Windows-SSD/Users/sackb/OneDrive/Desktop/University/Course_Work/2025-2026/Spring_2026/ECE_540/ece540sp26-Final_Project/Hardware/Hardware.srcs/sources_1/imports/vga.srcs/sources_1/imports/src/LiteDRAM/litedram_core.v:18799]
WARNING: [Synth 8-6014] Unused sequential element memdat_17_reg was removed.  [/run/media/sackb/Windows-SSD/Users/sackb/OneDrive/Desktop/University/Course_Work/2025-2026/Spring_2026/ECE_540/ece540sp26-Final_Project/Hardware/Hardware.srcs/sources_1/imports/vga.srcs/sources_1/imports/src/LiteDRAM/litedram_core.v:18814]
WARNING: [Synth 8-6014] Unused sequential element memdat_19_reg was removed.  [/run/media/sackb/Windows-SSD/Users/sackb/OneDrive/Desktop/University/Course_Work/2025-2026/Spring_2026/ECE_540/ece540sp26-Final_Project/Hardware/Hardware.srcs/sources_1/imports/vga.srcs/sources_1/imports/src/LiteDRAM/litedram_core.v:18830]
WARNING: [Synth 8-6014] Unused sequential element memadr_3_reg was removed.  [/run/media/sackb/Windows-SSD/Users/sackb/OneDrive/Desktop/University/Course_Work/2025-2026/Spring_2026/ECE_540/ece540sp26-Final_Project/Hardware/Hardware.srcs/sources_1/imports/vga.srcs/sources_1/imports/src/LiteDRAM/litedram_core.v:18947]
WARNING: [Synth 8-6014] Unused sequential element memadr_4_reg was removed.  [/run/media/sackb/Windows-SSD/Users/sackb/OneDrive/Desktop/University/Course_Work/2025-2026/Spring_2026/ECE_540/ece540sp26-Final_Project/Hardware/Hardware.srcs/sources_1/imports/vga.srcs/sources_1/imports/src/LiteDRAM/litedram_core.v:18957]
WARNING: [Synth 8-6014] Unused sequential element memadr_5_reg was removed.  [/run/media/sackb/Windows-SSD/Users/sackb/OneDrive/Desktop/University/Course_Work/2025-2026/Spring_2026/ECE_540/ece540sp26-Final_Project/Hardware/Hardware.srcs/sources_1/imports/vga.srcs/sources_1/imports/src/LiteDRAM/litedram_core.v:18967]
WARNING: [Synth 8-6014] Unused sequential element memadr_6_reg was removed.  [/run/media/sackb/Windows-SSD/Users/sackb/OneDrive/Desktop/University/Course_Work/2025-2026/Spring_2026/ECE_540/ece540sp26-Final_Project/Hardware/Hardware.srcs/sources_1/imports/vga.srcs/sources_1/imports/src/LiteDRAM/litedram_core.v:18977]
WARNING: [Synth 8-6014] Unused sequential element memadr_7_reg was removed.  [/run/media/sackb/Windows-SSD/Users/sackb/OneDrive/Desktop/University/Course_Work/2025-2026/Spring_2026/ECE_540/ece540sp26-Final_Project/Hardware/Hardware.srcs/sources_1/imports/vga.srcs/sources_1/imports/src/LiteDRAM/litedram_core.v:18987]
WARNING: [Synth 8-6014] Unused sequential element memadr_8_reg was removed.  [/run/media/sackb/Windows-SSD/Users/sackb/OneDrive/Desktop/University/Course_Work/2025-2026/Spring_2026/ECE_540/ece540sp26-Final_Project/Hardware/Hardware.srcs/sources_1/imports/vga.srcs/sources_1/imports/src/LiteDRAM/litedram_core.v:18997]
WARNING: [Synth 8-6014] Unused sequential element memadr_9_reg was removed.  [/run/media/sackb/Windows-SSD/Users/sackb/OneDrive/Desktop/University/Course_Work/2025-2026/Spring_2026/ECE_540/ece540sp26-Final_Project/Hardware/Hardware.srcs/sources_1/imports/vga.srcs/sources_1/imports/src/LiteDRAM/litedram_core.v:19007]
WARNING: [Synth 8-3936] Found unconnected internal register 'a7ddrphy_bitslip142_reg' and it is trimmed from '8' to '4' bits. [/run/media/sackb/Windows-SSD/Users/sackb/OneDrive/Desktop/University/Course_Work/2025-2026/Spring_2026/ECE_540/ece540sp26-Final_Project/Hardware/Hardware.srcs/sources_1/imports/vga.srcs/sources_1/imports/src/LiteDRAM/litedram_core.v:4169]
WARNING: [Synth 8-3936] Found unconnected internal register 'a7ddrphy_bitslip132_reg' and it is trimmed from '8' to '4' bits. [/run/media/sackb/Windows-SSD/Users/sackb/OneDrive/Desktop/University/Course_Work/2025-2026/Spring_2026/ECE_540/ece540sp26-Final_Project/Hardware/Hardware.srcs/sources_1/imports/vga.srcs/sources_1/imports/src/LiteDRAM/litedram_core.v:4097]
WARNING: [Synth 8-3936] Found unconnected internal register 'a7ddrphy_bitslip122_reg' and it is trimmed from '8' to '4' bits. [/run/media/sackb/Windows-SSD/Users/sackb/OneDrive/Desktop/University/Course_Work/2025-2026/Spring_2026/ECE_540/ece540sp26-Final_Project/Hardware/Hardware.srcs/sources_1/imports/vga.srcs/sources_1/imports/src/LiteDRAM/litedram_core.v:4025]
WARNING: [Synth 8-3936] Found unconnected internal register 'a7ddrphy_bitslip112_reg' and it is trimmed from '8' to '4' bits. [/run/media/sackb/Windows-SSD/Users/sackb/OneDrive/Desktop/University/Course_Work/2025-2026/Spring_2026/ECE_540/ece540sp26-Final_Project/Hardware/Hardware.srcs/sources_1/imports/vga.srcs/sources_1/imports/src/LiteDRAM/litedram_core.v:3953]
WARNING: [Synth 8-3936] Found unconnected internal register 'a7ddrphy_bitslip102_reg' and it is trimmed from '8' to '4' bits. [/run/media/sackb/Windows-SSD/Users/sackb/OneDrive/Desktop/University/Course_Work/2025-2026/Spring_2026/ECE_540/ece540sp26-Final_Project/Hardware/Hardware.srcs/sources_1/imports/vga.srcs/sources_1/imports/src/LiteDRAM/litedram_core.v:3881]
WARNING: [Synth 8-3936] Found unconnected internal register 'a7ddrphy_bitslip92_reg' and it is trimmed from '8' to '4' bits. [/run/media/sackb/Windows-SSD/Users/sackb/OneDrive/Desktop/University/Course_Work/2025-2026/Spring_2026/ECE_540/ece540sp26-Final_Project/Hardware/Hardware.srcs/sources_1/imports/vga.srcs/sources_1/imports/src/LiteDRAM/litedram_core.v:3809]
WARNING: [Synth 8-3936] Found unconnected internal register 'a7ddrphy_bitslip82_reg' and it is trimmed from '8' to '4' bits. [/run/media/sackb/Windows-SSD/Users/sackb/OneDrive/Desktop/University/Course_Work/2025-2026/Spring_2026/ECE_540/ece540sp26-Final_Project/Hardware/Hardware.srcs/sources_1/imports/vga.srcs/sources_1/imports/src/LiteDRAM/litedram_core.v:3737]
WARNING: [Synth 8-3936] Found unconnected internal register 'a7ddrphy_bitslip72_reg' and it is trimmed from '8' to '4' bits. [/run/media/sackb/Windows-SSD/Users/sackb/OneDrive/Desktop/University/Course_Work/2025-2026/Spring_2026/ECE_540/ece540sp26-Final_Project/Hardware/Hardware.srcs/sources_1/imports/vga.srcs/sources_1/imports/src/LiteDRAM/litedram_core.v:3665]
WARNING: [Synth 8-3936] Found unconnected internal register 'a7ddrphy_bitslip62_reg' and it is trimmed from '8' to '4' bits. [/run/media/sackb/Windows-SSD/Users/sackb/OneDrive/Desktop/University/Course_Work/2025-2026/Spring_2026/ECE_540/ece540sp26-Final_Project/Hardware/Hardware.srcs/sources_1/imports/vga.srcs/sources_1/imports/src/LiteDRAM/litedram_core.v:3593]
WARNING: [Synth 8-3936] Found unconnected internal register 'a7ddrphy_bitslip52_reg' and it is trimmed from '8' to '4' bits. [/run/media/sackb/Windows-SSD/Users/sackb/OneDrive/Desktop/University/Course_Work/2025-2026/Spring_2026/ECE_540/ece540sp26-Final_Project/Hardware/Hardware.srcs/sources_1/imports/vga.srcs/sources_1/imports/src/LiteDRAM/litedram_core.v:3521]
WARNING: [Synth 8-3936] Found unconnected internal register 'a7ddrphy_bitslip42_reg' and it is trimmed from '8' to '4' bits. [/run/media/sackb/Windows-SSD/Users/sackb/OneDrive/Desktop/University/Course_Work/2025-2026/Spring_2026/ECE_540/ece540sp26-Final_Project/Hardware/Hardware.srcs/sources_1/imports/vga.srcs/sources_1/imports/src/LiteDRAM/litedram_core.v:3449]
WARNING: [Synth 8-3936] Found unconnected internal register 'a7ddrphy_bitslip32_reg' and it is trimmed from '8' to '4' bits. [/run/media/sackb/Windows-SSD/Users/sackb/OneDrive/Desktop/University/Course_Work/2025-2026/Spring_2026/ECE_540/ece540sp26-Final_Project/Hardware/Hardware.srcs/sources_1/imports/vga.srcs/sources_1/imports/src/LiteDRAM/litedram_core.v:3377]
WARNING: [Synth 8-3936] Found unconnected internal register 'a7ddrphy_bitslip22_reg' and it is trimmed from '8' to '4' bits. [/run/media/sackb/Windows-SSD/Users/sackb/OneDrive/Desktop/University/Course_Work/2025-2026/Spring_2026/ECE_540/ece540sp26-Final_Project/Hardware/Hardware.srcs/sources_1/imports/vga.srcs/sources_1/imports/src/LiteDRAM/litedram_core.v:3305]
WARNING: [Synth 8-3936] Found unconnected internal register 'a7ddrphy_bitslip14_reg' and it is trimmed from '8' to '4' bits. [/run/media/sackb/Windows-SSD/Users/sackb/OneDrive/Desktop/University/Course_Work/2025-2026/Spring_2026/ECE_540/ece540sp26-Final_Project/Hardware/Hardware.srcs/sources_1/imports/vga.srcs/sources_1/imports/src/LiteDRAM/litedram_core.v:3233]
WARNING: [Synth 8-3936] Found unconnected internal register 'a7ddrphy_bitslip04_reg' and it is trimmed from '8' to '4' bits. [/run/media/sackb/Windows-SSD/Users/sackb/OneDrive/Desktop/University/Course_Work/2025-2026/Spring_2026/ECE_540/ece540sp26-Final_Project/Hardware/Hardware.srcs/sources_1/imports/vga.srcs/sources_1/imports/src/LiteDRAM/litedram_core.v:3161]
WARNING: [Synth 8-3936] Found unconnected internal register 'a7ddrphy_bitslip152_reg' and it is trimmed from '8' to '4' bits. [/run/media/sackb/Windows-SSD/Users/sackb/OneDrive/Desktop/University/Course_Work/2025-2026/Spring_2026/ECE_540/ece540sp26-Final_Project/Hardware/Hardware.srcs/sources_1/imports/vga.srcs/sources_1/imports/src/LiteDRAM/litedram_core.v:4241]
WARNING: [Synth 8-6014] Unused sequential element sdram_dfi_p1_cs_n_reg was removed.  [/run/media/sackb/Windows-SSD/Users/sackb/OneDrive/Desktop/University/Course_Work/2025-2026/Spring_2026/ECE_540/ece540sp26-Final_Project/Hardware/Hardware.srcs/sources_1/imports/vga.srcs/sources_1/imports/src/LiteDRAM/litedram_core.v:4323]
WARNING: [Synth 8-6014] Unused sequential element memadr_2_reg was removed.  [/run/media/sackb/Windows-SSD/Users/sackb/OneDrive/Desktop/University/Course_Work/2025-2026/Spring_2026/ECE_540/ece540sp26-Final_Project/Hardware/Hardware.srcs/sources_1/imports/vga.srcs/sources_1/imports/src/LiteDRAM/litedram_core.v:18937]
WARNING: [Synth 8-3848] Net masters_req[2][aw][user] in module/entity axi_intercon does not have driver. [/run/media/sackb/Windows-SSD/Users/sackb/OneDrive/Desktop/University/Course_Work/2025-2026/Spring_2026/ECE_540/ece540sp26-Final_Project/Hardware/Hardware.srcs/sources_1/imports/vga.srcs/sources_1/imports/src/VeeRwolf/Interconnect/AxiInterconnect/axi_intercon.sv:276]
WARNING: [Synth 8-3848] Net masters_req[2][w][user] in module/entity axi_intercon does not have driver. [/run/media/sackb/Windows-SSD/Users/sackb/OneDrive/Desktop/University/Course_Work/2025-2026/Spring_2026/ECE_540/ece540sp26-Final_Project/Hardware/Hardware.srcs/sources_1/imports/vga.srcs/sources_1/imports/src/VeeRwolf/Interconnect/AxiInterconnect/axi_intercon.sv:276]
WARNING: [Synth 8-3848] Net masters_req[2][ar][user] in module/entity axi_intercon does not have driver. [/run/media/sackb/Windows-SSD/Users/sackb/OneDrive/Desktop/University/Course_Work/2025-2026/Spring_2026/ECE_540/ece540sp26-Final_Project/Hardware/Hardware.srcs/sources_1/imports/vga.srcs/sources_1/imports/src/VeeRwolf/Interconnect/AxiInterconnect/axi_intercon.sv:276]
WARNING: [Synth 8-3848] Net masters_req[1][aw][user] in module/entity axi_intercon does not have driver. [/run/media/sackb/Windows-SSD/Users/sackb/OneDrive/Desktop/University/Course_Work/2025-2026/Spring_2026/ECE_540/ece540sp26-Final_Project/Hardware/Hardware.srcs/sources_1/imports/vga.srcs/sources_1/imports/src/VeeRwolf/Interconnect/AxiInterconnect/axi_intercon.sv:276]
WARNING: [Synth 8-3848] Net masters_req[1][w][user] in module/entity axi_intercon does not have driver. [/run/media/sackb/Windows-SSD/Users/sackb/OneDrive/Desktop/University/Course_Work/2025-2026/Spring_2026/ECE_540/ece540sp26-Final_Project/Hardware/Hardware.srcs/sources_1/imports/vga.srcs/sources_1/imports/src/VeeRwolf/Interconnect/AxiInterconnect/axi_intercon.sv:276]
WARNING: [Synth 8-3848] Net masters_req[1][ar][user] in module/entity axi_intercon does not have driver. [/run/media/sackb/Windows-SSD/Users/sackb/OneDrive/Desktop/University/Course_Work/2025-2026/Spring_2026/ECE_540/ece540sp26-Final_Project/Hardware/Hardware.srcs/sources_1/imports/vga.srcs/sources_1/imports/src/VeeRwolf/Interconnect/AxiInterconnect/axi_intercon.sv:276]
WARNING: [Synth 8-3848] Net masters_req[0][aw][user] in module/entity axi_intercon does not have driver. [/run/media/sackb/Windows-SSD/Users/sackb/OneDrive/Desktop/University/Course_Work/2025-2026/Spring_2026/ECE_540/ece540sp26-Final_Project/Hardware/Hardware.srcs/sources_1/imports/vga.srcs/sources_1/imports/src/VeeRwolf/Interconnect/AxiInterconnect/axi_intercon.sv:276]
WARNING: [Synth 8-3848] Net masters_req[0][w][user] in module/entity axi_intercon does not have driver. [/run/media/sackb/Windows-SSD/Users/sackb/OneDrive/Desktop/University/Course_Work/2025-2026/Spring_2026/ECE_540/ece540sp26-Final_Project/Hardware/Hardware.srcs/sources_1/imports/vga.srcs/sources_1/imports/src/VeeRwolf/Interconnect/AxiInterconnect/axi_intercon.sv:276]
WARNING: [Synth 8-3848] Net masters_req[0][ar][user] in module/entity axi_intercon does not have driver. [/run/media/sackb/Windows-SSD/Users/sackb/OneDrive/Desktop/University/Course_Work/2025-2026/Spring_2026/ECE_540/ece540sp26-Final_Project/Hardware/Hardware.srcs/sources_1/imports/vga.srcs/sources_1/imports/src/VeeRwolf/Interconnect/AxiInterconnect/axi_intercon.sv:276]
WARNING: [Synth 8-3848] Net slaves_resp[2][b][user] in module/entity axi_intercon does not have driver. [/run/media/sackb/Windows-SSD/Users/sackb/OneDrive/Desktop/University/Course_Work/2025-2026/Spring_2026/ECE_540/ece540sp26-Final_Project/Hardware/Hardware.srcs/sources_1/imports/vga.srcs/sources_1/imports/src/VeeRwolf/Interconnect/AxiInterconnect/axi_intercon.sv:279]
WARNING: [Synth 8-3848] Net slaves_resp[2][r][user] in module/entity axi_intercon does not have driver. [/run/media/sackb/Windows-SSD/Users/sackb/OneDrive/Desktop/University/Course_Work/2025-2026/Spring_2026/ECE_540/ece540sp26-Final_Project/Hardware/Hardware.srcs/sources_1/imports/vga.srcs/sources_1/imports/src/VeeRwolf/Interconnect/AxiInterconnect/axi_intercon.sv:279]
WARNING: [Synth 8-3848] Net slaves_resp[1][b][user] in module/entity axi_intercon does not have driver. [/run/media/sackb/Windows-SSD/Users/sackb/OneDrive/Desktop/University/Course_Work/2025-2026/Spring_2026/ECE_540/ece540sp26-Final_Project/Hardware/Hardware.srcs/sources_1/imports/vga.srcs/sources_1/imports/src/VeeRwolf/Interconnect/AxiInterconnect/axi_intercon.sv:279]
WARNING: [Synth 8-3848] Net slaves_resp[1][r][user] in module/entity axi_intercon does not have driver. [/run/media/sackb/Windows-SSD/Users/sackb/OneDrive/Desktop/University/Course_Work/2025-2026/Spring_2026/ECE_540/ece540sp26-Final_Project/Hardware/Hardware.srcs/sources_1/imports/vga.srcs/sources_1/imports/src/VeeRwolf/Interconnect/AxiInterconnect/axi_intercon.sv:279]
WARNING: [Synth 8-3848] Net slaves_resp[0][b][user] in module/entity axi_intercon does not have driver. [/run/media/sackb/Windows-SSD/Users/sackb/OneDrive/Desktop/University/Course_Work/2025-2026/Spring_2026/ECE_540/ece540sp26-Final_Project/Hardware/Hardware.srcs/sources_1/imports/vga.srcs/sources_1/imports/src/VeeRwolf/Interconnect/AxiInterconnect/axi_intercon.sv:279]
WARNING: [Synth 8-3848] Net slaves_resp[0][r][user] in module/entity axi_intercon does not have driver. [/run/media/sackb/Windows-SSD/Users/sackb/OneDrive/Desktop/University/Course_Work/2025-2026/Spring_2026/ECE_540/ece540sp26-Final_Project/Hardware/Hardware.srcs/sources_1/imports/vga.srcs/sources_1/imports/src/VeeRwolf/Interconnect/AxiInterconnect/axi_intercon.sv:279]
WARNING: [Synth 8-6014] Unused sequential element aw_req_reg was removed.  [/run/media/sackb/Windows-SSD/Users/sackb/OneDrive/Desktop/University/Course_Work/2025-2026/Spring_2026/ECE_540/ece540sp26-Final_Project/Hardware/Hardware.srcs/sources_1/imports/vga.srcs/sources_1/imports/src/VeeRwolf/Interconnect/AxiToWb/axi2wb.v:130]
WARNING: [Synth 8-6014] Unused sequential element w_req_reg was removed.  [/run/media/sackb/Windows-SSD/Users/sackb/OneDrive/Desktop/University/Course_Work/2025-2026/Spring_2026/ECE_540/ece540sp26-Final_Project/Hardware/Hardware.srcs/sources_1/imports/vga.srcs/sources_1/imports/src/VeeRwolf/Interconnect/AxiToWb/axi2wb.v:131]
WARNING: [Synth 8-6014] Unused sequential element ar_req_reg was removed.  [/run/media/sackb/Windows-SSD/Users/sackb/OneDrive/Desktop/University/Course_Work/2025-2026/Spring_2026/ECE_540/ece540sp26-Final_Project/Hardware/Hardware.srcs/sources_1/imports/vga.srcs/sources_1/imports/src/VeeRwolf/Interconnect/AxiToWb/axi2wb.v:132]
WARNING: [Synth 8-6014] Unused sequential element hi_32b_w_reg was removed.  [/run/media/sackb/Windows-SSD/Users/sackb/OneDrive/Desktop/University/Course_Work/2025-2026/Spring_2026/ECE_540/ece540sp26-Final_Project/Hardware/Hardware.srcs/sources_1/imports/vga.srcs/sources_1/imports/src/VeeRwolf/Interconnect/AxiToWb/axi2wb.v:171]
WARNING: [Synth 8-87] always_comb on 'nextState_reg' did not result in combinational logic [/run/media/sackb/Windows-SSD/Users/sackb/OneDrive/Desktop/University/Course_Work/2025-2026/Spring_2026/ECE_540/ece540sp26-Final_Project/Hardware/Hardware.srcs/sources_1/imports/vga.srcs/sources_1/imports/src/VeeRwolf/Peripherals/pwm/pwm.sv:178]
WARNING: [Synth 8-87] always_comb on 'nextState_reg' did not result in combinational logic [/run/media/sackb/Windows-SSD/Users/sackb/OneDrive/Desktop/University/Course_Work/2025-2026/Spring_2026/ECE_540/ece540sp26-Final_Project/Hardware/Hardware.srcs/sources_1/imports/vga.srcs/sources_1/imports/src/VeeRwolf/Peripherals/vga/vga.sv:111]
WARNING: [Synth 8-3848] Net bht_bank_clk[0] in module/entity el2_ifu_bp_ctl does not have driver. [/run/media/sackb/Windows-SSD/Users/sackb/OneDrive/Desktop/University/Course_Work/2025-2026/Spring_2026/ECE_540/ece540sp26-Final_Project/Hardware/Hardware.srcs/sources_1/imports/vga.srcs/sources_1/imports/src/VeeRwolf/VeeR_EL2CoreComplex/ifu/el2_ifu_bp_ctl.sv:833]
WARNING: [Synth 8-3848] Net bht_bank_clk[1] in module/entity el2_ifu_bp_ctl does not have driver. [/run/media/sackb/Windows-SSD/Users/sackb/OneDrive/Desktop/University/Course_Work/2025-2026/Spring_2026/ECE_540/ece540sp26-Final_Project/Hardware/Hardware.srcs/sources_1/imports/vga.srcs/sources_1/imports/src/VeeRwolf/VeeR_EL2CoreComplex/ifu/el2_ifu_bp_ctl.sv:833]
WARNING: [Synth 8-3936] Found unconnected internal register 'cam_array[3].cam_reg[3][tag]' and it is trimmed from '3' to '2' bits. [/run/media/sackb/Windows-SSD/Users/sackb/OneDrive/Desktop/University/Course_Work/2025-2026/Spring_2026/ECE_540/ece540sp26-Final_Project/Hardware/Hardware.srcs/sources_1/imports/vga.srcs/sources_1/imports/src/VeeRwolf/VeeR_EL2CoreComplex/dec/el2_dec_decode_ctl.sv:688]
WARNING: [Synth 8-3936] Found unconnected internal register 'cam_array[2].cam_reg[2][tag]' and it is trimmed from '3' to '2' bits. [/run/media/sackb/Windows-SSD/Users/sackb/OneDrive/Desktop/University/Course_Work/2025-2026/Spring_2026/ECE_540/ece540sp26-Final_Project/Hardware/Hardware.srcs/sources_1/imports/vga.srcs/sources_1/imports/src/VeeRwolf/VeeR_EL2CoreComplex/dec/el2_dec_decode_ctl.sv:688]
WARNING: [Synth 8-3936] Found unconnected internal register 'cam_array[1].cam_reg[1][tag]' and it is trimmed from '3' to '2' bits. [/run/media/sackb/Windows-SSD/Users/sackb/OneDrive/Desktop/University/Course_Work/2025-2026/Spring_2026/ECE_540/ece540sp26-Final_Project/Hardware/Hardware.srcs/sources_1/imports/vga.srcs/sources_1/imports/src/VeeRwolf/VeeR_EL2CoreComplex/dec/el2_dec_decode_ctl.sv:688]
WARNING: [Synth 8-3936] Found unconnected internal register 'cam_array[0].cam_reg[0][tag]' and it is trimmed from '3' to '2' bits. [/run/media/sackb/Windows-SSD/Users/sackb/OneDrive/Desktop/University/Course_Work/2025-2026/Spring_2026/ECE_540/ece540sp26-Final_Project/Hardware/Hardware.srcs/sources_1/imports/vga.srcs/sources_1/imports/src/VeeRwolf/VeeR_EL2CoreComplex/dec/el2_dec_decode_ctl.sv:688]
WARNING: [Synth 8-3848] Net exu_mp_pkt[br_error] in module/entity el2_exu does not have driver. [/run/media/sackb/Windows-SSD/Users/sackb/OneDrive/Desktop/University/Course_Work/2025-2026/Spring_2026/ECE_540/ece540sp26-Final_Project/Hardware/Hardware.srcs/sources_1/imports/vga.srcs/sources_1/imports/src/VeeRwolf/VeeR_EL2CoreComplex/exu/el2_exu.sv:123]
WARNING: [Synth 8-3848] Net exu_mp_pkt[br_start_error] in module/entity el2_exu does not have driver. [/run/media/sackb/Windows-SSD/Users/sackb/OneDrive/Desktop/University/Course_Work/2025-2026/Spring_2026/ECE_540/ece540sp26-Final_Project/Hardware/Hardware.srcs/sources_1/imports/vga.srcs/sources_1/imports/src/VeeRwolf/VeeR_EL2CoreComplex/exu/el2_exu.sv:123]
WARNING: [Synth 8-3848] Net exu_mp_pkt[prett] in module/entity el2_exu does not have driver. [/run/media/sackb/Windows-SSD/Users/sackb/OneDrive/Desktop/University/Course_Work/2025-2026/Spring_2026/ECE_540/ece540sp26-Final_Project/Hardware/Hardware.srcs/sources_1/imports/vga.srcs/sources_1/imports/src/VeeRwolf/VeeR_EL2CoreComplex/exu/el2_exu.sv:123]
WARNING: [Synth 8-3848] Net dccm_rdata_hi_r in module/entity el2_lsu_dccm_ctl does not have driver. [/run/media/sackb/Windows-SSD/Users/sackb/OneDrive/Desktop/University/Course_Work/2025-2026/Spring_2026/ECE_540/ece540sp26-Final_Project/Hardware/Hardware.srcs/sources_1/imports/vga.srcs/sources_1/imports/src/VeeRwolf/VeeR_EL2CoreComplex/lsu/el2_lsu_dccm_ctl.sv:78]
WARNING: [Synth 8-3848] Net dccm_rdata_lo_r in module/entity el2_lsu_dccm_ctl does not have driver. [/run/media/sackb/Windows-SSD/Users/sackb/OneDrive/Desktop/University/Course_Work/2025-2026/Spring_2026/ECE_540/ece540sp26-Final_Project/Hardware/Hardware.srcs/sources_1/imports/vga.srcs/sources_1/imports/src/VeeRwolf/VeeR_EL2CoreComplex/lsu/el2_lsu_dccm_ctl.sv:79]
WARNING: [Synth 8-3848] Net dccm_data_ecc_hi_r in module/entity el2_lsu_dccm_ctl does not have driver. [/run/media/sackb/Windows-SSD/Users/sackb/OneDrive/Desktop/University/Course_Work/2025-2026/Spring_2026/ECE_540/ece540sp26-Final_Project/Hardware/Hardware.srcs/sources_1/imports/vga.srcs/sources_1/imports/src/VeeRwolf/VeeR_EL2CoreComplex/lsu/el2_lsu_dccm_ctl.sv:80]
WARNING: [Synth 8-3848] Net dccm_data_ecc_lo_r in module/entity el2_lsu_dccm_ctl does not have driver. [/run/media/sackb/Windows-SSD/Users/sackb/OneDrive/Desktop/University/Course_Work/2025-2026/Spring_2026/ECE_540/ece540sp26-Final_Project/Hardware/Hardware.srcs/sources_1/imports/vga.srcs/sources_1/imports/src/VeeRwolf/VeeR_EL2CoreComplex/lsu/el2_lsu_dccm_ctl.sv:81]
WARNING: [Synth 8-3848] Net lsu_ld_data_r in module/entity el2_lsu_dccm_ctl does not have driver. [/run/media/sackb/Windows-SSD/Users/sackb/OneDrive/Desktop/University/Course_Work/2025-2026/Spring_2026/ECE_540/ece540sp26-Final_Project/Hardware/Hardware.srcs/sources_1/imports/vga.srcs/sources_1/imports/src/VeeRwolf/VeeR_EL2CoreComplex/lsu/el2_lsu_dccm_ctl.sv:82]
WARNING: [Synth 8-3936] Found unconnected internal register 'lsu_imprecise_error_store_tag_reg' and it is trimmed from '3' to '2' bits. [/run/media/sackb/Windows-SSD/Users/sackb/OneDrive/Desktop/University/Course_Work/2025-2026/Spring_2026/ECE_540/ece540sp26-Final_Project/Hardware/Hardware.srcs/sources_1/imports/vga.srcs/sources_1/imports/src/VeeRwolf/VeeR_EL2CoreComplex/lsu/el2_lsu_bus_buffer.sv:881]
WARNING: [Synth 8-3848] Net IO_CLK_GRP[0].grp_clk in module/entity el2_pic_ctrl does not have driver. [/run/media/sackb/Windows-SSD/Users/sackb/OneDrive/Desktop/University/Course_Work/2025-2026/Spring_2026/ECE_540/ece540sp26-Final_Project/Hardware/Hardware.srcs/sources_1/imports/vga.srcs/sources_1/imports/src/VeeRwolf/VeeR_EL2CoreComplex/el2_pic_ctrl.sv:225]
WARNING: [Synth 8-3848] Net IO_CLK_GRP[1].grp_clk in module/entity el2_pic_ctrl does not have driver. [/run/media/sackb/Windows-SSD/Users/sackb/OneDrive/Desktop/University/Course_Work/2025-2026/Spring_2026/ECE_540/ece540sp26-Final_Project/Hardware/Hardware.srcs/sources_1/imports/vga.srcs/sources_1/imports/src/VeeRwolf/VeeR_EL2CoreComplex/el2_pic_ctrl.sv:225]
WARNING: [Synth 8-3848] Net IO_CLK_GRP[2].grp_clk in module/entity el2_pic_ctrl does not have driver. [/run/media/sackb/Windows-SSD/Users/sackb/OneDrive/Desktop/University/Course_Work/2025-2026/Spring_2026/ECE_540/ece540sp26-Final_Project/Hardware/Hardware.srcs/sources_1/imports/vga.srcs/sources_1/imports/src/VeeRwolf/VeeR_EL2CoreComplex/el2_pic_ctrl.sv:225]
WARNING: [Synth 8-3848] Net haddr in module/entity el2_veer does not have driver. [/run/media/sackb/Windows-SSD/Users/sackb/OneDrive/Desktop/University/Course_Work/2025-2026/Spring_2026/ECE_540/ece540sp26-Final_Project/Hardware/Hardware.srcs/sources_1/imports/vga.srcs/sources_1/imports/src/VeeRwolf/VeeR_EL2CoreComplex/el2_veer.sv:404]
WARNING: [Synth 8-3848] Net hburst in module/entity el2_veer does not have driver. [/run/media/sackb/Windows-SSD/Users/sackb/OneDrive/Desktop/University/Course_Work/2025-2026/Spring_2026/ECE_540/ece540sp26-Final_Project/Hardware/Hardware.srcs/sources_1/imports/vga.srcs/sources_1/imports/src/VeeRwolf/VeeR_EL2CoreComplex/el2_veer.sv:405]
WARNING: [Synth 8-3848] Net hmastlock in module/entity el2_veer does not have driver. [/run/media/sackb/Windows-SSD/Users/sackb/OneDrive/Desktop/University/Course_Work/2025-2026/Spring_2026/ECE_540/ece540sp26-Final_Project/Hardware/Hardware.srcs/sources_1/imports/vga.srcs/sources_1/imports/src/VeeRwolf/VeeR_EL2CoreComplex/el2_veer.sv:406]
WARNING: [Synth 8-3848] Net hprot in module/entity el2_veer does not have driver. [/run/media/sackb/Windows-SSD/Users/sackb/OneDrive/Desktop/University/Course_Work/2025-2026/Spring_2026/ECE_540/ece540sp26-Final_Project/Hardware/Hardware.srcs/sources_1/imports/vga.srcs/sources_1/imports/src/VeeRwolf/VeeR_EL2CoreComplex/el2_veer.sv:407]
WARNING: [Synth 8-3848] Net hsize in module/entity el2_veer does not have driver. [/run/media/sackb/Windows-SSD/Users/sackb/OneDrive/Desktop/University/Course_Work/2025-2026/Spring_2026/ECE_540/ece540sp26-Final_Project/Hardware/Hardware.srcs/sources_1/imports/vga.srcs/sources_1/imports/src/VeeRwolf/VeeR_EL2CoreComplex/el2_veer.sv:408]
WARNING: [Synth 8-3848] Net htrans in module/entity el2_veer does not have driver. [/run/media/sackb/Windows-SSD/Users/sackb/OneDrive/Desktop/University/Course_Work/2025-2026/Spring_2026/ECE_540/ece540sp26-Final_Project/Hardware/Hardware.srcs/sources_1/imports/vga.srcs/sources_1/imports/src/VeeRwolf/VeeR_EL2CoreComplex/el2_veer.sv:409]
WARNING: [Synth 8-3848] Net hwrite in module/entity el2_veer does not have driver. [/run/media/sackb/Windows-SSD/Users/sackb/OneDrive/Desktop/University/Course_Work/2025-2026/Spring_2026/ECE_540/ece540sp26-Final_Project/Hardware/Hardware.srcs/sources_1/imports/vga.srcs/sources_1/imports/src/VeeRwolf/VeeR_EL2CoreComplex/el2_veer.sv:410]
WARNING: [Synth 8-3848] Net lsu_haddr in module/entity el2_veer does not have driver. [/run/media/sackb/Windows-SSD/Users/sackb/OneDrive/Desktop/University/Course_Work/2025-2026/Spring_2026/ECE_540/ece540sp26-Final_Project/Hardware/Hardware.srcs/sources_1/imports/vga.srcs/sources_1/imports/src/VeeRwolf/VeeR_EL2CoreComplex/el2_veer.sv:417]
WARNING: [Synth 8-3848] Net lsu_hburst in module/entity el2_veer does not have driver. [/run/media/sackb/Windows-SSD/Users/sackb/OneDrive/Desktop/University/Course_Work/2025-2026/Spring_2026/ECE_540/ece540sp26-Final_Project/Hardware/Hardware.srcs/sources_1/imports/vga.srcs/sources_1/imports/src/VeeRwolf/VeeR_EL2CoreComplex/el2_veer.sv:418]
WARNING: [Synth 8-3848] Net lsu_hmastlock in module/entity el2_veer does not have driver. [/run/media/sackb/Windows-SSD/Users/sackb/OneDrive/Desktop/University/Course_Work/2025-2026/Spring_2026/ECE_540/ece540sp26-Final_Project/Hardware/Hardware.srcs/sources_1/imports/vga.srcs/sources_1/imports/src/VeeRwolf/VeeR_EL2CoreComplex/el2_veer.sv:419]
WARNING: [Synth 8-3848] Net lsu_hprot in module/entity el2_veer does not have driver. [/run/media/sackb/Windows-SSD/Users/sackb/OneDrive/Desktop/University/Course_Work/2025-2026/Spring_2026/ECE_540/ece540sp26-Final_Project/Hardware/Hardware.srcs/sources_1/imports/vga.srcs/sources_1/imports/src/VeeRwolf/VeeR_EL2CoreComplex/el2_veer.sv:420]
WARNING: [Synth 8-3848] Net lsu_hsize in module/entity el2_veer does not have driver. [/run/media/sackb/Windows-SSD/Users/sackb/OneDrive/Desktop/University/Course_Work/2025-2026/Spring_2026/ECE_540/ece540sp26-Final_Project/Hardware/Hardware.srcs/sources_1/imports/vga.srcs/sources_1/imports/src/VeeRwolf/VeeR_EL2CoreComplex/el2_veer.sv:421]
WARNING: [Synth 8-3848] Net lsu_htrans in module/entity el2_veer does not have driver. [/run/media/sackb/Windows-SSD/Users/sackb/OneDrive/Desktop/University/Course_Work/2025-2026/Spring_2026/ECE_540/ece540sp26-Final_Project/Hardware/Hardware.srcs/sources_1/imports/vga.srcs/sources_1/imports/src/VeeRwolf/VeeR_EL2CoreComplex/el2_veer.sv:422]
WARNING: [Synth 8-3848] Net lsu_hwrite in module/entity el2_veer does not have driver. [/run/media/sackb/Windows-SSD/Users/sackb/OneDrive/Desktop/University/Course_Work/2025-2026/Spring_2026/ECE_540/ece540sp26-Final_Project/Hardware/Hardware.srcs/sources_1/imports/vga.srcs/sources_1/imports/src/VeeRwolf/VeeR_EL2CoreComplex/el2_veer.sv:423]
WARNING: [Synth 8-3848] Net lsu_hwdata in module/entity el2_veer does not have driver. [/run/media/sackb/Windows-SSD/Users/sackb/OneDrive/Desktop/University/Course_Work/2025-2026/Spring_2026/ECE_540/ece540sp26-Final_Project/Hardware/Hardware.srcs/sources_1/imports/vga.srcs/sources_1/imports/src/VeeRwolf/VeeR_EL2CoreComplex/el2_veer.sv:424]
WARNING: [Synth 8-3848] Net sb_haddr in module/entity el2_veer does not have driver. [/run/media/sackb/Windows-SSD/Users/sackb/OneDrive/Desktop/University/Course_Work/2025-2026/Spring_2026/ECE_540/ece540sp26-Final_Project/Hardware/Hardware.srcs/sources_1/imports/vga.srcs/sources_1/imports/src/VeeRwolf/VeeR_EL2CoreComplex/el2_veer.sv:431]
WARNING: [Synth 8-3848] Net sb_hburst in module/entity el2_veer does not have driver. [/run/media/sackb/Windows-SSD/Users/sackb/OneDrive/Desktop/University/Course_Work/2025-2026/Spring_2026/ECE_540/ece540sp26-Final_Project/Hardware/Hardware.srcs/sources_1/imports/vga.srcs/sources_1/imports/src/VeeRwolf/VeeR_EL2CoreComplex/el2_veer.sv:432]
WARNING: [Synth 8-3848] Net sb_hmastlock in module/entity el2_veer does not have driver. [/run/media/sackb/Windows-SSD/Users/sackb/OneDrive/Desktop/University/Course_Work/2025-2026/Spring_2026/ECE_540/ece540sp26-Final_Project/Hardware/Hardware.srcs/sources_1/imports/vga.srcs/sources_1/imports/src/VeeRwolf/VeeR_EL2CoreComplex/el2_veer.sv:433]
WARNING: [Synth 8-3848] Net sb_hprot in module/entity el2_veer does not have driver. [/run/media/sackb/Windows-SSD/Users/sackb/OneDrive/Desktop/University/Course_Work/2025-2026/Spring_2026/ECE_540/ece540sp26-Final_Project/Hardware/Hardware.srcs/sources_1/imports/vga.srcs/sources_1/imports/src/VeeRwolf/VeeR_EL2CoreComplex/el2_veer.sv:434]
WARNING: [Synth 8-3848] Net sb_hsize in module/entity el2_veer does not have driver. [/run/media/sackb/Windows-SSD/Users/sackb/OneDrive/Desktop/University/Course_Work/2025-2026/Spring_2026/ECE_540/ece540sp26-Final_Project/Hardware/Hardware.srcs/sources_1/imports/vga.srcs/sources_1/imports/src/VeeRwolf/VeeR_EL2CoreComplex/el2_veer.sv:435]
WARNING: [Synth 8-3848] Net sb_htrans in module/entity el2_veer does not have driver. [/run/media/sackb/Windows-SSD/Users/sackb/OneDrive/Desktop/University/Course_Work/2025-2026/Spring_2026/ECE_540/ece540sp26-Final_Project/Hardware/Hardware.srcs/sources_1/imports/vga.srcs/sources_1/imports/src/VeeRwolf/VeeR_EL2CoreComplex/el2_veer.sv:436]
WARNING: [Synth 8-3848] Net sb_hwrite in module/entity el2_veer does not have driver. [/run/media/sackb/Windows-SSD/Users/sackb/OneDrive/Desktop/University/Course_Work/2025-2026/Spring_2026/ECE_540/ece540sp26-Final_Project/Hardware/Hardware.srcs/sources_1/imports/vga.srcs/sources_1/imports/src/VeeRwolf/VeeR_EL2CoreComplex/el2_veer.sv:437]
WARNING: [Synth 8-3848] Net sb_hwdata in module/entity el2_veer does not have driver. [/run/media/sackb/Windows-SSD/Users/sackb/OneDrive/Desktop/University/Course_Work/2025-2026/Spring_2026/ECE_540/ece540sp26-Final_Project/Hardware/Hardware.srcs/sources_1/imports/vga.srcs/sources_1/imports/src/VeeRwolf/VeeR_EL2CoreComplex/el2_veer.sv:438]
WARNING: [Synth 8-3848] Net dma_hrdata in module/entity el2_veer does not have driver. [/run/media/sackb/Windows-SSD/Users/sackb/OneDrive/Desktop/University/Course_Work/2025-2026/Spring_2026/ECE_540/ece540sp26-Final_Project/Hardware/Hardware.srcs/sources_1/imports/vga.srcs/sources_1/imports/src/VeeRwolf/VeeR_EL2CoreComplex/el2_veer.sv:456]
WARNING: [Synth 8-3848] Net dma_hreadyout in module/entity el2_veer does not have driver. [/run/media/sackb/Windows-SSD/Users/sackb/OneDrive/Desktop/University/Course_Work/2025-2026/Spring_2026/ECE_540/ece540sp26-Final_Project/Hardware/Hardware.srcs/sources_1/imports/vga.srcs/sources_1/imports/src/VeeRwolf/VeeR_EL2CoreComplex/el2_veer.sv:457]
WARNING: [Synth 8-3848] Net dma_hresp in module/entity el2_veer does not have driver. [/run/media/sackb/Windows-SSD/Users/sackb/OneDrive/Desktop/University/Course_Work/2025-2026/Spring_2026/ECE_540/ece540sp26-Final_Project/Hardware/Hardware.srcs/sources_1/imports/vga.srcs/sources_1/imports/src/VeeRwolf/VeeR_EL2CoreComplex/el2_veer.sv:458]
WARNING: [Synth 8-3936] Found unconnected internal register 'PACKED_1.ECC0.size_64.WAYS.sel_bypass_data_reg' and it is trimmed from '52' to '44' bits. [/run/media/sackb/Windows-SSD/Users/sackb/OneDrive/Desktop/University/Course_Work/2025-2026/Spring_2026/ECE_540/ece540sp26-Final_Project/Hardware/Hardware.srcs/sources_1/imports/vga.srcs/sources_1/imports/src/VeeRwolf/VeeR_EL2CoreComplex/ifu/el2_ifu_ic_mem.sv:1369]
WARNING: [Synth 8-3936] Found unconnected internal register 'ECC0_MUX.wb_dout_way_pre_reg[1]' and it is trimmed from '142' to '136' bits. [/run/media/sackb/Windows-SSD/Users/sackb/OneDrive/Desktop/University/Course_Work/2025-2026/Spring_2026/ECE_540/ece540sp26-Final_Project/Hardware/Hardware.srcs/sources_1/imports/vga.srcs/sources_1/imports/src/VeeRwolf/VeeR_EL2CoreComplex/ifu/el2_ifu_ic_mem.sv:733]
WARNING: [Synth 8-3936] Found unconnected internal register 'ECC0_MUX.wb_dout_way_pre_reg[0]' and it is trimmed from '142' to '136' bits. [/run/media/sackb/Windows-SSD/Users/sackb/OneDrive/Desktop/University/Course_Work/2025-2026/Spring_2026/ECE_540/ece540sp26-Final_Project/Hardware/Hardware.srcs/sources_1/imports/vga.srcs/sources_1/imports/src/VeeRwolf/VeeR_EL2CoreComplex/ifu/el2_ifu_ic_mem.sv:733]
WARNING: [Synth 8-3936] Found unconnected internal register 'PACKED_1.BANKS_WAY[1].ECC0.size_256.WAYS.sel_bypass_data_reg[1]' and it is trimmed from '142' to '136' bits. [/run/media/sackb/Windows-SSD/Users/sackb/OneDrive/Desktop/University/Course_Work/2025-2026/Spring_2026/ECE_540/ece540sp26-Final_Project/Hardware/Hardware.srcs/sources_1/imports/vga.srcs/sources_1/imports/src/VeeRwolf/VeeR_EL2CoreComplex/ifu/el2_ifu_ic_mem.sv:642]
WARNING: [Synth 8-3936] Found unconnected internal register 'PACKED_1.BANKS_WAY[0].ECC0.size_256.WAYS.sel_bypass_data_reg[0]' and it is trimmed from '142' to '136' bits. [/run/media/sackb/Windows-SSD/Users/sackb/OneDrive/Desktop/University/Course_Work/2025-2026/Spring_2026/ECE_540/ece540sp26-Final_Project/Hardware/Hardware.srcs/sources_1/imports/vga.srcs/sources_1/imports/src/VeeRwolf/VeeR_EL2CoreComplex/ifu/el2_ifu_ic_mem.sv:642]
WARNING: [Synth 8-3936] Found unconnected internal register 'ic_sb_wr_data_reg[1]' and it is trimmed from '71' to '68' bits. [/run/media/sackb/Windows-SSD/Users/sackb/OneDrive/Desktop/University/Course_Work/2025-2026/Spring_2026/ECE_540/ece540sp26-Final_Project/Hardware/Hardware.srcs/sources_1/imports/vga.srcs/sources_1/imports/src/VeeRwolf/VeeR_EL2CoreComplex/ifu/el2_ifu_ic_mem.sv:204]
WARNING: [Synth 8-3936] Found unconnected internal register 'ic_sb_wr_data_reg[0]' and it is trimmed from '71' to '68' bits. [/run/media/sackb/Windows-SSD/Users/sackb/OneDrive/Desktop/University/Course_Work/2025-2026/Spring_2026/ECE_540/ece540sp26-Final_Project/Hardware/Hardware.srcs/sources_1/imports/vga.srcs/sources_1/imports/src/VeeRwolf/VeeR_EL2CoreComplex/ifu/el2_ifu_ic_mem.sv:204]
WARNING: [Synth 8-3848] Net dccm_ext_in_pkt[3][TEST1] in module/entity veer_wrapper_dmi does not have driver. [/run/media/sackb/Windows-SSD/Users/sackb/OneDrive/Desktop/University/Course_Work/2025-2026/Spring_2026/ECE_540/ece540sp26-Final_Project/Hardware/Hardware.srcs/sources_1/imports/vga.srcs/sources_1/imports/src/VeeRwolf/VeeR_EL2CoreComplex/veer_el2_wrapper.sv:360]
WARNING: [Synth 8-3848] Net dccm_ext_in_pkt[3][RME] in module/entity veer_wrapper_dmi does not have driver. [/run/media/sackb/Windows-SSD/Users/sackb/OneDrive/Desktop/University/Course_Work/2025-2026/Spring_2026/ECE_540/ece540sp26-Final_Project/Hardware/Hardware.srcs/sources_1/imports/vga.srcs/sources_1/imports/src/VeeRwolf/VeeR_EL2CoreComplex/veer_el2_wrapper.sv:360]
WARNING: [Synth 8-3848] Net dccm_ext_in_pkt[3][RM] in module/entity veer_wrapper_dmi does not have driver. [/run/media/sackb/Windows-SSD/Users/sackb/OneDrive/Desktop/University/Course_Work/2025-2026/Spring_2026/ECE_540/ece540sp26-Final_Project/Hardware/Hardware.srcs/sources_1/imports/vga.srcs/sources_1/imports/src/VeeRwolf/VeeR_EL2CoreComplex/veer_el2_wrapper.sv:360]
WARNING: [Synth 8-3848] Net dccm_ext_in_pkt[3][LS] in module/entity veer_wrapper_dmi does not have driver. [/run/media/sackb/Windows-SSD/Users/sackb/OneDrive/Desktop/University/Course_Work/2025-2026/Spring_2026/ECE_540/ece540sp26-Final_Project/Hardware/Hardware.srcs/sources_1/imports/vga.srcs/sources_1/imports/src/VeeRwolf/VeeR_EL2CoreComplex/veer_el2_wrapper.sv:360]
WARNING: [Synth 8-3848] Net dccm_ext_in_pkt[3][DS] in module/entity veer_wrapper_dmi does not have driver. [/run/media/sackb/Windows-SSD/Users/sackb/OneDrive/Desktop/University/Course_Work/2025-2026/Spring_2026/ECE_540/ece540sp26-Final_Project/Hardware/Hardware.srcs/sources_1/imports/vga.srcs/sources_1/imports/src/VeeRwolf/VeeR_EL2CoreComplex/veer_el2_wrapper.sv:360]
WARNING: [Synth 8-3848] Net dccm_ext_in_pkt[3][SD] in module/entity veer_wrapper_dmi does not have driver. [/run/media/sackb/Windows-SSD/Users/sackb/OneDrive/Desktop/University/Course_Work/2025-2026/Spring_2026/ECE_540/ece540sp26-Final_Project/Hardware/Hardware.srcs/sources_1/imports/vga.srcs/sources_1/imports/src/VeeRwolf/VeeR_EL2CoreComplex/veer_el2_wrapper.sv:360]
WARNING: [Synth 8-3848] Net dccm_ext_in_pkt[3][TEST_RNM] in module/entity veer_wrapper_dmi does not have driver. [/run/media/sackb/Windows-SSD/Users/sackb/OneDrive/Desktop/University/Course_Work/2025-2026/Spring_2026/ECE_540/ece540sp26-Final_Project/Hardware/Hardware.srcs/sources_1/imports/vga.srcs/sources_1/imports/src/VeeRwolf/VeeR_EL2CoreComplex/veer_el2_wrapper.sv:360]
WARNING: [Synth 8-3848] Net dccm_ext_in_pkt[3][BC1] in module/entity veer_wrapper_dmi does not have driver. [/run/media/sackb/Windows-SSD/Users/sackb/OneDrive/Desktop/University/Course_Work/2025-2026/Spring_2026/ECE_540/ece540sp26-Final_Project/Hardware/Hardware.srcs/sources_1/imports/vga.srcs/sources_1/imports/src/VeeRwolf/VeeR_EL2CoreComplex/veer_el2_wrapper.sv:360]
WARNING: [Synth 8-3848] Net dccm_ext_in_pkt[3][BC2] in module/entity veer_wrapper_dmi does not have driver. [/run/media/sackb/Windows-SSD/Users/sackb/OneDrive/Desktop/University/Course_Work/2025-2026/Spring_2026/ECE_540/ece540sp26-Final_Project/Hardware/Hardware.srcs/sources_1/imports/vga.srcs/sources_1/imports/src/VeeRwolf/VeeR_EL2CoreComplex/veer_el2_wrapper.sv:360]
WARNING: [Synth 8-3848] Net dccm_ext_in_pkt[2][TEST1] in module/entity veer_wrapper_dmi does not have driver. [/run/media/sackb/Windows-SSD/Users/sackb/OneDrive/Desktop/University/Course_Work/2025-2026/Spring_2026/ECE_540/ece540sp26-Final_Project/Hardware/Hardware.srcs/sources_1/imports/vga.srcs/sources_1/imports/src/VeeRwolf/VeeR_EL2CoreComplex/veer_el2_wrapper.sv:360]
WARNING: [Synth 8-3848] Net dccm_ext_in_pkt[2][RME] in module/entity veer_wrapper_dmi does not have driver. [/run/media/sackb/Windows-SSD/Users/sackb/OneDrive/Desktop/University/Course_Work/2025-2026/Spring_2026/ECE_540/ece540sp26-Final_Project/Hardware/Hardware.srcs/sources_1/imports/vga.srcs/sources_1/imports/src/VeeRwolf/VeeR_EL2CoreComplex/veer_el2_wrapper.sv:360]
WARNING: [Synth 8-3848] Net dccm_ext_in_pkt[2][RM] in module/entity veer_wrapper_dmi does not have driver. [/run/media/sackb/Windows-SSD/Users/sackb/OneDrive/Desktop/University/Course_Work/2025-2026/Spring_2026/ECE_540/ece540sp26-Final_Project/Hardware/Hardware.srcs/sources_1/imports/vga.srcs/sources_1/imports/src/VeeRwolf/VeeR_EL2CoreComplex/veer_el2_wrapper.sv:360]
WARNING: [Synth 8-3848] Net dccm_ext_in_pkt[2][LS] in module/entity veer_wrapper_dmi does not have driver. [/run/media/sackb/Windows-SSD/Users/sackb/OneDrive/Desktop/University/Course_Work/2025-2026/Spring_2026/ECE_540/ece540sp26-Final_Project/Hardware/Hardware.srcs/sources_1/imports/vga.srcs/sources_1/imports/src/VeeRwolf/VeeR_EL2CoreComplex/veer_el2_wrapper.sv:360]
WARNING: [Synth 8-3848] Net dccm_ext_in_pkt[2][DS] in module/entity veer_wrapper_dmi does not have driver. [/run/media/sackb/Windows-SSD/Users/sackb/OneDrive/Desktop/University/Course_Work/2025-2026/Spring_2026/ECE_540/ece540sp26-Final_Project/Hardware/Hardware.srcs/sources_1/imports/vga.srcs/sources_1/imports/src/VeeRwolf/VeeR_EL2CoreComplex/veer_el2_wrapper.sv:360]
WARNING: [Synth 8-3848] Net dccm_ext_in_pkt[2][SD] in module/entity veer_wrapper_dmi does not have driver. [/run/media/sackb/Windows-SSD/Users/sackb/OneDrive/Desktop/University/Course_Work/2025-2026/Spring_2026/ECE_540/ece540sp26-Final_Project/Hardware/Hardware.srcs/sources_1/imports/vga.srcs/sources_1/imports/src/VeeRwolf/VeeR_EL2CoreComplex/veer_el2_wrapper.sv:360]
WARNING: [Synth 8-3848] Net dccm_ext_in_pkt[2][TEST_RNM] in module/entity veer_wrapper_dmi does not have driver. [/run/media/sackb/Windows-SSD/Users/sackb/OneDrive/Desktop/University/Course_Work/2025-2026/Spring_2026/ECE_540/ece540sp26-Final_Project/Hardware/Hardware.srcs/sources_1/imports/vga.srcs/sources_1/imports/src/VeeRwolf/VeeR_EL2CoreComplex/veer_el2_wrapper.sv:360]
WARNING: [Synth 8-3848] Net dccm_ext_in_pkt[2][BC1] in module/entity veer_wrapper_dmi does not have driver. [/run/media/sackb/Windows-SSD/Users/sackb/OneDrive/Desktop/University/Course_Work/2025-2026/Spring_2026/ECE_540/ece540sp26-Final_Project/Hardware/Hardware.srcs/sources_1/imports/vga.srcs/sources_1/imports/src/VeeRwolf/VeeR_EL2CoreComplex/veer_el2_wrapper.sv:360]
WARNING: [Synth 8-3848] Net dccm_ext_in_pkt[2][BC2] in module/entity veer_wrapper_dmi does not have driver. [/run/media/sackb/Windows-SSD/Users/sackb/OneDrive/Desktop/University/Course_Work/2025-2026/Spring_2026/ECE_540/ece540sp26-Final_Project/Hardware/Hardware.srcs/sources_1/imports/vga.srcs/sources_1/imports/src/VeeRwolf/VeeR_EL2CoreComplex/veer_el2_wrapper.sv:360]
WARNING: [Synth 8-3848] Net dccm_ext_in_pkt[1][TEST1] in module/entity veer_wrapper_dmi does not have driver. [/run/media/sackb/Windows-SSD/Users/sackb/OneDrive/Desktop/University/Course_Work/2025-2026/Spring_2026/ECE_540/ece540sp26-Final_Project/Hardware/Hardware.srcs/sources_1/imports/vga.srcs/sources_1/imports/src/VeeRwolf/VeeR_EL2CoreComplex/veer_el2_wrapper.sv:360]
WARNING: [Synth 8-3848] Net dccm_ext_in_pkt[1][RME] in module/entity veer_wrapper_dmi does not have driver. [/run/media/sackb/Windows-SSD/Users/sackb/OneDrive/Desktop/University/Course_Work/2025-2026/Spring_2026/ECE_540/ece540sp26-Final_Project/Hardware/Hardware.srcs/sources_1/imports/vga.srcs/sources_1/imports/src/VeeRwolf/VeeR_EL2CoreComplex/veer_el2_wrapper.sv:360]
WARNING: [Synth 8-3848] Net dccm_ext_in_pkt[1][RM] in module/entity veer_wrapper_dmi does not have driver. [/run/media/sackb/Windows-SSD/Users/sackb/OneDrive/Desktop/University/Course_Work/2025-2026/Spring_2026/ECE_540/ece540sp26-Final_Project/Hardware/Hardware.srcs/sources_1/imports/vga.srcs/sources_1/imports/src/VeeRwolf/VeeR_EL2CoreComplex/veer_el2_wrapper.sv:360]
WARNING: [Synth 8-3848] Net dccm_ext_in_pkt[1][LS] in module/entity veer_wrapper_dmi does not have driver. [/run/media/sackb/Windows-SSD/Users/sackb/OneDrive/Desktop/University/Course_Work/2025-2026/Spring_2026/ECE_540/ece540sp26-Final_Project/Hardware/Hardware.srcs/sources_1/imports/vga.srcs/sources_1/imports/src/VeeRwolf/VeeR_EL2CoreComplex/veer_el2_wrapper.sv:360]
WARNING: [Synth 8-3848] Net dccm_ext_in_pkt[1][DS] in module/entity veer_wrapper_dmi does not have driver. [/run/media/sackb/Windows-SSD/Users/sackb/OneDrive/Desktop/University/Course_Work/2025-2026/Spring_2026/ECE_540/ece540sp26-Final_Project/Hardware/Hardware.srcs/sources_1/imports/vga.srcs/sources_1/imports/src/VeeRwolf/VeeR_EL2CoreComplex/veer_el2_wrapper.sv:360]
WARNING: [Synth 8-3848] Net dccm_ext_in_pkt[1][SD] in module/entity veer_wrapper_dmi does not have driver. [/run/media/sackb/Windows-SSD/Users/sackb/OneDrive/Desktop/University/Course_Work/2025-2026/Spring_2026/ECE_540/ece540sp26-Final_Project/Hardware/Hardware.srcs/sources_1/imports/vga.srcs/sources_1/imports/src/VeeRwolf/VeeR_EL2CoreComplex/veer_el2_wrapper.sv:360]
WARNING: [Synth 8-3848] Net dccm_ext_in_pkt[1][TEST_RNM] in module/entity veer_wrapper_dmi does not have driver. [/run/media/sackb/Windows-SSD/Users/sackb/OneDrive/Desktop/University/Course_Work/2025-2026/Spring_2026/ECE_540/ece540sp26-Final_Project/Hardware/Hardware.srcs/sources_1/imports/vga.srcs/sources_1/imports/src/VeeRwolf/VeeR_EL2CoreComplex/veer_el2_wrapper.sv:360]
WARNING: [Synth 8-3848] Net dccm_ext_in_pkt[1][BC1] in module/entity veer_wrapper_dmi does not have driver. [/run/media/sackb/Windows-SSD/Users/sackb/OneDrive/Desktop/University/Course_Work/2025-2026/Spring_2026/ECE_540/ece540sp26-Final_Project/Hardware/Hardware.srcs/sources_1/imports/vga.srcs/sources_1/imports/src/VeeRwolf/VeeR_EL2CoreComplex/veer_el2_wrapper.sv:360]
WARNING: [Synth 8-3848] Net dccm_ext_in_pkt[1][BC2] in module/entity veer_wrapper_dmi does not have driver. [/run/media/sackb/Windows-SSD/Users/sackb/OneDrive/Desktop/University/Course_Work/2025-2026/Spring_2026/ECE_540/ece540sp26-Final_Project/Hardware/Hardware.srcs/sources_1/imports/vga.srcs/sources_1/imports/src/VeeRwolf/VeeR_EL2CoreComplex/veer_el2_wrapper.sv:360]
WARNING: [Synth 8-3848] Net dccm_ext_in_pkt[0][TEST1] in module/entity veer_wrapper_dmi does not have driver. [/run/media/sackb/Windows-SSD/Users/sackb/OneDrive/Desktop/University/Course_Work/2025-2026/Spring_2026/ECE_540/ece540sp26-Final_Project/Hardware/Hardware.srcs/sources_1/imports/vga.srcs/sources_1/imports/src/VeeRwolf/VeeR_EL2CoreComplex/veer_el2_wrapper.sv:360]
WARNING: [Synth 8-3848] Net dccm_ext_in_pkt[0][RME] in module/entity veer_wrapper_dmi does not have driver. [/run/media/sackb/Windows-SSD/Users/sackb/OneDrive/Desktop/University/Course_Work/2025-2026/Spring_2026/ECE_540/ece540sp26-Final_Project/Hardware/Hardware.srcs/sources_1/imports/vga.srcs/sources_1/imports/src/VeeRwolf/VeeR_EL2CoreComplex/veer_el2_wrapper.sv:360]
WARNING: [Synth 8-3848] Net dccm_ext_in_pkt[0][RM] in module/entity veer_wrapper_dmi does not have driver. [/run/media/sackb/Windows-SSD/Users/sackb/OneDrive/Desktop/University/Course_Work/2025-2026/Spring_2026/ECE_540/ece540sp26-Final_Project/Hardware/Hardware.srcs/sources_1/imports/vga.srcs/sources_1/imports/src/VeeRwolf/VeeR_EL2CoreComplex/veer_el2_wrapper.sv:360]
WARNING: [Synth 8-3848] Net dccm_ext_in_pkt[0][LS] in module/entity veer_wrapper_dmi does not have driver. [/run/media/sackb/Windows-SSD/Users/sackb/OneDrive/Desktop/University/Course_Work/2025-2026/Spring_2026/ECE_540/ece540sp26-Final_Project/Hardware/Hardware.srcs/sources_1/imports/vga.srcs/sources_1/imports/src/VeeRwolf/VeeR_EL2CoreComplex/veer_el2_wrapper.sv:360]
WARNING: [Synth 8-3848] Net dccm_ext_in_pkt[0][DS] in module/entity veer_wrapper_dmi does not have driver. [/run/media/sackb/Windows-SSD/Users/sackb/OneDrive/Desktop/University/Course_Work/2025-2026/Spring_2026/ECE_540/ece540sp26-Final_Project/Hardware/Hardware.srcs/sources_1/imports/vga.srcs/sources_1/imports/src/VeeRwolf/VeeR_EL2CoreComplex/veer_el2_wrapper.sv:360]
WARNING: [Synth 8-3848] Net dccm_ext_in_pkt[0][SD] in module/entity veer_wrapper_dmi does not have driver. [/run/media/sackb/Windows-SSD/Users/sackb/OneDrive/Desktop/University/Course_Work/2025-2026/Spring_2026/ECE_540/ece540sp26-Final_Project/Hardware/Hardware.srcs/sources_1/imports/vga.srcs/sources_1/imports/src/VeeRwolf/VeeR_EL2CoreComplex/veer_el2_wrapper.sv:360]
WARNING: [Synth 8-3848] Net dccm_ext_in_pkt[0][TEST_RNM] in module/entity veer_wrapper_dmi does not have driver. [/run/media/sackb/Windows-SSD/Users/sackb/OneDrive/Desktop/University/Course_Work/2025-2026/Spring_2026/ECE_540/ece540sp26-Final_Project/Hardware/Hardware.srcs/sources_1/imports/vga.srcs/sources_1/imports/src/VeeRwolf/VeeR_EL2CoreComplex/veer_el2_wrapper.sv:360]
WARNING: [Synth 8-3848] Net dccm_ext_in_pkt[0][BC1] in module/entity veer_wrapper_dmi does not have driver. [/run/media/sackb/Windows-SSD/Users/sackb/OneDrive/Desktop/University/Course_Work/2025-2026/Spring_2026/ECE_540/ece540sp26-Final_Project/Hardware/Hardware.srcs/sources_1/imports/vga.srcs/sources_1/imports/src/VeeRwolf/VeeR_EL2CoreComplex/veer_el2_wrapper.sv:360]
WARNING: [Synth 8-3848] Net dccm_ext_in_pkt[0][BC2] in module/entity veer_wrapper_dmi does not have driver. [/run/media/sackb/Windows-SSD/Users/sackb/OneDrive/Desktop/University/Course_Work/2025-2026/Spring_2026/ECE_540/ece540sp26-Final_Project/Hardware/Hardware.srcs/sources_1/imports/vga.srcs/sources_1/imports/src/VeeRwolf/VeeR_EL2CoreComplex/veer_el2_wrapper.sv:360]
WARNING: [Synth 8-3848] Net iccm_ext_in_pkt[3][TEST1] in module/entity veer_wrapper_dmi does not have driver. [/run/media/sackb/Windows-SSD/Users/sackb/OneDrive/Desktop/University/Course_Work/2025-2026/Spring_2026/ECE_540/ece540sp26-Final_Project/Hardware/Hardware.srcs/sources_1/imports/vga.srcs/sources_1/imports/src/VeeRwolf/VeeR_EL2CoreComplex/veer_el2_wrapper.sv:361]
WARNING: [Synth 8-3848] Net iccm_ext_in_pkt[3][RME] in module/entity veer_wrapper_dmi does not have driver. [/run/media/sackb/Windows-SSD/Users/sackb/OneDrive/Desktop/University/Course_Work/2025-2026/Spring_2026/ECE_540/ece540sp26-Final_Project/Hardware/Hardware.srcs/sources_1/imports/vga.srcs/sources_1/imports/src/VeeRwolf/VeeR_EL2CoreComplex/veer_el2_wrapper.sv:361]
WARNING: [Synth 8-3848] Net iccm_ext_in_pkt[3][RM] in module/entity veer_wrapper_dmi does not have driver. [/run/media/sackb/Windows-SSD/Users/sackb/OneDrive/Desktop/University/Course_Work/2025-2026/Spring_2026/ECE_540/ece540sp26-Final_Project/Hardware/Hardware.srcs/sources_1/imports/vga.srcs/sources_1/imports/src/VeeRwolf/VeeR_EL2CoreComplex/veer_el2_wrapper.sv:361]
WARNING: [Synth 8-3848] Net iccm_ext_in_pkt[3][LS] in module/entity veer_wrapper_dmi does not have driver. [/run/media/sackb/Windows-SSD/Users/sackb/OneDrive/Desktop/University/Course_Work/2025-2026/Spring_2026/ECE_540/ece540sp26-Final_Project/Hardware/Hardware.srcs/sources_1/imports/vga.srcs/sources_1/imports/src/VeeRwolf/VeeR_EL2CoreComplex/veer_el2_wrapper.sv:361]
WARNING: [Synth 8-3848] Net iccm_ext_in_pkt[3][DS] in module/entity veer_wrapper_dmi does not have driver. [/run/media/sackb/Windows-SSD/Users/sackb/OneDrive/Desktop/University/Course_Work/2025-2026/Spring_2026/ECE_540/ece540sp26-Final_Project/Hardware/Hardware.srcs/sources_1/imports/vga.srcs/sources_1/imports/src/VeeRwolf/VeeR_EL2CoreComplex/veer_el2_wrapper.sv:361]
WARNING: [Synth 8-3848] Net iccm_ext_in_pkt[3][SD] in module/entity veer_wrapper_dmi does not have driver. [/run/media/sackb/Windows-SSD/Users/sackb/OneDrive/Desktop/University/Course_Work/2025-2026/Spring_2026/ECE_540/ece540sp26-Final_Project/Hardware/Hardware.srcs/sources_1/imports/vga.srcs/sources_1/imports/src/VeeRwolf/VeeR_EL2CoreComplex/veer_el2_wrapper.sv:361]
WARNING: [Synth 8-3848] Net iccm_ext_in_pkt[3][TEST_RNM] in module/entity veer_wrapper_dmi does not have driver. [/run/media/sackb/Windows-SSD/Users/sackb/OneDrive/Desktop/University/Course_Work/2025-2026/Spring_2026/ECE_540/ece540sp26-Final_Project/Hardware/Hardware.srcs/sources_1/imports/vga.srcs/sources_1/imports/src/VeeRwolf/VeeR_EL2CoreComplex/veer_el2_wrapper.sv:361]
WARNING: [Synth 8-3848] Net iccm_ext_in_pkt[3][BC1] in module/entity veer_wrapper_dmi does not have driver. [/run/media/sackb/Windows-SSD/Users/sackb/OneDrive/Desktop/University/Course_Work/2025-2026/Spring_2026/ECE_540/ece540sp26-Final_Project/Hardware/Hardware.srcs/sources_1/imports/vga.srcs/sources_1/imports/src/VeeRwolf/VeeR_EL2CoreComplex/veer_el2_wrapper.sv:361]
WARNING: [Synth 8-3848] Net iccm_ext_in_pkt[3][BC2] in module/entity veer_wrapper_dmi does not have driver. [/run/media/sackb/Windows-SSD/Users/sackb/OneDrive/Desktop/University/Course_Work/2025-2026/Spring_2026/ECE_540/ece540sp26-Final_Project/Hardware/Hardware.srcs/sources_1/imports/vga.srcs/sources_1/imports/src/VeeRwolf/VeeR_EL2CoreComplex/veer_el2_wrapper.sv:361]
WARNING: [Synth 8-3848] Net iccm_ext_in_pkt[2][TEST1] in module/entity veer_wrapper_dmi does not have driver. [/run/media/sackb/Windows-SSD/Users/sackb/OneDrive/Desktop/University/Course_Work/2025-2026/Spring_2026/ECE_540/ece540sp26-Final_Project/Hardware/Hardware.srcs/sources_1/imports/vga.srcs/sources_1/imports/src/VeeRwolf/VeeR_EL2CoreComplex/veer_el2_wrapper.sv:361]
INFO: [Common 17-14] Message 'Synth 8-3848' appears 100 times and further instances of the messages will be disabled. Use the Tcl command set_msg_config to change the current settings.
WARNING: [Synth 8-7129] Port en in module rvoclkhdr is either unconnected or has no load
WARNING: [Synth 8-7129] Port scan_mode in module rvoclkhdr is either unconnected or has no load
WARNING: [Synth 8-7129] Port TEST1 in module ram_256x39 is either unconnected or has no load
WARNING: [Synth 8-7129] Port RME in module ram_256x39 is either unconnected or has no load
WARNING: [Synth 8-7129] Port RM[3] in module ram_256x39 is either unconnected or has no load
WARNING: [Synth 8-7129] Port RM[2] in module ram_256x39 is either unconnected or has no load
WARNING: [Synth 8-7129] Port RM[1] in module ram_256x39 is either unconnected or has no load
WARNING: [Synth 8-7129] Port RM[0] in module ram_256x39 is either unconnected or has no load
WARNING: [Synth 8-7129] Port LS in module ram_256x39 is either unconnected or has no load
WARNING: [Synth 8-7129] Port DS in module ram_256x39 is either unconnected or has no load
WARNING: [Synth 8-7129] Port SD in module ram_256x39 is either unconnected or has no load
WARNING: [Synth 8-7129] Port TEST_RNM in module ram_256x39 is either unconnected or has no load
WARNING: [Synth 8-7129] Port BC1 in module ram_256x39 is either unconnected or has no load
WARNING: [Synth 8-7129] Port BC2 in module ram_256x39 is either unconnected or has no load
WARNING: [Synth 8-7129] Port iccm_wr_size[2] in module el2_ifu_iccm_mem is either unconnected or has no load
WARNING: [Synth 8-7129] Port scan_mode in module el2_ifu_iccm_mem is either unconnected or has no load
WARNING: [Synth 8-7129] Port scan_mode in module rvdffie__parameterized0 is either unconnected or has no load
WARNING: [Synth 8-7129] Port TEST1 in module ram_be_256x136 is either unconnected or has no load
WARNING: [Synth 8-7129] Port RME in module ram_be_256x136 is either unconnected or has no load
WARNING: [Synth 8-7129] Port RM[3] in module ram_be_256x136 is either unconnected or has no load
WARNING: [Synth 8-7129] Port RM[2] in module ram_be_256x136 is either unconnected or has no load
WARNING: [Synth 8-7129] Port RM[1] in module ram_be_256x136 is either unconnected or has no load
WARNING: [Synth 8-7129] Port RM[0] in module ram_be_256x136 is either unconnected or has no load
WARNING: [Synth 8-7129] Port LS in module ram_be_256x136 is either unconnected or has no load
WARNING: [Synth 8-7129] Port DS in module ram_be_256x136 is either unconnected or has no load
WARNING: [Synth 8-7129] Port SD in module ram_be_256x136 is either unconnected or has no load
WARNING: [Synth 8-7129] Port TEST_RNM in module ram_be_256x136 is either unconnected or has no load
WARNING: [Synth 8-7129] Port BC1 in module ram_be_256x136 is either unconnected or has no load
WARNING: [Synth 8-7129] Port BC2 in module ram_be_256x136 is either unconnected or has no load
WARNING: [Synth 8-7129] Port scan_mode in module rvdffe__parameterized29 is either unconnected or has no load
WARNING: [Synth 8-7129] Port scan_mode in module rvdffe__parameterized28 is either unconnected or has no load
WARNING: [Synth 8-7129] Port ic_wr_data[1][70] in module EL2_IC_DATA is either unconnected or has no load
WARNING: [Synth 8-7129] Port ic_wr_data[1][69] in module EL2_IC_DATA is either unconnected or has no load
WARNING: [Synth 8-7129] Port ic_wr_data[1][68] in module EL2_IC_DATA is either unconnected or has no load
WARNING: [Synth 8-7129] Port ic_wr_data[0][70] in module EL2_IC_DATA is either unconnected or has no load
WARNING: [Synth 8-7129] Port ic_wr_data[0][69] in module EL2_IC_DATA is either unconnected or has no load
WARNING: [Synth 8-7129] Port ic_wr_data[0][68] in module EL2_IC_DATA is either unconnected or has no load
WARNING: [Synth 8-7129] Port ic_debug_wr_data[70] in module EL2_IC_DATA is either unconnected or has no load
WARNING: [Synth 8-7129] Port ic_debug_wr_data[69] in module EL2_IC_DATA is either unconnected or has no load
WARNING: [Synth 8-7129] Port ic_debug_wr_data[68] in module EL2_IC_DATA is either unconnected or has no load
WARNING: [Synth 8-7129] Port ic_data_ext_in_pkt[1][1][TEST1] in module EL2_IC_DATA is either unconnected or has no load
WARNING: [Synth 8-7129] Port ic_data_ext_in_pkt[1][1][RME] in module EL2_IC_DATA is either unconnected or has no load
WARNING: [Synth 8-7129] Port ic_data_ext_in_pkt[1][1][RM][3] in module EL2_IC_DATA is either unconnected or has no load
WARNING: [Synth 8-7129] Port ic_data_ext_in_pkt[1][1][RM][2] in module EL2_IC_DATA is either unconnected or has no load
WARNING: [Synth 8-7129] Port ic_data_ext_in_pkt[1][1][RM][1] in module EL2_IC_DATA is either unconnected or has no load
WARNING: [Synth 8-7129] Port ic_data_ext_in_pkt[1][1][RM][0] in module EL2_IC_DATA is either unconnected or has no load
WARNING: [Synth 8-7129] Port ic_data_ext_in_pkt[1][1][LS] in module EL2_IC_DATA is either unconnected or has no load
WARNING: [Synth 8-7129] Port ic_data_ext_in_pkt[1][1][DS] in module EL2_IC_DATA is either unconnected or has no load
WARNING: [Synth 8-7129] Port ic_data_ext_in_pkt[1][1][SD] in module EL2_IC_DATA is either unconnected or has no load
WARNING: [Synth 8-7129] Port ic_data_ext_in_pkt[1][1][TEST_RNM] in module EL2_IC_DATA is either unconnected or has no load
WARNING: [Synth 8-7129] Port ic_data_ext_in_pkt[1][1][BC1] in module EL2_IC_DATA is either unconnected or has no load
WARNING: [Synth 8-7129] Port ic_data_ext_in_pkt[1][1][BC2] in module EL2_IC_DATA is either unconnected or has no load
WARNING: [Synth 8-7129] Port ic_data_ext_in_pkt[1][0][TEST1] in module EL2_IC_DATA is either unconnected or has no load
WARNING: [Synth 8-7129] Port ic_data_ext_in_pkt[1][0][RME] in module EL2_IC_DATA is either unconnected or has no load
WARNING: [Synth 8-7129] Port ic_data_ext_in_pkt[1][0][RM][3] in module EL2_IC_DATA is either unconnected or has no load
WARNING: [Synth 8-7129] Port ic_data_ext_in_pkt[1][0][RM][2] in module EL2_IC_DATA is either unconnected or has no load
WARNING: [Synth 8-7129] Port ic_data_ext_in_pkt[1][0][RM][1] in module EL2_IC_DATA is either unconnected or has no load
WARNING: [Synth 8-7129] Port ic_data_ext_in_pkt[1][0][RM][0] in module EL2_IC_DATA is either unconnected or has no load
WARNING: [Synth 8-7129] Port ic_data_ext_in_pkt[1][0][LS] in module EL2_IC_DATA is either unconnected or has no load
WARNING: [Synth 8-7129] Port ic_data_ext_in_pkt[1][0][DS] in module EL2_IC_DATA is either unconnected or has no load
WARNING: [Synth 8-7129] Port ic_data_ext_in_pkt[1][0][SD] in module EL2_IC_DATA is either unconnected or has no load
WARNING: [Synth 8-7129] Port ic_data_ext_in_pkt[1][0][TEST_RNM] in module EL2_IC_DATA is either unconnected or has no load
WARNING: [Synth 8-7129] Port ic_data_ext_in_pkt[1][0][BC1] in module EL2_IC_DATA is either unconnected or has no load
WARNING: [Synth 8-7129] Port ic_data_ext_in_pkt[1][0][BC2] in module EL2_IC_DATA is either unconnected or has no load
WARNING: [Synth 8-7129] Port scan_mode in module rvdffie__parameterized14 is either unconnected or has no load
WARNING: [Synth 8-7129] Port TEST1 in module ram_be_64x44 is either unconnected or has no load
WARNING: [Synth 8-7129] Port RME in module ram_be_64x44 is either unconnected or has no load
WARNING: [Synth 8-7129] Port RM[3] in module ram_be_64x44 is either unconnected or has no load
WARNING: [Synth 8-7129] Port RM[2] in module ram_be_64x44 is either unconnected or has no load
WARNING: [Synth 8-7129] Port RM[1] in module ram_be_64x44 is either unconnected or has no load
WARNING: [Synth 8-7129] Port RM[0] in module ram_be_64x44 is either unconnected or has no load
WARNING: [Synth 8-7129] Port LS in module ram_be_64x44 is either unconnected or has no load
WARNING: [Synth 8-7129] Port DS in module ram_be_64x44 is either unconnected or has no load
WARNING: [Synth 8-7129] Port SD in module ram_be_64x44 is either unconnected or has no load
WARNING: [Synth 8-7129] Port TEST_RNM in module ram_be_64x44 is either unconnected or has no load
WARNING: [Synth 8-7129] Port BC1 in module ram_be_64x44 is either unconnected or has no load
WARNING: [Synth 8-7129] Port BC2 in module ram_be_64x44 is either unconnected or has no load
WARNING: [Synth 8-7129] Port scan_mode in module rvdffe__parameterized27 is either unconnected or has no load
WARNING: [Synth 8-7129] Port scan_mode in module rvdffe__parameterized8 is either unconnected or has no load
WARNING: [Synth 8-7129] Port dec_tlu_core_ecc_disable in module EL2_IC_TAG is either unconnected or has no load
WARNING: [Synth 8-7129] Port ic_rw_addr[3] in module EL2_IC_TAG is either unconnected or has no load
WARNING: [Synth 8-7129] Port ic_debug_addr[5] in module EL2_IC_TAG is either unconnected or has no load
WARNING: [Synth 8-7129] Port ic_debug_addr[4] in module EL2_IC_TAG is either unconnected or has no load
WARNING: [Synth 8-7129] Port ic_debug_addr[3] in module EL2_IC_TAG is either unconnected or has no load
WARNING: [Synth 8-7129] Port ic_tag_ext_in_pkt[1][TEST1] in module EL2_IC_TAG is either unconnected or has no load
WARNING: [Synth 8-7129] Port ic_tag_ext_in_pkt[1][RME] in module EL2_IC_TAG is either unconnected or has no load
WARNING: [Synth 8-7129] Port ic_tag_ext_in_pkt[1][RM][3] in module EL2_IC_TAG is either unconnected or has no load
WARNING: [Synth 8-7129] Port ic_tag_ext_in_pkt[1][RM][2] in module EL2_IC_TAG is either unconnected or has no load
WARNING: [Synth 8-7129] Port ic_tag_ext_in_pkt[1][RM][1] in module EL2_IC_TAG is either unconnected or has no load
WARNING: [Synth 8-7129] Port ic_tag_ext_in_pkt[1][RM][0] in module EL2_IC_TAG is either unconnected or has no load
WARNING: [Synth 8-7129] Port ic_tag_ext_in_pkt[1][LS] in module EL2_IC_TAG is either unconnected or has no load
WARNING: [Synth 8-7129] Port ic_tag_ext_in_pkt[1][DS] in module EL2_IC_TAG is either unconnected or has no load
WARNING: [Synth 8-7129] Port ic_tag_ext_in_pkt[1][SD] in module EL2_IC_TAG is either unconnected or has no load
WARNING: [Synth 8-7129] Port ic_tag_ext_in_pkt[1][TEST_RNM] in module EL2_IC_TAG is either unconnected or has no load
WARNING: [Synth 8-7129] Port ic_tag_ext_in_pkt[1][BC1] in module EL2_IC_TAG is either unconnected or has no load
WARNING: [Synth 8-7129] Port ic_tag_ext_in_pkt[1][BC2] in module EL2_IC_TAG is either unconnected or has no load
WARNING: [Synth 8-7129] Port ic_debug_wr_data[70] in module EL2_IC_TAG is either unconnected or has no load
WARNING: [Synth 8-7129] Port ic_debug_wr_data[69] in module EL2_IC_TAG is either unconnected or has no load
WARNING: [Synth 8-7129] Port ic_debug_wr_data[68] in module EL2_IC_TAG is either unconnected or has no load
WARNING: [Synth 8-7129] Port ic_debug_wr_data[67] in module EL2_IC_TAG is either unconnected or has no load
INFO: [Common 17-14] Message 'Synth 8-7129' appears 100 times and further instances of the messages will be disabled. Use the Tcl command set_msg_config to change the current settings.
---------------------------------------------------------------------------------
Finished RTL Elaboration : Time (s): cpu = 00:00:11 ; elapsed = 00:00:12 . Memory (MB): peak = 2706.074 ; gain = 970.633 ; free physical = 4112 ; free virtual = 8316
---------------------------------------------------------------------------------
---------------------------------------------------------------------------------
Start Handling Custom Attributes
---------------------------------------------------------------------------------
---------------------------------------------------------------------------------
Finished Handling Custom Attributes : Time (s): cpu = 00:00:12 ; elapsed = 00:00:13 . Memory (MB): peak = 2706.074 ; gain = 970.633 ; free physical = 4122 ; free virtual = 8322
---------------------------------------------------------------------------------
---------------------------------------------------------------------------------
Finished RTL Optimization Phase 1 : Time (s): cpu = 00:00:12 ; elapsed = 00:00:13 . Memory (MB): peak = 2706.074 ; gain = 970.633 ; free physical = 4122 ; free virtual = 8322
---------------------------------------------------------------------------------
Netlist sorting complete. Time (s): cpu = 00:00:00.58 ; elapsed = 00:00:00.58 . Memory (MB): peak = 2706.074 ; gain = 0.000 ; free physical = 4152 ; free virtual = 8351
INFO: [Netlist 29-17] Analyzing 63 Unisim elements for replacement
INFO: [Netlist 29-28] Unisim Transformation completed in 0 CPU seconds
INFO: [Project 1-570] Preparing netlist for logic optimization

Processing XDC Constraints
Initializing timing engine
Parsing XDC File [/run/media/sackb/Windows-SSD/Users/sackb/OneDrive/Desktop/University/Course_Work/2025-2026/Spring_2026/ECE_540/ece540sp26-Final_Project/Hardware/Hardware.gen/sources_1/ip/axi_ethernet_0/axi_ethernet_0/axi_ethernet_0_in_context.xdc] for cell 'u_ethernet_top/u_axi_ethernet_0'
Finished Parsing XDC File [/run/media/sackb/Windows-SSD/Users/sackb/OneDrive/Desktop/University/Course_Work/2025-2026/Spring_2026/ECE_540/ece540sp26-Final_Project/Hardware/Hardware.gen/sources_1/ip/axi_ethernet_0/axi_ethernet_0/axi_ethernet_0_in_context.xdc] for cell 'u_ethernet_top/u_axi_ethernet_0'
Parsing XDC File [/run/media/sackb/Windows-SSD/Users/sackb/OneDrive/Desktop/University/Course_Work/2025-2026/Spring_2026/ECE_540/ece540sp26-Final_Project/Hardware/Hardware.srcs/constrs_1/imports/src/rvfpganexys.xdc]
Finished Parsing XDC File [/run/media/sackb/Windows-SSD/Users/sackb/OneDrive/Desktop/University/Course_Work/2025-2026/Spring_2026/ECE_540/ece540sp26-Final_Project/Hardware/Hardware.srcs/constrs_1/imports/src/rvfpganexys.xdc]
INFO: [Project 1-236] Implementation specific constraints were found while reading constraint file [/run/media/sackb/Windows-SSD/Users/sackb/OneDrive/Desktop/University/Course_Work/2025-2026/Spring_2026/ECE_540/ece540sp26-Final_Project/Hardware/Hardware.srcs/constrs_1/imports/src/rvfpganexys.xdc]. These constraints will be ignored for synthesis but will be used in implementation. Impacted constraints are listed in the file [.Xil/rvfpganexys_propImpl.xdc].
Resolution: To avoid this warning, move constraints listed in [.Xil/rvfpganexys_propImpl.xdc] to another XDC file and exclude this new file from synthesis with the used_in_synthesis property (File Properties dialog in GUI) and re-run elaboration/synthesis.
Parsing XDC File [/run/media/sackb/Windows-SSD/Users/sackb/OneDrive/Desktop/University/Course_Work/2025-2026/Spring_2026/ECE_540/ece540sp26-Final_Project/Hardware/Hardware.srcs/constrs_1/imports/src/LiteDRAM/liteDRAM.xdc]
Finished Parsing XDC File [/run/media/sackb/Windows-SSD/Users/sackb/OneDrive/Desktop/University/Course_Work/2025-2026/Spring_2026/ECE_540/ece540sp26-Final_Project/Hardware/Hardware.srcs/constrs_1/imports/src/LiteDRAM/liteDRAM.xdc]
INFO: [Project 1-236] Implementation specific constraints were found while reading constraint file [/run/media/sackb/Windows-SSD/Users/sackb/OneDrive/Desktop/University/Course_Work/2025-2026/Spring_2026/ECE_540/ece540sp26-Final_Project/Hardware/Hardware.srcs/constrs_1/imports/src/LiteDRAM/liteDRAM.xdc]. These constraints will be ignored for synthesis but will be used in implementation. Impacted constraints are listed in the file [.Xil/rvfpganexys_propImpl.xdc].
Resolution: To avoid this warning, move constraints listed in [.Xil/rvfpganexys_propImpl.xdc] to another XDC file and exclude this new file from synthesis with the used_in_synthesis property (File Properties dialog in GUI) and re-run elaboration/synthesis.
INFO: [Timing 38-2] Deriving generated clocks
Completed Processing XDC Constraints

Netlist sorting complete. Time (s): cpu = 00:00:00.01 ; elapsed = 00:00:00.01 . Memory (MB): peak = 2860.820 ; gain = 0.000 ; free physical = 4151 ; free virtual = 8372
INFO: [Project 1-111] Unisim Transformation Summary:
  A total of 29 instances were transformed.
  FD => FDRE: 8 instances
  IOBUF => IOBUF (IBUF, OBUFT): 17 instances
  IOBUFDS => IOBUFDS (IBUFDS, INV, OBUFTDS(x2)): 2 instances
  OBUFDS => OBUFDS_DUAL_BUF (INV, OBUFDS(x2)): 1 instance 
  PLLE2_BASE => PLLE2_ADV: 1 instance 

---------------------------------------------------------------------------------------------------
                   State |                     New Encoding |                Previous Encoding 
---------------------------------------------------------------------------------------------------
                  iSTATE |                              001 |                               00
*
                 iSTATE0 |                              010 |                               01
                 iSTATE1 |                              100 |                               10
---------------------------------------------------------------------------------------------------
INFO: [Synth 8-3354] encoded FSM with state register 'subfragments_refresher_state_reg' using encoding 'one-hot' in module 'litedram_core'
---------------------------------------------------------------------------------------------------
                   State |                     New Encoding |                Previous Encoding 
---------------------------------------------------------------------------------------------------
                  iSTATE |                              001 |                               00
*
                 iSTATE0 |                              010 |                               01
                 iSTATE1 |                              100 |                               10
---------------------------------------------------------------------------------------------------
INFO: [Synth 8-3354] encoded FSM with state register 'litedramcore_state_reg' using encoding 'one-hot' in module 'litedram_core'
---------------------------------------------------------------------------------------------------
                   State |                     New Encoding |                Previous Encoding 
---------------------------------------------------------------------------------------------------
                    IDLE |                              000 |                             0000
                   AWACK |                              001 |                             0001
                  WBWACK |                              010 |                             0010
                    BAXI |                              011 |                             0110
                 WBRACK1 |                              100 |                             0011
                    WBR2 |                              101 |                             0100
                 WBRACK2 |                              110 |                             0101
                   RRAXI |                              111 |                             0111
---------------------------------------------------------------------------------------------------
INFO: [Synth 8-3354] encoded FSM with state register 'cs_reg' using encoding 'sequential' in module 'axi2wb'
---------------------------------------------------------------------------------------------------
                   State |                     New Encoding |                Previous Encoding 
---------------------------------------------------------------------------------------------------
                 iSTATE1 |                               00 |                               00
                 iSTATE2 |                               01 |                               01
                 iSTATE0 |                               10 |                               11
---------------------------------------------------------------------------------------------------
INFO: [Synth 8-3354] encoded FSM with state register 'state_reg' using encoding 'sequential' in module 'simple_spi'
WARNING: [Synth 8-327] inferring latch for variable 'FSM_sequential_nextState_reg' [/run/media/sackb/Windows-SSD/Users/sackb/OneDrive/Desktop/University/Course_Work/2025-2026/Spring_2026/ECE_540/ece540sp26-Final_Project/Hardware/Hardware.srcs/sources_1/imports/vga.srcs/sources_1/imports/src/VeeRwolf/Peripherals/pwm/pwm.sv:178]
WARNING: [Synth 8-327] inferring latch for variable 'FSM_onehot_nextState_reg' [/run/media/sackb/Windows-SSD/Users/sackb/OneDrive/Desktop/University/Course_Work/2025-2026/Spring_2026/ECE_540/ece540sp26-Final_Project/Hardware/Hardware.srcs/sources_1/imports/vga.srcs/sources_1/imports/src/VeeRwolf/Peripherals/pwm/pwm.sv:178]
---------------------------------------------------------------------------------------------------
                   State |                     New Encoding |                Previous Encoding 
---------------------------------------------------------------------------------------------------
                  iSTATE |                              001 |                               00
                 iSTATE1 |                              010 |                               01
                 iSTATE0 |                              100 |                               10
---------------------------------------------------------------------------------------------------
INFO: [Synth 8-3354] encoded FSM with state register 'stateCounter_reg' using encoding 'one-hot' in module 'wb_slave_agent'
WARNING: [Synth 8-327] inferring latch for variable 'FSM_onehot_nextState_reg' [/run/media/sackb/Windows-SSD/Users/sackb/OneDrive/Desktop/University/Course_Work/2025-2026/Spring_2026/ECE_540/ece540sp26-Final_Project/Hardware/Hardware.srcs/sources_1/imports/vga.srcs/sources_1/imports/src/VeeRwolf/Peripherals/pwm/pwm.sv:178]
WARNING: [Synth 8-327] inferring latch for variable 'FSM_sequential_nextState_reg' [/run/media/sackb/Windows-SSD/Users/sackb/OneDrive/Desktop/University/Course_Work/2025-2026/Spring_2026/ECE_540/ece540sp26-Final_Project/Hardware/Hardware.srcs/sources_1/imports/vga.srcs/sources_1/imports/src/VeeRwolf/Peripherals/vga/vga.sv:111]
WARNING: [Synth 8-327] inferring latch for variable 'FSM_onehot_nextState_reg' [/run/media/sackb/Windows-SSD/Users/sackb/OneDrive/Desktop/University/Course_Work/2025-2026/Spring_2026/ECE_540/ece540sp26-Final_Project/Hardware/Hardware.srcs/sources_1/imports/vga.srcs/sources_1/imports/src/VeeRwolf/Peripherals/vga/vga.sv:111]
---------------------------------------------------------------------------------------------------
                   State |                     New Encoding |                Previous Encoding 
---------------------------------------------------------------------------------------------------
                  iSTATE |                              001 |                               00
                 iSTATE1 |                              010 |                               01
                 iSTATE0 |                              100 |                               10
---------------------------------------------------------------------------------------------------
INFO: [Synth 8-3354] encoded FSM with state register 'stateCounter_reg' using encoding 'one-hot' in module 'vga_wb_slave_agent'
WARNING: [Synth 8-327] inferring latch for variable 'FSM_onehot_nextState_reg' [/run/media/sackb/Windows-SSD/Users/sackb/OneDrive/Desktop/University/Course_Work/2025-2026/Spring_2026/ECE_540/ece540sp26-Final_Project/Hardware/Hardware.srcs/sources_1/imports/vga.srcs/sources_1/imports/src/VeeRwolf/Peripherals/vga/vga.sv:111]
---------------------------------------------------------------------------------------------------
                   State |                     New Encoding |                Previous Encoding 
---------------------------------------------------------------------------------------------------
                  iSTATE |                             0001 |                               00
                 iSTATE0 |                             0010 |                               01
                 iSTATE1 |                             0100 |                               10
                 iSTATE2 |                             1000 |                               11
---------------------------------------------------------------------------------------------------
INFO: [Synth 8-3354] encoded FSM with state register 'wbstate_reg' using encoding 'one-hot' in module 'uart_wb'
---------------------------------------------------------------------------------------------------
                   State |                     New Encoding |                Previous Encoding 
---------------------------------------------------------------------------------------------------
                  s_idle |                              000 |                              000
              s_pop_byte |                              001 |                              101
            s_send_start |                              010 |                              001
             s_send_byte |                              011 |                              010
           s_send_parity |                              100 |                              011
             s_send_stop |                              101 |                              100
---------------------------------------------------------------------------------------------------
INFO: [Synth 8-3354] encoded FSM with state register 'tstate_reg' using encoding 'sequential' in module 'uart_transmitter'
---------------------------------------------------------------------------------------------------
                   State |                     New Encoding |                Previous Encoding 
---------------------------------------------------------------------------------------------------
                 sr_idle |                             0000 |                             0000
            sr_rec_start |                             0001 |                             0001
          sr_rec_prepare |                             0010 |                             0110
              sr_rec_bit |                             0011 |                             0010
              sr_end_bit |                             0100 |                             0111
           sr_rec_parity |                             0101 |                             0011
         sr_ca_lc_parity |                             0110 |                             1000
         sr_check_parity |                             0111 |                             0101
                sr_wait1 |                             1000 |                             1001
             sr_rec_stop |                             1001 |                             0100
                 sr_push |                             1010 |                             1010
---------------------------------------------------------------------------------------------------
INFO: [Synth 8-3354] encoded FSM with state register 'rstate_reg' using encoding 'sequential' in module 'uart_receiver'
---------------------------------------------------------------------------------
Finished RTL Optimization Phase 2 : Time (s): cpu = 00:00:41 ; elapsed = 00:00:40 . Memory (MB): peak = 2880.746 ; gain = 1145.305 ; free physical = 171 ; free virtual = 3130
---------------------------------------------------------------------------------
INFO: [Synth 8-223] decloning instance 'swervolf/rvtop/veer/ifu/mem_ctl/ifu_iccm_reg_acc_ff' (rvdff_fpga) to 'swervolf/rvtop/veer/ifu/mem_ctl/rgn_acc_ff'
INFO: [Synth 8-223] decloning instance 'swervolf/rvtop/veer/lsu/bus_intf/bus_buffer/lsu_axi_bready_ff' (rvdff_fpga) to 'swervolf/rvtop/veer/lsu/bus_intf/bus_buffer/lsu_axi_rready_ff'
INFO: [Synth 8-223] decloning instance 'swervolf/rvtop/veer/dma_ctrl/GenFifo[0].fifo_posted_write_dff' (rvdffs) to 'swervolf/rvtop/veer/dma_ctrl/GenFifo[0].fifo_mid_dff'
INFO: [Synth 8-223] decloning instance 'swervolf/rvtop/veer/dma_ctrl/GenFifo[1].fifo_posted_write_dff' (rvdffs) to 'swervolf/rvtop/veer/dma_ctrl/GenFifo[1].fifo_mid_dff'
RAM Pipeline Warning: Read Address Register Found For RAM mem_1_reg. We will not be able to pipeline it. This may degrade performance. 
---------------------------------------------------------------------------------
Start RTL Component Statistics 
---------------------------------------------------------------------------------
Detailed RTL Component Info : 
+---Adders : 
	   2 Input   64 Bit       Adders := 5     
	   2 Input   38 Bit       Adders := 12    
	   3 Input   37 Bit       Adders := 1     
	   2 Input   36 Bit       Adders := 1     
	   2 Input   35 Bit       Adders := 1     
	   2 Input   33 Bit       Adders := 3     
	   3 Input   33 Bit       Adders := 1     
	   2 Input   32 Bit       Adders := 40    
	   2 Input   31 Bit       Adders := 3     
	   2 Input   30 Bit       Adders := 2     
	   2 Input   27 Bit       Adders := 5     
	   2 Input   25 Bit       Adders := 2     
	   2 Input   24 Bit       Adders := 2     
	   2 Input   20 Bit       Adders := 2     
	   2 Input   19 Bit       Adders := 8     
	   3 Input   19 Bit       Adders := 1     
	   2 Input   13 Bit       Adders := 6     
	   2 Input   12 Bit       Adders := 1     
	   2 Input   11 Bit       Adders := 1     
	   2 Input   10 Bit       Adders := 3     
	   2 Input    9 Bit       Adders := 4     
	   3 Input    9 Bit       Adders := 3     
	   2 Input    8 Bit       Adders := 4     
	   3 Input    7 Bit       Adders := 2     
	   2 Input    6 Bit       Adders := 6     
	   8 Input    6 Bit       Adders := 1     
	   7 Input    6 Bit       Adders := 4     
	   3 Input    6 Bit       Adders := 5     
	   6 Input    6 Bit       Adders := 4     
	   5 Input    6 Bit       Adders := 4     
	   4 Input    6 Bit       Adders := 4     
	  32 Input    6 Bit       Adders := 1     
	   2 Input    5 Bit       Adders := 29    
	   3 Input    5 Bit       Adders := 96    
	   2 Input    4 Bit       Adders := 65    
	   6 Input    4 Bit       Adders := 1     
	   7 Input    4 Bit       Adders := 1     
	   5 Input    4 Bit       Adders := 1     
	   2 Input    3 Bit       Adders := 65    
	   4 Input    3 Bit       Adders := 4     
	   3 Input    2 Bit       Adders := 5     
	   2 Input    2 Bit       Adders := 63    
	   2 Input    1 Bit       Adders := 11    
+---XORs : 
	  32 Input     63 Bit         XORs := 1     
	   2 Input     39 Bit         XORs := 4     
	   2 Input     32 Bit         XORs := 71    
	   2 Input     27 Bit         XORs := 1     
	   2 Input     20 Bit         XORs := 1     
	   2 Input     18 Bit         XORs := 1     
	   2 Input     16 Bit         XORs := 1     
	   2 Input     12 Bit         XORs := 1     
	   2 Input     11 Bit         XORs := 3     
	   2 Input     10 Bit         XORs := 8     
	   2 Input      9 Bit         XORs := 2     
	   2 Input      8 Bit         XORs := 4     
	   2 Input      7 Bit         XORs := 2     
	   2 Input      6 Bit         XORs := 2     
	   3 Input      4 Bit         XORs := 4     
	   2 Input      4 Bit         XORs := 5     
	   2 Input      2 Bit         XORs := 40    
	   2 Input      1 Bit         XORs := 80    
	   4 Input      1 Bit         XORs := 8     
	  16 Input      1 Bit         XORs := 12    
	  19 Input      1 Bit         XORs := 4     
	   6 Input      1 Bit         XORs := 8     
	  10 Input      1 Bit         XORs := 16    
	   7 Input      1 Bit         XORs := 4     
	  17 Input      1 Bit         XORs := 4     
	  18 Input      1 Bit         XORs := 4     
+---XORs : 
	               32 Bit    Wide XORs := 8     
	               20 Bit    Wide XORs := 3     
	               16 Bit    Wide XORs := 16    
	                9 Bit    Wide XORs := 1     
	                8 Bit    Wide XORs := 1     
	                7 Bit    Wide XORs := 5     
	                6 Bit    Wide XORs := 5     
	                5 Bit    Wide XORs := 1     
	                2 Bit    Wide XORs := 40    
+---Registers : 
	              136 Bit    Registers := 6     
	               80 Bit    Registers := 1     
	               74 Bit    Registers := 25    
	               71 Bit    Registers := 1     
	               68 Bit    Registers := 8     
	               64 Bit    Registers := 10    
	               57 Bit    Registers := 1     
	               56 Bit    Registers := 1     
	               49 Bit    Registers := 4     
	               48 Bit    Registers := 8     
	               44 Bit    Registers := 3     
	               41 Bit    Registers := 2     
	               39 Bit    Registers := 12    
	               38 Bit    Registers := 1     
	               37 Bit    Registers := 1     
	               34 Bit    Registers := 1     
	               33 Bit    Registers := 4     
	               32 Bit    Registers := 235   
	               31 Bit    Registers := 19    
	               30 Bit    Registers := 1     
	               29 Bit    Registers := 2     
	               28 Bit    Registers := 4     
	               27 Bit    Registers := 3     
	               26 Bit    Registers := 1     
	               24 Bit    Registers := 7     
	               22 Bit    Registers := 4     
	               21 Bit    Registers := 8     
	               20 Bit    Registers := 1     
	               19 Bit    Registers := 2     
	               18 Bit    Registers := 1     
	               17 Bit    Registers := 3     
	               16 Bit    Registers := 41    
	               14 Bit    Registers := 9     
	               13 Bit    Registers := 15    
	               12 Bit    Registers := 4     
	               11 Bit    Registers := 5     
	               10 Bit    Registers := 23    
	                9 Bit    Registers := 15    
	                8 Bit    Registers := 85    
	                7 Bit    Registers := 6     
	                6 Bit    Registers := 39    
	                5 Bit    Registers := 135   
	                4 Bit    Registers := 228   
	                3 Bit    Registers := 174   
	                2 Bit    Registers := 378   
	                1 Bit    Registers := 894   
+---RAMs : 
	             900K Bit	(76800 X 12 bit)          RAMs := 1     
	              64K Bit	(2048 X 32 bit)          RAMs := 1     
	              39K Bit	(1024 X 39 bit)          RAMs := 4     
	              34K Bit	(256 X 136 bit)          RAMs := 2     
	              32K Bit	(512 X 64 bit)          RAMs := 1     
	               9K Bit	(256 X 39 bit)          RAMs := 4     
	               2K Bit	(64 X 44 bit)          RAMs := 1     
	               1K Bit	(576 X 2 bit)          RAMs := 1     
	               1K Bit	(16 X 80 bit)          RAMs := 1     
	               1K Bit	(16 X 74 bit)          RAMs := 1     
	              384 Bit	(16 X 24 bit)          RAMs := 8     
	              160 Bit	(16 X 10 bit)          RAMs := 3     
	              128 Bit	(16 X 8 bit)          RAMs := 2     
	               62 Bit	(2 X 31 bit)          RAMs := 1     
	               16 Bit	(2 X 8 bit)          RAMs := 8     
+---ROMs : 
	                    ROMs := 1     
+---Muxes : 
	   2 Input  136 Bit        Muxes := 11    
	   2 Input   80 Bit        Muxes := 1     
	   2 Input   78 Bit        Muxes := 1     
	   2 Input   74 Bit        Muxes := 12    
	   2 Input   71 Bit        Muxes := 2     
	   2 Input   68 Bit        Muxes := 6     
	   2 Input   64 Bit        Muxes := 56    
	   3 Input   64 Bit        Muxes := 4     
	   4 Input   64 Bit        Muxes := 2     
	  10 Input   64 Bit        Muxes := 1     
	   2 Input   57 Bit        Muxes := 1     
	   2 Input   56 Bit        Muxes := 1     
	   2 Input   49 Bit        Muxes := 4     
	   2 Input   48 Bit        Muxes := 8     
	   2 Input   44 Bit        Muxes := 5     
	   2 Input   41 Bit        Muxes := 1     
	   2 Input   39 Bit        Muxes := 20    
	   4 Input   39 Bit        Muxes := 4     
	   2 Input   38 Bit        Muxes := 1     
	   2 Input   37 Bit        Muxes := 1     
	   2 Input   34 Bit        Muxes := 1     
	   2 Input   33 Bit        Muxes := 5     
	   2 Input   32 Bit        Muxes := 406   
	   4 Input   32 Bit        Muxes := 9     
	   8 Input   32 Bit        Muxes := 4     
	  10 Input   32 Bit        Muxes := 4     
	   2 Input   31 Bit        Muxes := 31    
	   2 Input   30 Bit        Muxes := 2     
	   2 Input   29 Bit        Muxes := 4     
	   2 Input   28 Bit        Muxes := 4     
	   2 Input   27 Bit        Muxes := 1     
	   2 Input   26 Bit        Muxes := 3     
	   2 Input   24 Bit        Muxes := 9     
	   2 Input   22 Bit        Muxes := 5     
	   2 Input   21 Bit        Muxes := 8     
	   2 Input   20 Bit        Muxes := 1     
	   2 Input   19 Bit        Muxes := 4     
	   2 Input   18 Bit        Muxes := 1     
	   2 Input   17 Bit        Muxes := 21    
	   2 Input   16 Bit        Muxes := 7     
	   2 Input   15 Bit        Muxes := 1     
	   2 Input   14 Bit        Muxes := 22    
	   3 Input   14 Bit        Muxes := 1     
	   4 Input   14 Bit        Muxes := 1     
	   8 Input   14 Bit        Muxes := 2     
	   2 Input   13 Bit        Muxes := 11    
	   4 Input   13 Bit        Muxes := 1     
	   3 Input   13 Bit        Muxes := 1     
	   2 Input   12 Bit        Muxes := 8     
	   3 Input   11 Bit        Muxes := 1     
	   2 Input   11 Bit        Muxes := 9     
	  11 Input   11 Bit        Muxes := 1     
	   2 Input   10 Bit        Muxes := 37    
	   8 Input   10 Bit        Muxes := 1     
	   2 Input    9 Bit        Muxes := 18    
	   2 Input    8 Bit        Muxes := 233   
	   4 Input    8 Bit        Muxes := 6     
	   3 Input    8 Bit        Muxes := 9     
	  11 Input    8 Bit        Muxes := 2     
	   2 Input    7 Bit        Muxes := 4     
	   6 Input    7 Bit        Muxes := 2     
	   2 Input    6 Bit        Muxes := 84    
	   2 Input    5 Bit        Muxes := 318   
	   3 Input    5 Bit        Muxes := 1     
	   4 Input    5 Bit        Muxes := 1     
	   6 Input    5 Bit        Muxes := 1     
	   2 Input    4 Bit        Muxes := 286   
	   4 Input    4 Bit        Muxes := 9     
	  11 Input    4 Bit        Muxes := 3     
	   6 Input    4 Bit        Muxes := 1     
	   8 Input    4 Bit        Muxes := 1     
	   3 Input    3 Bit        Muxes := 9     
	   7 Input    3 Bit        Muxes := 8     
	   2 Input    3 Bit        Muxes := 240   
	   4 Input    3 Bit        Muxes := 12    
	   6 Input    3 Bit        Muxes := 4     
	  11 Input    3 Bit        Muxes := 2     
	   5 Input    3 Bit        Muxes := 1     
	   8 Input    3 Bit        Muxes := 1     
	   2 Input    2 Bit        Muxes := 350   
	   3 Input    2 Bit        Muxes := 31    
	   4 Input    2 Bit        Muxes := 10    
	  11 Input    2 Bit        Muxes := 2     
	   8 Input    2 Bit        Muxes := 4     
	   6 Input    2 Bit        Muxes := 96    
	   2 Input    1 Bit        Muxes := 1790  
	   4 Input    1 Bit        Muxes := 52    
	  11 Input    1 Bit        Muxes := 28    
	   3 Input    1 Bit        Muxes := 37    
	   7 Input    1 Bit        Muxes := 88    
	   6 Input    1 Bit        Muxes := 205   
	   8 Input    1 Bit        Muxes := 41    
	  10 Input    1 Bit        Muxes := 10    
	  13 Input    1 Bit        Muxes := 1     
---------------------------------------------------------------------------------
Finished RTL Component Statistics 
---------------------------------------------------------------------------------
---------------------------------------------------------------------------------
Start Part Resource Summary
---------------------------------------------------------------------------------
Part Resources:
DSPs: 240 (col length:80)
BRAMs: 270 (col length: RAMB18 80 RAMB36 40)
---------------------------------------------------------------------------------
Finished Part Resource Summary
---------------------------------------------------------------------------------
---------------------------------------------------------------------------------
Start Cross Boundary and Area Optimization
---------------------------------------------------------------------------------
terminate called without an active exception
terminate called without an active exception
Abnormal program termination (6)
Please check '/run/media/sackb/Windows-SSD/Users/sackb/OneDrive/Desktop/University/Course_Work/2025-2026/Spring_2026/ECE_540/ece540sp26-Final_Project/Hardware/Hardware.runs/synth_1/hs_err_pid267984.log' for details
terminate called without an active exception
terminate called without an active exception
terminate called without an active exception
terminate called without an active exception
terminate called without an active exception
terminate called without an active exception
