
*** Running vivado
    with args -log rvfpganexys.vdi -applog -m64 -product Vivado -messageDb vivado.pb -mode batch -source rvfpganexys.tcl -notrace


****** Vivado v2025.2 (64-bit)
  **** SW Build 6299465 on Fri Nov 14 12:34:56 MST 2025
  **** IP Build 6300035 on Fri Nov 14 10:48:45 MST 2025
  **** SharedData Build 6298862 on Thu Nov 13 04:50:51 MST 2025
  **** Start of session at: Thu May 28 14:31:12 2026
    ** Copyright 1986-2022 Xilinx, Inc. All Rights Reserved.
    ** Copyright 2022-2025 Advanced Micro Devices, Inc. All Rights Reserved.

source rvfpganexys.tcl -notrace
Command: link_design -top rvfpganexys -part xc7a100tcsg324-1
Design is defaulting to srcset: sources_1
Design is defaulting to constrset: constrs_1
INFO: [Device 21-403] Loading part xc7a100tcsg324-1
Netlist sorting complete. Time (s): cpu = 00:00:00.44 ; elapsed = 00:00:00.44 . Memory (MB): peak = 1813.879 ; gain = 0.000 ; free physical = 6549 ; free virtual = 13448
INFO: [Netlist 29-17] Analyzing 2211 Unisim elements for replacement
INFO: [Netlist 29-28] Unisim Transformation completed in 0 CPU seconds
INFO: [Project 1-479] Netlist was created with Vivado 2025.2
INFO: [Project 1-570] Preparing netlist for logic optimization
Parsing XDC File [/run/media/sackb/Windows-SSD/Users/sackb/OneDrive/Desktop/University/Course_Work/2025-2026/Spring_2026/ECE_540/ece540sp26-Final_Project/Hardware/Hardware.srcs/constrs_1/imports/src/rvfpganexys.xdc]
Finished Parsing XDC File [/run/media/sackb/Windows-SSD/Users/sackb/OneDrive/Desktop/University/Course_Work/2025-2026/Spring_2026/ECE_540/ece540sp26-Final_Project/Hardware/Hardware.srcs/constrs_1/imports/src/rvfpganexys.xdc]
Parsing XDC File [/run/media/sackb/Windows-SSD/Users/sackb/OneDrive/Desktop/University/Course_Work/2025-2026/Spring_2026/ECE_540/ece540sp26-Final_Project/Hardware/Hardware.srcs/constrs_1/imports/src/LiteDRAM/liteDRAM.xdc]
Finished Parsing XDC File [/run/media/sackb/Windows-SSD/Users/sackb/OneDrive/Desktop/University/Course_Work/2025-2026/Spring_2026/ECE_540/ece540sp26-Final_Project/Hardware/Hardware.srcs/constrs_1/imports/src/LiteDRAM/liteDRAM.xdc]
INFO: [Opt 31-138] Pushed 0 inverter(s) to 0 load pin(s).
Netlist sorting complete. Time (s): cpu = 00:00:00.01 ; elapsed = 00:00:00 . Memory (MB): peak = 2060.953 ; gain = 0.000 ; free physical = 6369 ; free virtual = 13278
INFO: [Project 1-111] Unisim Transformation Summary:
  A total of 442 instances were transformed.
  IOBUF => IOBUF (IBUF, OBUFT): 37 instances
  IOBUFDS => IOBUFDS (IBUFDS, INV, OBUFTDS(x2)): 2 instances
  OBUFDS => OBUFDS_DUAL_BUF (INV, OBUFDS(x2)): 1 instance 
  RAM256X1S => RAM256X1S (MUXF7(x2), MUXF8, RAMS64E(x4)): 272 instances
  RAM32M => RAM32M (RAMD32(x6), RAMS32(x2)): 55 instances
  RAM32X1D => RAM32X1D (RAMD32(x2)): 31 instances
  RAM64X1S => RAM64X1S (RAMS64E): 44 instances

7 Infos, 0 Warnings, 0 Critical Warnings and 0 Errors encountered.
link_design completed successfully
link_design: Time (s): cpu = 00:00:09 ; elapsed = 00:00:09 . Memory (MB): peak = 2060.988 ; gain = 502.930 ; free physical = 6368 ; free virtual = 13277
Command: opt_design -sweep
Attempting to get a license for feature 'Implementation' and/or device 'xc7a100t'
INFO: [Common 17-349] Got license for feature 'Implementation' and/or device 'xc7a100t'
Running DRC as a precondition to command opt_design

Starting DRC Task
INFO: [DRC 23-27] Running DRC with 8 threads
INFO: [Project 1-461] DRC finished with 0 Errors
INFO: [Project 1-462] Please refer to the DRC report (report_drc) for more information.

Time (s): cpu = 00:00:02 ; elapsed = 00:00:00.58 . Memory (MB): peak = 2138.711 ; gain = 77.723 ; free physical = 6295 ; free virtual = 13205

Starting Logic Optimization Task

Phase 1 Initialization

Phase 1.1 Core Generation And Design Setup
Phase 1.1 Core Generation And Design Setup | Checksum: 26fd8555b

Time (s): cpu = 00:00:00.06 ; elapsed = 00:00:00.06 . Memory (MB): peak = 2441.609 ; gain = 0.000 ; free physical = 5816 ; free virtual = 12990

Phase 1.2 Setup Constraints And Sort Netlist
Phase 1.2 Setup Constraints And Sort Netlist | Checksum: 26fd8555b

Time (s): cpu = 00:00:00.07 ; elapsed = 00:00:00.07 . Memory (MB): peak = 2441.609 ; gain = 0.000 ; free physical = 5816 ; free virtual = 12990
Phase 1 Initialization | Checksum: 26fd8555b

Time (s): cpu = 00:00:00.08 ; elapsed = 00:00:00.07 . Memory (MB): peak = 2441.609 ; gain = 0.000 ; free physical = 5816 ; free virtual = 12990

Phase 2 Timer Update And Timing Data Collection

Phase 2.1 Detect if minReqCache needed
Phase 2.1 Detect if minReqCache needed | Checksum: 26fd8555b

Time (s): cpu = 00:00:00.1 ; elapsed = 00:00:00.1 . Memory (MB): peak = 2457.609 ; gain = 16.000 ; free physical = 5800 ; free virtual = 12974

Phase 2.2 Timer Update
INFO: [Timing 38-35] Done setting XDC timing constraints.
INFO: [Timing 38-2] Deriving generated clocks
Phase 2.2 Timer Update | Checksum: 26fd8555b

Time (s): cpu = 00:00:07 ; elapsed = 00:00:05 . Memory (MB): peak = 2943.375 ; gain = 501.766 ; free physical = 5350 ; free virtual = 12551

Phase 2.3 Timing Data Collection
Phase 2.3 Timing Data Collection | Checksum: 26fd8555b

Time (s): cpu = 00:00:08 ; elapsed = 00:00:05 . Memory (MB): peak = 2943.375 ; gain = 501.766 ; free physical = 5336 ; free virtual = 12537
Phase 2 Timer Update And Timing Data Collection | Checksum: 26fd8555b

Time (s): cpu = 00:00:08 ; elapsed = 00:00:05 . Memory (MB): peak = 2943.375 ; gain = 501.766 ; free physical = 5336 ; free virtual = 12537

Phase 3 Sweep
INFO: [Constraints 18-11670] Building netlist checker database with flags, 0x8
Done building netlist checker database: Time (s): cpu = 00:00:00.01 ; elapsed = 00:00:00.02 . Memory (MB): peak = 2943.375 ; gain = 0.000 ; free physical = 5339 ; free virtual = 12539
Phase 3 Sweep | Checksum: 24a24094a

Time (s): cpu = 00:00:08 ; elapsed = 00:00:05 . Memory (MB): peak = 2943.375 ; gain = 501.766 ; free physical = 5308 ; free virtual = 12555
Sweep | Checksum: 24a24094a
INFO: [Opt 31-389] Phase Sweep created 2 cells and removed 2 cells
INFO: [Opt 31-1021] In phase Sweep, 24 netlist objects are constrained preventing optimization. Please run opt_design with -debug_log to get more detail. 

Phase 4 Post Processing Netlist
INFO: [Opt 31-1566] Pulled 49 inverters resulting in an inversion of 801 pins
Phase 4 Post Processing Netlist | Checksum: 27bcc75c8

Time (s): cpu = 00:00:08 ; elapsed = 00:00:05 . Memory (MB): peak = 2943.375 ; gain = 501.766 ; free physical = 5308 ; free virtual = 12555
Post Processing Netlist | Checksum: 27bcc75c8
INFO: [Opt 31-389] Phase Post Processing Netlist created 0 cells and removed 68 cells

Phase 5 Finalization

Phase 5.1 Finalizing Design Cores and Updating Shapes
Phase 5.1 Finalizing Design Cores and Updating Shapes | Checksum: 18dc9da72

Time (s): cpu = 00:00:08 ; elapsed = 00:00:06 . Memory (MB): peak = 2943.375 ; gain = 501.766 ; free physical = 5305 ; free virtual = 12553

Phase 5.2 Verifying Netlist Connectivity
Phase 5.2 Verifying Netlist Connectivity | Checksum: 18dc9da72

Time (s): cpu = 00:00:08 ; elapsed = 00:00:06 . Memory (MB): peak = 2943.375 ; gain = 501.766 ; free physical = 5305 ; free virtual = 12553
Phase 5 Finalization | Checksum: 18dc9da72

Time (s): cpu = 00:00:08 ; elapsed = 00:00:06 . Memory (MB): peak = 2943.375 ; gain = 501.766 ; free physical = 5305 ; free virtual = 12553
Opt_design Change Summary
=========================


---------------------------------------------------------------------------------------------------------------------
|  Phase                    |  #Cells created  |  #Cells Removed  |  #Constrained objects preventing optimizations  |
---------------------------------------------------------------------------------------------------------------------
|  Sweep                    |               2  |               2  |                                             24  |
|  Post Processing Netlist  |               0  |              68  |                                              0  |
---------------------------------------------------------------------------------------------------------------------


Ending Logic Optimization Task | Checksum: 18dc9da72

Time (s): cpu = 00:00:08 ; elapsed = 00:00:06 . Memory (MB): peak = 2943.375 ; gain = 501.766 ; free physical = 5305 ; free virtual = 12553
Netlist sorting complete. Time (s): cpu = 00:00:00.01 ; elapsed = 00:00:00.01 . Memory (MB): peak = 2943.375 ; gain = 0.000 ; free physical = 5305 ; free virtual = 12552
INFO: [Common 17-83] Releasing license: Implementation
19 Infos, 0 Warnings, 0 Critical Warnings and 0 Errors encountered.
opt_design completed successfully
opt_design: Time (s): cpu = 00:00:12 ; elapsed = 00:00:08 . Memory (MB): peak = 2943.375 ; gain = 882.387 ; free physical = 5305 ; free virtual = 12552
INFO: [Vivado 12-24828] Executing command : report_drc -file rvfpganexys_drc_opted.rpt -pb rvfpganexys_drc_opted.pb -rpx rvfpganexys_drc_opted.rpx
Command: report_drc -file rvfpganexys_drc_opted.rpt -pb rvfpganexys_drc_opted.pb -rpx rvfpganexys_drc_opted.rpx
INFO: [IP_Flow 19-234] Refreshing IP repositories
INFO: [IP_Flow 19-1704] No user IP repositories specified
INFO: [IP_Flow 19-2313] Loaded Vivado IP repository '/tools/Xilinx/2025.2/data/ip'.
INFO: [DRC 23-27] Running DRC with 8 threads
INFO: [Vivado_Tcl 2-168] The results of DRC are in file /run/media/sackb/Windows-SSD/Users/sackb/OneDrive/Desktop/University/Course_Work/2025-2026/Spring_2026/ECE_540/ece540sp26-Final_Project/Hardware/Hardware.runs/impl_1/rvfpganexys_drc_opted.rpt.
report_drc completed successfully
INFO: [Timing 38-480] Writing timing data to binary archive.
Wrote PlaceDB: Time (s): cpu = 00:00:00 ; elapsed = 00:00:00 . Memory (MB): peak = 2975.391 ; gain = 0.000 ; free physical = 5295 ; free virtual = 12542
Wrote PulsedLatchDB: Time (s): cpu = 00:00:00 ; elapsed = 00:00:00 . Memory (MB): peak = 2975.391 ; gain = 0.000 ; free physical = 5295 ; free virtual = 12542
Writing XDEF routing.
Writing XDEF routing logical nets.
Write ShapeDB Complete: Time (s): cpu = 00:00:00.16 ; elapsed = 00:00:00.04 . Memory (MB): peak = 2975.391 ; gain = 0.000 ; free physical = 5295 ; free virtual = 12544
Writing XDEF routing special nets.
Wrote RouteStorage: Time (s): cpu = 00:00:00.24 ; elapsed = 00:00:00.06 . Memory (MB): peak = 2975.391 ; gain = 0.000 ; free physical = 5294 ; free virtual = 12544
Wrote PlaceStorage: Time (s): cpu = 00:00:00.02 ; elapsed = 00:00:00 . Memory (MB): peak = 2975.391 ; gain = 0.000 ; free physical = 5294 ; free virtual = 12544
Wrote Netlist Cache: Time (s): cpu = 00:00:00 ; elapsed = 00:00:00 . Memory (MB): peak = 2975.391 ; gain = 0.000 ; free physical = 5294 ; free virtual = 12544
Wrote Device Cache: Time (s): cpu = 00:00:00.01 ; elapsed = 00:00:00.01 . Memory (MB): peak = 2975.391 ; gain = 0.000 ; free physical = 5294 ; free virtual = 12544
Write Physdb Complete: Time (s): cpu = 00:00:00.27 ; elapsed = 00:00:00.07 . Memory (MB): peak = 2975.391 ; gain = 0.000 ; free physical = 5294 ; free virtual = 12544
INFO: [Common 17-1381] The checkpoint '/run/media/sackb/Windows-SSD/Users/sackb/OneDrive/Desktop/University/Course_Work/2025-2026/Spring_2026/ECE_540/ece540sp26-Final_Project/Hardware/Hardware.runs/impl_1/rvfpganexys_opt.dcp' has been generated.
Command: place_design
Attempting to get a license for feature 'Implementation' and/or device 'xc7a100t'
INFO: [Common 17-349] Got license for feature 'Implementation' and/or device 'xc7a100t'
INFO: [Common 17-83] Releasing license: Implementation
INFO: [DRC 23-27] Running DRC with 8 threads
INFO: [Vivado_Tcl 4-198] DRC finished with 0 Errors
INFO: [Vivado_Tcl 4-199] Please refer to the DRC report (report_drc) for more information.
INFO: [Timing 38-35] Done setting XDC timing constraints.
Running DRC as a precondition to command place_design
INFO: [DRC 23-27] Running DRC with 8 threads
INFO: [Vivado_Tcl 4-198] DRC finished with 0 Errors, 43 Warnings
INFO: [Vivado_Tcl 4-199] Please refer to the DRC report (report_drc) for more information.
INFO: [Place 30-611] Multithreading enabled for place_design using a maximum of 8 CPUs

Starting Placer Task

Phase 1 Placer Initialization

Phase 1.1 Placer Initialization Netlist Sorting
Netlist sorting complete. Time (s): cpu = 00:00:00.01 ; elapsed = 00:00:00.01 . Memory (MB): peak = 2975.391 ; gain = 0.000 ; free physical = 5260 ; free virtual = 12516
Phase 1.1 Placer Initialization Netlist Sorting | Checksum: d8562a22

Time (s): cpu = 00:00:00.02 ; elapsed = 00:00:00.02 . Memory (MB): peak = 2975.391 ; gain = 0.000 ; free physical = 5260 ; free virtual = 12516
INFO: [Opt 31-138] Pushed 0 inverter(s) to 0 load pin(s).
Netlist sorting complete. Time (s): cpu = 00:00:00 ; elapsed = 00:00:00 . Memory (MB): peak = 2975.391 ; gain = 0.000 ; free physical = 5261 ; free virtual = 12517

Phase 1.2 IO Placement/ Clock Placement/ Build Placer Device
INFO: [Timing 38-35] Done setting XDC timing constraints.
Phase 1.2 IO Placement/ Clock Placement/ Build Placer Device | Checksum: 1e5dfc197

Time (s): cpu = 00:00:07 ; elapsed = 00:00:03 . Memory (MB): peak = 2975.391 ; gain = 0.000 ; free physical = 5289 ; free virtual = 12549

Phase 1.3 Build Placer Netlist Model
Phase 1.3 Build Placer Netlist Model | Checksum: 29ff0ee6e

Time (s): cpu = 00:00:20 ; elapsed = 00:00:08 . Memory (MB): peak = 3014.434 ; gain = 39.043 ; free physical = 5299 ; free virtual = 12563

Phase 1.4 Constrain Clocks/Macros
Phase 1.4 Constrain Clocks/Macros | Checksum: 29ff0ee6e

Time (s): cpu = 00:00:20 ; elapsed = 00:00:08 . Memory (MB): peak = 3014.434 ; gain = 39.043 ; free physical = 5299 ; free virtual = 12563
Phase 1 Placer Initialization | Checksum: 29ff0ee6e

Time (s): cpu = 00:00:20 ; elapsed = 00:00:08 . Memory (MB): peak = 3014.434 ; gain = 39.043 ; free physical = 5299 ; free virtual = 12563

Phase 2 Global Placement

Phase 2.1 Floorplanning
Phase 2.1 Floorplanning | Checksum: 2455e4820

Time (s): cpu = 00:00:27 ; elapsed = 00:00:09 . Memory (MB): peak = 3014.434 ; gain = 39.043 ; free physical = 5339 ; free virtual = 12604

Phase 2.2 Update Timing before SLR Path Opt
Phase 2.2 Update Timing before SLR Path Opt | Checksum: 28ce32224

Time (s): cpu = 00:00:33 ; elapsed = 00:00:11 . Memory (MB): peak = 3014.434 ; gain = 39.043 ; free physical = 5347 ; free virtual = 12611

Phase 2.3 Post-Processing in Floorplanning
Phase 2.3 Post-Processing in Floorplanning | Checksum: 28ce32224

Time (s): cpu = 00:00:33 ; elapsed = 00:00:11 . Memory (MB): peak = 3014.434 ; gain = 39.043 ; free physical = 5347 ; free virtual = 12611

Phase 2.4 Global Place Phase1
Phase 2.4 Global Place Phase1 | Checksum: 244448257

Time (s): cpu = 00:01:29 ; elapsed = 00:00:27 . Memory (MB): peak = 3022.438 ; gain = 47.047 ; free physical = 5206 ; free virtual = 12513

Phase 2.5 Global Place Phase2

Phase 2.5.1 UpdateTiming Before Physical Synthesis
Phase 2.5.1 UpdateTiming Before Physical Synthesis | Checksum: 2171e2ef0

Time (s): cpu = 00:01:37 ; elapsed = 00:00:29 . Memory (MB): peak = 3022.438 ; gain = 47.047 ; free physical = 5214 ; free virtual = 12521

Phase 2.5.2 Physical Synthesis In Placer
INFO: [Physopt 32-1035] Found 756 LUTNM shape to break, 775 LUT instances to create LUTNM shape
INFO: [Physopt 32-1044] Break lutnm for timing: one critical 249, two critical 507, total 756, new lutff created 6
INFO: [Physopt 32-1138] End 1 Pass. Optimized 1028 nets or LUTs. Breaked 756 LUTs, combined 272 existing LUTs and moved 0 existing LUT
INFO: [Physopt 32-65] No nets found for high-fanout optimization.
INFO: [Physopt 32-232] Optimized 0 net. Created 0 new instance.
INFO: [Physopt 32-775] End 1 Pass. Optimized 0 net or cell. Created 0 new cell, deleted 0 existing cell and moved 0 existing cell
INFO: [Physopt 32-46] Identified 33 candidate nets for critical-cell optimization.
INFO: [Physopt 32-81] Processed net swervolf/rvtop/veer/exu/i_mul/i_b_x_ff/genblock.genblock.dff/genblock.dffs/rs2_x[6]. Replicated 1 times.
INFO: [Physopt 32-81] Processed net swervolf/rvtop/veer/exu/i_mul/i_b_x_ff/genblock.genblock.dff/genblock.dffs/rs2_x[1]. Replicated 1 times.
INFO: [Physopt 32-81] Processed net swervolf/rvtop/veer/exu/i_mul/i_b_x_ff/genblock.genblock.dff/genblock.dffs/rs2_x[16]. Replicated 1 times.
INFO: [Physopt 32-81] Processed net swervolf/rvtop/veer/exu/i_mul/i_b_x_ff/genblock.genblock.dff/genblock.dffs/rs2_x[7]. Replicated 1 times.
INFO: [Physopt 32-81] Processed net swervolf/rvtop/veer/exu/i_mul/i_b_x_ff/genblock.genblock.dff/genblock.dffs/rs2_x[3]. Replicated 1 times.
INFO: [Physopt 32-81] Processed net swervolf/rvtop/veer/exu/i_mul/i_b_x_ff/genblock.genblock.dff/genblock.dffs/rs2_x[14]. Replicated 1 times.
INFO: [Physopt 32-81] Processed net swervolf/rvtop/veer/exu/i_mul/i_b_x_ff/genblock.genblock.dff/genblock.dffs/rs2_x[10]. Replicated 1 times.
INFO: [Physopt 32-232] Optimized 7 nets. Created 7 new instances.
INFO: [Physopt 32-775] End 1 Pass. Optimized 7 nets or cells. Created 7 new cells, deleted 0 existing cell and moved 0 existing cell
Netlist sorting complete. Time (s): cpu = 00:00:00.01 ; elapsed = 00:00:00.01 . Memory (MB): peak = 3022.438 ; gain = 0.000 ; free physical = 5274 ; free virtual = 12587
INFO: [Physopt 32-456] No candidate cells for DSP register optimization found in the design.
INFO: [Physopt 32-775] End 2 Pass. Optimized 0 net or cell. Created 0 new cell, deleted 0 existing cell and moved 0 existing cell
INFO: [Physopt 32-1123] No candidate cells found for Shift Register to Pipeline optimization
INFO: [Physopt 32-775] End 2 Pass. Optimized 0 net or cell. Created 0 new cell, deleted 0 existing cell and moved 0 existing cell
INFO: [Physopt 32-1401] No candidate cells found for Shift Register optimization.
INFO: [Physopt 32-677] No candidate cells for Shift Register optimization found in the design
INFO: [Physopt 32-775] End 1 Pass. Optimized 0 net or cell. Created 0 new cell, deleted 0 existing cell and moved 0 existing cell
INFO: [Physopt 32-526] No candidate cells for BRAM register optimization found in the design
INFO: [Physopt 32-775] End 1 Pass. Optimized 0 net or cell. Created 0 new cell, deleted 0 existing cell and moved 0 existing cell
INFO: [Physopt 32-846] No candidate cells for URAM register optimization found in the design
INFO: [Physopt 32-775] End 1 Pass. Optimized 0 net or cell. Created 0 new cell, deleted 0 existing cell and moved 0 existing cell
INFO: [Physopt 32-846] No candidate cells for URAM register optimization found in the design
INFO: [Physopt 32-775] End 1 Pass. Optimized 0 net or cell. Created 0 new cell, deleted 0 existing cell and moved 0 existing cell
INFO: [Physopt 32-949] No candidate nets found for dynamic/static region interface net replication
INFO: [Physopt 32-775] End 1 Pass. Optimized 0 net or cell. Created 0 new cell, deleted 0 existing cell and moved 0 existing cell
Netlist sorting complete. Time (s): cpu = 00:00:00.01 ; elapsed = 00:00:00 . Memory (MB): peak = 3022.438 ; gain = 0.000 ; free physical = 5274 ; free virtual = 12587

Summary of Physical Synthesis Optimizations
============================================


-----------------------------------------------------------------------------------------------------------------------------------------------------------
|  Optimization                                     |  Added Cells  |  Removed Cells  |  Optimized Cells/Nets  |  Dont Touch  |  Iterations  |  Elapsed   |
-----------------------------------------------------------------------------------------------------------------------------------------------------------
|  LUT Combining                                    |          756  |            272  |                  1028  |           0  |           1  |  00:00:01  |
|  Retime                                           |            0  |              0  |                     0  |           0  |           1  |  00:00:00  |
|  Very High Fanout                                 |            0  |              0  |                     0  |           0  |           1  |  00:00:00  |
|  Critical Cell                                    |            7  |              0  |                     7  |           0  |           1  |  00:00:18  |
|  DSP Register                                     |            0  |              0  |                     0  |           0  |           1  |  00:00:00  |
|  Shift Register to Pipeline                       |            0  |              0  |                     0  |           0  |           1  |  00:00:00  |
|  Shift Register                                   |            0  |              0  |                     0  |           0  |           1  |  00:00:00  |
|  BRAM Register                                    |            0  |              0  |                     0  |           0  |           1  |  00:00:00  |
|  URAM Register                                    |            0  |              0  |                     0  |           0  |           1  |  00:00:00  |
|  Dynamic/Static Region Interface Net Replication  |            0  |              0  |                     0  |           0  |           1  |  00:00:00  |
|  Total                                            |          763  |            272  |                  1035  |           0  |          10  |  00:00:19  |
-----------------------------------------------------------------------------------------------------------------------------------------------------------


Phase 2.5.2 Physical Synthesis In Placer | Checksum: 1fa9e5f58

Time (s): cpu = 00:02:03 ; elapsed = 00:00:49 . Memory (MB): peak = 3022.438 ; gain = 47.047 ; free physical = 5278 ; free virtual = 12591
Phase 2.5 Global Place Phase2 | Checksum: 14c9e2da7

Time (s): cpu = 00:02:11 ; elapsed = 00:00:53 . Memory (MB): peak = 3022.438 ; gain = 47.047 ; free physical = 5281 ; free virtual = 12594
Phase 2 Global Placement | Checksum: 14c9e2da7

Time (s): cpu = 00:02:11 ; elapsed = 00:00:53 . Memory (MB): peak = 3022.438 ; gain = 47.047 ; free physical = 5281 ; free virtual = 12594

Phase 3 Detail Placement

Phase 3.1 Commit Multi Column Macros
Phase 3.1 Commit Multi Column Macros | Checksum: 14b3b8926

Time (s): cpu = 00:02:17 ; elapsed = 00:00:54 . Memory (MB): peak = 3022.438 ; gain = 47.047 ; free physical = 5283 ; free virtual = 12597

Phase 3.2 Commit Most Macros & LUTRAMs
Phase 3.2 Commit Most Macros & LUTRAMs | Checksum: 260056d14

Time (s): cpu = 00:02:28 ; elapsed = 00:00:57 . Memory (MB): peak = 3022.438 ; gain = 47.047 ; free physical = 5283 ; free virtual = 12598

Phase 3.3 Area Swap Optimization
Phase 3.3 Area Swap Optimization | Checksum: 1fcd925e3

Time (s): cpu = 00:02:29 ; elapsed = 00:00:57 . Memory (MB): peak = 3022.438 ; gain = 47.047 ; free physical = 5283 ; free virtual = 12597

Phase 3.4 Pipeline Register Optimization
Phase 3.4 Pipeline Register Optimization | Checksum: 2204d59ea

Time (s): cpu = 00:02:29 ; elapsed = 00:00:57 . Memory (MB): peak = 3022.438 ; gain = 47.047 ; free physical = 5282 ; free virtual = 12597

Phase 3.5 Fast Optimization
Phase 3.5 Fast Optimization | Checksum: 2052ec329

Time (s): cpu = 00:02:45 ; elapsed = 00:01:02 . Memory (MB): peak = 3022.438 ; gain = 47.047 ; free physical = 5269 ; free virtual = 12583

Phase 3.6 Small Shape Detail Placement
Phase 3.6 Small Shape Detail Placement | Checksum: 16c4ada28

Time (s): cpu = 00:02:59 ; elapsed = 00:01:15 . Memory (MB): peak = 3022.438 ; gain = 47.047 ; free physical = 5277 ; free virtual = 12606

Phase 3.7 Re-assign LUT pins
Phase 3.7 Re-assign LUT pins | Checksum: 180deeed1

Time (s): cpu = 00:03:02 ; elapsed = 00:01:17 . Memory (MB): peak = 3022.438 ; gain = 47.047 ; free physical = 5279 ; free virtual = 12607

Phase 3.8 Pipeline Register Optimization
Phase 3.8 Pipeline Register Optimization | Checksum: 256b5a749

Time (s): cpu = 00:03:02 ; elapsed = 00:01:18 . Memory (MB): peak = 3022.438 ; gain = 47.047 ; free physical = 5279 ; free virtual = 12607

Phase 3.9 Fast Optimization
Phase 3.9 Fast Optimization | Checksum: 22c76de0b

Time (s): cpu = 00:03:46 ; elapsed = 00:01:28 . Memory (MB): peak = 3087.434 ; gain = 112.043 ; free physical = 5176 ; free virtual = 12504
Phase 3 Detail Placement | Checksum: 22c76de0b

Time (s): cpu = 00:03:46 ; elapsed = 00:01:28 . Memory (MB): peak = 3087.434 ; gain = 112.043 ; free physical = 5176 ; free virtual = 12504

Phase 4 Post Placement Optimization and Clean-Up

Phase 4.1 Post Commit Optimization
INFO: [Timing 38-35] Done setting XDC timing constraints.

Phase 4.1.1 Post Placement Optimization
Post Placement Optimization Initialization | Checksum: 27dd37b54

Phase 4.1.1.1 BUFG Insertion

Starting Physical Synthesis Task

Phase 1 Physical Synthesis Initialization
INFO: [Physopt 32-721] Multithreading enabled for phys_opt_design using a maximum of 8 CPUs
INFO: [Physopt 32-619] Estimated Timing Summary | WNS=-16.080 | TNS=-39426.155 |
Phase 1 Physical Synthesis Initialization | Checksum: 13adea2b4

Time (s): cpu = 00:00:01 ; elapsed = 00:00:00.38 . Memory (MB): peak = 3127.230 ; gain = 0.000 ; free physical = 5103 ; free virtual = 12434
INFO: [Place 46-33] Processed net clk_gen/o_rst_core_reg_1, BUFG insertion was skipped due to placement/routing conflicts.
INFO: [Place 46-33] Processed net clk_gen/rst_core, BUFG insertion was skipped due to placement/routing conflicts.
INFO: [Place 46-33] Processed net clk_gen/o_rst_core_reg_3, BUFG insertion was skipped due to placement/routing conflicts.
INFO: [Place 46-33] Processed net ddr2/ldc/FDPE_3_0, BUFG insertion was skipped due to placement/routing conflicts.
INFO: [Place 46-56] BUFG insertion identified 4 candidate nets. Inserted BUFG: 0, Replicated BUFG Driver: 0, Skipped due to Placement/Routing Conflicts: 4, Skipped due to Timing Degradation: 0, Skipped due to netlist editing failed: 0.
Ending Physical Synthesis Task | Checksum: 25fe5e712

Time (s): cpu = 00:00:03 ; elapsed = 00:00:01 . Memory (MB): peak = 3127.230 ; gain = 0.000 ; free physical = 5103 ; free virtual = 12433
Phase 4.1.1.1 BUFG Insertion | Checksum: 27dd37b54

Time (s): cpu = 00:04:08 ; elapsed = 00:01:33 . Memory (MB): peak = 3127.230 ; gain = 151.840 ; free physical = 5103 ; free virtual = 12433

Phase 4.1.1.2 Post Placement Timing Optimization
INFO: [Place 30-746] Post Placement Timing Summary WNS=-11.373. For the most accurate timing information please run report_timing.
Phase 4.1.1.2 Post Placement Timing Optimization | Checksum: 2df44c711

Time (s): cpu = 00:04:57 ; elapsed = 00:01:56 . Memory (MB): peak = 3127.230 ; gain = 151.840 ; free physical = 5114 ; free virtual = 12447

Time (s): cpu = 00:04:57 ; elapsed = 00:01:56 . Memory (MB): peak = 3127.230 ; gain = 151.840 ; free physical = 5114 ; free virtual = 12447
Phase 4.1 Post Commit Optimization | Checksum: 2df44c711

Time (s): cpu = 00:04:57 ; elapsed = 00:01:56 . Memory (MB): peak = 3127.230 ; gain = 151.840 ; free physical = 5114 ; free virtual = 12447

Phase 4.2 Post Placement Cleanup
Phase 4.2 Post Placement Cleanup | Checksum: 2df44c711

Time (s): cpu = 00:04:57 ; elapsed = 00:01:56 . Memory (MB): peak = 3127.230 ; gain = 151.840 ; free physical = 5114 ; free virtual = 12447

Phase 4.3 Placer Reporting

Phase 4.3.1 Print Estimated Congestion
INFO: [Place 30-612] Post-Placement Estimated Congestion 
 ____________________________________________________
|           | Global Congestion | Short Congestion  |
| Direction | Region Size       | Region Size       |
|___________|___________________|___________________|
|      North|                1x1|                4x4|
|___________|___________________|___________________|
|      South|                1x1|                4x4|
|___________|___________________|___________________|
|       East|                2x2|                4x4|
|___________|___________________|___________________|
|       West|                2x2|                2x2|
|___________|___________________|___________________|

Phase 4.3.1 Print Estimated Congestion | Checksum: 2df44c711

Time (s): cpu = 00:04:57 ; elapsed = 00:01:56 . Memory (MB): peak = 3127.230 ; gain = 151.840 ; free physical = 5114 ; free virtual = 12447
Phase 4.3 Placer Reporting | Checksum: 2df44c711

Time (s): cpu = 00:04:58 ; elapsed = 00:01:56 . Memory (MB): peak = 3127.230 ; gain = 151.840 ; free physical = 5113 ; free virtual = 12446

Phase 4.4 Final Placement Cleanup
Netlist sorting complete. Time (s): cpu = 00:00:00.01 ; elapsed = 00:00:00.01 . Memory (MB): peak = 3127.230 ; gain = 0.000 ; free physical = 5113 ; free virtual = 12446

Time (s): cpu = 00:04:58 ; elapsed = 00:01:56 . Memory (MB): peak = 3127.230 ; gain = 151.840 ; free physical = 5113 ; free virtual = 12446
Phase 4 Post Placement Optimization and Clean-Up | Checksum: 2eace30df

Time (s): cpu = 00:04:58 ; elapsed = 00:01:56 . Memory (MB): peak = 3127.230 ; gain = 151.840 ; free physical = 5113 ; free virtual = 12446
Ending Placer Task | Checksum: 220b438b5

Time (s): cpu = 00:04:58 ; elapsed = 00:01:56 . Memory (MB): peak = 3127.230 ; gain = 151.840 ; free physical = 5114 ; free virtual = 12447
80 Infos, 0 Warnings, 0 Critical Warnings and 0 Errors encountered.
place_design completed successfully
place_design: Time (s): cpu = 00:05:03 ; elapsed = 00:01:58 . Memory (MB): peak = 3127.230 ; gain = 151.840 ; free physical = 5114 ; free virtual = 12447
INFO: [Vivado 12-24838] Running report commands "report_control_sets, report_io, report_utilization" in parallel.
Running report generation with 3 threads.
INFO: [Vivado 12-24828] Executing command : report_control_sets -verbose -file rvfpganexys_control_sets_placed.rpt
report_control_sets: Time (s): cpu = 00:00:00.24 ; elapsed = 00:00:00.14 . Memory (MB): peak = 3127.230 ; gain = 0.000 ; free physical = 5101 ; free virtual = 12434
INFO: [Vivado 12-24828] Executing command : report_io -file rvfpganexys_io_placed.rpt
report_io: Time (s): cpu = 00:00:00.28 ; elapsed = 00:00:00.16 . Memory (MB): peak = 3127.230 ; gain = 0.000 ; free physical = 5101 ; free virtual = 12434
INFO: [Vivado 12-24828] Executing command : report_utilization -file rvfpganexys_utilization_placed.rpt -pb rvfpganexys_utilization_placed.pb
INFO: [Timing 38-480] Writing timing data to binary archive.
Wrote PlaceDB: Time (s): cpu = 00:00:00 ; elapsed = 00:00:00 . Memory (MB): peak = 3127.230 ; gain = 0.000 ; free physical = 5101 ; free virtual = 12434
Wrote PulsedLatchDB: Time (s): cpu = 00:00:00 ; elapsed = 00:00:00 . Memory (MB): peak = 3127.230 ; gain = 0.000 ; free physical = 5101 ; free virtual = 12434
Writing XDEF routing.
Writing XDEF routing logical nets.
Writing XDEF routing special nets.
Wrote RouteStorage: Time (s): cpu = 00:00:00.27 ; elapsed = 00:00:00.06 . Memory (MB): peak = 3127.230 ; gain = 0.000 ; free physical = 5097 ; free virtual = 12434
Write ShapeDB Complete: Time (s): cpu = 00:00:00.28 ; elapsed = 00:00:00.06 . Memory (MB): peak = 3127.230 ; gain = 0.000 ; free physical = 5097 ; free virtual = 12434
Wrote PlaceStorage: Time (s): cpu = 00:00:04 ; elapsed = 00:00:01 . Memory (MB): peak = 3127.230 ; gain = 0.000 ; free physical = 5048 ; free virtual = 12430
Wrote Netlist Cache: Time (s): cpu = 00:00:00.12 ; elapsed = 00:00:00.04 . Memory (MB): peak = 3127.230 ; gain = 0.000 ; free physical = 5040 ; free virtual = 12425
Wrote Device Cache: Time (s): cpu = 00:00:00.02 ; elapsed = 00:00:00 . Memory (MB): peak = 3127.230 ; gain = 0.000 ; free physical = 5040 ; free virtual = 12426
Write Physdb Complete: Time (s): cpu = 00:00:04 ; elapsed = 00:00:01 . Memory (MB): peak = 3127.230 ; gain = 0.000 ; free physical = 5040 ; free virtual = 12426
INFO: [Common 17-1381] The checkpoint '/run/media/sackb/Windows-SSD/Users/sackb/OneDrive/Desktop/University/Course_Work/2025-2026/Spring_2026/ECE_540/ece540sp26-Final_Project/Hardware/Hardware.runs/impl_1/rvfpganexys_placed.dcp' has been generated.
Command: phys_opt_design
Attempting to get a license for feature 'Implementation' and/or device 'xc7a100t'
INFO: [Common 17-349] Got license for feature 'Implementation' and/or device 'xc7a100t'

Starting Initial Update Timing Task

Time (s): cpu = 00:00:19 ; elapsed = 00:00:03 . Memory (MB): peak = 3127.230 ; gain = 0.000 ; free physical = 5066 ; free virtual = 12423
INFO: [Vivado_Tcl 4-1435] PhysOpt_Tcl_Interface Runtime Before Starting Physical Synthesis Task | CPU: 19.57s |  WALL: 3.32s
Netlist sorting complete. Time (s): cpu = 00:00:00 ; elapsed = 00:00:00.01 . Memory (MB): peak = 3127.230 ; gain = 0.000 ; free physical = 5065 ; free virtual = 12423

Starting Physical Synthesis Task

Phase 1 Physical Synthesis Initialization
INFO: [Physopt 32-721] Multithreading enabled for phys_opt_design using a maximum of 8 CPUs
INFO: [Physopt 32-619] Estimated Timing Summary | WNS=-11.360 | TNS=-25501.507 |
Phase 1 Physical Synthesis Initialization | Checksum: 958fcea1

Time (s): cpu = 00:00:04 ; elapsed = 00:00:02 . Memory (MB): peak = 3127.230 ; gain = 0.000 ; free physical = 5054 ; free virtual = 12414
INFO: [Physopt 32-619] Estimated Timing Summary | WNS=-11.360 | TNS=-25501.507 |

Phase 2 DSP Register Optimization
INFO: [Physopt 32-456] No candidate cells for DSP register optimization found in the design.
INFO: [Physopt 32-775] End 2 Pass. Optimized 0 net or cell. Created 0 new cell, deleted 0 existing cell and moved 0 existing cell
Phase 2 DSP Register Optimization | Checksum: 958fcea1

Time (s): cpu = 00:00:05 ; elapsed = 00:00:02 . Memory (MB): peak = 3127.230 ; gain = 0.000 ; free physical = 5057 ; free virtual = 12417

Phase 3 Critical Path Optimization
INFO: [Physopt 32-619] Estimated Timing Summary | WNS=-11.360 | TNS=-25501.507 |
INFO: [Physopt 32-702] Processed net swervolf/rvtop/veer/exu/i_mul/i_bitmanip_ff/genblock.genblock.dff/genblock.dffs/p_3_in[0]. Optimizations did not improve timing on the net.
INFO: [Physopt 32-702] Processed net clk_gen/clk_core. Optimizations did not improve timing on the net.
INFO: [Physopt 32-710] Processed net swervolf/rvtop/veer/dbg/dmcommand_reg/genblock.genblock.dff/genblock.dffs/p_0_in100_out[0]. Critical path length was reduced through logic transformation on cell swervolf/rvtop/veer/dbg/dmcommand_reg/genblock.genblock.dff/genblock.dffs/dout[0]_i_1__360_comp.
INFO: [Physopt 32-735] Processed net swervolf/rvtop/veer/exu/dout_reg[1]_24. Optimization improves timing on the net.
INFO: [Physopt 32-619] Estimated Timing Summary | WNS=-11.356 | TNS=-25501.417 |
INFO: [Physopt 32-702] Processed net swervolf/rvtop/veer/exu/i_mul/i_bitmanip_ff/genblock.genblock.dff/genblock.dffs/p_3_in[27]. Optimizations did not improve timing on the net.
INFO: [Physopt 32-710] Processed net swervolf/rvtop/veer/dbg/dmcommand_reg/genblock.genblock.dff/genblock.dffs/p_0_in100_out[22]. Critical path length was reduced through logic transformation on cell swervolf/rvtop/veer/dbg/dmcommand_reg/genblock.genblock.dff/genblock.dffs/dout[27]_i_1__63_comp.
INFO: [Physopt 32-735] Processed net swervolf/rvtop/veer/dbg/dmcommand_reg/genblock.genblock.dff/genblock.dffs/dout[27]_i_2__11_n_0. Optimization improves timing on the net.
INFO: [Physopt 32-619] Estimated Timing Summary | WNS=-11.340 | TNS=-25501.400 |
INFO: [Physopt 32-134] Processed net swervolf/rvtop/veer/dbg/dmcommand_reg/genblock.genblock.dff/genblock.dffs/dout[27]_i_5__6_n_0. Rewiring did not optimize the net.
INFO: [Physopt 32-702] Processed net swervolf/rvtop/veer/dbg/dmcommand_reg/genblock.genblock.dff/genblock.dffs/dout[27]_i_5__6_n_0. Optimizations did not improve timing on the net.
INFO: [Physopt 32-710] Processed net swervolf/rvtop/veer/dbg/dmcommand_reg/genblock.genblock.dff/genblock.dffs/dout[27]_i_5__6_n_0. Critical path length was reduced through logic transformation on cell swervolf/rvtop/veer/dbg/dmcommand_reg/genblock.genblock.dff/genblock.dffs/dout[27]_i_5__6_comp.
INFO: [Physopt 32-735] Processed net swervolf/rvtop/veer/exu/i___452_i_3. Optimization improves timing on the net.
INFO: [Physopt 32-619] Estimated Timing Summary | WNS=-11.336 | TNS=-25500.975 |
INFO: [Physopt 32-702] Processed net swervolf/rvtop/veer/exu/i_mul/i_bitmanip_ff/genblock.genblock.dff/genblock.dffs/p_3_in[25]. Optimizations did not improve timing on the net.
INFO: [Physopt 32-710] Processed net swervolf/rvtop/veer/dec/decode/i0_x_c_ff/genblock.dffs/p_0_in100_out[4]. Critical path length was reduced through logic transformation on cell swervolf/rvtop/veer/dec/decode/i0_x_c_ff/genblock.dffs/dout[25]_i_1__66_comp.
INFO: [Physopt 32-735] Processed net swervolf/rvtop/veer/dbg/dmcommand_reg/genblock.genblock.dff/genblock.dffs/i___190_i_1_3. Optimization improves timing on the net.
INFO: [Physopt 32-619] Estimated Timing Summary | WNS=-11.331 | TNS=-25500.831 |
INFO: [Physopt 32-702] Processed net swervolf/rvtop/veer/exu/i_mul/i_bitmanip_ff/genblock.genblock.dff/genblock.dffs/p_3_in[30]. Optimizations did not improve timing on the net.
INFO: [Physopt 32-663] Processed net swervolf/rvtop/veer/dbg/dmcommand_reg/genblock.genblock.dff/genblock.dffs/dout[30]_i_3__5_n_0.  Re-placed instance swervolf/rvtop/veer/dbg/dmcommand_reg/genblock.genblock.dff/genblock.dffs/dout[30]_i_3__5
INFO: [Physopt 32-735] Processed net swervolf/rvtop/veer/dbg/dmcommand_reg/genblock.genblock.dff/genblock.dffs/dout[30]_i_3__5_n_0. Optimization improves timing on the net.
INFO: [Physopt 32-619] Estimated Timing Summary | WNS=-11.325 | TNS=-25500.818 |
INFO: [Physopt 32-702] Processed net swervolf/rvtop/veer/exu/i_mul/i_bitmanip_ff/genblock.genblock.dff/genblock.dffs/p_3_in[23]. Optimizations did not improve timing on the net.
INFO: [Physopt 32-710] Processed net swervolf/rvtop/veer/dec/decode/i0_x_c_ff/genblock.dffs/p_0_in100_out[2]. Critical path length was reduced through logic transformation on cell swervolf/rvtop/veer/dec/decode/i0_x_c_ff/genblock.dffs/dout[23]_i_1__69_comp.
INFO: [Physopt 32-735] Processed net swervolf/rvtop/veer/dbg/dmcommand_reg/genblock.genblock.dff/genblock.dffs/i___190_i_1_1. Optimization improves timing on the net.
INFO: [Physopt 32-619] Estimated Timing Summary | WNS=-11.319 | TNS=-25500.554 |
INFO: [Physopt 32-710] Processed net swervolf/rvtop/veer/dbg/dmcommand_reg/genblock.genblock.dff/genblock.dffs/p_0_in100_out[25]. Critical path length was reduced through logic transformation on cell swervolf/rvtop/veer/dbg/dmcommand_reg/genblock.genblock.dff/genblock.dffs/dout[30]_i_1__69_comp.
INFO: [Physopt 32-735] Processed net swervolf/rvtop/veer/dbg/dmcommand_reg/genblock.genblock.dff/genblock.dffs/dout[30]_i_3__5_n_0. Optimization improves timing on the net.
INFO: [Physopt 32-619] Estimated Timing Summary | WNS=-11.313 | TNS=-25500.263 |
INFO: [Physopt 32-702] Processed net swervolf/rvtop/veer/exu/i_mul/i_bitmanip_ff/genblock.genblock.dff/genblock.dffs/p_3_in[19]. Optimizations did not improve timing on the net.
INFO: [Physopt 32-710] Processed net swervolf/rvtop/veer/dec/decode/i0_x_c_ff/genblock.dffs/p_0_in100_out[0]. Critical path length was reduced through logic transformation on cell swervolf/rvtop/veer/dec/decode/i0_x_c_ff/genblock.dffs/dout[19]_i_1__71_comp.
INFO: [Physopt 32-735] Processed net swervolf/rvtop/veer/dbg/dmcommand_reg/genblock.genblock.dff/genblock.dffs/i___39_i_1. Optimization improves timing on the net.
INFO: [Physopt 32-619] Estimated Timing Summary | WNS=-11.306 | TNS=-25500.061 |
INFO: [Physopt 32-702] Processed net swervolf/rvtop/veer/exu/i_mul/i_bitmanip_ff/genblock.genblock.dff/genblock.dffs/p_3_in[31]. Optimizations did not improve timing on the net.
INFO: [Physopt 32-710] Processed net swervolf/rvtop/veer/dbg/dmcommand_reg/genblock.genblock.dff/genblock.dffs/p_0_in100_out[26]. Critical path length was reduced through logic transformation on cell swervolf/rvtop/veer/dbg/dmcommand_reg/genblock.genblock.dff/genblock.dffs/dout[31]_i_1__71_comp.
INFO: [Physopt 32-735] Processed net swervolf/rvtop/veer/dbg/dmcommand_reg/genblock.genblock.dff/genblock.dffs/dout[31]_i_4__44_n_0. Optimization improves timing on the net.
INFO: [Physopt 32-619] Estimated Timing Summary | WNS=-11.304 | TNS=-25499.519 |
INFO: [Physopt 32-663] Processed net swervolf/rvtop/veer/dec/tlu/mhpmc6h_ff/genblock.genblock.dff/genblock.dffs/dout_reg[31]_0[24].  Re-placed instance swervolf/rvtop/veer/dec/tlu/mhpmc6h_ff/genblock.genblock.dff/genblock.dffs/dout_reg[27]
INFO: [Physopt 32-735] Processed net swervolf/rvtop/veer/dec/tlu/mhpmc6h_ff/genblock.genblock.dff/genblock.dffs/dout_reg[31]_0[24]. Optimization improves timing on the net.
INFO: [Physopt 32-619] Estimated Timing Summary | WNS=-11.304 | TNS=-25499.225 |
INFO: [Physopt 32-663] Processed net swervolf/rvtop/veer/dec/tlu/mhpmc6h_ff/genblock.genblock.dff/genblock.dffs/dout_reg[31]_0[6].  Re-placed instance swervolf/rvtop/veer/dec/tlu/mhpmc6h_ff/genblock.genblock.dff/genblock.dffs/dout_reg[7]
INFO: [Physopt 32-735] Processed net swervolf/rvtop/veer/dec/tlu/mhpmc6h_ff/genblock.genblock.dff/genblock.dffs/dout_reg[31]_0[6]. Optimization improves timing on the net.
INFO: [Physopt 32-619] Estimated Timing Summary | WNS=-11.304 | TNS=-25498.930 |
INFO: [Physopt 32-663] Processed net swervolf/rvtop/veer/dec/tlu/mhpmc6h_ff/genblock.genblock.dff/genblock.dffs/dout_reg[31]_0[8].  Re-placed instance swervolf/rvtop/veer/dec/tlu/mhpmc6h_ff/genblock.genblock.dff/genblock.dffs/dout_reg[9]
INFO: [Physopt 32-735] Processed net swervolf/rvtop/veer/dec/tlu/mhpmc6h_ff/genblock.genblock.dff/genblock.dffs/dout_reg[31]_0[8]. Optimization improves timing on the net.
INFO: [Physopt 32-619] Estimated Timing Summary | WNS=-11.256 | TNS=-25498.635 |
INFO: [Physopt 32-702] Processed net swervolf/rvtop/veer/exu/i_mul/i_bitmanip_ff/genblock.genblock.dff/genblock.dffs/p_3_in[26]. Optimizations did not improve timing on the net.
INFO: [Physopt 32-702] Processed net swervolf/rvtop/veer/dbg/dmcommand_reg/genblock.genblock.dff/genblock.dffs/dout[26]_i_2__13_n_0. Optimizations did not improve timing on the net.
INFO: [Physopt 32-710] Processed net swervolf/rvtop/veer/dbg/dmcommand_reg/genblock.genblock.dff/genblock.dffs/dout[26]_i_2__13_n_0. Critical path length was reduced through logic transformation on cell swervolf/rvtop/veer/dbg/dmcommand_reg/genblock.genblock.dff/genblock.dffs/dout[26]_i_2__13_comp.
INFO: [Physopt 32-735] Processed net swervolf/rvtop/veer/exu/i___452_i_3. Optimization improves timing on the net.
INFO: [Physopt 32-619] Estimated Timing Summary | WNS=-11.255 | TNS=-25498.173 |
INFO: [Physopt 32-702] Processed net swervolf/rvtop/veer/exu/i_mul/i_bitmanip_ff/genblock.genblock.dff/genblock.dffs/p_3_in[10]. Optimizations did not improve timing on the net.
INFO: [Physopt 32-710] Processed net swervolf/rvtop/veer/dbg/dmcommand_reg/genblock.genblock.dff/genblock.dffs/p_0_in100_out[10]. Critical path length was reduced through logic transformation on cell swervolf/rvtop/veer/dbg/dmcommand_reg/genblock.genblock.dff/genblock.dffs/dout[10]_i_1__81_comp.
INFO: [Physopt 32-735] Processed net swervolf/rvtop/veer/exu/i___461_i_1. Optimization improves timing on the net.
INFO: [Physopt 32-619] Estimated Timing Summary | WNS=-11.246 | TNS=-25497.682 |
INFO: [Physopt 32-710] Processed net swervolf/rvtop/veer/dbg/dmcommand_reg/genblock.genblock.dff/genblock.dffs/p_0_in100_out[0]. Critical path length was reduced through logic transformation on cell swervolf/rvtop/veer/dbg/dmcommand_reg/genblock.genblock.dff/genblock.dffs/dout[0]_i_1__360_comp_1.
INFO: [Physopt 32-735] Processed net swervolf/rvtop/veer/exu/i___463_i_1. Optimization improves timing on the net.
INFO: [Physopt 32-619] Estimated Timing Summary | WNS=-11.239 | TNS=-25496.885 |
INFO: [Physopt 32-702] Processed net swervolf/rvtop/veer/exu/i_mul/i_bitmanip_ff/genblock.genblock.dff/genblock.dffs/p_3_in[16]. Optimizations did not improve timing on the net.
INFO: [Physopt 32-710] Processed net swervolf/rvtop/veer/dbg/dmcommand_reg/genblock.genblock.dff/genblock.dffs/p_0_in100_out[16]. Critical path length was reduced through logic transformation on cell swervolf/rvtop/veer/dbg/dmcommand_reg/genblock.genblock.dff/genblock.dffs/dout[16]_i_1__76_comp.
INFO: [Physopt 32-735] Processed net swervolf/rvtop/veer/dbg/dmcommand_reg/genblock.genblock.dff/genblock.dffs/dout[16]_i_2__12_n_0. Optimization improves timing on the net.
INFO: [Physopt 32-619] Estimated Timing Summary | WNS=-11.236 | TNS=-25496.434 |
INFO: [Physopt 32-702] Processed net swervolf/rvtop/veer/exu/i_mul/i_bitmanip_ff/genblock.genblock.dff/genblock.dffs/p_3_in[8]. Optimizations did not improve timing on the net.
INFO: [Physopt 32-663] Processed net swervolf/rvtop/veer/exu/i___190_i_2.  Re-placed instance swervolf/rvtop/veer/exu/i___691
INFO: [Physopt 32-735] Processed net swervolf/rvtop/veer/exu/i___190_i_2. Optimization improves timing on the net.
INFO: [Physopt 32-619] Estimated Timing Summary | WNS=-11.227 | TNS=-25496.425 |
INFO: [Physopt 32-710] Processed net swervolf/rvtop/veer/dbg/dmcommand_reg/genblock.genblock.dff/genblock.dffs/p_0_in100_out[8]. Critical path length was reduced through logic transformation on cell swervolf/rvtop/veer/dbg/dmcommand_reg/genblock.genblock.dff/genblock.dffs/dout[8]_i_1__92_comp.
INFO: [Physopt 32-735] Processed net swervolf/rvtop/veer/exu/i___190_i_2. Optimization improves timing on the net.
INFO: [Physopt 32-619] Estimated Timing Summary | WNS=-11.225 | TNS=-25496.271 |
INFO: [Physopt 32-702] Processed net swervolf/rvtop/veer/exu/i_mul/i_bitmanip_ff/genblock.genblock.dff/genblock.dffs/p_3_in[20]. Optimizations did not improve timing on the net.
INFO: [Physopt 32-710] Processed net swervolf/rvtop/veer/dbg/dmcommand_reg/genblock.genblock.dff/genblock.dffs/p_0_in100_out[19]. Critical path length was reduced through logic transformation on cell swervolf/rvtop/veer/dbg/dmcommand_reg/genblock.genblock.dff/genblock.dffs/dout[20]_i_1__70_comp.
INFO: [Physopt 32-735] Processed net swervolf/rvtop/veer/dbg/dmcommand_reg/genblock.genblock.dff/genblock.dffs/dout[20]_i_2__11_n_0. Optimization improves timing on the net.
INFO: [Physopt 32-619] Estimated Timing Summary | WNS=-11.215 | TNS=-25495.658 |
INFO: [Physopt 32-702] Processed net swervolf/rvtop/veer/exu/i_mul/i_bitmanip_ff/genblock.genblock.dff/genblock.dffs/p_3_in[24]. Optimizations did not improve timing on the net.
INFO: [Physopt 32-710] Processed net swervolf/rvtop/veer/dec/decode/i0_x_c_ff/genblock.dffs/p_0_in100_out[3]. Critical path length was reduced through logic transformation on cell swervolf/rvtop/veer/dec/decode/i0_x_c_ff/genblock.dffs/dout[24]_i_1__67_comp.
INFO: [Physopt 32-735] Processed net swervolf/rvtop/veer/dbg/dmcommand_reg/genblock.genblock.dff/genblock.dffs/i___190_i_1_2. Optimization improves timing on the net.
INFO: [Physopt 32-619] Estimated Timing Summary | WNS=-11.213 | TNS=-25495.359 |
INFO: [Physopt 32-702] Processed net swervolf/rvtop/veer/exu/i_mul/i_bitmanip_ff/genblock.genblock.dff/genblock.dffs/p_3_in[29]. Optimizations did not improve timing on the net.
INFO: [Physopt 32-710] Processed net swervolf/rvtop/veer/dbg/dmcommand_reg/genblock.genblock.dff/genblock.dffs/p_0_in100_out[24]. Critical path length was reduced through logic transformation on cell swervolf/rvtop/veer/dbg/dmcommand_reg/genblock.genblock.dff/genblock.dffs/dout[29]_i_1__66_comp.
INFO: [Physopt 32-735] Processed net swervolf/rvtop/veer/dbg/dmcommand_reg/genblock.genblock.dff/genblock.dffs/dout[29]_i_3__3_n_0. Optimization improves timing on the net.
INFO: [Physopt 32-619] Estimated Timing Summary | WNS=-11.199 | TNS=-25495.039 |
INFO: [Physopt 32-702] Processed net swervolf/rvtop/veer/exu/i_mul/i_bitmanip_ff/genblock.genblock.dff/genblock.dffs/p_3_in[28]. Optimizations did not improve timing on the net.
INFO: [Physopt 32-710] Processed net swervolf/rvtop/veer/dbg/dmcommand_reg/genblock.genblock.dff/genblock.dffs/p_0_in100_out[23]. Critical path length was reduced through logic transformation on cell swervolf/rvtop/veer/dbg/dmcommand_reg/genblock.genblock.dff/genblock.dffs/dout[28]_i_1__61_comp.
INFO: [Physopt 32-735] Processed net swervolf/rvtop/veer/dbg/dmcommand_reg/genblock.genblock.dff/genblock.dffs/dout[28]_i_3__5_n_0. Optimization improves timing on the net.
INFO: [Physopt 32-619] Estimated Timing Summary | WNS=-11.195 | TNS=-25495.008 |
INFO: [Physopt 32-702] Processed net swervolf/rvtop/veer/exu/i_mul/i_bitmanip_ff/genblock.genblock.dff/genblock.dffs/p_3_in[13]. Optimizations did not improve timing on the net.
INFO: [Physopt 32-663] Processed net swervolf/rvtop/veer/exu/dout_reg[1]_33.  Re-placed instance swervolf/rvtop/veer/exu/i___203
INFO: [Physopt 32-735] Processed net swervolf/rvtop/veer/exu/dout_reg[1]_33. Optimization improves timing on the net.
INFO: [Physopt 32-619] Estimated Timing Summary | WNS=-11.194 | TNS=-25494.948 |
INFO: [Physopt 32-710] Processed net swervolf/rvtop/veer/dec/decode/i0_x_c_ff/genblock.dffs/p_0_in100_out[4]. Critical path length was reduced through logic transformation on cell swervolf/rvtop/veer/dec/decode/i0_x_c_ff/genblock.dffs/dout[25]_i_1__66_comp_1.
INFO: [Physopt 32-735] Processed net swervolf/rvtop/veer/dbg/dmcommand_reg/genblock.genblock.dff/genblock.dffs/dout[25]_i_6__7_n_0. Optimization improves timing on the net.
INFO: [Physopt 32-619] Estimated Timing Summary | WNS=-11.173 | TNS=-25494.928 |
INFO: [Physopt 32-663] Processed net swervolf/rvtop/veer/dbg/dmcommand_reg/genblock.genblock.dff/genblock.dffs/i___190_i_1_3.  Re-placed instance swervolf/rvtop/veer/dbg/dmcommand_reg/genblock.genblock.dff/genblock.dffs/dout[25]_i_2__11_comp_1
INFO: [Physopt 32-735] Processed net swervolf/rvtop/veer/dbg/dmcommand_reg/genblock.genblock.dff/genblock.dffs/i___190_i_1_3. Optimization improves timing on the net.
INFO: [Physopt 32-619] Estimated Timing Summary | WNS=-11.168 | TNS=-25494.752 |
INFO: [Physopt 32-702] Processed net swervolf/rvtop/veer/exu/i_mul/i_bitmanip_ff/genblock.genblock.dff/genblock.dffs/p_3_in[12]. Optimizations did not improve timing on the net.
INFO: [Physopt 32-710] Processed net swervolf/rvtop/veer/dbg/dmcommand_reg/genblock.genblock.dff/genblock.dffs/p_0_in100_out[12]. Critical path length was reduced through logic transformation on cell swervolf/rvtop/veer/dbg/dmcommand_reg/genblock.genblock.dff/genblock.dffs/dout[12]_i_1__78_comp.
INFO: [Physopt 32-735] Processed net swervolf/rvtop/veer/exu/i___202_i_1_0. Optimization improves timing on the net.
INFO: [Physopt 32-619] Estimated Timing Summary | WNS=-11.168 | TNS=-25494.501 |
INFO: [Physopt 32-702] Processed net swervolf/rvtop/veer/dbg/dmcommand_reg/genblock.genblock.dff/genblock.dffs/dout[28]_i_7__6_n_0. Optimizations did not improve timing on the net.
INFO: [Physopt 32-710] Processed net swervolf/rvtop/veer/dbg/dmcommand_reg/genblock.genblock.dff/genblock.dffs/dout[28]_i_7__6_n_0. Critical path length was reduced through logic transformation on cell swervolf/rvtop/veer/dbg/dmcommand_reg/genblock.genblock.dff/genblock.dffs/dout[28]_i_7__6_comp.
INFO: [Physopt 32-735] Processed net swervolf/rvtop/veer/exu/i___452_i_3. Optimization improves timing on the net.
INFO: [Physopt 32-619] Estimated Timing Summary | WNS=-11.161 | TNS=-25494.111 |
INFO: [Physopt 32-663] Processed net swervolf/rvtop/veer/dec/tlu/mhpmc4h_ff/genblock.genblock.dff/genblock.dffs/dout_reg[31]_0[21].  Re-placed instance swervolf/rvtop/veer/dec/tlu/mhpmc4h_ff/genblock.genblock.dff/genblock.dffs/dout_reg[25]
INFO: [Physopt 32-735] Processed net swervolf/rvtop/veer/dec/tlu/mhpmc4h_ff/genblock.genblock.dff/genblock.dffs/dout_reg[31]_0[21]. Optimization improves timing on the net.
INFO: [Physopt 32-619] Estimated Timing Summary | WNS=-11.160 | TNS=-25493.333 |
INFO: [Physopt 32-663] Processed net swervolf/rvtop/veer/dec/tlu/mhpmc4h_ff/genblock.genblock.dff/genblock.dffs/dout_reg[31]_0[17].  Re-placed instance swervolf/rvtop/veer/dec/tlu/mhpmc4h_ff/genblock.genblock.dff/genblock.dffs/dout_reg[21]
INFO: [Physopt 32-735] Processed net swervolf/rvtop/veer/dec/tlu/mhpmc4h_ff/genblock.genblock.dff/genblock.dffs/dout_reg[31]_0[17]. Optimization improves timing on the net.
INFO: [Physopt 32-619] Estimated Timing Summary | WNS=-11.160 | TNS=-25492.554 |
INFO: [Physopt 32-663] Processed net swervolf/rvtop/veer/dec/tlu/mhpmc4h_ff/genblock.genblock.dff/genblock.dffs/dout_reg[31]_0[22].  Re-placed instance swervolf/rvtop/veer/dec/tlu/mhpmc4h_ff/genblock.genblock.dff/genblock.dffs/dout_reg[26]
INFO: [Physopt 32-735] Processed net swervolf/rvtop/veer/dec/tlu/mhpmc4h_ff/genblock.genblock.dff/genblock.dffs/dout_reg[31]_0[22]. Optimization improves timing on the net.
INFO: [Physopt 32-619] Estimated Timing Summary | WNS=-11.147 | TNS=-25491.776 |
INFO: [Physopt 32-663] Processed net swervolf/rvtop/veer/dec/tlu/mhpmc6_ff/genblock.genblock.dff/genblock.dffs/dout_reg[31]_0[19].  Re-placed instance swervolf/rvtop/veer/dec/tlu/mhpmc6_ff/genblock.genblock.dff/genblock.dffs/dout_reg[19]
INFO: [Physopt 32-735] Processed net swervolf/rvtop/veer/dec/tlu/mhpmc6_ff/genblock.genblock.dff/genblock.dffs/dout_reg[31]_0[19]. Optimization improves timing on the net.
INFO: [Physopt 32-619] Estimated Timing Summary | WNS=-11.147 | TNS=-25491.632 |
INFO: [Physopt 32-663] Processed net swervolf/rvtop/veer/dec/tlu/mhpmc6_ff/genblock.genblock.dff/genblock.dffs/dout_reg[31]_0[2].  Re-placed instance swervolf/rvtop/veer/dec/tlu/mhpmc6_ff/genblock.genblock.dff/genblock.dffs/dout_reg[2]
INFO: [Physopt 32-735] Processed net swervolf/rvtop/veer/dec/tlu/mhpmc6_ff/genblock.genblock.dff/genblock.dffs/dout_reg[31]_0[2]. Optimization improves timing on the net.
INFO: [Physopt 32-619] Estimated Timing Summary | WNS=-11.147 | TNS=-25491.487 |
INFO: [Physopt 32-663] Processed net swervolf/rvtop/veer/dec/tlu/mhpmc6_ff/genblock.genblock.dff/genblock.dffs/dout_reg[31]_0[30].  Re-placed instance swervolf/rvtop/veer/dec/tlu/mhpmc6_ff/genblock.genblock.dff/genblock.dffs/dout_reg[31]
INFO: [Physopt 32-735] Processed net swervolf/rvtop/veer/dec/tlu/mhpmc6_ff/genblock.genblock.dff/genblock.dffs/dout_reg[31]_0[30]. Optimization improves timing on the net.
INFO: [Physopt 32-619] Estimated Timing Summary | WNS=-11.147 | TNS=-25491.341 |
INFO: [Physopt 32-663] Processed net swervolf/rvtop/veer/dec/tlu/mhpmc6_ff/genblock.genblock.dff/genblock.dffs/dout_reg[31]_0[3].  Re-placed instance swervolf/rvtop/veer/dec/tlu/mhpmc6_ff/genblock.genblock.dff/genblock.dffs/dout_reg[3]
INFO: [Physopt 32-735] Processed net swervolf/rvtop/veer/dec/tlu/mhpmc6_ff/genblock.genblock.dff/genblock.dffs/dout_reg[31]_0[3]. Optimization improves timing on the net.
INFO: [Physopt 32-619] Estimated Timing Summary | WNS=-11.140 | TNS=-25491.197 |
INFO: [Physopt 32-663] Processed net swervolf/rvtop/veer/dec/tlu/mhpmc6_ff/genblock.genblock.dff/genblock.dffs/dout_reg[31]_0[9].  Re-placed instance swervolf/rvtop/veer/dec/tlu/mhpmc6_ff/genblock.genblock.dff/genblock.dffs/dout_reg[9]
INFO: [Physopt 32-735] Processed net swervolf/rvtop/veer/dec/tlu/mhpmc6_ff/genblock.genblock.dff/genblock.dffs/dout_reg[31]_0[9]. Optimization improves timing on the net.
INFO: [Physopt 32-619] Estimated Timing Summary | WNS=-11.139 | TNS=-25491.165 |
INFO: [Physopt 32-710] Processed net swervolf/rvtop/veer/dbg/dmcommand_reg/genblock.genblock.dff/genblock.dffs/p_0_in100_out[13]. Critical path length was reduced through logic transformation on cell swervolf/rvtop/veer/dbg/dmcommand_reg/genblock.genblock.dff/genblock.dffs/dout[13]_i_1__75_comp.
INFO: [Physopt 32-735] Processed net swervolf/rvtop/veer/exu/dout_reg[1]_33. Optimization improves timing on the net.
INFO: [Physopt 32-619] Estimated Timing Summary | WNS=-11.133 | TNS=-25491.061 |
INFO: [Physopt 32-702] Processed net swervolf/rvtop/veer/exu/i_mul/i_bitmanip_ff/genblock.genblock.dff/genblock.dffs/p_3_in[9]. Optimizations did not improve timing on the net.
INFO: [Physopt 32-702] Processed net swervolf/rvtop/veer/exu/dout_reg[1]_29. Optimizations did not improve timing on the net.
INFO: [Physopt 32-710] Processed net swervolf/rvtop/veer/exu/dout_reg[1]_29. Critical path length was reduced through logic transformation on cell swervolf/rvtop/veer/exu/i___199_comp.
INFO: [Physopt 32-735] Processed net swervolf/rvtop/veer/exu/i___452_n_0. Optimization improves timing on the net.
INFO: [Physopt 32-619] Estimated Timing Summary | WNS=-11.121 | TNS=-25490.961 |
INFO: [Physopt 32-702] Processed net swervolf/rvtop/veer/dbg/dmcommand_reg/genblock.genblock.dff/genblock.dffs/dout[19]_i_11__4_n_0. Optimizations did not improve timing on the net.
INFO: [Physopt 32-710] Processed net swervolf/rvtop/veer/dbg/dmcommand_reg/genblock.genblock.dff/genblock.dffs/dout[19]_i_11__4_n_0. Critical path length was reduced through logic transformation on cell swervolf/rvtop/veer/dbg/dmcommand_reg/genblock.genblock.dff/genblock.dffs/dout[19]_i_11__4_comp.
INFO: [Physopt 32-735] Processed net swervolf/rvtop/veer/exu/i___452_i_3_0. Optimization improves timing on the net.
INFO: [Physopt 32-619] Estimated Timing Summary | WNS=-11.118 | TNS=-25490.610 |
INFO: [Physopt 32-702] Processed net swervolf/rvtop/veer/exu/i_mul/i_bitmanip_ff/genblock.genblock.dff/genblock.dffs/p_3_in[6]. Optimizations did not improve timing on the net.
INFO: [Physopt 32-608] Optimized 1 net.  Swapped 22 pins.
INFO: [Physopt 32-735] Processed net swervolf/rvtop/veer/exu/i___457_i_1. Optimization improves timing on the net.
INFO: [Physopt 32-619] Estimated Timing Summary | WNS=-11.108 | TNS=-25490.370 |
INFO: [Physopt 32-702] Processed net swervolf/rvtop/veer/dec/tlu/mhpmc6_ff/genblock.genblock.dff/genblock.dffs/dout_reg[31]_0[21]. Optimizations did not improve timing on the net.
INFO: [Physopt 32-710] Processed net swervolf/rvtop/veer/dec/tlu/mhpme6_ff/genblock.genblock.dff/genblock.dffs/mhpmc6_wr_en. Critical path length was reduced through logic transformation on cell swervolf/rvtop/veer/dec/tlu/mhpme6_ff/genblock.genblock.dff/genblock.dffs/dout[31]_i_1__22_comp.
INFO: [Physopt 32-735] Processed net swervolf/rvtop/veer/dec/tlu/mhpme6_ff/genblock.genblock.dff/genblock.dffs/dout[31]_i_6__2_n_0. Optimization improves timing on the net.
INFO: [Physopt 32-619] Estimated Timing Summary | WNS=-11.106 | TNS=-25470.787 |
INFO: [Physopt 32-663] Processed net swervolf/rvtop/veer/dec/tlu/mhpmc4h_ff/genblock.genblock.dff/genblock.dffs/dout_reg[31]_0[9].  Re-placed instance swervolf/rvtop/veer/dec/tlu/mhpmc4h_ff/genblock.genblock.dff/genblock.dffs/dout_reg[10]
INFO: [Physopt 32-735] Processed net swervolf/rvtop/veer/dec/tlu/mhpmc4h_ff/genblock.genblock.dff/genblock.dffs/dout_reg[31]_0[9]. Optimization improves timing on the net.
INFO: [Physopt 32-619] Estimated Timing Summary | WNS=-11.106 | TNS=-25469.923 |
INFO: [Physopt 32-663] Processed net swervolf/rvtop/veer/dec/tlu/mhpmc4h_ff/genblock.genblock.dff/genblock.dffs/mhpmc4h_0[11].  Re-placed instance swervolf/rvtop/veer/dec/tlu/mhpmc4h_ff/genblock.genblock.dff/genblock.dffs/dout_reg[11]
INFO: [Physopt 32-735] Processed net swervolf/rvtop/veer/dec/tlu/mhpmc4h_ff/genblock.genblock.dff/genblock.dffs/mhpmc4h_0[11]. Optimization improves timing on the net.
INFO: [Physopt 32-619] Estimated Timing Summary | WNS=-11.106 | TNS=-25469.059 |
INFO: [Physopt 32-663] Processed net swervolf/rvtop/veer/dec/tlu/mhpmc4h_ff/genblock.genblock.dff/genblock.dffs/dout_reg[31]_0[11].  Re-placed instance swervolf/rvtop/veer/dec/tlu/mhpmc4h_ff/genblock.genblock.dff/genblock.dffs/dout_reg[14]
INFO: [Physopt 32-735] Processed net swervolf/rvtop/veer/dec/tlu/mhpmc4h_ff/genblock.genblock.dff/genblock.dffs/dout_reg[31]_0[11]. Optimization improves timing on the net.
INFO: [Physopt 32-619] Estimated Timing Summary | WNS=-11.106 | TNS=-25468.195 |
INFO: [Physopt 32-663] Processed net swervolf/rvtop/veer/dec/tlu/mhpmc4h_ff/genblock.genblock.dff/genblock.dffs/dout_reg[31]_0[13].  Re-placed instance swervolf/rvtop/veer/dec/tlu/mhpmc4h_ff/genblock.genblock.dff/genblock.dffs/dout_reg[16]
INFO: [Physopt 32-735] Processed net swervolf/rvtop/veer/dec/tlu/mhpmc4h_ff/genblock.genblock.dff/genblock.dffs/dout_reg[31]_0[13]. Optimization improves timing on the net.
INFO: [Physopt 32-619] Estimated Timing Summary | WNS=-11.097 | TNS=-25467.330 |
INFO: [Physopt 32-663] Processed net swervolf/rvtop/veer/dec/tlu/mhpmc4h_ff/genblock.genblock.dff/genblock.dffs/dout_reg[30]_0[2].  Re-placed instance swervolf/rvtop/veer/dec/tlu/mhpmc4h_ff/genblock.genblock.dff/genblock.dffs/dout_reg[20]
INFO: [Physopt 32-735] Processed net swervolf/rvtop/veer/dec/tlu/mhpmc4h_ff/genblock.genblock.dff/genblock.dffs/dout_reg[30]_0[2]. Optimization improves timing on the net.
INFO: [Physopt 32-619] Estimated Timing Summary | WNS=-11.097 | TNS=-25466.481 |
INFO: [Physopt 32-663] Processed net swervolf/rvtop/veer/dec/tlu/mhpmc4h_ff/genblock.genblock.dff/genblock.dffs/dout_reg[31]_0[18].  Re-placed instance swervolf/rvtop/veer/dec/tlu/mhpmc4h_ff/genblock.genblock.dff/genblock.dffs/dout_reg[22]
INFO: [Physopt 32-735] Processed net swervolf/rvtop/veer/dec/tlu/mhpmc4h_ff/genblock.genblock.dff/genblock.dffs/dout_reg[31]_0[18]. Optimization improves timing on the net.
INFO: [Physopt 32-619] Estimated Timing Summary | WNS=-11.097 | TNS=-25465.633 |
INFO: [Physopt 32-663] Processed net swervolf/rvtop/veer/dec/tlu/mhpmc4h_ff/genblock.genblock.dff/genblock.dffs/dout_reg[31]_0[20].  Re-placed instance swervolf/rvtop/veer/dec/tlu/mhpmc4h_ff/genblock.genblock.dff/genblock.dffs/dout_reg[24]
INFO: [Physopt 32-735] Processed net swervolf/rvtop/veer/dec/tlu/mhpmc4h_ff/genblock.genblock.dff/genblock.dffs/dout_reg[31]_0[20]. Optimization improves timing on the net.
INFO: [Physopt 32-619] Estimated Timing Summary | WNS=-11.093 | TNS=-25464.786 |
INFO: [Physopt 32-702] Processed net swervolf/rvtop/veer/exu/i_mul/i_bitmanip_ff/genblock.genblock.dff/genblock.dffs/p_3_in[22]. Optimizations did not improve timing on the net.
INFO: [Physopt 32-710] Processed net swervolf/rvtop/veer/dec/decode/i0_x_c_ff/genblock.dffs/p_0_in100_out[1]. Critical path length was reduced through logic transformation on cell swervolf/rvtop/veer/dec/decode/i0_x_c_ff/genblock.dffs/dout[22]_i_1__72_comp.
INFO: [Physopt 32-735] Processed net swervolf/rvtop/veer/dbg/dmcommand_reg/genblock.genblock.dff/genblock.dffs/i___190_i_1_0. Optimization improves timing on the net.
INFO: [Physopt 32-619] Estimated Timing Summary | WNS=-11.091 | TNS=-25464.742 |
INFO: [Physopt 32-663] Processed net swervolf/rvtop/veer/dec/tlu/mhpmc4h_ff/genblock.genblock.dff/genblock.dffs/dout_reg[31]_0[19].  Re-placed instance swervolf/rvtop/veer/dec/tlu/mhpmc4h_ff/genblock.genblock.dff/genblock.dffs/dout_reg[23]
INFO: [Physopt 32-735] Processed net swervolf/rvtop/veer/dec/tlu/mhpmc4h_ff/genblock.genblock.dff/genblock.dffs/dout_reg[31]_0[19]. Optimization improves timing on the net.
INFO: [Physopt 32-619] Estimated Timing Summary | WNS=-11.083 | TNS=-25463.902 |
INFO: [Physopt 32-702] Processed net swervolf/rvtop/veer/exu/i_mul/i_bitmanip_ff/genblock.genblock.dff/genblock.dffs/p_3_in[17]. Optimizations did not improve timing on the net.
INFO: [Physopt 32-710] Processed net swervolf/rvtop/veer/dbg/dmcommand_reg/genblock.genblock.dff/genblock.dffs/p_0_in100_out[17]. Critical path length was reduced through logic transformation on cell swervolf/rvtop/veer/dbg/dmcommand_reg/genblock.genblock.dff/genblock.dffs/dout[17]_i_1__73_comp.
INFO: [Physopt 32-735] Processed net swervolf/rvtop/veer/dbg/dmcommand_reg/genblock.genblock.dff/genblock.dffs/dout[17]_i_2__11_n_0. Optimization improves timing on the net.
INFO: [Physopt 32-619] Estimated Timing Summary | WNS=-11.080 | TNS=-25463.811 |
INFO: [Physopt 32-710] Processed net swervolf/rvtop/veer/dbg/dmcommand_reg/genblock.genblock.dff/genblock.dffs/p_0_in100_out[8]. Critical path length was reduced through logic transformation on cell swervolf/rvtop/veer/dbg/dmcommand_reg/genblock.genblock.dff/genblock.dffs/dout[8]_i_1__92_comp_1.
INFO: [Physopt 32-735] Processed net swervolf/rvtop/veer/exu/i___190_i_1_3. Optimization improves timing on the net.
INFO: [Physopt 32-619] Estimated Timing Summary | WNS=-11.070 | TNS=-25463.161 |
INFO: [Physopt 32-702] Processed net swervolf/rvtop/veer/dbg/dmcommand_reg/genblock.genblock.dff/genblock.dffs/dout[23]_i_5__7_n_0. Optimizations did not improve timing on the net.
INFO: [Physopt 32-710] Processed net swervolf/rvtop/veer/dbg/dmcommand_reg/genblock.genblock.dff/genblock.dffs/dout[23]_i_5__7_n_0. Critical path length was reduced through logic transformation on cell swervolf/rvtop/veer/dbg/dmcommand_reg/genblock.genblock.dff/genblock.dffs/dout[23]_i_5__7_comp.
INFO: [Physopt 32-735] Processed net swervolf/rvtop/veer/exu/i___452_i_3_0. Optimization improves timing on the net.
INFO: [Physopt 32-619] Estimated Timing Summary | WNS=-11.061 | TNS=-25462.894 |
INFO: [Physopt 32-663] Processed net swervolf/rvtop/veer/dec/tlu/mhpmc6h_ff/genblock.genblock.dff/genblock.dffs/dout_reg[31]_0[0].  Re-placed instance swervolf/rvtop/veer/dec/tlu/mhpmc6h_ff/genblock.genblock.dff/genblock.dffs/dout_reg[0]
INFO: [Physopt 32-735] Processed net swervolf/rvtop/veer/dec/tlu/mhpmc6h_ff/genblock.genblock.dff/genblock.dffs/dout_reg[31]_0[0]. Optimization improves timing on the net.
INFO: [Physopt 32-619] Estimated Timing Summary | WNS=-11.061 | TNS=-25462.843 |
INFO: [Physopt 32-663] Processed net swervolf/rvtop/veer/dec/tlu/mhpmc6h_ff/genblock.genblock.dff/genblock.dffs/dout_reg[31]_0[9].  Re-placed instance swervolf/rvtop/veer/dec/tlu/mhpmc6h_ff/genblock.genblock.dff/genblock.dffs/dout_reg[10]
INFO: [Physopt 32-735] Processed net swervolf/rvtop/veer/dec/tlu/mhpmc6h_ff/genblock.genblock.dff/genblock.dffs/dout_reg[31]_0[9]. Optimization improves timing on the net.
INFO: [Physopt 32-619] Estimated Timing Summary | WNS=-11.061 | TNS=-25462.794 |
INFO: [Physopt 32-663] Processed net swervolf/rvtop/veer/dec/tlu/mhpmc6h_ff/genblock.genblock.dff/genblock.dffs/dout_reg[31]_0[12].  Re-placed instance swervolf/rvtop/veer/dec/tlu/mhpmc6h_ff/genblock.genblock.dff/genblock.dffs/dout_reg[15]
INFO: [Physopt 32-735] Processed net swervolf/rvtop/veer/dec/tlu/mhpmc6h_ff/genblock.genblock.dff/genblock.dffs/dout_reg[31]_0[12]. Optimization improves timing on the net.
INFO: [Physopt 32-619] Estimated Timing Summary | WNS=-11.061 | TNS=-25462.745 |
INFO: [Physopt 32-663] Processed net swervolf/rvtop/veer/dec/tlu/mhpmc6h_ff/genblock.genblock.dff/genblock.dffs/dout_reg[31]_0[14].  Re-placed instance swervolf/rvtop/veer/dec/tlu/mhpmc6h_ff/genblock.genblock.dff/genblock.dffs/dout_reg[17]
INFO: [Physopt 32-735] Processed net swervolf/rvtop/veer/dec/tlu/mhpmc6h_ff/genblock.genblock.dff/genblock.dffs/dout_reg[31]_0[14]. Optimization improves timing on the net.
INFO: [Physopt 32-619] Estimated Timing Summary | WNS=-11.061 | TNS=-25462.696 |
INFO: [Physopt 32-663] Processed net swervolf/rvtop/veer/dec/tlu/mhpmc6h_ff/genblock.genblock.dff/genblock.dffs/dout_reg[31]_0[20].  Re-placed instance swervolf/rvtop/veer/dec/tlu/mhpmc6h_ff/genblock.genblock.dff/genblock.dffs/dout_reg[23]
INFO: [Physopt 32-735] Processed net swervolf/rvtop/veer/dec/tlu/mhpmc6h_ff/genblock.genblock.dff/genblock.dffs/dout_reg[31]_0[20]. Optimization improves timing on the net.
INFO: [Physopt 32-619] Estimated Timing Summary | WNS=-11.050 | TNS=-25462.647 |
INFO: [Physopt 32-702] Processed net swervolf/rvtop/veer/dec/tlu/mhpmc6h_ff/genblock.genblock.dff/genblock.dffs/dout_reg[31]_0[25]. Optimizations did not improve timing on the net.
INFO: [Physopt 32-710] Processed net swervolf/rvtop/veer/dec/tlu/mhpme6_ff/genblock.genblock.dff/genblock.dffs/mhpmc6h_wr_en. Critical path length was reduced through logic transformation on cell swervolf/rvtop/veer/dec/tlu/mhpme6_ff/genblock.genblock.dff/genblock.dffs/dout[31]_i_1__21_comp.
INFO: [Physopt 32-735] Processed net swervolf/rvtop/veer/dec/tlu/mhpme6_ff/genblock.genblock.dff/genblock.dffs/dout[31]_i_6__2_n_0. Optimization improves timing on the net.
INFO: [Physopt 32-619] Estimated Timing Summary | WNS=-11.049 | TNS=-25447.991 |
INFO: [Physopt 32-710] Processed net swervolf/rvtop/veer/dec/decode/i0_x_c_ff/genblock.dffs/p_0_in100_out[1]. Critical path length was reduced through logic transformation on cell swervolf/rvtop/veer/dec/decode/i0_x_c_ff/genblock.dffs/dout[22]_i_1__72_comp_1.
INFO: [Physopt 32-735] Processed net swervolf/rvtop/veer/dbg/dmcommand_reg/genblock.genblock.dff/genblock.dffs/dout[22]_i_7__5_n_0. Optimization improves timing on the net.
INFO: [Physopt 32-619] Estimated Timing Summary | WNS=-11.036 | TNS=-25447.473 |
INFO: [Physopt 32-710] Processed net swervolf/rvtop/veer/dbg/dmcommand_reg/genblock.genblock.dff/genblock.dffs/p_0_in100_out[25]. Critical path length was reduced through logic transformation on cell swervolf/rvtop/veer/dbg/dmcommand_reg/genblock.genblock.dff/genblock.dffs/dout[30]_i_1__69_comp_1.
INFO: [Physopt 32-735] Processed net swervolf/rvtop/veer/dbg/dmcommand_reg/genblock.genblock.dff/genblock.dffs/dout[30]_i_7__6_n_0. Optimization improves timing on the net.
INFO: [Physopt 32-619] Estimated Timing Summary | WNS=-11.035 | TNS=-25447.363 |
INFO: [Physopt 32-702] Processed net swervolf/rvtop/veer/exu/dout_reg[1]_33_repN. Optimizations did not improve timing on the net.
INFO: [Physopt 32-702] Processed net swervolf/rvtop/veer/exu/i___481_5. Optimizations did not improve timing on the net.
INFO: [Physopt 32-608] Optimized 1 net.  Swapped 24 pins.
INFO: [Physopt 32-735] Processed net swervolf/rvtop/veer/exu/i___871_n_0. Optimization improves timing on the net.
INFO: [Physopt 32-619] Estimated Timing Summary | WNS=-11.034 | TNS=-25447.136 |
INFO: [Physopt 32-702] Processed net swervolf/rvtop/veer/exu/i_mul/i_bitmanip_ff/genblock.genblock.dff/genblock.dffs/p_3_in[4]. Optimizations did not improve timing on the net.
INFO: [Physopt 32-710] Processed net swervolf/rvtop/veer/dbg/dmcommand_reg/genblock.genblock.dff/genblock.dffs/p_0_in100_out[4]. Critical path length was reduced through logic transformation on cell swervolf/rvtop/veer/dbg/dmcommand_reg/genblock.genblock.dff/genblock.dffs/dout[4]_i_1__93_comp.
INFO: [Physopt 32-735] Processed net swervolf/rvtop/veer/exu/i___202_i_1. Optimization improves timing on the net.
INFO: [Physopt 32-619] Estimated Timing Summary | WNS=-11.030 | TNS=-25446.803 |
INFO: [Physopt 32-702] Processed net swervolf/rvtop/veer/exu/i_mul/i_bitmanip_ff/genblock.genblock.dff/genblock.dffs/p_3_in[3]. Optimizations did not improve timing on the net.
INFO: [Physopt 32-710] Processed net swervolf/rvtop/veer/dbg/dmcommand_reg/genblock.genblock.dff/genblock.dffs/p_0_in100_out[3]. Critical path length was reduced through logic transformation on cell swervolf/rvtop/veer/dbg/dmcommand_reg/genblock.genblock.dff/genblock.dffs/dout[3]_i_1__97_comp.
INFO: [Physopt 32-735] Processed net swervolf/rvtop/veer/exu/i___460_i_1. Optimization improves timing on the net.
INFO: [Physopt 32-619] Estimated Timing Summary | WNS=-11.011 | TNS=-25446.441 |
INFO: [Physopt 32-702] Processed net swervolf/rvtop/veer/exu/i_mul/i_bitmanip_ff/genblock.genblock.dff/genblock.dffs/p_3_in[5]. Optimizations did not improve timing on the net.
INFO: [Physopt 32-710] Processed net swervolf/rvtop/veer/dbg/dmcommand_reg/genblock.genblock.dff/genblock.dffs/p_0_in100_out[5]. Critical path length was reduced through logic transformation on cell swervolf/rvtop/veer/dbg/dmcommand_reg/genblock.genblock.dff/genblock.dffs/dout[5]_i_1__87_comp.
INFO: [Physopt 32-735] Processed net swervolf/rvtop/veer/exu/i___458_i_1. Optimization improves timing on the net.
INFO: [Physopt 32-619] Estimated Timing Summary | WNS=-11.004 | TNS=-25446.183 |
INFO: [Physopt 32-710] Processed net swervolf/rvtop/veer/dec/decode/i0_x_c_ff/genblock.dffs/p_0_in100_out[4]. Critical path length was reduced through logic transformation on cell swervolf/rvtop/veer/dec/decode/i0_x_c_ff/genblock.dffs/dout[25]_i_1__66_comp.
INFO: [Physopt 32-735] Processed net swervolf/rvtop/veer/exu/i___452_i_3. Optimization improves timing on the net.
INFO: [Physopt 32-619] Estimated Timing Summary | WNS=-10.999 | TNS=-25446.143 |
INFO: [Physopt 32-702] Processed net swervolf/rvtop/mem/iccm.iccm/red_lru/genblock.dffs/dout_reg[0]_0. Optimizations did not improve timing on the net.
INFO: [Physopt 32-663] Processed net swervolf/rvtop/mem/iccm.iccm/r0_address/genblock.dffs/dout_reg[0]_0.  Re-placed instance swervolf/rvtop/mem/iccm.iccm/r0_address/genblock.dffs/dout[0]_i_2__209
INFO: [Physopt 32-735] Processed net swervolf/rvtop/mem/iccm.iccm/r0_address/genblock.dffs/dout_reg[0]_0. Optimization improves timing on the net.
INFO: [Physopt 32-619] Estimated Timing Summary | WNS=-10.993 | TNS=-25445.825 |
INFO: [Physopt 32-663] Processed net swervolf/rvtop/veer/dbg/dmcommand_reg/genblock.genblock.dff/genblock.dffs/dout[17]_i_2__11_n_0.  Re-placed instance swervolf/rvtop/veer/dbg/dmcommand_reg/genblock.genblock.dff/genblock.dffs/dout[17]_i_2__11_comp_1
INFO: [Physopt 32-735] Processed net swervolf/rvtop/veer/dbg/dmcommand_reg/genblock.genblock.dff/genblock.dffs/dout[17]_i_2__11_n_0. Optimization improves timing on the net.
INFO: [Physopt 32-619] Estimated Timing Summary | WNS=-10.976 | TNS=-25445.703 |
INFO: [Physopt 32-702] Processed net swervolf/rvtop/veer/exu/i_mul/i_bitmanip_ff/genblock.genblock.dff/genblock.dffs/p_3_in[15]. Optimizations did not improve timing on the net.
INFO: [Physopt 32-710] Processed net swervolf/rvtop/veer/dbg/dmcommand_reg/genblock.genblock.dff/genblock.dffs/p_0_in100_out[15]. Critical path length was reduced through logic transformation on cell swervolf/rvtop/veer/dbg/dmcommand_reg/genblock.genblock.dff/genblock.dffs/dout[15]_i_1__73_comp.
INFO: [Physopt 32-735] Processed net swervolf/rvtop/veer/exu/dout_reg[1]_35. Optimization improves timing on the net.
INFO: [Physopt 32-619] Estimated Timing Summary | WNS=-10.962 | TNS=-25445.643 |
INFO: [Physopt 32-702] Processed net swervolf/rvtop/veer/exu/i___462_i_1_0. Optimizations did not improve timing on the net.
INFO: [Physopt 32-710] Processed net swervolf/rvtop/veer/exu/i___462_i_1_0. Critical path length was reduced through logic transformation on cell swervolf/rvtop/veer/exu/i___690_comp.
INFO: [Physopt 32-735] Processed net swervolf/rvtop/veer/exu/i___452_n_0. Optimization improves timing on the net.
INFO: [Physopt 32-619] Estimated Timing Summary | WNS=-10.955 | TNS=-25445.337 |
INFO: [Physopt 32-663] Processed net swervolf/rvtop/veer/dec/tlu/mhpmc4h_ff/genblock.genblock.dff/genblock.dffs/dout_reg[31]_0[10].  Re-placed instance swervolf/rvtop/veer/dec/tlu/mhpmc4h_ff/genblock.genblock.dff/genblock.dffs/dout_reg[13]
INFO: [Physopt 32-735] Processed net swervolf/rvtop/veer/dec/tlu/mhpmc4h_ff/genblock.genblock.dff/genblock.dffs/dout_reg[31]_0[10]. Optimization improves timing on the net.
INFO: [Physopt 32-619] Estimated Timing Summary | WNS=-10.955 | TNS=-25444.773 |
INFO: [Physopt 32-663] Processed net swervolf/rvtop/veer/dec/tlu/mhpmc4h_ff/genblock.genblock.dff/genblock.dffs/dout_reg[31]_0[15].  Re-placed instance swervolf/rvtop/veer/dec/tlu/mhpmc4h_ff/genblock.genblock.dff/genblock.dffs/dout_reg[18]
INFO: [Physopt 32-735] Processed net swervolf/rvtop/veer/dec/tlu/mhpmc4h_ff/genblock.genblock.dff/genblock.dffs/dout_reg[31]_0[15]. Optimization improves timing on the net.
INFO: [Physopt 32-619] Estimated Timing Summary | WNS=-10.934 | TNS=-25444.211 |
INFO: [Physopt 32-702] Processed net swervolf/rvtop/veer/exu/i_mul/i_bitmanip_ff/genblock.genblock.dff/genblock.dffs/p_3_in[1]. Optimizations did not improve timing on the net.
INFO: [Physopt 32-608] Optimized 1 net.  Swapped 24 pins.
INFO: [Physopt 32-735] Processed net swervolf/rvtop/veer/exu/i___462_i_1. Optimization improves timing on the net.
INFO: [Physopt 32-619] Estimated Timing Summary | WNS=-10.934 | TNS=-25444.091 |
INFO: [Physopt 32-702] Processed net swervolf/rvtop/veer/exu/i_mul/i_bitmanip_ff/genblock.genblock.dff/genblock.dffs/p_3_in[11]. Optimizations did not improve timing on the net.
INFO: [Physopt 32-702] Processed net swervolf/rvtop/veer/exu/i___460_i_1_0. Optimizations did not improve timing on the net.
INFO: [Physopt 32-710] Processed net swervolf/rvtop/veer/exu/i___460_i_1_0. Critical path length was reduced through logic transformation on cell swervolf/rvtop/veer/exu/i___688_comp.
INFO: [Physopt 32-735] Processed net swervolf/rvtop/veer/exu/i___452_n_0. Optimization improves timing on the net.
INFO: [Physopt 32-619] Estimated Timing Summary | WNS=-10.932 | TNS=-25443.895 |
INFO: [Physopt 32-702] Processed net swervolf/rvtop/veer/exu/i_mul/i_bitmanip_ff/genblock.genblock.dff/genblock.dffs/p_3_in[2]. Optimizations did not improve timing on the net.
INFO: [Physopt 32-710] Processed net swervolf/rvtop/veer/dbg/dmcommand_reg/genblock.genblock.dff/genblock.dffs/p_0_in100_out[2]. Critical path length was reduced through logic transformation on cell swervolf/rvtop/veer/dbg/dmcommand_reg/genblock.genblock.dff/genblock.dffs/dout[2]_i_1__107_comp.
INFO: [Physopt 32-735] Processed net swervolf/rvtop/veer/exu/i___200_i_1__0. Optimization improves timing on the net.
INFO: [Physopt 32-619] Estimated Timing Summary | WNS=-10.929 | TNS=-25443.802 |
INFO: [Physopt 32-710] Processed net swervolf/rvtop/veer/dbg/dmcommand_reg/genblock.genblock.dff/genblock.dffs/p_0_in100_out[12]. Critical path length was reduced through logic transformation on cell swervolf/rvtop/veer/dbg/dmcommand_reg/genblock.genblock.dff/genblock.dffs/dout[12]_i_1__78_comp_1.
INFO: [Physopt 32-735] Processed net swervolf/rvtop/veer/exu/dout_reg[1]_32. Optimization improves timing on the net.
INFO: [Physopt 32-619] Estimated Timing Summary | WNS=-10.928 | TNS=-25443.560 |
INFO: [Physopt 32-710] Processed net swervolf/rvtop/veer/dec/decode/i0_x_c_ff/genblock.dffs/p_0_in100_out[3]. Critical path length was reduced through logic transformation on cell swervolf/rvtop/veer/dec/decode/i0_x_c_ff/genblock.dffs/dout[24]_i_1__67_comp_1.
INFO: [Physopt 32-735] Processed net swervolf/rvtop/veer/dbg/dmcommand_reg/genblock.genblock.dff/genblock.dffs/dout[24]_i_8__4_n_0. Optimization improves timing on the net.
INFO: [Physopt 32-619] Estimated Timing Summary | WNS=-10.927 | TNS=-25443.525 |
INFO: [Physopt 32-663] Processed net swervolf/rvtop/veer/dbg/dmcommand_reg/genblock.genblock.dff/genblock.dffs/dout[30]_i_3__5_n_0.  Re-placed instance swervolf/rvtop/veer/dbg/dmcommand_reg/genblock.genblock.dff/genblock.dffs/dout[30]_i_3__5_comp_1
INFO: [Physopt 32-735] Processed net swervolf/rvtop/veer/dbg/dmcommand_reg/genblock.genblock.dff/genblock.dffs/dout[30]_i_3__5_n_0. Optimization improves timing on the net.
INFO: [Physopt 32-619] Estimated Timing Summary | WNS=-10.924 | TNS=-25443.400 |
INFO: [Physopt 32-702] Processed net swervolf/rvtop/veer/exu/i_mul/i_bitmanip_ff/genblock.genblock.dff/genblock.dffs/p_3_in[21]. Optimizations did not improve timing on the net.
INFO: [Physopt 32-710] Processed net swervolf/rvtop/veer/dbg/dmcommand_reg/genblock.genblock.dff/genblock.dffs/p_0_in100_out[20]. Critical path length was reduced through logic transformation on cell swervolf/rvtop/veer/dbg/dmcommand_reg/genblock.genblock.dff/genblock.dffs/dout[21]_i_1__73_comp.
INFO: [Physopt 32-735] Processed net swervolf/rvtop/veer/dbg/dmcommand_reg/genblock.genblock.dff/genblock.dffs/dout[21]_i_2__13_n_0. Optimization improves timing on the net.
INFO: [Physopt 32-619] Estimated Timing Summary | WNS=-10.921 | TNS=-25443.243 |
INFO: [Physopt 32-702] Processed net swervolf/rvtop/veer/exu/i___871_n_0. Optimizations did not improve timing on the net.
INFO: [Physopt 32-710] Processed net swervolf/rvtop/veer/exu/i___871_n_0. Critical path length was reduced through logic transformation on cell swervolf/rvtop/veer/exu/i___871_comp.
INFO: [Physopt 32-735] Processed net swervolf/rvtop/veer/dbg/dmcommand_reg/genblock.genblock.dff/genblock.dffs/i___871_i_2_0. Optimization improves timing on the net.
INFO: [Physopt 32-619] Estimated Timing Summary | WNS=-10.921 | TNS=-25443.145 |
INFO: [Physopt 32-710] Processed net swervolf/rvtop/veer/dbg/dmcommand_reg/genblock.genblock.dff/genblock.dffs/p_0_in100_out[15]. Critical path length was reduced through logic transformation on cell swervolf/rvtop/veer/dbg/dmcommand_reg/genblock.genblock.dff/genblock.dffs/dout[15]_i_1__73_comp_1.
INFO: [Physopt 32-735] Processed net swervolf/rvtop/veer/exu/i___205_i_1__0_0. Optimization improves timing on the net.
INFO: [Physopt 32-619] Estimated Timing Summary | WNS=-10.914 | TNS=-25442.876 |
INFO: [Physopt 32-702] Processed net swervolf/rvtop/veer/exu/i_mul/i_bitmanip_ff/genblock.genblock.dff/genblock.dffs/p_3_in[14]. Optimizations did not improve timing on the net.
INFO: [Physopt 32-702] Processed net swervolf/rvtop/veer/exu/dout_reg[1]_34. Optimizations did not improve timing on the net.
INFO: [Physopt 32-710] Processed net swervolf/rvtop/veer/exu/dout_reg[1]_34. Critical path length was reduced through logic transformation on cell swervolf/rvtop/veer/exu/i___204_comp.
INFO: [Physopt 32-735] Processed net swervolf/rvtop/veer/exu/i___452_n_0. Optimization improves timing on the net.
INFO: [Physopt 32-619] Estimated Timing Summary | WNS=-10.910 | TNS=-25442.756 |
INFO: [Physopt 32-710] Processed net swervolf/rvtop/veer/dbg/dmcommand_reg/genblock.genblock.dff/genblock.dffs/p_0_in100_out[24]. Critical path length was reduced through logic transformation on cell swervolf/rvtop/veer/dbg/dmcommand_reg/genblock.genblock.dff/genblock.dffs/dout[29]_i_1__66_comp_1.
INFO: [Physopt 32-735] Processed net swervolf/rvtop/veer/dbg/dmcommand_reg/genblock.genblock.dff/genblock.dffs/dout[29]_i_7__6_n_0. Optimization improves timing on the net.
INFO: [Physopt 32-619] Estimated Timing Summary | WNS=-10.905 | TNS=-25442.670 |
INFO: [Physopt 32-702] Processed net swervolf/rvtop/veer/dbg/dmcommand_reg/genblock.genblock.dff/genblock.dffs/i___190_i_1_3. Optimizations did not improve timing on the net.
INFO: [Physopt 32-663] Processed net swervolf/rvtop/veer/dbg/dmcommand_reg/genblock.genblock.dff/genblock.dffs/dout[25]_i_5__6_n_0.  Re-placed instance swervolf/rvtop/veer/dbg/dmcommand_reg/genblock.genblock.dff/genblock.dffs/dout[25]_i_5__6
INFO: [Physopt 32-735] Processed net swervolf/rvtop/veer/dbg/dmcommand_reg/genblock.genblock.dff/genblock.dffs/dout[25]_i_5__6_n_0. Optimization improves timing on the net.
INFO: [Physopt 32-619] Estimated Timing Summary | WNS=-10.900 | TNS=-25442.421 |
INFO: [Physopt 32-702] Processed net swervolf/rvtop/veer/exu/i_mul/i_bitmanip_ff/genblock.genblock.dff/genblock.dffs/p_3_in[7]. Optimizations did not improve timing on the net.
INFO: [Physopt 32-710] Processed net swervolf/rvtop/veer/dbg/dmcommand_reg/genblock.genblock.dff/genblock.dffs/p_0_in100_out[7]. Critical path length was reduced through logic transformation on cell swervolf/rvtop/veer/dbg/dmcommand_reg/genblock.genblock.dff/genblock.dffs/dout[7]_i_1__82_comp.
INFO: [Physopt 32-735] Processed net swervolf/rvtop/veer/exu/i___205_i_1__0. Optimization improves timing on the net.
INFO: [Physopt 32-619] Estimated Timing Summary | WNS=-10.895 | TNS=-25442.350 |
INFO: [Physopt 32-702] Processed net swervolf/rvtop/veer/exu/i___457_i_1. Optimizations did not improve timing on the net.
INFO: [Physopt 32-710] Processed net swervolf/rvtop/veer/exu/i___457_i_1. Critical path length was reduced through logic transformation on cell swervolf/rvtop/veer/exu/i___457_comp.
INFO: [Physopt 32-735] Processed net swervolf/rvtop/veer/exu/i___453_n_0. Optimization improves timing on the net.
INFO: [Physopt 32-619] Estimated Timing Summary | WNS=-10.894 | TNS=-25442.332 |
INFO: [Physopt 32-702] Processed net swervolf/rvtop/veer/dbg/dmcommand_reg/genblock.genblock.dff/genblock.dffs/dout[24]_i_8__4_n_0_repN. Optimizations did not improve timing on the net.
INFO: [Physopt 32-710] Processed net swervolf/rvtop/veer/dbg/dmcommand_reg/genblock.genblock.dff/genblock.dffs/dout[24]_i_8__4_n_0_repN. Critical path length was reduced through logic transformation on cell swervolf/rvtop/veer/dbg/dmcommand_reg/genblock.genblock.dff/genblock.dffs/dout[24]_i_8__4_comp_2.
INFO: [Physopt 32-735] Processed net swervolf/rvtop/veer/exu/i___206_i_1__0_10. Optimization improves timing on the net.
INFO: [Physopt 32-619] Estimated Timing Summary | WNS=-10.884 | TNS=-25442.159 |
INFO: [Physopt 32-710] Processed net swervolf/rvtop/veer/dbg/dmcommand_reg/genblock.genblock.dff/genblock.dffs/p_0_in100_out[13]. Critical path length was reduced through logic transformation on cell swervolf/rvtop/veer/dbg/dmcommand_reg/genblock.genblock.dff/genblock.dffs/dout[13]_i_1__75_comp_1.
INFO: [Physopt 32-735] Processed net swervolf/rvtop/veer/exu/i___195_i_1. Optimization improves timing on the net.
INFO: [Physopt 32-619] Estimated Timing Summary | WNS=-10.876 | TNS=-25441.943 |
INFO: [Physopt 32-663] Processed net swervolf/rvtop/veer/dec/tlu/mhpmc4h_ff/genblock.genblock.dff/genblock.dffs/dout_reg[30]_0[1].  Re-placed instance swervolf/rvtop/veer/dec/tlu/mhpmc4h_ff/genblock.genblock.dff/genblock.dffs/dout_reg[12]
INFO: [Physopt 32-735] Processed net swervolf/rvtop/veer/dec/tlu/mhpmc4h_ff/genblock.genblock.dff/genblock.dffs/dout_reg[30]_0[1]. Optimization improves timing on the net.
INFO: [Physopt 32-619] Estimated Timing Summary | WNS=-10.876 | TNS=-25441.464 |
INFO: [Physopt 32-663] Processed net swervolf/rvtop/veer/dec/tlu/mhpmc4h_ff/genblock.genblock.dff/genblock.dffs/dout_reg[31]_0[14].  Re-placed instance swervolf/rvtop/veer/dec/tlu/mhpmc4h_ff/genblock.genblock.dff/genblock.dffs/dout_reg[17]
INFO: [Physopt 32-735] Processed net swervolf/rvtop/veer/dec/tlu/mhpmc4h_ff/genblock.genblock.dff/genblock.dffs/dout_reg[31]_0[14]. Optimization improves timing on the net.
INFO: [Physopt 32-619] Estimated Timing Summary | WNS=-10.876 | TNS=-25440.986 |
INFO: [Physopt 32-663] Processed net swervolf/rvtop/veer/dec/tlu/mhpmc4h_ff/genblock.genblock.dff/genblock.dffs/dout_reg[31]_0[16].  Re-placed instance swervolf/rvtop/veer/dec/tlu/mhpmc4h_ff/genblock.genblock.dff/genblock.dffs/dout_reg[19]
INFO: [Physopt 32-735] Processed net swervolf/rvtop/veer/dec/tlu/mhpmc4h_ff/genblock.genblock.dff/genblock.dffs/dout_reg[31]_0[16]. Optimization improves timing on the net.
INFO: [Physopt 32-619] Estimated Timing Summary | WNS=-10.876 | TNS=-25440.508 |
INFO: [Physopt 32-663] Processed net swervolf/rvtop/veer/dec/tlu/mhpmc4h_ff/genblock.genblock.dff/genblock.dffs/dout_reg[31]_0[7].  Re-placed instance swervolf/rvtop/veer/dec/tlu/mhpmc4h_ff/genblock.genblock.dff/genblock.dffs/dout_reg[8]
INFO: [Physopt 32-735] Processed net swervolf/rvtop/veer/dec/tlu/mhpmc4h_ff/genblock.genblock.dff/genblock.dffs/dout_reg[31]_0[7]. Optimization improves timing on the net.
INFO: [Physopt 32-619] Estimated Timing Summary | WNS=-10.873 | TNS=-25440.029 |
INFO: [Physopt 32-710] Processed net swervolf/rvtop/veer/dbg/dmcommand_reg/genblock.genblock.dff/genblock.dffs/p_0_in100_out[17]. Critical path length was reduced through logic transformation on cell swervolf/rvtop/veer/dbg/dmcommand_reg/genblock.genblock.dff/genblock.dffs/dout[17]_i_1__73_comp_1.
INFO: [Physopt 32-735] Processed net swervolf/rvtop/veer/dbg/dmcommand_reg/genblock.genblock.dff/genblock.dffs/dout[17]_i_2__11_n_0. Optimization improves timing on the net.
INFO: [Physopt 32-619] Estimated Timing Summary | WNS=-10.847 | TNS=-25439.993 |
INFO: [Physopt 32-710] Processed net swervolf/rvtop/veer/dbg/dmcommand_reg/genblock.genblock.dff/genblock.dffs/p_0_in100_out[2]. Critical path length was reduced through logic transformation on cell swervolf/rvtop/veer/dbg/dmcommand_reg/genblock.genblock.dff/genblock.dffs/dout[2]_i_1__107_comp_1.
INFO: [Physopt 32-735] Processed net swervolf/rvtop/veer/exu/i___190_i_1_0. Optimization improves timing on the net.
INFO: [Physopt 32-619] Estimated Timing Summary | WNS=-10.843 | TNS=-25439.822 |
INFO: [Physopt 32-702] Processed net swervolf/rvtop/veer/dbg/dmcommand_reg/genblock.genblock.dff/genblock.dffs/i___452_i_7_0. Optimizations did not improve timing on the net.
INFO: [Physopt 32-710] Processed net swervolf/rvtop/veer/dbg/dmcommand_reg/genblock.genblock.dff/genblock.dffs/i___452_i_7_0. Critical path length was reduced through logic transformation on cell swervolf/rvtop/veer/dbg/dmcommand_reg/genblock.genblock.dff/genblock.dffs/i___452_i_1_comp.
INFO: [Physopt 32-735] Processed net swervolf/rvtop/veer/dbg/dmcommand_reg/genblock.genblock.dff/genblock.dffs/i___452_i_6_n_0. Optimization improves timing on the net.
INFO: [Physopt 32-619] Estimated Timing Summary | WNS=-10.826 | TNS=-25437.306 |
INFO: [Physopt 32-702] Processed net swervolf/rvtop/veer/dbg/dmcommand_reg/genblock.genblock.dff/genblock.dffs/dout[29]_i_3__3_n_0. Optimizations did not improve timing on the net.
INFO: [Physopt 32-663] Processed net swervolf/rvtop/veer/dbg/dmcommand_reg/genblock.genblock.dff/genblock.dffs/dout[29]_i_6__5_n_0.  Re-placed instance swervolf/rvtop/veer/dbg/dmcommand_reg/genblock.genblock.dff/genblock.dffs/dout[29]_i_6__5
INFO: [Physopt 32-735] Processed net swervolf/rvtop/veer/dbg/dmcommand_reg/genblock.genblock.dff/genblock.dffs/dout[29]_i_6__5_n_0. Optimization improves timing on the net.
INFO: [Physopt 32-619] Estimated Timing Summary | WNS=-10.822 | TNS=-25437.175 |
INFO: [Physopt 32-663] Processed net swervolf/rvtop/veer/dec/tlu/mhpmc4h_ff/genblock.genblock.dff/genblock.dffs/dout_reg[31]_0[12].  Re-placed instance swervolf/rvtop/veer/dec/tlu/mhpmc4h_ff/genblock.genblock.dff/genblock.dffs/dout_reg[15]
INFO: [Physopt 32-735] Processed net swervolf/rvtop/veer/dec/tlu/mhpmc4h_ff/genblock.genblock.dff/genblock.dffs/dout_reg[31]_0[12]. Optimization improves timing on the net.
INFO: [Physopt 32-619] Estimated Timing Summary | WNS=-10.792 | TNS=-25436.795 |
INFO: [Physopt 32-710] Processed net swervolf/rvtop/veer/dbg/dmcommand_reg/genblock.genblock.dff/genblock.dffs/p_0_in100_out[22]. Critical path length was reduced through logic transformation on cell swervolf/rvtop/veer/dbg/dmcommand_reg/genblock.genblock.dff/genblock.dffs/dout[27]_i_1__63_comp_1.
INFO: [Physopt 32-735] Processed net swervolf/rvtop/veer/dbg/dmcommand_reg/genblock.genblock.dff/genblock.dffs/dout[27]_i_2__11_n_0. Optimization improves timing on the net.
INFO: [Physopt 32-619] Estimated Timing Summary | WNS=-10.789 | TNS=-25436.786 |
INFO: [Common 17-14] Message 'Physopt 32-619' appears 100 times and further instances of the messages will be disabled. Use the Tcl command set_msg_config to change the current settings.
INFO: [Physopt 32-702] Processed net swervolf/rvtop/veer/dbg/dmcommand_reg/genblock.genblock.dff/genblock.dffs/dout[16]_i_2__12_n_0. Optimizations did not improve timing on the net.
INFO: [Physopt 32-710] Processed net swervolf/rvtop/veer/dbg/dmcommand_reg/genblock.genblock.dff/genblock.dffs/dout[16]_i_2__12_n_0. Critical path length was reduced through logic transformation on cell swervolf/rvtop/veer/dbg/dmcommand_reg/genblock.genblock.dff/genblock.dffs/dout[16]_i_2__12_comp_2.
INFO: [Physopt 32-735] Processed net swervolf/rvtop/veer/dbg/dmcommand_reg/genblock.genblock.dff/genblock.dffs/dout[16]_i_6__7_n_0. Optimization improves timing on the net.
INFO: [Physopt 32-702] Processed net swervolf/rvtop/veer/dbg/dmcommand_reg/genblock.genblock.dff/genblock.dffs/dout[27]_i_4__4_n_0. Optimizations did not improve timing on the net.
INFO: [Physopt 32-710] Processed net swervolf/rvtop/veer/dbg/dmcommand_reg/genblock.genblock.dff/genblock.dffs/dout[27]_i_4__4_n_0. Critical path length was reduced through logic transformation on cell swervolf/rvtop/veer/dbg/dmcommand_reg/genblock.genblock.dff/genblock.dffs/dout[27]_i_4__4_comp.
INFO: [Physopt 32-735] Processed net swervolf/rvtop/veer/exu/i___206_i_1__0_7. Optimization improves timing on the net.
INFO: [Physopt 32-663] Processed net swervolf/rvtop/veer/dec/tlu/mhpmc4h_ff/genblock.genblock.dff/genblock.dffs/dout_reg[31]_0[1].  Re-placed instance swervolf/rvtop/veer/dec/tlu/mhpmc4h_ff/genblock.genblock.dff/genblock.dffs/dout_reg[1]
INFO: [Physopt 32-735] Processed net swervolf/rvtop/veer/dec/tlu/mhpmc4h_ff/genblock.genblock.dff/genblock.dffs/dout_reg[31]_0[1]. Optimization improves timing on the net.
INFO: [Common 17-14] Message 'Physopt 32-735' appears 100 times and further instances of the messages will be disabled. Use the Tcl command set_msg_config to change the current settings.
INFO: [Physopt 32-663] Processed net swervolf/rvtop/veer/dec/tlu/mhpmc4h_ff/genblock.genblock.dff/genblock.dffs/dout_reg[30]_0[0].  Re-placed instance swervolf/rvtop/veer/dec/tlu/mhpmc4h_ff/genblock.genblock.dff/genblock.dffs/dout_reg[3]
INFO: [Physopt 32-663] Processed net swervolf/rvtop/veer/dec/tlu/mhpmc4h_ff/genblock.genblock.dff/genblock.dffs/dout_reg[31]_0[4].  Re-placed instance swervolf/rvtop/veer/dec/tlu/mhpmc4h_ff/genblock.genblock.dff/genblock.dffs/dout_reg[5]
INFO: [Physopt 32-663] Processed net swervolf/rvtop/veer/dec/tlu/mhpmc4_ff/genblock.genblock.dff/genblock.dffs/dout_reg[31]_0[24].  Re-placed instance swervolf/rvtop/veer/dec/tlu/mhpmc4_ff/genblock.genblock.dff/genblock.dffs/dout_reg[27]
INFO: [Physopt 32-663] Processed net swervolf/rvtop/veer/dec/tlu/mhpmc4_ff/genblock.genblock.dff/genblock.dffs/dout_reg[31]_0[25].  Re-placed instance swervolf/rvtop/veer/dec/tlu/mhpmc4_ff/genblock.genblock.dff/genblock.dffs/dout_reg[28]
INFO: [Physopt 32-663] Processed net swervolf/rvtop/veer/dec/tlu/mhpmc4_ff/genblock.genblock.dff/genblock.dffs/dout_reg[31]_0[26].  Re-placed instance swervolf/rvtop/veer/dec/tlu/mhpmc4_ff/genblock.genblock.dff/genblock.dffs/dout_reg[29]
INFO: [Physopt 32-663] Processed net swervolf/rvtop/veer/dec/tlu/mhpmc4_ff/genblock.genblock.dff/genblock.dffs/dout_reg[31]_0[27].  Re-placed instance swervolf/rvtop/veer/dec/tlu/mhpmc4_ff/genblock.genblock.dff/genblock.dffs/dout_reg[30]
INFO: [Physopt 32-663] Processed net swervolf/rvtop/veer/dec/tlu/mhpmc4_ff/genblock.genblock.dff/genblock.dffs/dout_reg[31]_0[3].  Re-placed instance swervolf/rvtop/veer/dec/tlu/mhpmc4_ff/genblock.genblock.dff/genblock.dffs/dout_reg[4]
INFO: [Physopt 32-663] Processed net swervolf/rvtop/veer/dec/tlu/mhpmc4_ff/genblock.genblock.dff/genblock.dffs/dout_reg[31]_0[5].  Re-placed instance swervolf/rvtop/veer/dec/tlu/mhpmc4_ff/genblock.genblock.dff/genblock.dffs/dout_reg[7]
INFO: [Physopt 32-702] Processed net swervolf/rvtop/veer/dbg/dmcommand_reg/genblock.genblock.dff/genblock.dffs/dout[30]_i_3__5_n_0. Optimizations did not improve timing on the net.
INFO: [Physopt 32-710] Processed net swervolf/rvtop/veer/dbg/dmcommand_reg/genblock.genblock.dff/genblock.dffs/dout[30]_i_3__5_n_0. Critical path length was reduced through logic transformation on cell swervolf/rvtop/veer/dbg/dmcommand_reg/genblock.genblock.dff/genblock.dffs/dout[30]_i_3__5_comp_2.
INFO: [Physopt 32-663] Processed net swervolf/rvtop/veer/dbg/dmcommand_reg/genblock.genblock.dff/genblock.dffs/i___452_i_6_n_0.  Re-placed instance swervolf/rvtop/veer/dbg/dmcommand_reg/genblock.genblock.dff/genblock.dffs/i___452_i_6_comp
INFO: [Physopt 32-702] Processed net swervolf/rvtop/veer/dbg/dmcommand_reg/genblock.genblock.dff/genblock.dffs/dout[24]_i_7__6_n_0. Optimizations did not improve timing on the net.
INFO: [Physopt 32-702] Processed net swervolf/rvtop/veer/exu/i___206_i_1__0_10. Optimizations did not improve timing on the net.
INFO: [Physopt 32-710] Processed net swervolf/rvtop/veer/exu/i___206_i_1__0_10. Critical path length was reduced through logic transformation on cell swervolf/rvtop/veer/exu/i___896_comp_1.
INFO: [Physopt 32-702] Processed net swervolf/rvtop/veer/dbg/dmcommand_reg/genblock.genblock.dff/genblock.dffs/i___39_i_1. Optimizations did not improve timing on the net.
INFO: [Physopt 32-710] Processed net swervolf/rvtop/veer/dbg/dmcommand_reg/genblock.genblock.dff/genblock.dffs/i___39_i_1. Critical path length was reduced through logic transformation on cell swervolf/rvtop/veer/dbg/dmcommand_reg/genblock.genblock.dff/genblock.dffs/dout[19]_i_6__4_comp_2.
INFO: [Physopt 32-608] Optimized 1 net.  Swapped 19 pins.
INFO: [Physopt 32-608] Optimized 1 net.  Swapped 14 pins.
INFO: [Physopt 32-608] Optimized 1 net.  Swapped 19 pins.
INFO: [Physopt 32-710] Processed net swervolf/rvtop/veer/ifu/mem_ctl/perr_state_ff/genblock.dffs/dout_reg[0]_2. Critical path length was reduced through logic transformation on cell swervolf/rvtop/veer/ifu/mem_ctl/perr_state_ff/genblock.dffs/dout[0]_i_1__595_comp.
INFO: [Physopt 32-601] Processed net swervolf/rvtop/veer/exu/i___481_n_0. Net driver swervolf/rvtop/veer/exu/i___481 was replaced.
INFO: [Physopt 32-710] Processed net swervolf/rvtop/veer/dbg/dmcommand_reg/genblock.genblock.dff/genblock.dffs/i___190_i_1_3. Critical path length was reduced through logic transformation on cell swervolf/rvtop/veer/dbg/dmcommand_reg/genblock.genblock.dff/genblock.dffs/dout[25]_i_2__11_comp_2.
INFO: [Physopt 32-702] Processed net swervolf/rvtop/veer/exu/i___481_n_0. Optimizations did not improve timing on the net.
INFO: [Physopt 32-242] Processed net swervolf/rvtop/veer/dbg/dmcommand_reg/genblock.genblock.dff/genblock.dffs/i___480_i_8_0. Rewired (signal push) swervolf/rvtop/veer/dbg/dmcommand_reg/genblock.genblock.dff/genblock.dffs/i___480_i_4_n_0 to 3 loads. Replicated 0 times.
INFO: [Physopt 32-702] Processed net swervolf/rvtop/veer/dbg/dmcommand_reg/genblock.genblock.dff/genblock.dffs/dout[23]_i_4__5_n_0. Optimizations did not improve timing on the net.
INFO: [Physopt 32-710] Processed net swervolf/rvtop/veer/dbg/dmcommand_reg/genblock.genblock.dff/genblock.dffs/dout[23]_i_4__5_n_0. Critical path length was reduced through logic transformation on cell swervolf/rvtop/veer/dbg/dmcommand_reg/genblock.genblock.dff/genblock.dffs/dout[23]_i_4__5_comp.
INFO: [Physopt 32-663] Processed net swervolf/rvtop/veer/dbg/dmcommand_reg/genblock.genblock.dff/genblock.dffs/dout[16]_i_6__7_n_0.  Re-placed instance swervolf/rvtop/veer/dbg/dmcommand_reg/genblock.genblock.dff/genblock.dffs/dout[16]_i_6__7_comp_1
INFO: [Physopt 32-663] Processed net swervolf/rvtop/veer/dec/tlu/mhpmc4_ff/genblock.genblock.dff/genblock.dffs/dout_reg[31]_0[28].  Re-placed instance swervolf/rvtop/veer/dec/tlu/mhpmc4_ff/genblock.genblock.dff/genblock.dffs/dout_reg[31]
INFO: [Physopt 32-702] Processed net swervolf/rvtop/veer/dbg/dmcommand_reg/genblock.genblock.dff/genblock.dffs/dout[21]_i_2__13_n_0. Optimizations did not improve timing on the net.
INFO: [Physopt 32-663] Processed net swervolf/rvtop/veer/dbg/dmcommand_reg/genblock.genblock.dff/genblock.dffs/dout[21]_i_7__4_n_0.  Re-placed instance swervolf/rvtop/veer/dbg/dmcommand_reg/genblock.genblock.dff/genblock.dffs/dout[21]_i_7__4
INFO: [Physopt 32-702] Processed net swervolf/rvtop/veer/dbg/dmcommand_reg/genblock.genblock.dff/genblock.dffs/i___871_i_2_0_repN. Optimizations did not improve timing on the net.
INFO: [Physopt 32-702] Processed net swervolf/rvtop/veer/dbg/dmcommand_reg/genblock.genblock.dff/genblock.dffs/i___871_i_6_0[0]. Optimizations did not improve timing on the net.
INFO: [Physopt 32-702] Processed net swervolf/rvtop/veer/dbg/dmcommand_reg/genblock.genblock.dff/genblock.dffs/i___871_i_6_n_7. Optimizations did not improve timing on the net.
INFO: [Physopt 32-702] Processed net swervolf/rvtop/veer/dbg/dmcommand_reg/genblock.genblock.dff/genblock.dffs/i___505_i_5_n_7. Optimizations did not improve timing on the net.
INFO: [Physopt 32-702] Processed net swervolf/rvtop/veer/dbg/dmcommand_reg/genblock.genblock.dff/genblock.dffs/i___505_i_7_n_0. Optimizations did not improve timing on the net.
INFO: [Physopt 32-702] Processed net swervolf/rvtop/veer/dbg/dmcommand_reg/genblock.genblock.dff/genblock.dffs/i___507_i_6_n_4. Optimizations did not improve timing on the net.
INFO: [Physopt 32-702] Processed net swervolf/rvtop/veer/dbg/dmcommand_reg/genblock.genblock.dff/genblock.dffs/i___507_i_8_n_5. Optimizations did not improve timing on the net.
INFO: [Physopt 32-702] Processed net swervolf/rvtop/veer/dbg/dmcommand_reg/genblock.genblock.dff/genblock.dffs/i___541_i_8_n_6. Optimizations did not improve timing on the net.
INFO: [Physopt 32-702] Processed net swervolf/rvtop/veer/dbg/dmcommand_reg/genblock.genblock.dff/genblock.dffs/i___541_i_12_n_6. Optimizations did not improve timing on the net.
INFO: [Physopt 32-702] Processed net swervolf/rvtop/veer/dbg/dmcommand_reg/genblock.genblock.dff/genblock.dffs/i___575_i_6_n_6. Optimizations did not improve timing on the net.
INFO: [Physopt 32-702] Processed net swervolf/rvtop/veer/dbg/dmcommand_reg/genblock.genblock.dff/genblock.dffs/i___575_i_10_n_6. Optimizations did not improve timing on the net.
INFO: [Physopt 32-702] Processed net swervolf/rvtop/veer/dbg/dmcommand_reg/genblock.genblock.dff/genblock.dffs/i___209_i_5_n_2. Optimizations did not improve timing on the net.
INFO: [Physopt 32-702] Processed net swervolf/rvtop/veer/dbg/dmcommand_reg/genblock.genblock.dff/genblock.dffs/i___211_i_3_0[0]. Optimizations did not improve timing on the net.
INFO: [Physopt 32-702] Processed net swervolf/rvtop/veer/dbg/dmcommand_reg/genblock.genblock.dff/genblock.dffs/i___211_i_3_n_0. Optimizations did not improve timing on the net.
INFO: [Physopt 32-702] Processed net swervolf/rvtop/veer/dbg/dmcommand_reg/genblock.genblock.dff/genblock.dffs/i___212_i_5_0[0]. Optimizations did not improve timing on the net.
INFO: [Physopt 32-702] Processed net swervolf/rvtop/veer/dbg/dmcommand_reg/genblock.genblock.dff/genblock.dffs/i___212_i_5_n_6. Optimizations did not improve timing on the net.
INFO: [Physopt 32-702] Processed net swervolf/rvtop/veer/dbg/dmcommand_reg/genblock.genblock.dff/genblock.dffs/i___633_i_7_n_2. Optimizations did not improve timing on the net.
INFO: [Physopt 32-702] Processed net swervolf/rvtop/veer/dbg/dmcommand_reg/genblock.genblock.dff/genblock.dffs/i___216_i_1__0_0[0]. Optimizations did not improve timing on the net.
INFO: [Physopt 32-702] Processed net swervolf/rvtop/veer/dbg/dmcommand_reg/genblock.genblock.dff/genblock.dffs/i___216_i_1__0_n_0. Optimizations did not improve timing on the net.
INFO: [Physopt 32-702] Processed net swervolf/rvtop/veer/dbg/dmcommand_reg/genblock.genblock.dff/genblock.dffs/i___220_i_1__1_0[2]. Optimizations did not improve timing on the net.
INFO: [Physopt 32-702] Processed net swervolf/rvtop/veer/dbg/dmcommand_reg/genblock.genblock.dff/genblock.dffs/i___220_i_3__0_0[1]. Optimizations did not improve timing on the net.
INFO: [Physopt 32-702] Processed net swervolf/rvtop/veer/dbg/dmcommand_reg/genblock.genblock.dff/genblock.dffs/i___220_i_3__0_n_2. Optimizations did not improve timing on the net.
INFO: [Physopt 32-702] Processed net swervolf/rvtop/veer/dbg/dmcommand_reg/genblock.genblock.dff/genblock.dffs/i___220_i_6__0_n_3. Optimizations did not improve timing on the net.
INFO: [Physopt 32-702] Processed net swervolf/rvtop/veer/dbg/dmcommand_reg/genblock.genblock.dff/genblock.dffs/i___220_i_7__0_n_0. Optimizations did not improve timing on the net.
INFO: [Physopt 32-608] Optimized 1 net.  Swapped 24 pins.
INFO: [Physopt 32-663] Processed net swervolf/rvtop/veer/dec/tlu/mhpmc4_ff/genblock.genblock.dff/genblock.dffs/dout_reg[31]_0[0].  Re-placed instance swervolf/rvtop/veer/dec/tlu/mhpmc4_ff/genblock.genblock.dff/genblock.dffs/dout_reg[0]
INFO: [Physopt 32-663] Processed net swervolf/rvtop/veer/dec/tlu/mhpmc4_ff/genblock.genblock.dff/genblock.dffs/mhpmc4_0[0].  Re-placed instance swervolf/rvtop/veer/dec/tlu/mhpmc4_ff/genblock.genblock.dff/genblock.dffs/dout_reg[1]
INFO: [Physopt 32-663] Processed net swervolf/rvtop/mem/iccm.iccm/r0_address/genblock.dffs/sel_red0_0.  Re-placed instance swervolf/rvtop/mem/iccm.iccm/r0_address/genblock.dffs/dout[0]_i_1__596
INFO: [Physopt 32-710] Processed net swervolf/rvtop/veer/dec/tlu/mhpme6_ff/genblock.genblock.dff/genblock.dffs/mhpmc6h_wr_en. Critical path length was reduced through logic transformation on cell swervolf/rvtop/veer/dec/tlu/mhpme6_ff/genblock.genblock.dff/genblock.dffs/dout[31]_i_1__21_comp_1.
INFO: [Physopt 32-608] Optimized 1 net.  Swapped 24 pins.
INFO: [Physopt 32-663] Processed net swervolf/rvtop/veer/dec/tlu/mhpmc3h_ff/genblock.genblock.dff/genblock.dffs/dout_reg[31]_0[16].  Re-placed instance swervolf/rvtop/veer/dec/tlu/mhpmc3h_ff/genblock.genblock.dff/genblock.dffs/dout_reg[18]
INFO: [Physopt 32-663] Processed net swervolf/rvtop/veer/dec/tlu/mhpmc3h_ff/genblock.genblock.dff/genblock.dffs/dout_reg[31]_0[18].  Re-placed instance swervolf/rvtop/veer/dec/tlu/mhpmc3h_ff/genblock.genblock.dff/genblock.dffs/dout_reg[20]
INFO: [Physopt 32-663] Processed net swervolf/rvtop/veer/dec/tlu/mhpmc3h_ff/genblock.genblock.dff/genblock.dffs/dout_reg[31]_0[24].  Re-placed instance swervolf/rvtop/veer/dec/tlu/mhpmc3h_ff/genblock.genblock.dff/genblock.dffs/dout_reg[26]
INFO: [Physopt 32-663] Processed net swervolf/rvtop/veer/dec/tlu/mhpmc3h_ff/genblock.genblock.dff/genblock.dffs/dout_reg[31]_0[19].  Re-placed instance swervolf/rvtop/veer/dec/tlu/mhpmc3h_ff/genblock.genblock.dff/genblock.dffs/dout_reg[21]
INFO: [Physopt 32-663] Processed net swervolf/rvtop/veer/dec/tlu/mhpmc3h_ff/genblock.genblock.dff/genblock.dffs/dout_reg[31]_0[20].  Re-placed instance swervolf/rvtop/veer/dec/tlu/mhpmc3h_ff/genblock.genblock.dff/genblock.dffs/dout_reg[22]
INFO: [Physopt 32-663] Processed net swervolf/rvtop/veer/dec/tlu/mhpmc3h_ff/genblock.genblock.dff/genblock.dffs/dout_reg[31]_0[21].  Re-placed instance swervolf/rvtop/veer/dec/tlu/mhpmc3h_ff/genblock.genblock.dff/genblock.dffs/dout_reg[23]
INFO: [Physopt 32-663] Processed net swervolf/rvtop/veer/dec/tlu/mhpmc3h_ff/genblock.genblock.dff/genblock.dffs/dout_reg[31]_0[22].  Re-placed instance swervolf/rvtop/veer/dec/tlu/mhpmc3h_ff/genblock.genblock.dff/genblock.dffs/dout_reg[24]
INFO: [Physopt 32-663] Processed net swervolf/rvtop/veer/dec/tlu/mhpmc3h_ff/genblock.genblock.dff/genblock.dffs/dout_reg[31]_0[11].  Re-placed instance swervolf/rvtop/veer/dec/tlu/mhpmc3h_ff/genblock.genblock.dff/genblock.dffs/dout_reg[13]
INFO: [Physopt 32-663] Processed net swervolf/rvtop/veer/dec/tlu/mhpmc3h_ff/genblock.genblock.dff/genblock.dffs/dout_reg[31]_0[12].  Re-placed instance swervolf/rvtop/veer/dec/tlu/mhpmc3h_ff/genblock.genblock.dff/genblock.dffs/dout_reg[14]
INFO: [Physopt 32-663] Processed net swervolf/rvtop/veer/dec/tlu/mhpmc3h_ff/genblock.genblock.dff/genblock.dffs/dout_reg[31]_0[13].  Re-placed instance swervolf/rvtop/veer/dec/tlu/mhpmc3h_ff/genblock.genblock.dff/genblock.dffs/dout_reg[15]
INFO: [Physopt 32-702] Processed net swervolf/rvtop/veer/exu/i___48_i_1__0_0[3]. Optimizations did not improve timing on the net.
INFO: [Physopt 32-702] Processed net swervolf/rvtop/veer/dbg/dmcommand_reg/genblock.genblock.dff/genblock.dffs/i___156_i_2. Optimizations did not improve timing on the net.
INFO: [Physopt 32-702] Processed net swervolf/rvtop/veer/exu/i___357_i_3__0. Optimizations did not improve timing on the net.
INFO: [Physopt 32-608] Optimized 1 net.  Swapped 23 pins.
INFO: [Physopt 32-663] Processed net swervolf/rvtop/veer/exu/dout_reg[1]_1.  Re-placed instance swervolf/rvtop/veer/exu/i___885
INFO: [Physopt 32-663] Processed net swervolf/rvtop/veer/ifu/mem_ctl/perr_state_ff/genblock.dffs/dout[0]_i_3__116_n_0.  Re-placed instance swervolf/rvtop/veer/ifu/mem_ctl/perr_state_ff/genblock.dffs/dout[0]_i_3__116
INFO: [Physopt 32-663] Processed net swervolf/rvtop/veer/dbg/dmcommand_reg/genblock.genblock.dff/genblock.dffs/i___55_i_1_1.  Re-placed instance swervolf/rvtop/veer/dbg/dmcommand_reg/genblock.genblock.dff/genblock.dffs/i___357_i_3__0
INFO: [Physopt 32-663] Processed net swervolf/rvtop/veer/dec/tlu/mhpmc4_ff/genblock.genblock.dff/genblock.dffs/mhpmc4_0[1].  Re-placed instance swervolf/rvtop/veer/dec/tlu/mhpmc4_ff/genblock.genblock.dff/genblock.dffs/dout_reg[5]
INFO: [Physopt 32-663] Processed net swervolf/rvtop/veer/dec/tlu/mhpmc4_ff/genblock.genblock.dff/genblock.dffs/dout_reg[31]_0[4].  Re-placed instance swervolf/rvtop/veer/dec/tlu/mhpmc4_ff/genblock.genblock.dff/genblock.dffs/dout_reg[6]
INFO: [Physopt 32-663] Processed net swervolf/rvtop/mem/iccm.iccm/r0_address/genblock.dffs/dout_reg[0]_0_repN.  Re-placed instance swervolf/rvtop/mem/iccm.iccm/r0_address/genblock.dffs/dout[0]_i_2__209_comp_1
INFO: [Physopt 32-702] Processed net swervolf/rvtop/mem/iccm.iccm/r0_address/genblock.dffs/dout_reg[0]_0_repN. Optimizations did not improve timing on the net.
INFO: [Physopt 32-663] Processed net swervolf/rvtop/mem/iccm.iccm/r0_address/genblock.dffs/sel_red0_1.  Re-placed instance swervolf/rvtop/mem/iccm.iccm/r0_address/genblock.dffs/dout[0]_i_1__598
INFO: [Physopt 32-663] Processed net swervolf/rvtop/veer/dec/tlu/mhpmc4_ff/genblock.genblock.dff/genblock.dffs/dout_reg[31]_0[9].  Re-placed instance swervolf/rvtop/veer/dec/tlu/mhpmc4_ff/genblock.genblock.dff/genblock.dffs/dout_reg[11]
INFO: [Physopt 32-663] Processed net swervolf/rvtop/veer/dec/tlu/mhpmc4_ff/genblock.genblock.dff/genblock.dffs/mhpmc4_0[2].  Re-placed instance swervolf/rvtop/veer/dec/tlu/mhpmc4_ff/genblock.genblock.dff/genblock.dffs/dout_reg[14]
INFO: [Physopt 32-663] Processed net swervolf/rvtop/veer/dec/tlu/mhpmc4_ff/genblock.genblock.dff/genblock.dffs/dout_reg[31]_0[13].  Re-placed instance swervolf/rvtop/veer/dec/tlu/mhpmc4_ff/genblock.genblock.dff/genblock.dffs/dout_reg[16]
INFO: [Physopt 32-663] Processed net swervolf/rvtop/veer/dec/tlu/mhpmc4_ff/genblock.genblock.dff/genblock.dffs/dout_reg[31]_0[14].  Re-placed instance swervolf/rvtop/veer/dec/tlu/mhpmc4_ff/genblock.genblock.dff/genblock.dffs/dout_reg[17]
INFO: [Physopt 32-663] Processed net swervolf/rvtop/veer/dec/tlu/mhpmc4_ff/genblock.genblock.dff/genblock.dffs/dout_reg[31]_0[16].  Re-placed instance swervolf/rvtop/veer/dec/tlu/mhpmc4_ff/genblock.genblock.dff/genblock.dffs/dout_reg[19]
INFO: [Physopt 32-663] Processed net swervolf/rvtop/veer/ifu/mem_ctl/perr_state_ff/genblock.dffs/dout[0]_i_3__116_n_0.  Re-placed instance swervolf/rvtop/veer/ifu/mem_ctl/perr_state_ff/genblock.dffs/dout[0]_i_3__116
INFO: [Physopt 32-702] Processed net ddr2/ldc/storage_11_reg_0_15_0_5/DOA0. Optimizations did not improve timing on the net.
INFO: [Physopt 32-702] Processed net ddr2/ldc/clkout1. Optimizations did not improve timing on the net.
INFO: [Physopt 32-663] Processed net ddr2/ldc/storage_11_reg_0_15_0_5_i_2_n_0.  Re-placed instance ddr2/ldc/storage_11_reg_0_15_0_5_i_2
INFO: [Physopt 32-702] Processed net swervolf/rvtop/veer/dec/tlu/mhpmc6_ff/genblock.genblock.dff/genblock.dffs/dout_reg[31]_0[21]. Optimizations did not improve timing on the net.
INFO: [Physopt 32-702] Processed net clk_gen/clk_core. Optimizations did not improve timing on the net.
INFO: [Physopt 32-702] Processed net swervolf/rvtop/veer/dec/tlu/mhpme6_ff/genblock.genblock.dff/genblock.dffs/dout[31]_i_15__0_n_0. Optimizations did not improve timing on the net.
INFO: [Physopt 32-702] Processed net swervolf/rvtop/veer/dec/tlu/mhpme6_ff/genblock.genblock.dff/genblock.dffs/dout[31]_i_29__4_n_0. Optimizations did not improve timing on the net.
INFO: [Physopt 32-663] Processed net swervolf/rvtop/veer/dec/tlu/mhpme6_ff/genblock.genblock.dff/genblock.dffs/dout[31]_i_46__2_n_0.  Re-placed instance swervolf/rvtop/veer/dec/tlu/mhpme6_ff/genblock.genblock.dff/genblock.dffs/dout[31]_i_46__2
INFO: [Physopt 32-663] Processed net swervolf/rvtop/veer/dec/tlu/mhpmc3h_ff/genblock.genblock.dff/genblock.dffs/dout_reg[31]_0[15].  Re-placed instance swervolf/rvtop/veer/dec/tlu/mhpmc3h_ff/genblock.genblock.dff/genblock.dffs/dout_reg[17]
INFO: [Physopt 32-663] Processed net swervolf/rvtop/veer/dec/tlu/mhpmc3h_ff/genblock.genblock.dff/genblock.dffs/dout_reg[31]_0[17].  Re-placed instance swervolf/rvtop/veer/dec/tlu/mhpmc3h_ff/genblock.genblock.dff/genblock.dffs/dout_reg[19]
INFO: [Physopt 32-663] Processed net swervolf/rvtop/veer/dec/tlu/mhpmc3h_ff/genblock.genblock.dff/genblock.dffs/dout_reg[31]_0[23].  Re-placed instance swervolf/rvtop/veer/dec/tlu/mhpmc3h_ff/genblock.genblock.dff/genblock.dffs/dout_reg[25]
INFO: [Physopt 32-663] Processed net swervolf/rvtop/veer/dec/tlu/mhpmc3h_ff/genblock.genblock.dff/genblock.dffs/dout_reg[31]_0[29].  Re-placed instance swervolf/rvtop/veer/dec/tlu/mhpmc3h_ff/genblock.genblock.dff/genblock.dffs/dout_reg[31]
INFO: [Physopt 32-702] Processed net swervolf/rvtop/mem/iccm.iccm/red_lru/genblock.dffs/dout_reg[0]_0. Optimizations did not improve timing on the net.
INFO: [Physopt 32-702] Processed net swervolf/rvtop/veer/ifu/mem_ctl/perr_state_ff/genblock.dffs/dout[0]_i_3__116_n_0. Optimizations did not improve timing on the net.
INFO: [Physopt 32-663] Processed net swervolf/rvtop/veer/ifu/mem_ctl/perr_state_ff/genblock.dffs/sel_red1_3.  Re-placed instance swervolf/rvtop/veer/ifu/mem_ctl/perr_state_ff/genblock.dffs/dout[0]_i_1__601
INFO: [Physopt 32-663] Processed net swervolf/rvtop/veer/dec/tlu/mhpmc4h_ff/genblock.genblock.dff/genblock.dffs/dout_reg[31]_0[12].  Re-placed instance swervolf/rvtop/veer/dec/tlu/mhpmc4h_ff/genblock.genblock.dff/genblock.dffs/dout_reg[15]
INFO: [Physopt 32-702] Processed net swervolf/rvtop/veer/dec/tlu/mhpmc4h_ff/genblock.genblock.dff/genblock.dffs/dout_reg[31]_0[1]. Optimizations did not improve timing on the net.
INFO: [Physopt 32-702] Processed net swervolf/rvtop/veer/dec/tlu/mhpme4_ff/genblock.genblock.dff/genblock.dffs/dout[31]_i_7__2_n_0. Optimizations did not improve timing on the net.
INFO: [Physopt 32-702] Processed net swervolf/rvtop/veer/dec/tlu/mhpme4_ff/genblock.genblock.dff/genblock.dffs/dout[31]_i_12_n_0. Optimizations did not improve timing on the net.
INFO: [Physopt 32-702] Processed net swervolf/rvtop/veer/dec/tlu/mhpme4_ff/genblock.genblock.dff/genblock.dffs/dout[31]_i_20__2_n_0. Optimizations did not improve timing on the net.
INFO: [Physopt 32-702] Processed net swervolf/rvtop/veer/dec/tlu/mhpme4_ff/genblock.genblock.dff/genblock.dffs/dout[31]_i_36__0_n_0. Optimizations did not improve timing on the net.
INFO: [Physopt 32-663] Processed net swervolf/rvtop/veer/dec/tlu/mhpme4_ff/genblock.genblock.dff/genblock.dffs/dout[31]_i_42__0_n_0.  Re-placed instance swervolf/rvtop/veer/dec/tlu/mhpme4_ff/genblock.genblock.dff/genblock.dffs/dout[31]_i_42__0
INFO: [Physopt 32-663] Processed net swervolf/rvtop/mem/iccm.iccm/r0_address/genblock.dffs/sel_red0_2.  Re-placed instance swervolf/rvtop/mem/iccm.iccm/r0_address/genblock.dffs/dout[0]_i_1__602
INFO: [Physopt 32-702] Processed net swervolf/rvtop/veer/exu/i_mul/i_bitmanip_ff/genblock.genblock.dff/genblock.dffs/p_3_in[13]. Optimizations did not improve timing on the net.
INFO: [Physopt 32-702] Processed net swervolf/rvtop/veer/exu/dout_reg[1]_33_repN. Optimizations did not improve timing on the net.
INFO: [Physopt 32-702] Processed net swervolf/rvtop/veer/exu/i___481_5. Optimizations did not improve timing on the net.
INFO: [Physopt 32-663] Processed net swervolf/rvtop/veer/exu/i___871_n_0.  Re-placed instance swervolf/rvtop/veer/exu/i___871_comp
INFO: [Physopt 32-702] Processed net swervolf/rvtop/veer/exu/i_mul/i_bitmanip_ff/genblock.genblock.dff/genblock.dffs/p_3_in[20]. Optimizations did not improve timing on the net.
INFO: [Physopt 32-702] Processed net swervolf/rvtop/veer/dbg/dmcommand_reg/genblock.genblock.dff/genblock.dffs/dout[20]_i_2__11_n_0. Optimizations did not improve timing on the net.
INFO: [Physopt 32-702] Processed net swervolf/rvtop/veer/dbg/dmcommand_reg/genblock.genblock.dff/genblock.dffs/dout[20]_i_4__6_n_0. Optimizations did not improve timing on the net.
INFO: [Physopt 32-702] Processed net swervolf/rvtop/veer/exu/i___206_i_1__0_6. Optimizations did not improve timing on the net.
INFO: [Physopt 32-608] Optimized 1 net.  Swapped 22 pins.
INFO: [Physopt 32-702] Processed net swervolf/rvtop/veer/exu/i___872_n_0. Optimizations did not improve timing on the net.
INFO: [Physopt 32-702] Processed net swervolf/rvtop/veer/dbg/dmcommand_reg/genblock.genblock.dff/genblock.dffs/i___871_i_2_0. Optimizations did not improve timing on the net.
INFO: [Physopt 32-702] Processed net swervolf/rvtop/veer/dbg/dmcommand_reg/genblock.genblock.dff/genblock.dffs/i___871_i_2_n_1. Optimizations did not improve timing on the net.
INFO: [Physopt 32-702] Processed net swervolf/rvtop/veer/dbg/dmcommand_reg/genblock.genblock.dff/genblock.dffs/i___480_i_7_n_2. Optimizations did not improve timing on the net.
INFO: [Physopt 32-702] Processed net swervolf/rvtop/veer/dbg/dmcommand_reg/genblock.genblock.dff/genblock.dffs/i___480_i_11_n_3. Optimizations did not improve timing on the net.
INFO: [Physopt 32-702] Processed net swervolf/rvtop/veer/dbg/dmcommand_reg/genblock.genblock.dff/genblock.dffs/i___505_i_8_n_5. Optimizations did not improve timing on the net.
INFO: [Physopt 32-702] Processed net swervolf/rvtop/veer/dbg/dmcommand_reg/genblock.genblock.dff/genblock.dffs/i___208_i_7_n_1. Optimizations did not improve timing on the net.
INFO: [Physopt 32-702] Processed net swervolf/rvtop/veer/dbg/dmcommand_reg/genblock.genblock.dff/genblock.dffs/i___541_i_7_n_2. Optimizations did not improve timing on the net.
INFO: [Physopt 32-702] Processed net swervolf/rvtop/veer/dbg/dmcommand_reg/genblock.genblock.dff/genblock.dffs/i___541_i_11_n_3. Optimizations did not improve timing on the net.
INFO: [Physopt 32-702] Processed net swervolf/rvtop/veer/dbg/dmcommand_reg/genblock.genblock.dff/genblock.dffs/i___575_i_6_n_5. Optimizations did not improve timing on the net.
INFO: [Physopt 32-702] Processed net swervolf/rvtop/veer/dbg/dmcommand_reg/genblock.genblock.dff/genblock.dffs/i___575_i_10_n_6. Optimizations did not improve timing on the net.
INFO: [Physopt 32-702] Processed net swervolf/rvtop/veer/dbg/dmcommand_reg/genblock.genblock.dff/genblock.dffs/i___209_i_5_n_2. Optimizations did not improve timing on the net.
INFO: [Physopt 32-702] Processed net swervolf/rvtop/veer/dbg/dmcommand_reg/genblock.genblock.dff/genblock.dffs/i___211_i_3_0[0]. Optimizations did not improve timing on the net.
INFO: [Physopt 32-702] Processed net swervolf/rvtop/veer/dbg/dmcommand_reg/genblock.genblock.dff/genblock.dffs/i___212_i_5_0[0]. Optimizations did not improve timing on the net.
INFO: [Physopt 32-702] Processed net swervolf/rvtop/veer/dbg/dmcommand_reg/genblock.genblock.dff/genblock.dffs/i___212_i_5_n_6. Optimizations did not improve timing on the net.
INFO: [Physopt 32-702] Processed net swervolf/rvtop/veer/dbg/dmcommand_reg/genblock.genblock.dff/genblock.dffs/i___633_i_7_n_2. Optimizations did not improve timing on the net.
INFO: [Physopt 32-702] Processed net swervolf/rvtop/veer/dbg/dmcommand_reg/genblock.genblock.dff/genblock.dffs/i___216_i_1__0_0[0]. Optimizations did not improve timing on the net.
INFO: [Physopt 32-702] Processed net swervolf/rvtop/veer/dbg/dmcommand_reg/genblock.genblock.dff/genblock.dffs/i___220_i_1__1_0[2]. Optimizations did not improve timing on the net.
INFO: [Physopt 32-702] Processed net swervolf/rvtop/veer/dbg/dmcommand_reg/genblock.genblock.dff/genblock.dffs/i___220_i_3__0_0[1]. Optimizations did not improve timing on the net.
INFO: [Physopt 32-702] Processed net swervolf/rvtop/veer/dbg/dmcommand_reg/genblock.genblock.dff/genblock.dffs/i___220_i_3__0_n_2. Optimizations did not improve timing on the net.
INFO: [Physopt 32-702] Processed net swervolf/rvtop/veer/dbg/dmcommand_reg/genblock.genblock.dff/genblock.dffs/i___220_i_6__0_n_3. Optimizations did not improve timing on the net.
INFO: [Physopt 32-702] Processed net swervolf/rvtop/veer/exu/i___48_i_1__0_0[2]. Optimizations did not improve timing on the net.
INFO: [Physopt 32-663] Processed net swervolf/rvtop/veer/exu/dout_reg[1]_39.  Re-placed instance swervolf/rvtop/veer/exu/i___889
INFO: [Physopt 32-608] Optimized 1 net.  Swapped 11 pins.
INFO: [Physopt 32-663] Processed net swervolf/rvtop/veer/ifu/mem_ctl/perr_state_ff/genblock.dffs/sel_red1_2.  Re-placed instance swervolf/rvtop/veer/ifu/mem_ctl/perr_state_ff/genblock.dffs/dout[0]_i_1__603
INFO: [Physopt 32-702] Processed net swervolf/rvtop/veer/exu/i___48_i_1__0_0[3]. Optimizations did not improve timing on the net.
INFO: [Physopt 32-702] Processed net swervolf/rvtop/veer/dbg/dmcommand_reg/genblock.genblock.dff/genblock.dffs/i___156_i_2. Optimizations did not improve timing on the net.
INFO: [Physopt 32-702] Processed net swervolf/rvtop/veer/exu/i___357_i_3__0. Optimizations did not improve timing on the net.
INFO: [Physopt 32-702] Processed net swervolf/rvtop/veer/exu/dout_reg[1]_40. Optimizations did not improve timing on the net.
INFO: [Physopt 32-702] Processed net swervolf/rvtop/veer/dbg/dmcommand_reg/genblock.genblock.dff/genblock.dffs/i___880. Optimizations did not improve timing on the net.
INFO: [Physopt 32-702] Processed net swervolf/rvtop/veer/exu/rs2_in0[2]. Optimizations did not improve timing on the net.
INFO: [Physopt 32-702] Processed net swervolf/rvtop/veer/dec/mul_p[valid]. Optimizations did not improve timing on the net.
INFO: [Physopt 32-608] Optimized 1 net.  Swapped 24 pins.
INFO: [Physopt 32-663] Processed net swervolf/rvtop/veer/dec/tlu/mhpmc3h_ff/genblock.genblock.dff/genblock.dffs/dout_reg[31]_0[26].  Re-placed instance swervolf/rvtop/veer/dec/tlu/mhpmc3h_ff/genblock.genblock.dff/genblock.dffs/dout_reg[28]
INFO: [Physopt 32-663] Processed net swervolf/rvtop/veer/dec/tlu/mhpmc3h_ff/genblock.genblock.dff/genblock.dffs/dout_reg[31]_0[14].  Re-placed instance swervolf/rvtop/veer/dec/tlu/mhpmc3h_ff/genblock.genblock.dff/genblock.dffs/dout_reg[16]
INFO: [Physopt 32-663] Processed net swervolf/rvtop/veer/dec/tlu/mhpmc3h_ff/genblock.genblock.dff/genblock.dffs/dout_reg[31]_0[6].  Re-placed instance swervolf/rvtop/veer/dec/tlu/mhpmc3h_ff/genblock.genblock.dff/genblock.dffs/dout_reg[7]
INFO: [Physopt 32-663] Processed net swervolf/rvtop/veer/dec/tlu/mhpmc3h_ff/genblock.genblock.dff/genblock.dffs/mhpmc3h_0[8].  Re-placed instance swervolf/rvtop/veer/dec/tlu/mhpmc3h_ff/genblock.genblock.dff/genblock.dffs/dout_reg[8]
INFO: [Physopt 32-663] Processed net swervolf/rvtop/veer/dec/tlu/mhpmc3_ff/genblock.genblock.dff/genblock.dffs/dout_reg[31]_0[28].  Re-placed instance swervolf/rvtop/veer/dec/tlu/mhpmc3_ff/genblock.genblock.dff/genblock.dffs/dout_reg[30]
INFO: [Physopt 32-663] Processed net swervolf/rvtop/veer/dec/tlu/mhpmc3_ff/genblock.genblock.dff/genblock.dffs/dout_reg[31]_0[25].  Re-placed instance swervolf/rvtop/veer/dec/tlu/mhpmc3_ff/genblock.genblock.dff/genblock.dffs/dout_reg[27]
INFO: [Physopt 32-663] Processed net swervolf/rvtop/veer/dec/tlu/mhpmc3_ff/genblock.genblock.dff/genblock.dffs/dout_reg[31]_0[26].  Re-placed instance swervolf/rvtop/veer/dec/tlu/mhpmc3_ff/genblock.genblock.dff/genblock.dffs/dout_reg[28]
INFO: [Physopt 32-663] Processed net swervolf/rvtop/veer/dec/tlu/mhpmc3_ff/genblock.genblock.dff/genblock.dffs/dout_reg[31]_0[27].  Re-placed instance swervolf/rvtop/veer/dec/tlu/mhpmc3_ff/genblock.genblock.dff/genblock.dffs/dout_reg[29]
INFO: [Common 17-14] Message 'Physopt 32-663' appears 100 times and further instances of the messages will be disabled. Use the Tcl command set_msg_config to change the current settings.
Netlist sorting complete. Time (s): cpu = 00:00:00.09 ; elapsed = 00:00:00.1 . Memory (MB): peak = 3127.230 ; gain = 0.000 ; free physical = 4906 ; free virtual = 12475
Phase 3 Critical Path Optimization | Checksum: a4bc102d

Time (s): cpu = 00:01:47 ; elapsed = 00:00:35 . Memory (MB): peak = 3127.230 ; gain = 0.000 ; free physical = 4906 ; free virtual = 12475

Phase 4 Critical Path Optimization
INFO: [Physopt 32-702] Processed net swervolf/rvtop/mem/iccm.iccm/red_lru/genblock.dffs/dout_reg[0]_0. Optimizations did not improve timing on the net.
INFO: [Physopt 32-702] Processed net clk_gen/clk_core. Optimizations did not improve timing on the net.
INFO: [Physopt 32-702] Processed net swervolf/rvtop/veer/dec/tlu/mhpmc3h_ff/genblock.genblock.dff/genblock.dffs/dout_reg[31]_0[0]. Optimizations did not improve timing on the net.
INFO: [Physopt 32-702] Processed net swervolf/rvtop/veer/ifu/mem_ctl/perr_state_ff/genblock.dffs/dout[0]_i_3__116_n_0. Optimizations did not improve timing on the net.
INFO: [Physopt 32-702] Processed net swervolf/rvtop/veer/exu/i_mul/i_bitmanip_ff/genblock.genblock.dff/genblock.dffs/p_3_in[20]. Optimizations did not improve timing on the net.
INFO: [Physopt 32-710] Processed net swervolf/rvtop/veer/dbg/dmcommand_reg/genblock.genblock.dff/genblock.dffs/p_0_in100_out[19]. Critical path length was reduced through logic transformation on cell swervolf/rvtop/veer/dbg/dmcommand_reg/genblock.genblock.dff/genblock.dffs/dout[20]_i_1__70_comp_1.
INFO: [Physopt 32-710] Processed net swervolf/rvtop/veer/dec/tlu/mhpme3_ff/genblock.genblock.dff/genblock.dffs/mhpmc3h_wr_en. Critical path length was reduced through logic transformation on cell swervolf/rvtop/veer/dec/tlu/mhpme3_ff/genblock.genblock.dff/genblock.dffs/dout[31]_i_1__17_comp.
INFO: [Physopt 32-702] Processed net swervolf/rvtop/veer/exu/i_mul/i_bitmanip_ff/genblock.genblock.dff/genblock.dffs/p_3_in[27]. Optimizations did not improve timing on the net.
INFO: [Physopt 32-710] Processed net swervolf/rvtop/veer/dbg/dmcommand_reg/genblock.genblock.dff/genblock.dffs/p_0_in100_out[22]. Critical path length was reduced through logic transformation on cell swervolf/rvtop/veer/dbg/dmcommand_reg/genblock.genblock.dff/genblock.dffs/dout[27]_i_1__63_comp.
INFO: [Physopt 32-702] Processed net swervolf/rvtop/veer/exu/i_mul/i_bitmanip_ff/genblock.genblock.dff/genblock.dffs/p_3_in[6]. Optimizations did not improve timing on the net.
INFO: [Physopt 32-702] Processed net swervolf/rvtop/veer/exu/dout_reg[1]_28. Optimizations did not improve timing on the net.
INFO: [Physopt 32-710] Processed net swervolf/rvtop/veer/exu/dout_reg[1]_28. Critical path length was reduced through logic transformation on cell swervolf/rvtop/veer/exu/i___196_comp.
INFO: [Physopt 32-702] Processed net swervolf/rvtop/veer/exu/i_mul/i_bitmanip_ff/genblock.genblock.dff/genblock.dffs/p_3_in[13]. Optimizations did not improve timing on the net.
INFO: [Physopt 32-702] Processed net swervolf/rvtop/veer/exu/dout_reg[1]_33_repN. Optimizations did not improve timing on the net.
INFO: [Physopt 32-702] Processed net swervolf/rvtop/veer/exu/i___481_5. Optimizations did not improve timing on the net.
INFO: [Physopt 32-608] Optimized 1 net.  Swapped 24 pins.
INFO: [Physopt 32-702] Processed net swervolf/rvtop/veer/exu/i_mul/i_bitmanip_ff/genblock.genblock.dff/genblock.dffs/p_3_in[17]. Optimizations did not improve timing on the net.
INFO: [Physopt 32-710] Processed net swervolf/rvtop/veer/dbg/dmcommand_reg/genblock.genblock.dff/genblock.dffs/p_0_in100_out[17]. Critical path length was reduced through logic transformation on cell swervolf/rvtop/veer/dbg/dmcommand_reg/genblock.genblock.dff/genblock.dffs/dout[17]_i_1__73_comp.
INFO: [Physopt 32-702] Processed net swervolf/rvtop/veer/exu/i_mul/i_bitmanip_ff/genblock.genblock.dff/genblock.dffs/p_3_in[21]. Optimizations did not improve timing on the net.
INFO: [Physopt 32-702] Processed net swervolf/rvtop/veer/dbg/dmcommand_reg/genblock.genblock.dff/genblock.dffs/dout[21]_i_2__13_n_0. Optimizations did not improve timing on the net.
INFO: [Physopt 32-710] Processed net swervolf/rvtop/veer/dbg/dmcommand_reg/genblock.genblock.dff/genblock.dffs/dout[21]_i_2__13_n_0. Critical path length was reduced through logic transformation on cell swervolf/rvtop/veer/dbg/dmcommand_reg/genblock.genblock.dff/genblock.dffs/dout[21]_i_2__13_comp_2.
INFO: [Physopt 32-702] Processed net swervolf/rvtop/veer/exu/i_mul/i_bitmanip_ff/genblock.genblock.dff/genblock.dffs/p_3_in[28]. Optimizations did not improve timing on the net.
INFO: [Physopt 32-702] Processed net swervolf/rvtop/veer/dbg/dmcommand_reg/genblock.genblock.dff/genblock.dffs/dout[28]_i_3__5_n_0. Optimizations did not improve timing on the net.
INFO: [Physopt 32-702] Processed net swervolf/rvtop/veer/exu/i_mul/i_bitmanip_ff/genblock.genblock.dff/genblock.dffs/p_3_in[7]. Optimizations did not improve timing on the net.
INFO: [Physopt 32-710] Processed net swervolf/rvtop/veer/dbg/dmcommand_reg/genblock.genblock.dff/genblock.dffs/p_0_in100_out[7]. Critical path length was reduced through logic transformation on cell swervolf/rvtop/veer/dbg/dmcommand_reg/genblock.genblock.dff/genblock.dffs/dout[7]_i_1__82_comp_1.
INFO: [Physopt 32-702] Processed net swervolf/rvtop/veer/exu/i_mul/i_bitmanip_ff/genblock.genblock.dff/genblock.dffs/p_3_in[1]. Optimizations did not improve timing on the net.
INFO: [Physopt 32-702] Processed net swervolf/rvtop/veer/exu/dout_reg[1]_25. Optimizations did not improve timing on the net.
INFO: [Physopt 32-710] Processed net swervolf/rvtop/veer/exu/dout_reg[1]_25. Critical path length was reduced through logic transformation on cell swervolf/rvtop/veer/exu/i___191_comp.
INFO: [Physopt 32-702] Processed net swervolf/rvtop/veer/exu/i_mul/i_bitmanip_ff/genblock.genblock.dff/genblock.dffs/p_3_in[23]. Optimizations did not improve timing on the net.
INFO: [Physopt 32-608] Optimized 1 net.  Swapped 21 pins.
INFO: [Physopt 32-702] Processed net swervolf/rvtop/veer/exu/i_mul/i_bitmanip_ff/genblock.genblock.dff/genblock.dffs/p_3_in[29]. Optimizations did not improve timing on the net.
INFO: [Physopt 32-710] Processed net swervolf/rvtop/veer/dbg/dmcommand_reg/genblock.genblock.dff/genblock.dffs/p_0_in100_out[24]. Critical path length was reduced through logic transformation on cell swervolf/rvtop/veer/dbg/dmcommand_reg/genblock.genblock.dff/genblock.dffs/dout[29]_i_1__66_comp.
INFO: [Physopt 32-702] Processed net swervolf/rvtop/veer/exu/i_mul/i_bitmanip_ff/genblock.genblock.dff/genblock.dffs/p_3_in[30]. Optimizations did not improve timing on the net.
INFO: [Physopt 32-710] Processed net swervolf/rvtop/veer/dbg/dmcommand_reg/genblock.genblock.dff/genblock.dffs/p_0_in100_out[25]. Critical path length was reduced through logic transformation on cell swervolf/rvtop/veer/dbg/dmcommand_reg/genblock.genblock.dff/genblock.dffs/dout[30]_i_1__69_comp.
INFO: [Physopt 32-702] Processed net swervolf/rvtop/veer/dbg/dmcommand_reg/genblock.genblock.dff/genblock.dffs/dout[29]_i_3__3_n_0. Optimizations did not improve timing on the net.
INFO: [Physopt 32-710] Processed net swervolf/rvtop/veer/dbg/dmcommand_reg/genblock.genblock.dff/genblock.dffs/dout[29]_i_3__3_n_0. Critical path length was reduced through logic transformation on cell swervolf/rvtop/veer/dbg/dmcommand_reg/genblock.genblock.dff/genblock.dffs/dout[29]_i_3__3_comp_2.
INFO: [Physopt 32-702] Processed net swervolf/rvtop/veer/exu/i_mul/i_bitmanip_ff/genblock.genblock.dff/genblock.dffs/p_3_in[31]. Optimizations did not improve timing on the net.
INFO: [Physopt 32-710] Processed net swervolf/rvtop/veer/dbg/dmcommand_reg/genblock.genblock.dff/genblock.dffs/p_0_in100_out[26]. Critical path length was reduced through logic transformation on cell swervolf/rvtop/veer/dbg/dmcommand_reg/genblock.genblock.dff/genblock.dffs/dout[31]_i_1__71_comp_1.
INFO: [Physopt 32-702] Processed net swervolf/rvtop/veer/exu/i___871_n_0. Optimizations did not improve timing on the net.
INFO: [Physopt 32-702] Processed net swervolf/rvtop/veer/dec/tlu/mhpmc3_ff/genblock.genblock.dff/genblock.dffs/dout_reg[31]_0[0]. Optimizations did not improve timing on the net.
INFO: [Physopt 32-710] Processed net swervolf/rvtop/veer/dec/tlu/mhpme3_ff/genblock.genblock.dff/genblock.dffs/mhpmc3_wr_en. Critical path length was reduced through logic transformation on cell swervolf/rvtop/veer/dec/tlu/mhpme3_ff/genblock.genblock.dff/genblock.dffs/dout[31]_i_1__18_comp.
INFO: [Physopt 32-702] Processed net swervolf/rvtop/veer/exu/i_mul/i_bitmanip_ff/genblock.genblock.dff/genblock.dffs/p_3_in[14]. Optimizations did not improve timing on the net.
INFO: [Physopt 32-702] Processed net swervolf/rvtop/veer/exu/i___196_i_1__1. Optimizations did not improve timing on the net.
INFO: [Physopt 32-710] Processed net swervolf/rvtop/veer/exu/i___196_i_1__1. Critical path length was reduced through logic transformation on cell swervolf/rvtop/veer/exu/i___685_comp.
INFO: [Physopt 32-702] Processed net swervolf/rvtop/veer/dbg/dmcommand_reg/genblock.genblock.dff/genblock.dffs/dout[23]_i_5__7_n_0. Optimizations did not improve timing on the net.
INFO: [Physopt 32-702] Processed net swervolf/rvtop/veer/dbg/dmcommand_reg/genblock.genblock.dff/genblock.dffs/i___452_i_7_0. Optimizations did not improve timing on the net.
INFO: [Physopt 32-702] Processed net swervolf/rvtop/veer/dbg/dmcommand_reg/genblock.genblock.dff/genblock.dffs/i___452_i_6_n_0. Optimizations did not improve timing on the net.
INFO: [Physopt 32-702] Processed net swervolf/rvtop/veer/dbg/dmcommand_reg/genblock.genblock.dff/genblock.dffs/exu/i_mul/bcompress_j0[22]. Optimizations did not improve timing on the net.
INFO: [Physopt 32-702] Processed net swervolf/rvtop/veer/dbg/dmcommand_reg/genblock.genblock.dff/genblock.dffs/i___871_i_2_n_1. Optimizations did not improve timing on the net.
INFO: [Physopt 32-702] Processed net swervolf/rvtop/veer/dbg/dmcommand_reg/genblock.genblock.dff/genblock.dffs/i___480_i_7_n_2. Optimizations did not improve timing on the net.
INFO: [Physopt 32-702] Processed net swervolf/rvtop/veer/dbg/dmcommand_reg/genblock.genblock.dff/genblock.dffs/i___480_i_11_n_3. Optimizations did not improve timing on the net.
INFO: [Physopt 32-702] Processed net swervolf/rvtop/veer/dbg/dmcommand_reg/genblock.genblock.dff/genblock.dffs/i___505_i_5_n_0. Optimizations did not improve timing on the net.
INFO: [Physopt 32-702] Processed net swervolf/rvtop/veer/dbg/dmcommand_reg/genblock.genblock.dff/genblock.dffs/i___505_i_8_n_5. Optimizations did not improve timing on the net.
INFO: [Physopt 32-702] Processed net swervolf/rvtop/veer/dbg/dmcommand_reg/genblock.genblock.dff/genblock.dffs/i___208_i_7_n_1. Optimizations did not improve timing on the net.
INFO: [Physopt 32-702] Processed net swervolf/rvtop/veer/dbg/dmcommand_reg/genblock.genblock.dff/genblock.dffs/i___541_i_7_n_2. Optimizations did not improve timing on the net.
INFO: [Physopt 32-702] Processed net swervolf/rvtop/veer/dbg/dmcommand_reg/genblock.genblock.dff/genblock.dffs/i___541_i_11_n_3. Optimizations did not improve timing on the net.
INFO: [Physopt 32-702] Processed net swervolf/rvtop/veer/dbg/dmcommand_reg/genblock.genblock.dff/genblock.dffs/i___541_i_12_n_0. Optimizations did not improve timing on the net.
INFO: [Physopt 32-702] Processed net swervolf/rvtop/veer/dbg/dmcommand_reg/genblock.genblock.dff/genblock.dffs/i___575_i_6_n_5. Optimizations did not improve timing on the net.
INFO: [Physopt 32-702] Processed net swervolf/rvtop/veer/dbg/dmcommand_reg/genblock.genblock.dff/genblock.dffs/i___575_i_10_n_6. Optimizations did not improve timing on the net.
INFO: [Physopt 32-702] Processed net swervolf/rvtop/veer/dbg/dmcommand_reg/genblock.genblock.dff/genblock.dffs/i___209_i_5_n_2. Optimizations did not improve timing on the net.
INFO: [Physopt 32-702] Processed net swervolf/rvtop/veer/dbg/dmcommand_reg/genblock.genblock.dff/genblock.dffs/i___211_i_3_0[0]. Optimizations did not improve timing on the net.
INFO: [Physopt 32-702] Processed net swervolf/rvtop/veer/dbg/dmcommand_reg/genblock.genblock.dff/genblock.dffs/i___211_i_3_n_0. Optimizations did not improve timing on the net.
INFO: [Physopt 32-702] Processed net swervolf/rvtop/veer/dbg/dmcommand_reg/genblock.genblock.dff/genblock.dffs/i___212_i_5_0[0]. Optimizations did not improve timing on the net.
INFO: [Physopt 32-702] Processed net swervolf/rvtop/veer/dbg/dmcommand_reg/genblock.genblock.dff/genblock.dffs/i___212_i_5_n_6. Optimizations did not improve timing on the net.
INFO: [Physopt 32-702] Processed net swervolf/rvtop/veer/dbg/dmcommand_reg/genblock.genblock.dff/genblock.dffs/i___633_i_7_n_2. Optimizations did not improve timing on the net.
INFO: [Physopt 32-702] Processed net swervolf/rvtop/veer/dbg/dmcommand_reg/genblock.genblock.dff/genblock.dffs/i___216_i_1__0_0[0]. Optimizations did not improve timing on the net.
INFO: [Physopt 32-702] Processed net swervolf/rvtop/veer/dbg/dmcommand_reg/genblock.genblock.dff/genblock.dffs/i___216_i_1__0_n_0. Optimizations did not improve timing on the net.
INFO: [Physopt 32-702] Processed net swervolf/rvtop/veer/dbg/dmcommand_reg/genblock.genblock.dff/genblock.dffs/i___220_i_1__1_0[2]. Optimizations did not improve timing on the net.
INFO: [Physopt 32-702] Processed net swervolf/rvtop/veer/dbg/dmcommand_reg/genblock.genblock.dff/genblock.dffs/i___220_i_3__0_0[1]. Optimizations did not improve timing on the net.
INFO: [Physopt 32-702] Processed net swervolf/rvtop/veer/dbg/dmcommand_reg/genblock.genblock.dff/genblock.dffs/i___220_i_3__0_n_2. Optimizations did not improve timing on the net.
INFO: [Physopt 32-702] Processed net swervolf/rvtop/veer/dbg/dmcommand_reg/genblock.genblock.dff/genblock.dffs/i___220_i_6__0_n_3. Optimizations did not improve timing on the net.
INFO: [Physopt 32-702] Processed net swervolf/rvtop/veer/dbg/dmcommand_reg/genblock.genblock.dff/genblock.dffs/i___220_i_7__0_n_0. Optimizations did not improve timing on the net.
INFO: [Physopt 32-702] Processed net swervolf/rvtop/veer/exu/i___48_i_1__0_0[3]. Optimizations did not improve timing on the net.
INFO: [Physopt 32-702] Processed net swervolf/rvtop/veer/dbg/dmcommand_reg/genblock.genblock.dff/genblock.dffs/i___156_i_2. Optimizations did not improve timing on the net.
INFO: [Physopt 32-702] Processed net swervolf/rvtop/veer/exu/i___357_i_3__0. Optimizations did not improve timing on the net.
INFO: [Physopt 32-702] Processed net swervolf/rvtop/veer/exu/dout_reg[1]_40. Optimizations did not improve timing on the net.
INFO: [Physopt 32-702] Processed net swervolf/rvtop/veer/dbg/dmcommand_reg/genblock.genblock.dff/genblock.dffs/i___880. Optimizations did not improve timing on the net.
INFO: [Physopt 32-702] Processed net swervolf/rvtop/veer/exu/rs2_in0[2]. Optimizations did not improve timing on the net.
INFO: [Physopt 32-710] Processed net swervolf/rvtop/veer/exu/rs2_in0[2]. Critical path length was reduced through logic transformation on cell swervolf/rvtop/veer/exu/i___875_comp.
INFO: [Physopt 32-702] Processed net swervolf/rvtop/veer/exu/rs2_in0[3]. Optimizations did not improve timing on the net.
INFO: [Physopt 32-710] Processed net swervolf/rvtop/veer/exu/rs2_in0[3]. Critical path length was reduced through logic transformation on cell swervolf/rvtop/veer/exu/i___876_comp.
INFO: [Physopt 32-702] Processed net swervolf/rvtop/mem/iccm.iccm/r0_address/genblock.dffs/dout_reg[0]_0_repN. Optimizations did not improve timing on the net.
INFO: [Physopt 32-710] Processed net swervolf/rvtop/mem/iccm.iccm/r0_address/genblock.dffs/dout_reg[0]_0_repN. Critical path length was reduced through logic transformation on cell swervolf/rvtop/mem/iccm.iccm/r0_address/genblock.dffs/dout[0]_i_2__209_comp_2.
INFO: [Physopt 32-702] Processed net swervolf/rvtop/veer/dbg/dmcommand_reg/genblock.genblock.dff/genblock.dffs/i___55_i_1_1. Optimizations did not improve timing on the net.
INFO: [Physopt 32-702] Processed net swervolf/rvtop/veer/exu/dout_reg[1]_4. Optimizations did not improve timing on the net.
INFO: [Physopt 32-702] Processed net swervolf/rvtop/veer/dec/mul_p[valid]. Optimizations did not improve timing on the net.
INFO: [Physopt 32-710] Processed net swervolf/rvtop/veer/dec/mul_p[valid]. Critical path length was reduced through logic transformation on cell swervolf/rvtop/veer/dec/i___139_comp_2.
INFO: [Physopt 32-702] Processed net swervolf/rvtop/mem/iccm.iccm/mem_bank[2].iccm.iccm_bank/p_0_in6_in[36]. Optimizations did not improve timing on the net.
INFO: [Physopt 32-702] Processed net swervolf/rvtop/veer/ifu/mem_ctl/perr_state_ff/genblock.dffs/mem/iccm.iccm/p_2_in[6]. Optimizations did not improve timing on the net.
INFO: [Physopt 32-702] Processed net swervolf/rvtop/veer/ifu/mem_ctl/perr_state_ff/genblock.dffs/ram_core_reg_0_i_49__1_n_0. Optimizations did not improve timing on the net.
INFO: [Physopt 32-702] Processed net swervolf/rvtop/veer/ifu/mem_ctl/perr_state_ff/genblock.dffs/dout_reg[1]_i_1__0_n_0. Optimizations did not improve timing on the net.
INFO: [Physopt 32-702] Processed net swervolf/rvtop/mem/S[0]. Optimizations did not improve timing on the net.
INFO: [Physopt 32-710] Processed net swervolf/rvtop/mem/S[0]. Critical path length was reduced through logic transformation on cell swervolf/rvtop/mem/i___24_comp.
INFO: [Physopt 32-702] Processed net swervolf/rvtop/mem/iccm.iccm/mem_bank[2].iccm.iccm_bank/p_0_in6_in[36]. Optimizations did not improve timing on the net.
INFO: [Physopt 32-702] Processed net clk_gen/clk_core. Optimizations did not improve timing on the net.
INFO: [Physopt 32-702] Processed net swervolf/rvtop/veer/ifu/mem_ctl/perr_state_ff/genblock.dffs/mem/iccm.iccm/p_2_in[6]. Optimizations did not improve timing on the net.
INFO: [Physopt 32-702] Processed net swervolf/rvtop/veer/dma_ctrl/GenFifo[0].fifo_rpend_dff/dffsc/S[0]. Optimizations did not improve timing on the net.
INFO: [Physopt 32-702] Processed net swervolf/rvtop/veer/ifu/mem_ctl/perr_state_ff/genblock.dffs/iccm_rw_addr[2]. Optimizations did not improve timing on the net.
INFO: [Physopt 32-608] Optimized 1 net.  Swapped 19 pins.
INFO: [Physopt 32-702] Processed net swervolf/rvtop/veer/dec/tlu/mhpmc5_ff/genblock.genblock.dff/genblock.dffs/dout_reg[31]_0[11]. Optimizations did not improve timing on the net.
INFO: [Physopt 32-702] Processed net swervolf/rvtop/veer/dec/tlu/mhpme5_ff/genblock.genblock.dff/genblock.dffs/dout[31]_i_6__1_n_0. Optimizations did not improve timing on the net.
INFO: [Physopt 32-608] Optimized 1 net.  Swapped 26 pins.
INFO: [Physopt 32-702] Processed net swervolf/rvtop/veer/exu/i_mul/i_bitmanip_ff/genblock.genblock.dff/genblock.dffs/p_3_in[23]. Optimizations did not improve timing on the net.
INFO: [Physopt 32-702] Processed net swervolf/rvtop/veer/dbg/dmcommand_reg/genblock.genblock.dff/genblock.dffs/dout[23]_i_5__7_n_0. Optimizations did not improve timing on the net.
INFO: [Physopt 32-702] Processed net swervolf/rvtop/veer/dbg/dmcommand_reg/genblock.genblock.dff/genblock.dffs/i___452_i_7_0. Optimizations did not improve timing on the net.
INFO: [Physopt 32-702] Processed net swervolf/rvtop/veer/dbg/dmcommand_reg/genblock.genblock.dff/genblock.dffs/i___452_i_6_n_0. Optimizations did not improve timing on the net.
INFO: [Physopt 32-702] Processed net swervolf/rvtop/veer/dbg/dmcommand_reg/genblock.genblock.dff/genblock.dffs/exu/i_mul/bcompress_j0[22]. Optimizations did not improve timing on the net.
INFO: [Physopt 32-702] Processed net swervolf/rvtop/veer/dbg/dmcommand_reg/genblock.genblock.dff/genblock.dffs/i___871_i_2_n_1. Optimizations did not improve timing on the net.
INFO: [Physopt 32-702] Processed net swervolf/rvtop/veer/dbg/dmcommand_reg/genblock.genblock.dff/genblock.dffs/i___480_i_7_n_2. Optimizations did not improve timing on the net.
INFO: [Physopt 32-702] Processed net swervolf/rvtop/veer/dbg/dmcommand_reg/genblock.genblock.dff/genblock.dffs/i___480_i_11_n_3. Optimizations did not improve timing on the net.
INFO: [Physopt 32-702] Processed net swervolf/rvtop/veer/dbg/dmcommand_reg/genblock.genblock.dff/genblock.dffs/i___505_i_8_n_5. Optimizations did not improve timing on the net.
INFO: [Physopt 32-702] Processed net swervolf/rvtop/veer/dbg/dmcommand_reg/genblock.genblock.dff/genblock.dffs/i___208_i_7_n_1. Optimizations did not improve timing on the net.
INFO: [Physopt 32-702] Processed net swervolf/rvtop/veer/dbg/dmcommand_reg/genblock.genblock.dff/genblock.dffs/i___541_i_7_n_2. Optimizations did not improve timing on the net.
INFO: [Physopt 32-702] Processed net swervolf/rvtop/veer/dbg/dmcommand_reg/genblock.genblock.dff/genblock.dffs/i___541_i_11_n_3. Optimizations did not improve timing on the net.
INFO: [Physopt 32-702] Processed net swervolf/rvtop/veer/dbg/dmcommand_reg/genblock.genblock.dff/genblock.dffs/i___575_i_6_n_5. Optimizations did not improve timing on the net.
INFO: [Physopt 32-702] Processed net swervolf/rvtop/veer/dbg/dmcommand_reg/genblock.genblock.dff/genblock.dffs/i___575_i_10_n_6. Optimizations did not improve timing on the net.
INFO: [Physopt 32-702] Processed net swervolf/rvtop/veer/dbg/dmcommand_reg/genblock.genblock.dff/genblock.dffs/i___209_i_5_n_2. Optimizations did not improve timing on the net.
INFO: [Physopt 32-702] Processed net swervolf/rvtop/veer/dbg/dmcommand_reg/genblock.genblock.dff/genblock.dffs/i___211_i_3_0[0]. Optimizations did not improve timing on the net.
INFO: [Physopt 32-702] Processed net swervolf/rvtop/veer/dbg/dmcommand_reg/genblock.genblock.dff/genblock.dffs/i___212_i_5_0[0]. Optimizations did not improve timing on the net.
INFO: [Physopt 32-702] Processed net swervolf/rvtop/veer/dbg/dmcommand_reg/genblock.genblock.dff/genblock.dffs/i___212_i_5_n_6. Optimizations did not improve timing on the net.
INFO: [Physopt 32-702] Processed net swervolf/rvtop/veer/dbg/dmcommand_reg/genblock.genblock.dff/genblock.dffs/i___633_i_7_n_2. Optimizations did not improve timing on the net.
INFO: [Physopt 32-702] Processed net swervolf/rvtop/veer/dbg/dmcommand_reg/genblock.genblock.dff/genblock.dffs/i___216_i_1__0_0[0]. Optimizations did not improve timing on the net.
INFO: [Physopt 32-702] Processed net swervolf/rvtop/veer/dbg/dmcommand_reg/genblock.genblock.dff/genblock.dffs/i___220_i_1__1_0[2]. Optimizations did not improve timing on the net.
INFO: [Physopt 32-702] Processed net swervolf/rvtop/veer/dbg/dmcommand_reg/genblock.genblock.dff/genblock.dffs/i___220_i_3__0_0[1]. Optimizations did not improve timing on the net.
INFO: [Physopt 32-702] Processed net swervolf/rvtop/veer/dbg/dmcommand_reg/genblock.genblock.dff/genblock.dffs/i___220_i_3__0_n_2. Optimizations did not improve timing on the net.
INFO: [Physopt 32-702] Processed net swervolf/rvtop/veer/dbg/dmcommand_reg/genblock.genblock.dff/genblock.dffs/i___220_i_6__0_n_3. Optimizations did not improve timing on the net.
INFO: [Physopt 32-702] Processed net swervolf/rvtop/veer/exu/i___48_i_1__0_0[3]. Optimizations did not improve timing on the net.
INFO: [Physopt 32-702] Processed net swervolf/rvtop/veer/dbg/dmcommand_reg/genblock.genblock.dff/genblock.dffs/i___156_i_2. Optimizations did not improve timing on the net.
INFO: [Physopt 32-702] Processed net swervolf/rvtop/veer/exu/i___357_i_3__0. Optimizations did not improve timing on the net.
INFO: [Physopt 32-608] Optimized 1 net.  Swapped 17 pins.
INFO: [Physopt 32-702] Processed net swervolf/rvtop/mem/S[0]. Optimizations did not improve timing on the net.
INFO: [Physopt 32-702] Processed net swervolf/rvtop/veer/exu/dout_reg[1]_40. Optimizations did not improve timing on the net.
INFO: [Physopt 32-702] Processed net swervolf/rvtop/veer/dbg/dmcommand_reg/genblock.genblock.dff/genblock.dffs/i___880. Optimizations did not improve timing on the net.
INFO: [Physopt 32-702] Processed net swervolf/rvtop/veer/exu/rs2_in0[4]. Optimizations did not improve timing on the net.
INFO: [Physopt 32-702] Processed net swervolf/rvtop/veer/dec/mul_p[valid]. Optimizations did not improve timing on the net.
INFO: [Physopt 32-608] Optimized 1 net.  Swapped 15 pins.
INFO: [Physopt 32-702] Processed net swervolf/rvtop/veer/dbg/dmcommand_reg/genblock.genblock.dff/genblock.dffs/i___138_i_7_0. Optimizations did not improve timing on the net.
INFO: [Physopt 32-702] Processed net swervolf/rvtop/veer/dbg/dmcommand_reg/genblock.genblock.dff/genblock.dffs/i___138_i_6_n_0. Optimizations did not improve timing on the net.
INFO: [Physopt 32-608] Optimized 1 net.  Swapped 21 pins.
INFO: [Physopt 32-702] Processed net swervolf/rvtop/veer/dbg/dmcommand_reg/genblock.genblock.dff/genblock.dffs/i___55_i_1_1. Optimizations did not improve timing on the net.
INFO: [Physopt 32-608] Optimized 1 net.  Swapped 24 pins.
INFO: [Physopt 32-608] Optimized 1 net.  Swapped 16 pins.
INFO: [Physopt 32-702] Processed net swervolf/rvtop/veer/exu/dout_reg[1]_42. Optimizations did not improve timing on the net.
INFO: [Physopt 32-702] Processed net swervolf/rvtop/veer/dbg/dmcommand_reg/genblock.genblock.dff/genblock.dffs/i___875_i_3. Optimizations did not improve timing on the net.
INFO: [Physopt 32-702] Processed net swervolf/rvtop/veer/exu/i0_rs2_bypass_data_d_0[2]. Optimizations did not improve timing on the net.
INFO: [Physopt 32-702] Processed net swervolf/rvtop/veer/exu/i___875_i_8_n_0. Optimizations did not improve timing on the net.
INFO: [Physopt 32-702] Processed net swervolf/rvtop/veer/dec/dec_i0_rs2_bypass_en_d[3]. Optimizations did not improve timing on the net.
INFO: [Physopt 32-702] Processed net swervolf/rvtop/veer/dec/decode/i0_r_c_ff/genblock.dffs/dec_i0_rs2_bypass_en_d[0]. Optimizations did not improve timing on the net.
INFO: [Physopt 32-702] Processed net swervolf/rvtop/veer/dec/tlu/mhpmc6_ff/genblock.genblock.dff/genblock.dffs/dout_reg[31]_0[4]. Optimizations did not improve timing on the net.
INFO: [Physopt 32-702] Processed net swervolf/rvtop/veer/dec/tlu/mhpme6_ff/genblock.genblock.dff/genblock.dffs/dout[31]_i_15__0_n_0. Optimizations did not improve timing on the net.
INFO: [Physopt 32-702] Processed net swervolf/rvtop/veer/dec/tlu/mhpme6_ff/genblock.genblock.dff/genblock.dffs/dout[31]_i_29__4_n_0. Optimizations did not improve timing on the net.
INFO: [Physopt 32-702] Processed net swervolf/rvtop/veer/dec/tlu/mhpme6_ff/genblock.genblock.dff/genblock.dffs/dout[31]_i_46__2_n_0. Optimizations did not improve timing on the net.
INFO: [Physopt 32-702] Processed net swervolf/rvtop/veer/dbg/dmcommand_reg/genblock.genblock.dff/genblock.dffs/i___138_i_3_n_0. Optimizations did not improve timing on the net.
INFO: [Physopt 32-702] Processed net swervolf/rvtop/veer/dbg/dmcommand_reg/genblock.genblock.dff/genblock.dffs/i___138_i_16_n_0. Optimizations did not improve timing on the net.
INFO: [Physopt 32-702] Processed net swervolf/rvtop/veer/dbg/dmcommand_reg/genblock.genblock.dff/genblock.dffs/i___138_i_40_n_0. Optimizations did not improve timing on the net.
INFO: [Physopt 32-608] Optimized 1 net.  Swapped 24 pins.
INFO: [Physopt 32-702] Processed net swervolf/rvtop/veer/ifu/mem_ctl/perr_state_ff/genblock.dffs/iccm_rw_addr[1]. Optimizations did not improve timing on the net.
INFO: [Physopt 32-608] Optimized 1 net.  Swapped 22 pins.
INFO: [Physopt 32-702] Processed net swervolf/rvtop/veer/dec/tlu/mhpmc4h_ff/genblock.genblock.dff/genblock.dffs/dout_reg[31]_0[1]. Optimizations did not improve timing on the net.
INFO: [Physopt 32-702] Processed net swervolf/rvtop/veer/dec/tlu/mhpme4_ff/genblock.genblock.dff/genblock.dffs/dout[31]_i_7__2_n_0. Optimizations did not improve timing on the net.
INFO: [Physopt 32-702] Processed net swervolf/rvtop/veer/dec/tlu/mhpme4_ff/genblock.genblock.dff/genblock.dffs/dout[31]_i_12_n_0. Optimizations did not improve timing on the net.
INFO: [Physopt 32-702] Processed net swervolf/rvtop/veer/dec/tlu/mhpme4_ff/genblock.genblock.dff/genblock.dffs/dout[31]_i_20__2_n_0. Optimizations did not improve timing on the net.
INFO: [Physopt 32-702] Processed net swervolf/rvtop/veer/dec/tlu/mhpme4_ff/genblock.genblock.dff/genblock.dffs/dout[31]_i_36__0_n_0. Optimizations did not improve timing on the net.
INFO: [Physopt 32-608] Optimized 1 net.  Swapped 20 pins.
INFO: [Physopt 32-702] Processed net swervolf/rvtop/veer/dbg/dmcommand_reg/genblock.genblock.dff/genblock.dffs/i___6_i_9_0. Optimizations did not improve timing on the net.
INFO: [Physopt 32-608] Optimized 1 net.  Swapped 24 pins.
INFO: [Physopt 32-702] Processed net swervolf/rvtop/veer/ifu/mem_ctl/perr_state_ff/genblock.dffs/iccm_rw_addr[1]_repN. Optimizations did not improve timing on the net.
INFO: [Physopt 32-608] Optimized 1 net.  Swapped 18 pins.
INFO: [Physopt 32-702] Processed net swervolf/rvtop/veer/exu/i_mul/i_bitmanip_ff/genblock.genblock.dff/genblock.dffs/p_3_in[13]. Optimizations did not improve timing on the net.
INFO: [Physopt 32-702] Processed net swervolf/rvtop/veer/exu/dout_reg[1]_33_repN. Optimizations did not improve timing on the net.
INFO: [Physopt 32-702] Processed net swervolf/rvtop/veer/exu/i___481_5. Optimizations did not improve timing on the net.
INFO: [Physopt 32-702] Processed net swervolf/rvtop/veer/exu/i___871_n_0. Optimizations did not improve timing on the net.
INFO: [Physopt 32-608] Optimized 1 net.  Swapped 17 pins.
INFO: [Physopt 32-608] Optimized 1 net.  Swapped 21 pins.
INFO: [Physopt 32-702] Processed net swervolf/rvtop/veer/dec/dout_reg[13]. Optimizations did not improve timing on the net.
INFO: [Physopt 32-608] Optimized 1 net.  Swapped 21 pins.
INFO: [Physopt 32-702] Processed net swervolf/rvtop/veer/dec/tlu/mhpme4_ff/genblock.genblock.dff/genblock.dffs/dout[31]_i_42__0_n_0. Optimizations did not improve timing on the net.
INFO: [Physopt 32-608] Optimized 1 net.  Swapped 13 pins.
INFO: [Physopt 32-608] Optimized 1 net.  Swapped 23 pins.
INFO: [Physopt 32-608] Optimized 1 net.  Swapped 23 pins.
INFO: [Physopt 32-702] Processed net swervolf/rvtop/veer/dec/tlu/mhpme5_ff/genblock.genblock.dff/genblock.dffs/dout[31]_i_13__0_n_0. Optimizations did not improve timing on the net.
INFO: [Physopt 32-702] Processed net swervolf/rvtop/veer/dec/tlu/mhpme5_ff/genblock.genblock.dff/genblock.dffs/dout[31]_i_25__1_n_0. Optimizations did not improve timing on the net.
INFO: [Physopt 32-702] Processed net swervolf/rvtop/veer/dbg/dmcommand_reg/genblock.genblock.dff/genblock.dffs/i___138_i_62_n_0. Optimizations did not improve timing on the net.
INFO: [Physopt 32-702] Processed net swervolf/rvtop/veer/dma_ctrl/GenFifo[0].fifo_rpend_dff/dffsc/dout_reg[1]_0. Optimizations did not improve timing on the net.
INFO: [Physopt 32-608] Optimized 1 net.  Swapped 21 pins.
INFO: [Physopt 32-702] Processed net swervolf/rvtop/mem/icache.icm/ic_data_inst/PACKED_1.BANKS_WAY[0].ECC0.size_256.WAYS.ic_bank_sb_way_data/ram_core_reg_0_255_133_133/OA. Optimizations did not improve timing on the net.
INFO: [Physopt 32-702] Processed net swervolf/rvtop/veer/exu/rs2_in0[7]. Optimizations did not improve timing on the net.
INFO: [Physopt 32-608] Optimized 1 net.  Swapped 24 pins.
INFO: [Physopt 32-702] Processed net swervolf/rvtop/veer/dma_ctrl/GenFifo[0].fifo_rpend_dff/dffsc/D[0]. Optimizations did not improve timing on the net.
INFO: [Physopt 32-702] Processed net swervolf/rvtop/veer/dec/decode/cam_array[3].cam_ff/genblock.dff/genblock.dffs/i___2_i_8_n_0. Optimizations did not improve timing on the net.
INFO: [Physopt 32-608] Optimized 1 net.  Swapped 24 pins.
INFO: [Physopt 32-608] Optimized 1 net.  Swapped 21 pins.
INFO: [Physopt 32-702] Processed net swervolf/rvtop/veer/dbg/dmcommand_reg/genblock.genblock.dff/genblock.dffs/i___138_i_74_n_0. Optimizations did not improve timing on the net.
INFO: [Physopt 32-702] Processed net swervolf/rvtop/veer/dbg/dmcommand_reg/genblock.genblock.dff/genblock.dffs/i___138_i_39_n_0. Optimizations did not improve timing on the net.
INFO: [Physopt 32-702] Processed net swervolf/rvtop/veer/dbg/dmcommand_reg/genblock.genblock.dff/genblock.dffs/dout_reg[7]_8. Optimizations did not improve timing on the net.
INFO: [Physopt 32-608] Optimized 1 net.  Swapped 24 pins.
INFO: [Physopt 32-702] Processed net swervolf/rvtop/veer/dbg/dmcommand_reg/genblock.genblock.dff/genblock.dffs/dout_reg[7]_7. Optimizations did not improve timing on the net.
INFO: [Physopt 32-702] Processed net swervolf/rvtop/veer/ifu/aln/bundle1ff/dout_reg[0]_35. Optimizations did not improve timing on the net.
INFO: [Physopt 32-702] Processed net swervolf/rvtop/veer/dbg/dmcommand_reg/genblock.genblock.dff/genblock.dffs/i___5_i_15[0]. Optimizations did not improve timing on the net.
INFO: [Physopt 32-608] Optimized 1 net.  Swapped 26 pins.
INFO: [Physopt 32-702] Processed net swervolf/rvtop/veer/dec/decode/cam_array[3].cam_ff/genblock.dff/genblock.dffs/i___2_i_20_n_0. Optimizations did not improve timing on the net.
INFO: [Physopt 32-702] Processed net swervolf/rvtop/veer/dec/decode/e1ff/genblock.dff/genblock.dffs/dout_reg[2]_0. Optimizations did not improve timing on the net.
INFO: [Physopt 32-702] Processed net swervolf/rvtop/veer/dec/decode/e1ff/genblock.dff/genblock.dffs/i___2_i_56_n_0. Optimizations did not improve timing on the net.
INFO: [Physopt 32-702] Processed net swervolf/rvtop/veer/lsu/lsu_lsc_ctl/lsu_pkt_mff/lsu_nonblock_load_valid_m. Optimizations did not improve timing on the net.
INFO: [Physopt 32-702] Processed net swervolf/rvtop/veer/lsu/lsu_lsc_ctl/lsu_pkt_mff/dout[0]_i_2__138_n_0. Optimizations did not improve timing on the net.
INFO: [Physopt 32-702] Processed net swervolf/rvtop/veer/lsu/lsu_lsc_ctl/sarff/dout_reg[0]_55. Optimizations did not improve timing on the net.
INFO: [Physopt 32-702] Processed net swervolf/rvtop/veer/lsu/lsu_lsc_ctl/lsu_pkt_mff/dout_reg[1]_rep_1. Optimizations did not improve timing on the net.
INFO: [Physopt 32-608] Optimized 1 net.  Swapped 24 pins.
INFO: [Physopt 32-608] Optimized 1 net.  Swapped 26 pins.
INFO: [Physopt 32-702] Processed net swervolf/rvtop/veer/lsu/bus_intf/bus_buffer/genblk10[2].buf_state_ff/genblock.dffs/dout_reg[10]_3. Optimizations did not improve timing on the net.
INFO: [Physopt 32-608] Optimized 1 net.  Swapped 23 pins.
INFO: [Physopt 32-702] Processed net swervolf/rvtop/veer/lsu/bus_intf/bus_buffer/genblk10[2].buf_state_ff/genblock.dffs/dout_reg[10]_2. Optimizations did not improve timing on the net.
INFO: [Physopt 32-608] Optimized 1 net.  Swapped 24 pins.
INFO: [Physopt 32-702] Processed net swervolf/rvtop/veer/lsu/lsu_lsc_ctl/lsu_pkt_mff/dout[0]_i_3__82_n_0. Optimizations did not improve timing on the net.
INFO: [Physopt 32-608] Optimized 1 net.  Swapped 21 pins.
INFO: [Physopt 32-608] Optimized 1 net.  Swapped 24 pins.
INFO: [Physopt 32-608] Optimized 1 net.  Swapped 26 pins.
INFO: [Physopt 32-608] Optimized 1 net.  Swapped 22 pins.
INFO: [Physopt 32-702] Processed net swervolf/rvtop/veer/lsu/bus_intf/bus_buffer/genblk10[2].buf_state_ff/genblock.dffs/dout_reg[0]_29. Optimizations did not improve timing on the net.
INFO: [Physopt 32-608] Optimized 1 net.  Swapped 22 pins.
INFO: [Physopt 32-608] Optimized 1 net.  Swapped 23 pins.
INFO: [Physopt 32-608] Optimized 1 net.  Swapped 13 pins.
INFO: [Physopt 32-702] Processed net swervolf/rvtop/veer/ifu/mem_ctl/perr_state_ff/genblock.dffs/iccm_ready. Optimizations did not improve timing on the net.
INFO: [Physopt 32-702] Processed net swervolf/rvtop/veer/ifu/bpred.bp/fa.BTB_FAFLOPS[2].btb_fa/genblock.genblock.dff/genblock.dffs/dout_reg[6]_0. Optimizations did not improve timing on the net.
INFO: [Physopt 32-702] Processed net swervolf/rvtop/veer/ifu/mem_ctl/err_stop_state_ff/genblock.dffs/dout_reg[6]. Optimizations did not improve timing on the net.
INFO: [Physopt 32-702] Processed net swervolf/rvtop/veer/ifu/mem_ctl/err_stop_state_ff/genblock.dffs/dout_reg[9]. Optimizations did not improve timing on the net.
INFO: [Physopt 32-702] Processed net swervolf/rvtop/veer/lsu/bus_intf/bus_buffer/genblk10[1].buf_state_ff/genblock.dffs/dout_reg[0]_9. Optimizations did not improve timing on the net.
INFO: [Physopt 32-702] Processed net swervolf/rvtop/veer/lsu/bus_intf/bus_buffer/genblk10[3].buf_state_ff/genblock.dffs/dout_reg[0]_12. Optimizations did not improve timing on the net.
INFO: [Physopt 32-702] Processed net swervolf/rvtop/veer/lsu/bus_intf/bus_buffer/genblk10[3].buf_state_ff/genblock.dffs/dout[31]_i_94_n_0. Optimizations did not improve timing on the net.
INFO: [Physopt 32-702] Processed net swervolf/rvtop/veer/lsu/lsu_lsc_ctl/lsu_pkt_mff/dout_reg[0]_12. Optimizations did not improve timing on the net.
INFO: [Physopt 32-608] Optimized 1 net.  Swapped 24 pins.
INFO: [Physopt 32-702] Processed net swervolf/rvtop/veer/dec/tlu/mstatus_ff/genblock.dff/genblock.dffs/dout_reg[1]_10. Optimizations did not improve timing on the net.
INFO: [Physopt 32-702] Processed net swervolf/rvtop/veer/dec/i___87_n_0. Optimizations did not improve timing on the net.
INFO: [Physopt 32-702] Processed net swervolf/rvtop/veer/ifu/aln/bundle1ff/i___5_i_25_0[0]. Optimizations did not improve timing on the net.
INFO: [Physopt 32-608] Optimized 1 net.  Swapped 12 pins.
INFO: [Physopt 32-702] Processed net swervolf/rvtop/veer/dec/tlu/mstatus_ff/genblock.dff/genblock.dffs/i___21_i_7_n_0. Optimizations did not improve timing on the net.
INFO: [Physopt 32-608] Optimized 1 net.  Swapped 21 pins.
INFO: [Physopt 32-702] Processed net swervolf/rvtop/veer/dec/tlu/mstatus_ff/genblock.dff/genblock.dffs/i___21_i_10_n_0. Optimizations did not improve timing on the net.
INFO: [Physopt 32-608] Optimized 1 net.  Swapped 21 pins.
INFO: [Physopt 32-608] Optimized 1 net.  Swapped 20 pins.
INFO: [Physopt 32-608] Optimized 1 net.  Swapped 12 pins.
INFO: [Physopt 32-702] Processed net swervolf/rvtop/veer/dbg/dmcommand_reg/genblock.genblock.dff/genblock.dffs/i___5_i_12_n_0. Optimizations did not improve timing on the net.
INFO: [Physopt 32-608] Optimized 1 net.  Swapped 15 pins.
INFO: [Physopt 32-608] Optimized 1 net.  Swapped 18 pins.
INFO: [Physopt 32-702] Processed net swervolf/rvtop/veer/dbg/dmcommand_reg/genblock.genblock.dff/genblock.dffs/i___5_i_14_n_0. Optimizations did not improve timing on the net.
INFO: [Physopt 32-608] Optimized 1 net.  Swapped 12 pins.
INFO: [Physopt 32-702] Processed net swervolf/rvtop/veer/dbg/dmcommand_reg/genblock.genblock.dff/genblock.dffs/dec_i0_predict_p_d[toffset][1]. Optimizations did not improve timing on the net.
INFO: [Physopt 32-608] Optimized 1 net.  Swapped 21 pins.
INFO: [Physopt 32-608] Optimized 1 net.  Swapped 21 pins.
INFO: [Physopt 32-608] Optimized 1 net.  Swapped 18 pins.
INFO: [Physopt 32-702] Processed net swervolf/rvtop/veer/dec/tlu/mstatus_ff/genblock.dff/genblock.dffs/i___21_i_9_n_0. Optimizations did not improve timing on the net.
INFO: [Physopt 32-608] Optimized 1 net.  Swapped 24 pins.
INFO: [Physopt 32-702] Processed net swervolf/rvtop/veer/dec/i___86_n_0. Optimizations did not improve timing on the net.
INFO: [Physopt 32-702] Processed net swervolf/rvtop/veer/dec/tlu/exthaltff/genblock.dff/genblock.dffs/dout_reg[7]_0. Optimizations did not improve timing on the net.
INFO: [Physopt 32-702] Processed net swervolf/rvtop/veer/dec/tlu/halt_ff/genblock.dff/genblock.dffs/dout_reg[3]_3. Optimizations did not improve timing on the net.
INFO: [Physopt 32-608] Optimized 1 net.  Swapped 19 pins.
INFO: [Physopt 32-702] Processed net swervolf/rvtop/veer/dec/tlu/mstatus_ff/genblock.dff/genblock.dffs/dout_reg[5]_3. Optimizations did not improve timing on the net.
INFO: [Physopt 32-702] Processed net swervolf/rvtop/veer/dec/tlu/mstatus_ff/genblock.dff/genblock.dffs/dout_reg[18]_0. Optimizations did not improve timing on the net.
INFO: [Physopt 32-702] Processed net swervolf/rvtop/veer/dec/tlu/exthaltff/genblock.dff/genblock.dffs/dout_reg[1]_1. Optimizations did not improve timing on the net.
INFO: [Physopt 32-702] Processed net swervolf/rvtop/veer/dec/tlu/mpvhalt_ff/genblock.dff/genblock.dffs/dout_reg[26]. Optimizations did not improve timing on the net.
INFO: [Physopt 32-702] Processed net swervolf/rvtop/veer/lsu/bus_intf/bus_buffer/genblk10[0].buf_state_ff/genblock.dffs/lsu_imprecise_error_load_any. Optimizations did not improve timing on the net.
INFO: [Physopt 32-702] Processed net swervolf/rvtop/veer/lsu/bus_intf/bus_buffer/genblk10[0].buf_state_ff/genblock.dffs/dout_reg[0]_20. Optimizations did not improve timing on the net.
INFO: [Physopt 32-702] Processed net swervolf/rvtop/veer/lsu/bus_intf/bus_buffer/genblk10[1].buf_state_ff/genblock.dffs/dout_reg[0]_19. Optimizations did not improve timing on the net.
INFO: [Physopt 32-702] Processed net swervolf/rvtop/veer/dbg/dmcommand_reg/genblock.genblock.dff/genblock.dffs/i___167_i_5_0. Optimizations did not improve timing on the net.
INFO: [Physopt 32-608] Optimized 1 net.  Swapped 11 pins.
INFO: [Physopt 32-702] Processed net swervolf/rvtop/veer/dec/tlu/mstatus_ff/genblock.dff/genblock.dffs/dout_reg[19]_2. Optimizations did not improve timing on the net.
INFO: [Physopt 32-608] Optimized 1 net.  Swapped 13 pins.
INFO: [Physopt 32-702] Processed net swervolf/rvtop/veer/dbg/dmcommand_reg/genblock.genblock.dff/genblock.dffs/i___167_i_5_n_0. Optimizations did not improve timing on the net.
INFO: [Physopt 32-702] Processed net swervolf/rvtop/veer/dbg/dmcommand_reg/genblock.genblock.dff/genblock.dffs/dout_reg[0]_17. Optimizations did not improve timing on the net.
INFO: [Physopt 32-702] Processed net swervolf/rvtop/veer/ifu/aln/bundle2ff/genblock.dff/genblock.dffs/ifu_i0_instr[1]. Optimizations did not improve timing on the net.
INFO: [Physopt 32-608] Optimized 1 net.  Swapped 20 pins.
INFO: [Physopt 32-702] Processed net swervolf/rvtop/veer/dec/tlu/freeff/genblock.dff/genblock.dffs/dout_reg[13]_3. Optimizations did not improve timing on the net.
INFO: [Physopt 32-702] Processed net swervolf/rvtop/veer/dec/decode/r_d_ff/genblock.dff/genblock.dffs/dout_reg[10]_7. Optimizations did not improve timing on the net.
INFO: [Physopt 32-608] Optimized 1 net.  Swapped 20 pins.
INFO: [Physopt 32-702] Processed net swervolf/rvtop/veer/ifu/aln/bundle1ff/i___186. Optimizations did not improve timing on the net.
INFO: [Physopt 32-702] Processed net swervolf/rvtop/veer/ifu/aln/bundle1ff/dout[34]_i_3_n_0. Optimizations did not improve timing on the net.
INFO: [Physopt 32-608] Optimized 1 net.  Swapped 18 pins.
INFO: [Physopt 32-608] Optimized 1 net.  Swapped 22 pins.
INFO: [Physopt 32-608] Optimized 1 net.  Swapped 21 pins.
INFO: [Physopt 32-608] Optimized 1 net.  Swapped 24 pins.
INFO: [Physopt 32-608] Optimized 1 net.  Swapped 23 pins.
INFO: [Physopt 32-702] Processed net swervolf/rvtop/veer/dbg/dmcommand_reg/genblock.genblock.dff/genblock.dffs/dout_reg[0]_19. Optimizations did not improve timing on the net.
INFO: [Physopt 32-608] Optimized 1 net.  Swapped 17 pins.
INFO: [Physopt 32-608] Optimized 1 net.  Swapped 21 pins.
INFO: [Physopt 32-702] Processed net swervolf/rvtop/veer/ifu/aln/bundle1ff/dout_reg[1]_0. Optimizations did not improve timing on the net.
INFO: [Physopt 32-702] Processed net swervolf/rvtop/veer/ifu/aln/bundle1ff/i___71_i_6_n_0. Optimizations did not improve timing on the net.
INFO: [Physopt 32-702] Processed net swervolf/rvtop/veer/dbg/dmcommand_reg/genblock.genblock.dff/genblock.dffs/dout_reg[0]_18. Optimizations did not improve timing on the net.
INFO: [Physopt 32-608] Optimized 1 net.  Swapped 18 pins.
INFO: [Physopt 32-702] Processed net swervolf/rvtop/veer/dec/tlu/freeff/genblock.dff/genblock.dffs/i___84_i_11_n_0. Optimizations did not improve timing on the net.
INFO: [Physopt 32-608] Optimized 1 net.  Swapped 13 pins.
INFO: [Physopt 32-702] Processed net swervolf/rvtop/veer/ifu/aln/bundle1ff/dout[36]_i_6_n_0. Optimizations did not improve timing on the net.
INFO: [Physopt 32-608] Optimized 1 net.  Swapped 17 pins.
INFO: [Physopt 32-702] Processed net swervolf/rvtop/veer/dec/tlu/mfdht_ff/genblock.dffs/dout_reg[0]_0. Optimizations did not improve timing on the net.
INFO: [Physopt 32-608] Optimized 1 net.  Swapped 23 pins.
INFO: [Physopt 32-702] Processed net swervolf/rvtop/veer/dec/tlu/freeff/genblock.dff/genblock.dffs/dout_reg[3]_1. Optimizations did not improve timing on the net.
INFO: [Physopt 32-702] Processed net swervolf/rvtop/veer/dec/dec_dbg_cmd_fail. Optimizations did not improve timing on the net.
INFO: [Physopt 32-702] Processed net swervolf/rvtop/veer/dec/tlu/freeff/genblock.dff/genblock.dffs/dout_reg[3]_3. Optimizations did not improve timing on the net.
INFO: [Physopt 32-702] Processed net swervolf/rvtop/veer/dbg/dmcommand_reg/genblock.genblock.dff/genblock.dffs/i___5_i_4_n_0. Optimizations did not improve timing on the net.
INFO: [Physopt 32-608] Optimized 1 net.  Swapped 22 pins.
INFO: [Physopt 32-702] Processed net swervolf/rvtop/veer/dec/tlu/freeff/genblock.dff/genblock.dffs/dout_reg[13]. Optimizations did not improve timing on the net.
INFO: [Physopt 32-608] Optimized 1 net.  Swapped 18 pins.
INFO: [Physopt 32-608] Optimized 1 net.  Swapped 22 pins.
INFO: [Physopt 32-702] Processed net swervolf/rvtop/veer/dec/tlu/freeff/genblock.dff/genblock.dffs/dout_reg[9]_0. Optimizations did not improve timing on the net.
INFO: [Physopt 32-702] Processed net swervolf/rvtop/veer/dec/tlu/halt_ff/genblock.dff/genblock.dffs/internal_dbg_halt_timers. Optimizations did not improve timing on the net.
INFO: [Physopt 32-608] Optimized 1 net.  Swapped 24 pins.
INFO: [Physopt 32-702] Processed net swervolf/rvtop/veer/ifu/aln/bundle1ff/i___71_i_9_n_0. Optimizations did not improve timing on the net.
INFO: [Physopt 32-702] Processed net swervolf/rvtop/veer/dbg/dmcommand_reg/genblock.genblock.dff/genblock.dffs/dout_reg[8]_53. Optimizations did not improve timing on the net.
INFO: [Physopt 32-608] Optimized 1 net.  Swapped 24 pins.
INFO: [Physopt 32-702] Processed net swervolf/rvtop/veer/dbg/dbg_state_reg/genblock.dffs/dbg_halt_req. Optimizations did not improve timing on the net.
INFO: [Physopt 32-608] Optimized 1 net.  Swapped 24 pins.
INFO: [Physopt 32-702] Processed net swervolf/rvtop/veer/exu/i_mul/i_bitmanip_ff/genblock.genblock.dff/genblock.dffs/p_3_in[26]. Optimizations did not improve timing on the net.
INFO: [Physopt 32-702] Processed net swervolf/rvtop/veer/exu/i_mul/i_bitmanip_ff/genblock.genblock.dff/genblock.dffs/p_3_in[31]. Optimizations did not improve timing on the net.
INFO: [Physopt 32-702] Processed net swervolf/rvtop/veer/dbg/dmcommand_reg/genblock.genblock.dff/genblock.dffs/dout[31]_i_8__10_n_0. Optimizations did not improve timing on the net.
INFO: [Physopt 32-702] Processed net swervolf/rvtop/veer/exu/i___452_i_3. Optimizations did not improve timing on the net.
INFO: [Physopt 32-702] Processed net swervolf/rvtop/veer/dbg/dmcommand_reg/genblock.genblock.dff/genblock.dffs/p_0_in100_out[26]. Optimizations did not improve timing on the net.
INFO: [Physopt 32-702] Processed net swervolf/rvtop/veer/dbg/dmcommand_reg/genblock.genblock.dff/genblock.dffs/i___167_i_6_n_0. Optimizations did not improve timing on the net.
INFO: [Physopt 32-608] Optimized 1 net.  Swapped 15 pins.
INFO: [Physopt 32-702] Processed net swervolf/rvtop/veer/lsu/bus_intf/bus_buffer/genblk10[3].buf_writeff/genblock.dffs/dout_reg[0]_2. Optimizations did not improve timing on the net.
INFO: [Physopt 32-608] Optimized 1 net.  Swapped 20 pins.
INFO: [Physopt 32-702] Processed net swervolf/rvtop/veer/lsu/bus_intf/bus_buffer/genblk10[2].buf_state_ff/genblock.dffs/dout_reg[2]_2. Optimizations did not improve timing on the net.
INFO: [Physopt 32-608] Optimized 1 net.  Swapped 21 pins.
INFO: [Physopt 32-608] Optimized 1 net.  Swapped 23 pins.
INFO: [Physopt 32-608] Optimized 1 net.  Swapped 21 pins.
INFO: [Physopt 32-702] Processed net swervolf/rvtop/veer/lsu/bus_intf/bus_buffer/genblk10[3].buf_state_ff/genblock.dffs/dout_reg[0]_22. Optimizations did not improve timing on the net.
INFO: [Physopt 32-702] Processed net swervolf/rvtop/veer/lsu/bus_intf/bus_buffer/genblk10[3].buf_state_ff/genblock.dffs/dout_reg[2]_1[1]. Optimizations did not improve timing on the net.
Netlist sorting complete. Time (s): cpu = 00:00:00.1 ; elapsed = 00:00:00.1 . Memory (MB): peak = 3127.230 ; gain = 0.000 ; free physical = 4953 ; free virtual = 12534
Phase 4 Critical Path Optimization | Checksum: 119c4e35f

Time (s): cpu = 00:07:22 ; elapsed = 00:01:38 . Memory (MB): peak = 3127.230 ; gain = 0.000 ; free physical = 4953 ; free virtual = 12534
Netlist sorting complete. Time (s): cpu = 00:00:00 ; elapsed = 00:00:00 . Memory (MB): peak = 3127.230 ; gain = 0.000 ; free physical = 4953 ; free virtual = 12534
INFO: [Physopt 32-603] Post Physical Optimization Timing Summary | WNS=-8.105 | TNS=-17095.292 |

Summary of Physical Synthesis Optimizations
============================================


-------------------------------------------------------------------------------------------------------------------------------------------------------------
|  Optimization   |  WNS Gain (ns)  |  TNS Gain (ns)  |  Added Cells  |  Removed Cells  |  Optimized Cells/Nets  |  Dont Touch  |  Iterations  |  Elapsed   |
-------------------------------------------------------------------------------------------------------------------------------------------------------------
|  DSP Register   |          0.000  |          0.000  |            0  |              0  |                     0  |           0  |           1  |  00:00:00  |
|  Critical Path  |          3.255  |       8406.216  |            0  |              0  |                   391  |           0  |           2  |  00:01:35  |
|  Total          |          3.255  |       8406.216  |            0  |              0  |                   391  |           0  |           3  |  00:01:35  |
-------------------------------------------------------------------------------------------------------------------------------------------------------------


Netlist sorting complete. Time (s): cpu = 00:00:00.01 ; elapsed = 00:00:00.01 . Memory (MB): peak = 3127.230 ; gain = 0.000 ; free physical = 4953 ; free virtual = 12534
Ending Physical Synthesis Task | Checksum: 136f6ae13

Time (s): cpu = 00:07:22 ; elapsed = 00:01:38 . Memory (MB): peak = 3127.230 ; gain = 0.000 ; free physical = 4953 ; free virtual = 12534
INFO: [Common 17-83] Releasing license: Implementation
937 Infos, 0 Warnings, 0 Critical Warnings and 0 Errors encountered.
phys_opt_design completed successfully
phys_opt_design: Time (s): cpu = 00:07:41 ; elapsed = 00:01:41 . Memory (MB): peak = 3127.230 ; gain = 0.000 ; free physical = 4953 ; free virtual = 12534
INFO: [Timing 38-480] Writing timing data to binary archive.
Wrote PlaceDB: Time (s): cpu = 00:00:00 ; elapsed = 00:00:00 . Memory (MB): peak = 3140.629 ; gain = 0.000 ; free physical = 4953 ; free virtual = 12534
Wrote PulsedLatchDB: Time (s): cpu = 00:00:00 ; elapsed = 00:00:00 . Memory (MB): peak = 3140.629 ; gain = 0.000 ; free physical = 4953 ; free virtual = 12534
Writing XDEF routing.
Writing XDEF routing logical nets.
Write ShapeDB Complete: Time (s): cpu = 00:00:00.25 ; elapsed = 00:00:00.05 . Memory (MB): peak = 3140.629 ; gain = 0.000 ; free physical = 4950 ; free virtual = 12533
Writing XDEF routing special nets.
Wrote RouteStorage: Time (s): cpu = 00:00:00.28 ; elapsed = 00:00:00.06 . Memory (MB): peak = 3140.629 ; gain = 0.000 ; free physical = 4949 ; free virtual = 12533
Wrote PlaceStorage: Time (s): cpu = 00:00:04 ; elapsed = 00:00:01 . Memory (MB): peak = 3140.629 ; gain = 0.000 ; free physical = 4905 ; free virtual = 12533
Wrote Netlist Cache: Time (s): cpu = 00:00:00.12 ; elapsed = 00:00:00.04 . Memory (MB): peak = 3140.629 ; gain = 0.000 ; free physical = 4897 ; free virtual = 12529
Wrote Device Cache: Time (s): cpu = 00:00:00.02 ; elapsed = 00:00:00.01 . Memory (MB): peak = 3140.629 ; gain = 0.000 ; free physical = 4897 ; free virtual = 12530
Write Physdb Complete: Time (s): cpu = 00:00:04 ; elapsed = 00:00:01 . Memory (MB): peak = 3140.629 ; gain = 0.000 ; free physical = 4897 ; free virtual = 12530
INFO: [Common 17-1381] The checkpoint '/run/media/sackb/Windows-SSD/Users/sackb/OneDrive/Desktop/University/Course_Work/2025-2026/Spring_2026/ECE_540/ece540sp26-Final_Project/Hardware/Hardware.runs/impl_1/rvfpganexys_physopt.dcp' has been generated.
Command: route_design
Attempting to get a license for feature 'Implementation' and/or device 'xc7a100t'
INFO: [Common 17-349] Got license for feature 'Implementation' and/or device 'xc7a100t'
INFO: [DRC 23-27] Running DRC with 8 threads
INFO: [Vivado_Tcl 4-198] DRC finished with 0 Errors
INFO: [Vivado_Tcl 4-199] Please refer to the DRC report (report_drc) for more information.


Starting Routing Task
INFO: [Route 35-254] Multithreading enabled for route_design using a maximum of 8 CPUs

Phase 1 Build RT Design
Checksum: PlaceDB: 2f2bda09 ConstDB: 0 ShapeSum: 27f7354c RouteDB: b1d25f96
Post Restoration Checksum: NetGraph: 7a61366 | NumContArr: fdfdabd9 | Constraints: c2a8fa9d | Timing: c2a8fa9d
Phase 1 Build RT Design | Checksum: 28af5b479

Time (s): cpu = 00:00:41 ; elapsed = 00:00:20 . Memory (MB): peak = 3210.277 ; gain = 0.000 ; free physical = 4834 ; free virtual = 12438

Phase 2 Router Initialization

Phase 2.1 Fix Topology Constraints
Phase 2.1 Fix Topology Constraints | Checksum: 28af5b479

Time (s): cpu = 00:00:42 ; elapsed = 00:00:20 . Memory (MB): peak = 3210.277 ; gain = 0.000 ; free physical = 4833 ; free virtual = 12437

Phase 2.2 Pre Route Cleanup
Phase 2.2 Pre Route Cleanup | Checksum: 28af5b479

Time (s): cpu = 00:00:42 ; elapsed = 00:00:20 . Memory (MB): peak = 3210.277 ; gain = 0.000 ; free physical = 4833 ; free virtual = 12437
 Number of Nodes with overlaps = 0

Phase 2.3 Update Timing
Phase 2.3 Update Timing | Checksum: 25742c4d0

Time (s): cpu = 00:01:08 ; elapsed = 00:00:26 . Memory (MB): peak = 3210.277 ; gain = 0.000 ; free physical = 4827 ; free virtual = 12432
INFO: [Route 35-416] Intermediate Timing Summary | WNS=-6.644 | TNS=-13179.592| WHS=-3.715 | THS=-568.014|


Phase 2.4 Soft Constraint Pins - Fast Budgeting
Phase 2.4 Soft Constraint Pins - Fast Budgeting | Checksum: 24fab58fd

Time (s): cpu = 00:01:15 ; elapsed = 00:00:28 . Memory (MB): peak = 3210.277 ; gain = 0.000 ; free physical = 4824 ; free virtual = 12429

Router Utilization Summary
  Global Vertical Routing Utilization    = 0.00156678 %
  Global Horizontal Routing Utilization  = 0.00653595 %
  Routable Net Status*
  *Does not include unroutable nets such as driverless and loadless.
  Run report_route_status for detailed report.
  Number of Failed Nets               = 45096
    (Failed Nets is the sum of unrouted and partially routed nets)
  Number of Unrouted Nets             = 45087
  Number of Partially Routed Nets     = 9
  Number of Node Overlaps             = 2

Phase 2 Router Initialization | Checksum: 2ac5b1722

Time (s): cpu = 00:01:15 ; elapsed = 00:00:28 . Memory (MB): peak = 3210.277 ; gain = 0.000 ; free physical = 4824 ; free virtual = 12430

Phase 3 Global Routing
Phase 3 Global Routing | Checksum: 2ac5b1722

Time (s): cpu = 00:01:15 ; elapsed = 00:00:28 . Memory (MB): peak = 3210.277 ; gain = 0.000 ; free physical = 4824 ; free virtual = 12430

Phase 4 Initial Routing

Phase 4.1 Initial Net Routing Pass
Phase 4.1 Initial Net Routing Pass | Checksum: 19384bab6

Time (s): cpu = 00:01:31 ; elapsed = 00:00:33 . Memory (MB): peak = 3274.426 ; gain = 64.148 ; free physical = 4762 ; free virtual = 12371
Phase 4 Initial Routing | Checksum: 19384bab6

Time (s): cpu = 00:01:31 ; elapsed = 00:00:33 . Memory (MB): peak = 3274.426 ; gain = 64.148 ; free physical = 4762 ; free virtual = 12371
INFO: [Route 35-580] Design has 29 pins with tight setup and hold constraints.

The top 5 pins with tight setup and hold constraints:

+====================+===================+==========================================================================================================================+
| Launch Setup Clock | Launch Hold Clock | Pin                                                                                                                      |
+====================+===================+==========================================================================================================================+
| clk_core           | clk_core          | swervolf/rvtop/mem/icache.icm/ic_data_inst/PACKED_1.BANKS_WAY[0].ECC0.size_256.WAYS.wrptr_ff/genblock.dffs/dout_reg[0]/D |
| clk_core           | clk_core          | swervolf/rvtop/veer/dma_ctrl/GenFifo[0].fifo_done_dff/dffsc/dout_reg[0]/D                                                |
| clk_core           | clk_core          | swervolf/rvtop/veer/dma_ctrl/GenFifo[1].fifo_done_dff/dffsc/dout_reg[0]/D                                                |
| clk_core           | clk_core          | swervolf/rvtop/mem/iccm.iccm/r0_data/genblock.dffs/dout_reg[17]/D                                                        |
| clk_core           | clk_core          | swervolf/rvtop/mem/iccm.iccm/r0_data/genblock.dffs/dout_reg[26]/D                                                        |
+--------------------+-------------------+--------------------------------------------------------------------------------------------------------------------------+

File with complete list of pins: tight_setup_hold_pins.txt


Phase 5 Rip-up And Reroute

Phase 5.1 Global Iteration 0
 Number of Nodes with overlaps = 14744
 Number of Nodes with overlaps = 2765
 Number of Nodes with overlaps = 927
 Number of Nodes with overlaps = 354
 Number of Nodes with overlaps = 152
 Number of Nodes with overlaps = 54
 Number of Nodes with overlaps = 24
 Number of Nodes with overlaps = 7
 Number of Nodes with overlaps = 2
 Number of Nodes with overlaps = 0
INFO: [Route 35-416] Intermediate Timing Summary | WNS=-12.988| TNS=-30831.264| WHS=N/A    | THS=N/A    |

Phase 5.1 Global Iteration 0 | Checksum: 1bed0c65f

Time (s): cpu = 00:02:51 ; elapsed = 00:01:18 . Memory (MB): peak = 3274.426 ; gain = 64.148 ; free physical = 4790 ; free virtual = 12401

Phase 5.2 Global Iteration 1
 Number of Nodes with overlaps = 4927
 Number of Nodes with overlaps = 1838
 Number of Nodes with overlaps = 434
 Number of Nodes with overlaps = 171
 Number of Nodes with overlaps = 47
 Number of Nodes with overlaps = 7
 Number of Nodes with overlaps = 2
 Number of Nodes with overlaps = 2
 Number of Nodes with overlaps = 1
 Number of Nodes with overlaps = 0
INFO: [Route 35-416] Intermediate Timing Summary | WNS=-13.243| TNS=-28968.770| WHS=N/A    | THS=N/A    |

Phase 5.2 Global Iteration 1 | Checksum: 297f28cd2

Time (s): cpu = 00:03:35 ; elapsed = 00:01:33 . Memory (MB): peak = 3274.426 ; gain = 64.148 ; free physical = 4796 ; free virtual = 12407
Phase 5 Rip-up And Reroute | Checksum: 297f28cd2

Time (s): cpu = 00:03:36 ; elapsed = 00:01:33 . Memory (MB): peak = 3274.426 ; gain = 64.148 ; free physical = 4796 ; free virtual = 12407

Phase 6 Delay and Skew Optimization

Phase 6.1 Delay CleanUp

Phase 6.1.1 Update Timing
Phase 6.1.1 Update Timing | Checksum: 222a05b64

Time (s): cpu = 00:03:39 ; elapsed = 00:01:34 . Memory (MB): peak = 3274.426 ; gain = 64.148 ; free physical = 4796 ; free virtual = 12407
INFO: [Route 35-416] Intermediate Timing Summary | WNS=-12.981| TNS=-30505.856| WHS=N/A    | THS=N/A    |

 Number of Nodes with overlaps = 0
Phase 6.1 Delay CleanUp | Checksum: 1bed42dbb

Time (s): cpu = 00:03:41 ; elapsed = 00:01:35 . Memory (MB): peak = 3274.426 ; gain = 64.148 ; free physical = 4796 ; free virtual = 12407

Phase 6.2 Clock Skew Optimization
Phase 6.2 Clock Skew Optimization | Checksum: 1bed42dbb

Time (s): cpu = 00:03:41 ; elapsed = 00:01:35 . Memory (MB): peak = 3274.426 ; gain = 64.148 ; free physical = 4796 ; free virtual = 12407
Phase 6 Delay and Skew Optimization | Checksum: 1bed42dbb

Time (s): cpu = 00:03:41 ; elapsed = 00:01:35 . Memory (MB): peak = 3274.426 ; gain = 64.148 ; free physical = 4796 ; free virtual = 12407

Phase 7 Post Hold Fix

Phase 7.1 Hold Fix Iter
INFO: [Route 35-416] Intermediate Timing Summary | WNS=-12.848| TNS=-28956.269| WHS=-1.165 | THS=-2.218 |

Phase 7.1 Hold Fix Iter | Checksum: 26204fd44

Time (s): cpu = 00:03:46 ; elapsed = 00:01:35 . Memory (MB): peak = 3274.426 ; gain = 64.148 ; free physical = 4788 ; free virtual = 12399

Phase 7.2 Non Free Resource Hold Fix Iter
Phase 7.2 Non Free Resource Hold Fix Iter | Checksum: 19eb23195

Time (s): cpu = 00:03:46 ; elapsed = 00:01:35 . Memory (MB): peak = 3274.426 ; gain = 64.148 ; free physical = 4788 ; free virtual = 12399
Phase 7 Post Hold Fix | Checksum: 19eb23195

Time (s): cpu = 00:03:46 ; elapsed = 00:01:35 . Memory (MB): peak = 3274.426 ; gain = 64.148 ; free physical = 4789 ; free virtual = 12400

Phase 8 Route finalize

Router Utilization Summary
  Global Vertical Routing Utilization    = 15.9375 %
  Global Horizontal Routing Utilization  = 17.3724 %
  Routable Net Status*
  *Does not include unroutable nets such as driverless and loadless.
  Run report_route_status for detailed report.
  Number of Failed Nets               = 0
    (Failed Nets is the sum of unrouted and partially routed nets)
  Number of Unrouted Nets             = 0
  Number of Partially Routed Nets     = 0
  Number of Node Overlaps             = 0


--GLOBAL Congestion:
Utilization threshold used for congestion level computation: 0.85
Congestion Report
North Dir 1x1 Area, Max Cong = 81.982%, No Congested Regions.
South Dir 1x1 Area, Max Cong = 90.991%, Congestion bounded by tiles (Lower Left Tile -> Upper Right Tile):
   INT_R_X25Y69 -> INT_R_X25Y69
   INT_R_X25Y66 -> INT_R_X25Y66
   INT_L_X28Y59 -> INT_L_X28Y59
   INT_L_X28Y58 -> INT_L_X28Y58
   INT_L_X28Y42 -> INT_L_X28Y42
East Dir 2x2 Area, Max Cong = 86.3971%, Congestion bounded by tiles (Lower Left Tile -> Upper Right Tile):
   INT_L_X28Y42 -> INT_R_X29Y43
West Dir 1x1 Area, Max Cong = 91.1765%, Congestion bounded by tiles (Lower Left Tile -> Upper Right Tile):
   INT_R_X23Y73 -> INT_R_X23Y73
   INT_R_X25Y69 -> INT_R_X25Y69
   INT_L_X26Y68 -> INT_L_X26Y68
   INT_R_X31Y52 -> INT_R_X31Y52
   INT_L_X34Y51 -> INT_L_X34Y51

------------------------------
Reporting congestion hotspots
------------------------------
Direction: North
----------------
Congested clusters found at Level 0
Effective congestion level: 0 Aspect Ratio: 1 Sparse Ratio: 0
Direction: South
----------------
Congested clusters found at Level 0
Effective congestion level: 1 Aspect Ratio: 0.5 Sparse Ratio: 0.5
Direction: East
----------------
Congested clusters found at Level 1
Effective congestion level: 2 Aspect Ratio: 0.5 Sparse Ratio: 0.5
Direction: West
----------------
Congested clusters found at Level 0
Effective congestion level: 0 Aspect Ratio: 1 Sparse Ratio: 1

Phase 8 Route finalize | Checksum: 19eb23195

Time (s): cpu = 00:03:46 ; elapsed = 00:01:35 . Memory (MB): peak = 3274.426 ; gain = 64.148 ; free physical = 4789 ; free virtual = 12400

Phase 9 Verifying routed nets

 Verification completed successfully
Phase 9 Verifying routed nets | Checksum: 19eb23195

Time (s): cpu = 00:03:46 ; elapsed = 00:01:36 . Memory (MB): peak = 3274.426 ; gain = 64.148 ; free physical = 4789 ; free virtual = 12400

Phase 10 Depositing Routes
Phase 10 Depositing Routes | Checksum: 1d6f00980

Time (s): cpu = 00:03:51 ; elapsed = 00:01:38 . Memory (MB): peak = 3274.426 ; gain = 64.148 ; free physical = 4791 ; free virtual = 12402

Phase 11 Post Process Routing
Phase 11 Post Process Routing | Checksum: 1d6f00980

Time (s): cpu = 00:03:51 ; elapsed = 00:01:38 . Memory (MB): peak = 3274.426 ; gain = 64.148 ; free physical = 4793 ; free virtual = 12404

Phase 12 Post Router Timing

Phase 12.1 Update Timing
Phase 12.1 Update Timing | Checksum: 1d6f00980

Time (s): cpu = 00:03:54 ; elapsed = 00:01:39 . Memory (MB): peak = 3274.426 ; gain = 64.148 ; free physical = 4792 ; free virtual = 12404
INFO: [Route 35-57] Estimated Timing Summary | WNS=-12.848| TNS=-28956.269| WHS=0.050  | THS=0.000  |

WARNING: [Route 35-328] Router estimated timing not met.
Resolution: For a complete and accurate timing signoff, report_timing_summary must be run after route_design. Alternatively, route_design can be run with the -timing_summary option to enable a complete timing signoff at the end of route_design.
Phase 12 Post Router Timing | Checksum: 1d6f00980

Time (s): cpu = 00:03:54 ; elapsed = 00:01:39 . Memory (MB): peak = 3274.426 ; gain = 64.148 ; free physical = 4792 ; free virtual = 12404
Total Elapsed time in route_design: 98.94 secs

Phase 13 Post-Route Event Processing
Phase 13 Post-Route Event Processing | Checksum: 141ac7ce9

Time (s): cpu = 00:03:54 ; elapsed = 00:01:39 . Memory (MB): peak = 3274.426 ; gain = 64.148 ; free physical = 4792 ; free virtual = 12403
INFO: [Route 35-16] Router Completed Successfully
Ending Routing Task | Checksum: 141ac7ce9

Time (s): cpu = 00:03:54 ; elapsed = 00:01:39 . Memory (MB): peak = 3274.426 ; gain = 64.148 ; free physical = 4792 ; free virtual = 12403

Routing Is Done.
INFO: [Common 17-83] Releasing license: Implementation
953 Infos, 1 Warnings, 0 Critical Warnings and 0 Errors encountered.
route_design completed successfully
route_design: Time (s): cpu = 00:03:55 ; elapsed = 00:01:40 . Memory (MB): peak = 3274.426 ; gain = 133.797 ; free physical = 4792 ; free virtual = 12403
INFO: [Vivado 12-24828] Executing command : report_drc -file rvfpganexys_drc_routed.rpt -pb rvfpganexys_drc_routed.pb -rpx rvfpganexys_drc_routed.rpx
Command: report_drc -file rvfpganexys_drc_routed.rpt -pb rvfpganexys_drc_routed.pb -rpx rvfpganexys_drc_routed.rpx
INFO: [IP_Flow 19-1839] IP Catalog is up to date.
INFO: [DRC 23-27] Running DRC with 8 threads
INFO: [Vivado_Tcl 2-168] The results of DRC are in file /run/media/sackb/Windows-SSD/Users/sackb/OneDrive/Desktop/University/Course_Work/2025-2026/Spring_2026/ECE_540/ece540sp26-Final_Project/Hardware/Hardware.runs/impl_1/rvfpganexys_drc_routed.rpt.
report_drc completed successfully
INFO: [Vivado 12-24828] Executing command : report_methodology -file rvfpganexys_methodology_drc_routed.rpt -pb rvfpganexys_methodology_drc_routed.pb -rpx rvfpganexys_methodology_drc_routed.rpx
Command: report_methodology -file rvfpganexys_methodology_drc_routed.rpt -pb rvfpganexys_methodology_drc_routed.pb -rpx rvfpganexys_methodology_drc_routed.rpx
INFO: [Timing 38-35] Done setting XDC timing constraints.
INFO: [DRC 23-133] Running Methodology with 8 threads
INFO: [Vivado_Tcl 2-1520] The results of Report Methodology are in file /run/media/sackb/Windows-SSD/Users/sackb/OneDrive/Desktop/University/Course_Work/2025-2026/Spring_2026/ECE_540/ece540sp26-Final_Project/Hardware/Hardware.runs/impl_1/rvfpganexys_methodology_drc_routed.rpt.
report_methodology completed successfully
report_methodology: Time (s): cpu = 00:00:42 ; elapsed = 00:00:07 . Memory (MB): peak = 3274.426 ; gain = 0.000 ; free physical = 4796 ; free virtual = 12412
INFO: [Vivado 12-24828] Executing command : report_timing_summary -max_paths 10 -routable_nets -report_unconstrained -file rvfpganexys_timing_summary_routed.rpt -pb rvfpganexys_timing_summary_routed.pb -rpx rvfpganexys_timing_summary_routed.rpx -warn_on_violation 
INFO: [Timing 38-35] Done setting XDC timing constraints.
INFO: [Timing 38-91] UpdateTimingParams: Speed grade: -1, Delay Type: min_max.
INFO: [Timing 38-191] Multithreading enabled for timing update using a maximum of 8 CPUs
CRITICAL WARNING: [Timing 38-282] The design failed to meet the timing requirements. Please see the timing summary report for details on the timing violations.
INFO: [Vivado 12-24838] Running report commands "report_bus_skew, report_incremental_reuse, report_route_status" in parallel.
Running report generation with 3 threads.
INFO: [Vivado 12-24828] Executing command : report_incremental_reuse -file rvfpganexys_incremental_reuse_routed.rpt
INFO: [Vivado_Tcl 4-1062] Incremental flow is disabled. No incremental reuse Info to report.
INFO: [Vivado 12-24828] Executing command : report_bus_skew -warn_on_violation -file rvfpganexys_bus_skew_routed.rpt -pb rvfpganexys_bus_skew_routed.pb -rpx rvfpganexys_bus_skew_routed.rpx
INFO: [Timing 38-91] UpdateTimingParams: Speed grade: -1, Delay Type: min_max.
INFO: [Timing 38-191] Multithreading enabled for timing update using a maximum of 8 CPUs
INFO: [Vivado 12-24828] Executing command : report_route_status -file rvfpganexys_route_status.rpt -pb rvfpganexys_route_status.pb
INFO: [Vivado 12-24828] Executing command : report_power -file rvfpganexys_power_routed.rpt -pb rvfpganexys_power_summary_routed.pb -rpx rvfpganexys_power_routed.rpx
Command: report_power -file rvfpganexys_power_routed.rpt -pb rvfpganexys_power_summary_routed.pb -rpx rvfpganexys_power_routed.rpx
INFO: [Power 33-23] Power model is not available for STARTUPE2
Running Vector-less Activity Propagation...

Finished Running Vector-less Activity Propagation
WARNING: [Power 33-332] Found switching activity that implies high-fanout reset nets being asserted for excessive periods of time which may result in inaccurate power analysis.
Resolution: To review and fix problems, please run Power Constraints Advisor in the GUI from Tools > Power Constraints Advisor or run report_power with the -advisory option to generate a text report.
974 Infos, 2 Warnings, 1 Critical Warnings and 0 Errors encountered.
report_power completed successfully
report_power: Time (s): cpu = 00:00:17 ; elapsed = 00:00:08 . Memory (MB): peak = 3331.488 ; gain = 57.062 ; free physical = 4751 ; free virtual = 12381
INFO: [Vivado 12-24828] Executing command : report_clock_utilization -file rvfpganexys_clock_utilization_routed.rpt
generate_parallel_reports: Time (s): cpu = 00:01:19 ; elapsed = 00:00:22 . Memory (MB): peak = 3331.488 ; gain = 57.062 ; free physical = 4755 ; free virtual = 12386
INFO: [Timing 38-480] Writing timing data to binary archive.
Wrote PlaceDB: Time (s): cpu = 00:00:00 ; elapsed = 00:00:00 . Memory (MB): peak = 3331.488 ; gain = 0.000 ; free physical = 4755 ; free virtual = 12385
Wrote PulsedLatchDB: Time (s): cpu = 00:00:00 ; elapsed = 00:00:00 . Memory (MB): peak = 3331.488 ; gain = 0.000 ; free physical = 4755 ; free virtual = 12385
Writing XDEF routing.
Writing XDEF routing logical nets.
Write ShapeDB Complete: Time (s): cpu = 00:00:00.21 ; elapsed = 00:00:00.04 . Memory (MB): peak = 3331.488 ; gain = 0.000 ; free physical = 4751 ; free virtual = 12385
Writing XDEF routing special nets.
Wrote RouteStorage: Time (s): cpu = 00:00:02 ; elapsed = 00:00:00.31 . Memory (MB): peak = 3331.488 ; gain = 0.000 ; free physical = 4739 ; free virtual = 12391
Wrote PlaceStorage: Time (s): cpu = 00:00:04 ; elapsed = 00:00:01 . Memory (MB): peak = 3331.488 ; gain = 0.000 ; free physical = 4703 ; free virtual = 12391
Wrote Netlist Cache: Time (s): cpu = 00:00:00.08 ; elapsed = 00:00:00.04 . Memory (MB): peak = 3331.488 ; gain = 0.000 ; free physical = 4695 ; free virtual = 12387
Wrote Device Cache: Time (s): cpu = 00:00:00.01 ; elapsed = 00:00:00 . Memory (MB): peak = 3331.488 ; gain = 0.000 ; free physical = 4695 ; free virtual = 12388
Write Physdb Complete: Time (s): cpu = 00:00:06 ; elapsed = 00:00:02 . Memory (MB): peak = 3331.488 ; gain = 0.000 ; free physical = 4695 ; free virtual = 12388
INFO: [Common 17-1381] The checkpoint '/run/media/sackb/Windows-SSD/Users/sackb/OneDrive/Desktop/University/Course_Work/2025-2026/Spring_2026/ECE_540/ece540sp26-Final_Project/Hardware/Hardware.runs/impl_1/rvfpganexys_routed.dcp' has been generated.
Command: write_bitstream -force rvfpganexys.bit
Attempting to get a license for feature 'Implementation' and/or device 'xc7a100t'
INFO: [Common 17-349] Got license for feature 'Implementation' and/or device 'xc7a100t'
Running DRC as a precondition to command write_bitstream
INFO: [IP_Flow 19-1839] IP Catalog is up to date.
INFO: [DRC 23-27] Running DRC with 8 threads
INFO: [Vivado 12-3199] DRC finished with 0 Errors
INFO: [Vivado 12-3200] Please refer to the DRC report (report_drc) for more information.
Integrating Hard IP ELF/MEM with the PDI.
INFO: [Designutils 20-2272] Running write_bitstream with 8 threads.
Loading data files...
Loading site data...
Loading route data...
Processing options...
Creating bitmap...
Creating bitstream...
Writing bitstream ./rvfpganexys.bit...
INFO: [Vivado 12-1842] Bitgen Completed Successfully.
INFO: [Common 17-83] Releasing license: Implementation
985 Infos, 2 Warnings, 1 Critical Warnings and 0 Errors encountered.
write_bitstream completed successfully
write_bitstream: Time (s): cpu = 00:00:42 ; elapsed = 00:00:30 . Memory (MB): peak = 3684.426 ; gain = 352.938 ; free physical = 4344 ; free virtual = 12003
INFO: [Common 17-206] Exiting Vivado at Thu May 28 14:37:55 2026...
