Copyright 1986-2022 Xilinx, Inc. All Rights Reserved. Copyright 2022-2025 Advanced Micro Devices, Inc. All Rights Reserved.
-----------------------------------------------------------------------------------------------------------------------------------------------------------------------
| Tool Version : Vivado v.2025.2 (lin64) Build 6299465 Fri Nov 14 12:34:56 MST 2025
| Date         : Thu May 28 14:37:09 2026
| Host         : archlinux running 64-bit unknown
| Command      : report_methodology -file rvfpganexys_methodology_drc_routed.rpt -pb rvfpganexys_methodology_drc_routed.pb -rpx rvfpganexys_methodology_drc_routed.rpx
| Design       : rvfpganexys
| Device       : xc7a100tcsg324-1
| Speed File   : -1
| Design State : Fully Routed
-----------------------------------------------------------------------------------------------------------------------------------------------------------------------

Report Methodology

Table of Contents
-----------------
1. REPORT SUMMARY
2. REPORT DETAILS

1. REPORT SUMMARY
-----------------
            Netlist: netlist
          Floorplan: design_1
      Design limits: <entire design considered>
             Max checks: <unlimited>
             Checks found: 1276
+-----------+------------------+------------------------------------------------+--------+
| Rule      | Severity         | Description                                    | Checks |
+-----------+------------------+------------------------------------------------+--------+
| TIMING-6  | Critical Warning | No common primary clock between related clocks | 2      |
| TIMING-7  | Critical Warning | No common node between related clocks          | 2      |
| TIMING-14 | Critical Warning | LUT on the clock tree                          | 3      |
| DPIR-1    | Warning          | Asynchronous driver check                      | 159    |
| LUTAR-1   | Warning          | LUT drives async reset alert                   | 5      |
| SYNTH-6   | Warning          | Timing of a RAM block might be sub-optimal     | 55     |
| SYNTH-10  | Warning          | Wide multiplier                                | 4      |
| TIMING-9  | Warning          | Unknown CDC Logic                              | 1      |
| TIMING-16 | Warning          | Large setup violation                          | 1000   |
| TIMING-18 | Warning          | Missing input or output delay                  | 22     |
| TIMING-20 | Warning          | Non-clocked latch                              | 6      |
| LATCH-1   | Advisory         | Existing latches in the design                 | 1      |
| REQP-1959 | Advisory         | connects_SERDES_RST_driver_not_FF              | 16     |
+-----------+------------------+------------------------------------------------+--------+

2. REPORT DETAILS
-----------------
TIMING-6#1 Critical Warning
No common primary clock between related clocks  
The clocks clk_core and tck_dtmcs are related (timed together) but they have no common primary clock. The design could fail in hardware. To find a timing path between these clocks, run the following command: report_timing -from [get_clocks clk_core] -to [get_clocks tck_dtmcs]
Related violations: <none>

TIMING-6#2 Critical Warning
No common primary clock between related clocks  
The clocks tck_dtmcs and clk_core are related (timed together) but they have no common primary clock. The design could fail in hardware. To find a timing path between these clocks, run the following command: report_timing -from [get_clocks tck_dtmcs] -to [get_clocks clk_core]
Related violations: <none>

TIMING-7#1 Critical Warning
No common node between related clocks  
The clocks clk_core and tck_dtmcs are related (timed together) but they have no common node. The design could fail in hardware. To find a timing path between these clocks, run the following command: report_timing -from [get_clocks clk_core] -to [get_clocks tck_dtmcs]
Related violations: <none>

TIMING-7#2 Critical Warning
No common node between related clocks  
The clocks tck_dtmcs and clk_core are related (timed together) but they have no common node. The design could fail in hardware. To find a timing path between these clocks, run the following command: report_timing -from [get_clocks tck_dtmcs] -to [get_clocks clk_core]
Related violations: <none>

TIMING-14#1 Critical Warning
LUT on the clock tree  
The LUT clk_gen/swervolfn_0_30842_BUFG_inst_i_1 has been found on the clock tree. Run opt_design to optimize the clock trees, then re-run report_methodology. If LUT(s) are still present in the clock trees, modify the RTL or the synthesis options accordingly to move the clock gating logic to dedicated clock enable resources. Keep in mind that post-opt_design database cannot be used for pin-planning tasks
Related violations: <none>

TIMING-14#2 Critical Warning
LUT on the clock tree  
The LUT swervolf/timer_ptc/rptc_cntr[31]_i_8 has been found on the clock tree. Run opt_design to optimize the clock trees, then re-run report_methodology. If LUT(s) are still present in the clock trees, modify the RTL or the synthesis options accordingly to move the clock gating logic to dedicated clock enable resources. Keep in mind that post-opt_design database cannot be used for pin-planning tasks
Related violations: <none>

TIMING-14#3 Critical Warning
LUT on the clock tree  
The LUT swervolf/timer_ptc/rptc_lrc[31]_i_5 has been found on the clock tree. Run opt_design to optimize the clock trees, then re-run report_methodology. If LUT(s) are still present in the clock trees, modify the RTL or the synthesis options accordingly to move the clock gating logic to dedicated clock enable resources. Keep in mind that post-opt_design database cannot be used for pin-planning tasks
Related violations: <none>

DPIR-1#1 Warning
Asynchronous driver check  
DSP swervolf/myVga/myBuff/writeAddr input pin swervolf/myVga/myBuff/writeAddr/A[0] is connected to registers with an asynchronous reset. This is preventing the possibility of merging these registers in to the DSP Block since the DSP block registers only possess synchronous reset capability.  It is suggested to recode or change these registers to remove the reset or use a synchronous reset to get the best optimization for performance, power and area.
Related violations: <none>

DPIR-1#2 Warning
Asynchronous driver check  
DSP swervolf/myVga/myBuff/writeAddr input pin swervolf/myVga/myBuff/writeAddr/A[10] is connected to registers with an asynchronous reset. This is preventing the possibility of merging these registers in to the DSP Block since the DSP block registers only possess synchronous reset capability.  It is suggested to recode or change these registers to remove the reset or use a synchronous reset to get the best optimization for performance, power and area.
Related violations: <none>

DPIR-1#3 Warning
Asynchronous driver check  
DSP swervolf/myVga/myBuff/writeAddr input pin swervolf/myVga/myBuff/writeAddr/A[11] is connected to registers with an asynchronous reset. This is preventing the possibility of merging these registers in to the DSP Block since the DSP block registers only possess synchronous reset capability.  It is suggested to recode or change these registers to remove the reset or use a synchronous reset to get the best optimization for performance, power and area.
Related violations: <none>

DPIR-1#4 Warning
Asynchronous driver check  
DSP swervolf/myVga/myBuff/writeAddr input pin swervolf/myVga/myBuff/writeAddr/A[1] is connected to registers with an asynchronous reset. This is preventing the possibility of merging these registers in to the DSP Block since the DSP block registers only possess synchronous reset capability.  It is suggested to recode or change these registers to remove the reset or use a synchronous reset to get the best optimization for performance, power and area.
Related violations: <none>

DPIR-1#5 Warning
Asynchronous driver check  
DSP swervolf/myVga/myBuff/writeAddr input pin swervolf/myVga/myBuff/writeAddr/A[2] is connected to registers with an asynchronous reset. This is preventing the possibility of merging these registers in to the DSP Block since the DSP block registers only possess synchronous reset capability.  It is suggested to recode or change these registers to remove the reset or use a synchronous reset to get the best optimization for performance, power and area.
Related violations: <none>

DPIR-1#6 Warning
Asynchronous driver check  
DSP swervolf/myVga/myBuff/writeAddr input pin swervolf/myVga/myBuff/writeAddr/A[3] is connected to registers with an asynchronous reset. This is preventing the possibility of merging these registers in to the DSP Block since the DSP block registers only possess synchronous reset capability.  It is suggested to recode or change these registers to remove the reset or use a synchronous reset to get the best optimization for performance, power and area.
Related violations: <none>

DPIR-1#7 Warning
Asynchronous driver check  
DSP swervolf/myVga/myBuff/writeAddr input pin swervolf/myVga/myBuff/writeAddr/A[4] is connected to registers with an asynchronous reset. This is preventing the possibility of merging these registers in to the DSP Block since the DSP block registers only possess synchronous reset capability.  It is suggested to recode or change these registers to remove the reset or use a synchronous reset to get the best optimization for performance, power and area.
Related violations: <none>

DPIR-1#8 Warning
Asynchronous driver check  
DSP swervolf/myVga/myBuff/writeAddr input pin swervolf/myVga/myBuff/writeAddr/A[5] is connected to registers with an asynchronous reset. This is preventing the possibility of merging these registers in to the DSP Block since the DSP block registers only possess synchronous reset capability.  It is suggested to recode or change these registers to remove the reset or use a synchronous reset to get the best optimization for performance, power and area.
Related violations: <none>

DPIR-1#9 Warning
Asynchronous driver check  
DSP swervolf/myVga/myBuff/writeAddr input pin swervolf/myVga/myBuff/writeAddr/A[6] is connected to registers with an asynchronous reset. This is preventing the possibility of merging these registers in to the DSP Block since the DSP block registers only possess synchronous reset capability.  It is suggested to recode or change these registers to remove the reset or use a synchronous reset to get the best optimization for performance, power and area.
Related violations: <none>

DPIR-1#10 Warning
Asynchronous driver check  
DSP swervolf/myVga/myBuff/writeAddr input pin swervolf/myVga/myBuff/writeAddr/A[7] is connected to registers with an asynchronous reset. This is preventing the possibility of merging these registers in to the DSP Block since the DSP block registers only possess synchronous reset capability.  It is suggested to recode or change these registers to remove the reset or use a synchronous reset to get the best optimization for performance, power and area.
Related violations: <none>

DPIR-1#11 Warning
Asynchronous driver check  
DSP swervolf/myVga/myBuff/writeAddr input pin swervolf/myVga/myBuff/writeAddr/A[8] is connected to registers with an asynchronous reset. This is preventing the possibility of merging these registers in to the DSP Block since the DSP block registers only possess synchronous reset capability.  It is suggested to recode or change these registers to remove the reset or use a synchronous reset to get the best optimization for performance, power and area.
Related violations: <none>

DPIR-1#12 Warning
Asynchronous driver check  
DSP swervolf/myVga/myBuff/writeAddr input pin swervolf/myVga/myBuff/writeAddr/A[9] is connected to registers with an asynchronous reset. This is preventing the possibility of merging these registers in to the DSP Block since the DSP block registers only possess synchronous reset capability.  It is suggested to recode or change these registers to remove the reset or use a synchronous reset to get the best optimization for performance, power and area.
Related violations: <none>

DPIR-1#13 Warning
Asynchronous driver check  
DSP swervolf/myVga/myBuff/writeAddr input pin swervolf/myVga/myBuff/writeAddr/C[0] is connected to registers with an asynchronous reset. This is preventing the possibility of merging these registers in to the DSP Block since the DSP block registers only possess synchronous reset capability.  It is suggested to recode or change these registers to remove the reset or use a synchronous reset to get the best optimization for performance, power and area.
Related violations: <none>

DPIR-1#14 Warning
Asynchronous driver check  
DSP swervolf/myVga/myBuff/writeAddr input pin swervolf/myVga/myBuff/writeAddr/C[10] is connected to registers with an asynchronous reset. This is preventing the possibility of merging these registers in to the DSP Block since the DSP block registers only possess synchronous reset capability.  It is suggested to recode or change these registers to remove the reset or use a synchronous reset to get the best optimization for performance, power and area.
Related violations: <none>

DPIR-1#15 Warning
Asynchronous driver check  
DSP swervolf/myVga/myBuff/writeAddr input pin swervolf/myVga/myBuff/writeAddr/C[11] is connected to registers with an asynchronous reset. This is preventing the possibility of merging these registers in to the DSP Block since the DSP block registers only possess synchronous reset capability.  It is suggested to recode or change these registers to remove the reset or use a synchronous reset to get the best optimization for performance, power and area.
Related violations: <none>

DPIR-1#16 Warning
Asynchronous driver check  
DSP swervolf/myVga/myBuff/writeAddr input pin swervolf/myVga/myBuff/writeAddr/C[1] is connected to registers with an asynchronous reset. This is preventing the possibility of merging these registers in to the DSP Block since the DSP block registers only possess synchronous reset capability.  It is suggested to recode or change these registers to remove the reset or use a synchronous reset to get the best optimization for performance, power and area.
Related violations: <none>

DPIR-1#17 Warning
Asynchronous driver check  
DSP swervolf/myVga/myBuff/writeAddr input pin swervolf/myVga/myBuff/writeAddr/C[2] is connected to registers with an asynchronous reset. This is preventing the possibility of merging these registers in to the DSP Block since the DSP block registers only possess synchronous reset capability.  It is suggested to recode or change these registers to remove the reset or use a synchronous reset to get the best optimization for performance, power and area.
Related violations: <none>

DPIR-1#18 Warning
Asynchronous driver check  
DSP swervolf/myVga/myBuff/writeAddr input pin swervolf/myVga/myBuff/writeAddr/C[3] is connected to registers with an asynchronous reset. This is preventing the possibility of merging these registers in to the DSP Block since the DSP block registers only possess synchronous reset capability.  It is suggested to recode or change these registers to remove the reset or use a synchronous reset to get the best optimization for performance, power and area.
Related violations: <none>

DPIR-1#19 Warning
Asynchronous driver check  
DSP swervolf/myVga/myBuff/writeAddr input pin swervolf/myVga/myBuff/writeAddr/C[4] is connected to registers with an asynchronous reset. This is preventing the possibility of merging these registers in to the DSP Block since the DSP block registers only possess synchronous reset capability.  It is suggested to recode or change these registers to remove the reset or use a synchronous reset to get the best optimization for performance, power and area.
Related violations: <none>

DPIR-1#20 Warning
Asynchronous driver check  
DSP swervolf/myVga/myBuff/writeAddr input pin swervolf/myVga/myBuff/writeAddr/C[5] is connected to registers with an asynchronous reset. This is preventing the possibility of merging these registers in to the DSP Block since the DSP block registers only possess synchronous reset capability.  It is suggested to recode or change these registers to remove the reset or use a synchronous reset to get the best optimization for performance, power and area.
Related violations: <none>

DPIR-1#21 Warning
Asynchronous driver check  
DSP swervolf/myVga/myBuff/writeAddr input pin swervolf/myVga/myBuff/writeAddr/C[6] is connected to registers with an asynchronous reset. This is preventing the possibility of merging these registers in to the DSP Block since the DSP block registers only possess synchronous reset capability.  It is suggested to recode or change these registers to remove the reset or use a synchronous reset to get the best optimization for performance, power and area.
Related violations: <none>

DPIR-1#22 Warning
Asynchronous driver check  
DSP swervolf/myVga/myBuff/writeAddr input pin swervolf/myVga/myBuff/writeAddr/C[7] is connected to registers with an asynchronous reset. This is preventing the possibility of merging these registers in to the DSP Block since the DSP block registers only possess synchronous reset capability.  It is suggested to recode or change these registers to remove the reset or use a synchronous reset to get the best optimization for performance, power and area.
Related violations: <none>

DPIR-1#23 Warning
Asynchronous driver check  
DSP swervolf/myVga/myBuff/writeAddr input pin swervolf/myVga/myBuff/writeAddr/C[8] is connected to registers with an asynchronous reset. This is preventing the possibility of merging these registers in to the DSP Block since the DSP block registers only possess synchronous reset capability.  It is suggested to recode or change these registers to remove the reset or use a synchronous reset to get the best optimization for performance, power and area.
Related violations: <none>

DPIR-1#24 Warning
Asynchronous driver check  
DSP swervolf/myVga/myBuff/writeAddr input pin swervolf/myVga/myBuff/writeAddr/C[9] is connected to registers with an asynchronous reset. This is preventing the possibility of merging these registers in to the DSP Block since the DSP block registers only possess synchronous reset capability.  It is suggested to recode or change these registers to remove the reset or use a synchronous reset to get the best optimization for performance, power and area.
Related violations: <none>

DPIR-1#25 Warning
Asynchronous driver check  
DSP swervolf/rvtop/veer/exu/i_mul/prod_x0 input pin swervolf/rvtop/veer/exu/i_mul/prod_x0/A[0] is connected to registers with an asynchronous reset. This is preventing the possibility of merging these registers in to the DSP Block since the DSP block registers only possess synchronous reset capability.  It is suggested to recode or change these registers to remove the reset or use a synchronous reset to get the best optimization for performance, power and area.
Related violations: <none>

DPIR-1#26 Warning
Asynchronous driver check  
DSP swervolf/rvtop/veer/exu/i_mul/prod_x0 input pin swervolf/rvtop/veer/exu/i_mul/prod_x0/A[10] is connected to registers with an asynchronous reset. This is preventing the possibility of merging these registers in to the DSP Block since the DSP block registers only possess synchronous reset capability.  It is suggested to recode or change these registers to remove the reset or use a synchronous reset to get the best optimization for performance, power and area.
Related violations: <none>

DPIR-1#27 Warning
Asynchronous driver check  
DSP swervolf/rvtop/veer/exu/i_mul/prod_x0 input pin swervolf/rvtop/veer/exu/i_mul/prod_x0/A[11] is connected to registers with an asynchronous reset. This is preventing the possibility of merging these registers in to the DSP Block since the DSP block registers only possess synchronous reset capability.  It is suggested to recode or change these registers to remove the reset or use a synchronous reset to get the best optimization for performance, power and area.
Related violations: <none>

DPIR-1#28 Warning
Asynchronous driver check  
DSP swervolf/rvtop/veer/exu/i_mul/prod_x0 input pin swervolf/rvtop/veer/exu/i_mul/prod_x0/A[12] is connected to registers with an asynchronous reset. This is preventing the possibility of merging these registers in to the DSP Block since the DSP block registers only possess synchronous reset capability.  It is suggested to recode or change these registers to remove the reset or use a synchronous reset to get the best optimization for performance, power and area.
Related violations: <none>

DPIR-1#29 Warning
Asynchronous driver check  
DSP swervolf/rvtop/veer/exu/i_mul/prod_x0 input pin swervolf/rvtop/veer/exu/i_mul/prod_x0/A[13] is connected to registers with an asynchronous reset. This is preventing the possibility of merging these registers in to the DSP Block since the DSP block registers only possess synchronous reset capability.  It is suggested to recode or change these registers to remove the reset or use a synchronous reset to get the best optimization for performance, power and area.
Related violations: <none>

DPIR-1#30 Warning
Asynchronous driver check  
DSP swervolf/rvtop/veer/exu/i_mul/prod_x0 input pin swervolf/rvtop/veer/exu/i_mul/prod_x0/A[14] is connected to registers with an asynchronous reset. This is preventing the possibility of merging these registers in to the DSP Block since the DSP block registers only possess synchronous reset capability.  It is suggested to recode or change these registers to remove the reset or use a synchronous reset to get the best optimization for performance, power and area.
Related violations: <none>

DPIR-1#31 Warning
Asynchronous driver check  
DSP swervolf/rvtop/veer/exu/i_mul/prod_x0 input pin swervolf/rvtop/veer/exu/i_mul/prod_x0/A[15] is connected to registers with an asynchronous reset. This is preventing the possibility of merging these registers in to the DSP Block since the DSP block registers only possess synchronous reset capability.  It is suggested to recode or change these registers to remove the reset or use a synchronous reset to get the best optimization for performance, power and area.
Related violations: <none>

DPIR-1#32 Warning
Asynchronous driver check  
DSP swervolf/rvtop/veer/exu/i_mul/prod_x0 input pin swervolf/rvtop/veer/exu/i_mul/prod_x0/A[16] is connected to registers with an asynchronous reset. This is preventing the possibility of merging these registers in to the DSP Block since the DSP block registers only possess synchronous reset capability.  It is suggested to recode or change these registers to remove the reset or use a synchronous reset to get the best optimization for performance, power and area.
Related violations: <none>

DPIR-1#33 Warning
Asynchronous driver check  
DSP swervolf/rvtop/veer/exu/i_mul/prod_x0 input pin swervolf/rvtop/veer/exu/i_mul/prod_x0/A[1] is connected to registers with an asynchronous reset. This is preventing the possibility of merging these registers in to the DSP Block since the DSP block registers only possess synchronous reset capability.  It is suggested to recode or change these registers to remove the reset or use a synchronous reset to get the best optimization for performance, power and area.
Related violations: <none>

DPIR-1#34 Warning
Asynchronous driver check  
DSP swervolf/rvtop/veer/exu/i_mul/prod_x0 input pin swervolf/rvtop/veer/exu/i_mul/prod_x0/A[2] is connected to registers with an asynchronous reset. This is preventing the possibility of merging these registers in to the DSP Block since the DSP block registers only possess synchronous reset capability.  It is suggested to recode or change these registers to remove the reset or use a synchronous reset to get the best optimization for performance, power and area.
Related violations: <none>

DPIR-1#35 Warning
Asynchronous driver check  
DSP swervolf/rvtop/veer/exu/i_mul/prod_x0 input pin swervolf/rvtop/veer/exu/i_mul/prod_x0/A[3] is connected to registers with an asynchronous reset. This is preventing the possibility of merging these registers in to the DSP Block since the DSP block registers only possess synchronous reset capability.  It is suggested to recode or change these registers to remove the reset or use a synchronous reset to get the best optimization for performance, power and area.
Related violations: <none>

DPIR-1#36 Warning
Asynchronous driver check  
DSP swervolf/rvtop/veer/exu/i_mul/prod_x0 input pin swervolf/rvtop/veer/exu/i_mul/prod_x0/A[4] is connected to registers with an asynchronous reset. This is preventing the possibility of merging these registers in to the DSP Block since the DSP block registers only possess synchronous reset capability.  It is suggested to recode or change these registers to remove the reset or use a synchronous reset to get the best optimization for performance, power and area.
Related violations: <none>

DPIR-1#37 Warning
Asynchronous driver check  
DSP swervolf/rvtop/veer/exu/i_mul/prod_x0 input pin swervolf/rvtop/veer/exu/i_mul/prod_x0/A[5] is connected to registers with an asynchronous reset. This is preventing the possibility of merging these registers in to the DSP Block since the DSP block registers only possess synchronous reset capability.  It is suggested to recode or change these registers to remove the reset or use a synchronous reset to get the best optimization for performance, power and area.
Related violations: <none>

DPIR-1#38 Warning
Asynchronous driver check  
DSP swervolf/rvtop/veer/exu/i_mul/prod_x0 input pin swervolf/rvtop/veer/exu/i_mul/prod_x0/A[6] is connected to registers with an asynchronous reset. This is preventing the possibility of merging these registers in to the DSP Block since the DSP block registers only possess synchronous reset capability.  It is suggested to recode or change these registers to remove the reset or use a synchronous reset to get the best optimization for performance, power and area.
Related violations: <none>

DPIR-1#39 Warning
Asynchronous driver check  
DSP swervolf/rvtop/veer/exu/i_mul/prod_x0 input pin swervolf/rvtop/veer/exu/i_mul/prod_x0/A[7] is connected to registers with an asynchronous reset. This is preventing the possibility of merging these registers in to the DSP Block since the DSP block registers only possess synchronous reset capability.  It is suggested to recode or change these registers to remove the reset or use a synchronous reset to get the best optimization for performance, power and area.
Related violations: <none>

DPIR-1#40 Warning
Asynchronous driver check  
DSP swervolf/rvtop/veer/exu/i_mul/prod_x0 input pin swervolf/rvtop/veer/exu/i_mul/prod_x0/A[8] is connected to registers with an asynchronous reset. This is preventing the possibility of merging these registers in to the DSP Block since the DSP block registers only possess synchronous reset capability.  It is suggested to recode or change these registers to remove the reset or use a synchronous reset to get the best optimization for performance, power and area.
Related violations: <none>

DPIR-1#41 Warning
Asynchronous driver check  
DSP swervolf/rvtop/veer/exu/i_mul/prod_x0 input pin swervolf/rvtop/veer/exu/i_mul/prod_x0/A[9] is connected to registers with an asynchronous reset. This is preventing the possibility of merging these registers in to the DSP Block since the DSP block registers only possess synchronous reset capability.  It is suggested to recode or change these registers to remove the reset or use a synchronous reset to get the best optimization for performance, power and area.
Related violations: <none>

DPIR-1#42 Warning
Asynchronous driver check  
DSP swervolf/rvtop/veer/exu/i_mul/prod_x0 input pin swervolf/rvtop/veer/exu/i_mul/prod_x0/B[0] is connected to registers with an asynchronous reset. This is preventing the possibility of merging these registers in to the DSP Block since the DSP block registers only possess synchronous reset capability.  It is suggested to recode or change these registers to remove the reset or use a synchronous reset to get the best optimization for performance, power and area.
Related violations: <none>

DPIR-1#43 Warning
Asynchronous driver check  
DSP swervolf/rvtop/veer/exu/i_mul/prod_x0 input pin swervolf/rvtop/veer/exu/i_mul/prod_x0/B[10] is connected to registers with an asynchronous reset. This is preventing the possibility of merging these registers in to the DSP Block since the DSP block registers only possess synchronous reset capability.  It is suggested to recode or change these registers to remove the reset or use a synchronous reset to get the best optimization for performance, power and area.
Related violations: <none>

DPIR-1#44 Warning
Asynchronous driver check  
DSP swervolf/rvtop/veer/exu/i_mul/prod_x0 input pin swervolf/rvtop/veer/exu/i_mul/prod_x0/B[11] is connected to registers with an asynchronous reset. This is preventing the possibility of merging these registers in to the DSP Block since the DSP block registers only possess synchronous reset capability.  It is suggested to recode or change these registers to remove the reset or use a synchronous reset to get the best optimization for performance, power and area.
Related violations: <none>

DPIR-1#45 Warning
Asynchronous driver check  
DSP swervolf/rvtop/veer/exu/i_mul/prod_x0 input pin swervolf/rvtop/veer/exu/i_mul/prod_x0/B[12] is connected to registers with an asynchronous reset. This is preventing the possibility of merging these registers in to the DSP Block since the DSP block registers only possess synchronous reset capability.  It is suggested to recode or change these registers to remove the reset or use a synchronous reset to get the best optimization for performance, power and area.
Related violations: <none>

DPIR-1#46 Warning
Asynchronous driver check  
DSP swervolf/rvtop/veer/exu/i_mul/prod_x0 input pin swervolf/rvtop/veer/exu/i_mul/prod_x0/B[13] is connected to registers with an asynchronous reset. This is preventing the possibility of merging these registers in to the DSP Block since the DSP block registers only possess synchronous reset capability.  It is suggested to recode or change these registers to remove the reset or use a synchronous reset to get the best optimization for performance, power and area.
Related violations: <none>

DPIR-1#47 Warning
Asynchronous driver check  
DSP swervolf/rvtop/veer/exu/i_mul/prod_x0 input pin swervolf/rvtop/veer/exu/i_mul/prod_x0/B[14] is connected to registers with an asynchronous reset. This is preventing the possibility of merging these registers in to the DSP Block since the DSP block registers only possess synchronous reset capability.  It is suggested to recode or change these registers to remove the reset or use a synchronous reset to get the best optimization for performance, power and area.
Related violations: <none>

DPIR-1#48 Warning
Asynchronous driver check  
DSP swervolf/rvtop/veer/exu/i_mul/prod_x0 input pin swervolf/rvtop/veer/exu/i_mul/prod_x0/B[15] is connected to registers with an asynchronous reset. This is preventing the possibility of merging these registers in to the DSP Block since the DSP block registers only possess synchronous reset capability.  It is suggested to recode or change these registers to remove the reset or use a synchronous reset to get the best optimization for performance, power and area.
Related violations: <none>

DPIR-1#49 Warning
Asynchronous driver check  
DSP swervolf/rvtop/veer/exu/i_mul/prod_x0 input pin swervolf/rvtop/veer/exu/i_mul/prod_x0/B[16] is connected to registers with an asynchronous reset. This is preventing the possibility of merging these registers in to the DSP Block since the DSP block registers only possess synchronous reset capability.  It is suggested to recode or change these registers to remove the reset or use a synchronous reset to get the best optimization for performance, power and area.
Related violations: <none>

DPIR-1#50 Warning
Asynchronous driver check  
DSP swervolf/rvtop/veer/exu/i_mul/prod_x0 input pin swervolf/rvtop/veer/exu/i_mul/prod_x0/B[17] is connected to registers with an asynchronous reset. This is preventing the possibility of merging these registers in to the DSP Block since the DSP block registers only possess synchronous reset capability.  It is suggested to recode or change these registers to remove the reset or use a synchronous reset to get the best optimization for performance, power and area.
Related violations: <none>

DPIR-1#51 Warning
Asynchronous driver check  
DSP swervolf/rvtop/veer/exu/i_mul/prod_x0 input pin swervolf/rvtop/veer/exu/i_mul/prod_x0/B[1] is connected to registers with an asynchronous reset. This is preventing the possibility of merging these registers in to the DSP Block since the DSP block registers only possess synchronous reset capability.  It is suggested to recode or change these registers to remove the reset or use a synchronous reset to get the best optimization for performance, power and area.
Related violations: <none>

DPIR-1#52 Warning
Asynchronous driver check  
DSP swervolf/rvtop/veer/exu/i_mul/prod_x0 input pin swervolf/rvtop/veer/exu/i_mul/prod_x0/B[2] is connected to registers with an asynchronous reset. This is preventing the possibility of merging these registers in to the DSP Block since the DSP block registers only possess synchronous reset capability.  It is suggested to recode or change these registers to remove the reset or use a synchronous reset to get the best optimization for performance, power and area.
Related violations: <none>

DPIR-1#53 Warning
Asynchronous driver check  
DSP swervolf/rvtop/veer/exu/i_mul/prod_x0 input pin swervolf/rvtop/veer/exu/i_mul/prod_x0/B[3] is connected to registers with an asynchronous reset. This is preventing the possibility of merging these registers in to the DSP Block since the DSP block registers only possess synchronous reset capability.  It is suggested to recode or change these registers to remove the reset or use a synchronous reset to get the best optimization for performance, power and area.
Related violations: <none>

DPIR-1#54 Warning
Asynchronous driver check  
DSP swervolf/rvtop/veer/exu/i_mul/prod_x0 input pin swervolf/rvtop/veer/exu/i_mul/prod_x0/B[4] is connected to registers with an asynchronous reset. This is preventing the possibility of merging these registers in to the DSP Block since the DSP block registers only possess synchronous reset capability.  It is suggested to recode or change these registers to remove the reset or use a synchronous reset to get the best optimization for performance, power and area.
Related violations: <none>

DPIR-1#55 Warning
Asynchronous driver check  
DSP swervolf/rvtop/veer/exu/i_mul/prod_x0 input pin swervolf/rvtop/veer/exu/i_mul/prod_x0/B[5] is connected to registers with an asynchronous reset. This is preventing the possibility of merging these registers in to the DSP Block since the DSP block registers only possess synchronous reset capability.  It is suggested to recode or change these registers to remove the reset or use a synchronous reset to get the best optimization for performance, power and area.
Related violations: <none>

DPIR-1#56 Warning
Asynchronous driver check  
DSP swervolf/rvtop/veer/exu/i_mul/prod_x0 input pin swervolf/rvtop/veer/exu/i_mul/prod_x0/B[6] is connected to registers with an asynchronous reset. This is preventing the possibility of merging these registers in to the DSP Block since the DSP block registers only possess synchronous reset capability.  It is suggested to recode or change these registers to remove the reset or use a synchronous reset to get the best optimization for performance, power and area.
Related violations: <none>

DPIR-1#57 Warning
Asynchronous driver check  
DSP swervolf/rvtop/veer/exu/i_mul/prod_x0 input pin swervolf/rvtop/veer/exu/i_mul/prod_x0/B[7] is connected to registers with an asynchronous reset. This is preventing the possibility of merging these registers in to the DSP Block since the DSP block registers only possess synchronous reset capability.  It is suggested to recode or change these registers to remove the reset or use a synchronous reset to get the best optimization for performance, power and area.
Related violations: <none>

DPIR-1#58 Warning
Asynchronous driver check  
DSP swervolf/rvtop/veer/exu/i_mul/prod_x0 input pin swervolf/rvtop/veer/exu/i_mul/prod_x0/B[8] is connected to registers with an asynchronous reset. This is preventing the possibility of merging these registers in to the DSP Block since the DSP block registers only possess synchronous reset capability.  It is suggested to recode or change these registers to remove the reset or use a synchronous reset to get the best optimization for performance, power and area.
Related violations: <none>

DPIR-1#59 Warning
Asynchronous driver check  
DSP swervolf/rvtop/veer/exu/i_mul/prod_x0 input pin swervolf/rvtop/veer/exu/i_mul/prod_x0/B[9] is connected to registers with an asynchronous reset. This is preventing the possibility of merging these registers in to the DSP Block since the DSP block registers only possess synchronous reset capability.  It is suggested to recode or change these registers to remove the reset or use a synchronous reset to get the best optimization for performance, power and area.
Related violations: <none>

DPIR-1#60 Warning
Asynchronous driver check  
DSP swervolf/rvtop/veer/exu/i_mul/prod_x0__0 input pin swervolf/rvtop/veer/exu/i_mul/prod_x0__0/A[0] is connected to registers with an asynchronous reset. This is preventing the possibility of merging these registers in to the DSP Block since the DSP block registers only possess synchronous reset capability.  It is suggested to recode or change these registers to remove the reset or use a synchronous reset to get the best optimization for performance, power and area.
Related violations: <none>

DPIR-1#61 Warning
Asynchronous driver check  
DSP swervolf/rvtop/veer/exu/i_mul/prod_x0__0 input pin swervolf/rvtop/veer/exu/i_mul/prod_x0__0/A[10] is connected to registers with an asynchronous reset. This is preventing the possibility of merging these registers in to the DSP Block since the DSP block registers only possess synchronous reset capability.  It is suggested to recode or change these registers to remove the reset or use a synchronous reset to get the best optimization for performance, power and area.
Related violations: <none>

DPIR-1#62 Warning
Asynchronous driver check  
DSP swervolf/rvtop/veer/exu/i_mul/prod_x0__0 input pin swervolf/rvtop/veer/exu/i_mul/prod_x0__0/A[11] is connected to registers with an asynchronous reset. This is preventing the possibility of merging these registers in to the DSP Block since the DSP block registers only possess synchronous reset capability.  It is suggested to recode or change these registers to remove the reset or use a synchronous reset to get the best optimization for performance, power and area.
Related violations: <none>

DPIR-1#63 Warning
Asynchronous driver check  
DSP swervolf/rvtop/veer/exu/i_mul/prod_x0__0 input pin swervolf/rvtop/veer/exu/i_mul/prod_x0__0/A[12] is connected to registers with an asynchronous reset. This is preventing the possibility of merging these registers in to the DSP Block since the DSP block registers only possess synchronous reset capability.  It is suggested to recode or change these registers to remove the reset or use a synchronous reset to get the best optimization for performance, power and area.
Related violations: <none>

DPIR-1#64 Warning
Asynchronous driver check  
DSP swervolf/rvtop/veer/exu/i_mul/prod_x0__0 input pin swervolf/rvtop/veer/exu/i_mul/prod_x0__0/A[13] is connected to registers with an asynchronous reset. This is preventing the possibility of merging these registers in to the DSP Block since the DSP block registers only possess synchronous reset capability.  It is suggested to recode or change these registers to remove the reset or use a synchronous reset to get the best optimization for performance, power and area.
Related violations: <none>

DPIR-1#65 Warning
Asynchronous driver check  
DSP swervolf/rvtop/veer/exu/i_mul/prod_x0__0 input pin swervolf/rvtop/veer/exu/i_mul/prod_x0__0/A[14] is connected to registers with an asynchronous reset. This is preventing the possibility of merging these registers in to the DSP Block since the DSP block registers only possess synchronous reset capability.  It is suggested to recode or change these registers to remove the reset or use a synchronous reset to get the best optimization for performance, power and area.
Related violations: <none>

DPIR-1#66 Warning
Asynchronous driver check  
DSP swervolf/rvtop/veer/exu/i_mul/prod_x0__0 input pin swervolf/rvtop/veer/exu/i_mul/prod_x0__0/A[15] is connected to registers with an asynchronous reset. This is preventing the possibility of merging these registers in to the DSP Block since the DSP block registers only possess synchronous reset capability.  It is suggested to recode or change these registers to remove the reset or use a synchronous reset to get the best optimization for performance, power and area.
Related violations: <none>

DPIR-1#67 Warning
Asynchronous driver check  
DSP swervolf/rvtop/veer/exu/i_mul/prod_x0__0 input pin swervolf/rvtop/veer/exu/i_mul/prod_x0__0/A[16] is connected to registers with an asynchronous reset. This is preventing the possibility of merging these registers in to the DSP Block since the DSP block registers only possess synchronous reset capability.  It is suggested to recode or change these registers to remove the reset or use a synchronous reset to get the best optimization for performance, power and area.
Related violations: <none>

DPIR-1#68 Warning
Asynchronous driver check  
DSP swervolf/rvtop/veer/exu/i_mul/prod_x0__0 input pin swervolf/rvtop/veer/exu/i_mul/prod_x0__0/A[17] is connected to registers with an asynchronous reset. This is preventing the possibility of merging these registers in to the DSP Block since the DSP block registers only possess synchronous reset capability.  It is suggested to recode or change these registers to remove the reset or use a synchronous reset to get the best optimization for performance, power and area.
Related violations: <none>

DPIR-1#69 Warning
Asynchronous driver check  
DSP swervolf/rvtop/veer/exu/i_mul/prod_x0__0 input pin swervolf/rvtop/veer/exu/i_mul/prod_x0__0/A[18] is connected to registers with an asynchronous reset. This is preventing the possibility of merging these registers in to the DSP Block since the DSP block registers only possess synchronous reset capability.  It is suggested to recode or change these registers to remove the reset or use a synchronous reset to get the best optimization for performance, power and area.
Related violations: <none>

DPIR-1#70 Warning
Asynchronous driver check  
DSP swervolf/rvtop/veer/exu/i_mul/prod_x0__0 input pin swervolf/rvtop/veer/exu/i_mul/prod_x0__0/A[19] is connected to registers with an asynchronous reset. This is preventing the possibility of merging these registers in to the DSP Block since the DSP block registers only possess synchronous reset capability.  It is suggested to recode or change these registers to remove the reset or use a synchronous reset to get the best optimization for performance, power and area.
Related violations: <none>

DPIR-1#71 Warning
Asynchronous driver check  
DSP swervolf/rvtop/veer/exu/i_mul/prod_x0__0 input pin swervolf/rvtop/veer/exu/i_mul/prod_x0__0/A[1] is connected to registers with an asynchronous reset. This is preventing the possibility of merging these registers in to the DSP Block since the DSP block registers only possess synchronous reset capability.  It is suggested to recode or change these registers to remove the reset or use a synchronous reset to get the best optimization for performance, power and area.
Related violations: <none>

DPIR-1#72 Warning
Asynchronous driver check  
DSP swervolf/rvtop/veer/exu/i_mul/prod_x0__0 input pin swervolf/rvtop/veer/exu/i_mul/prod_x0__0/A[20] is connected to registers with an asynchronous reset. This is preventing the possibility of merging these registers in to the DSP Block since the DSP block registers only possess synchronous reset capability.  It is suggested to recode or change these registers to remove the reset or use a synchronous reset to get the best optimization for performance, power and area.
Related violations: <none>

DPIR-1#73 Warning
Asynchronous driver check  
DSP swervolf/rvtop/veer/exu/i_mul/prod_x0__0 input pin swervolf/rvtop/veer/exu/i_mul/prod_x0__0/A[21] is connected to registers with an asynchronous reset. This is preventing the possibility of merging these registers in to the DSP Block since the DSP block registers only possess synchronous reset capability.  It is suggested to recode or change these registers to remove the reset or use a synchronous reset to get the best optimization for performance, power and area.
Related violations: <none>

DPIR-1#74 Warning
Asynchronous driver check  
DSP swervolf/rvtop/veer/exu/i_mul/prod_x0__0 input pin swervolf/rvtop/veer/exu/i_mul/prod_x0__0/A[22] is connected to registers with an asynchronous reset. This is preventing the possibility of merging these registers in to the DSP Block since the DSP block registers only possess synchronous reset capability.  It is suggested to recode or change these registers to remove the reset or use a synchronous reset to get the best optimization for performance, power and area.
Related violations: <none>

DPIR-1#75 Warning
Asynchronous driver check  
DSP swervolf/rvtop/veer/exu/i_mul/prod_x0__0 input pin swervolf/rvtop/veer/exu/i_mul/prod_x0__0/A[23] is connected to registers with an asynchronous reset. This is preventing the possibility of merging these registers in to the DSP Block since the DSP block registers only possess synchronous reset capability.  It is suggested to recode or change these registers to remove the reset or use a synchronous reset to get the best optimization for performance, power and area.
Related violations: <none>

DPIR-1#76 Warning
Asynchronous driver check  
DSP swervolf/rvtop/veer/exu/i_mul/prod_x0__0 input pin swervolf/rvtop/veer/exu/i_mul/prod_x0__0/A[24] is connected to registers with an asynchronous reset. This is preventing the possibility of merging these registers in to the DSP Block since the DSP block registers only possess synchronous reset capability.  It is suggested to recode or change these registers to remove the reset or use a synchronous reset to get the best optimization for performance, power and area.
Related violations: <none>

DPIR-1#77 Warning
Asynchronous driver check  
DSP swervolf/rvtop/veer/exu/i_mul/prod_x0__0 input pin swervolf/rvtop/veer/exu/i_mul/prod_x0__0/A[25] is connected to registers with an asynchronous reset. This is preventing the possibility of merging these registers in to the DSP Block since the DSP block registers only possess synchronous reset capability.  It is suggested to recode or change these registers to remove the reset or use a synchronous reset to get the best optimization for performance, power and area.
Related violations: <none>

DPIR-1#78 Warning
Asynchronous driver check  
DSP swervolf/rvtop/veer/exu/i_mul/prod_x0__0 input pin swervolf/rvtop/veer/exu/i_mul/prod_x0__0/A[26] is connected to registers with an asynchronous reset. This is preventing the possibility of merging these registers in to the DSP Block since the DSP block registers only possess synchronous reset capability.  It is suggested to recode or change these registers to remove the reset or use a synchronous reset to get the best optimization for performance, power and area.
Related violations: <none>

DPIR-1#79 Warning
Asynchronous driver check  
DSP swervolf/rvtop/veer/exu/i_mul/prod_x0__0 input pin swervolf/rvtop/veer/exu/i_mul/prod_x0__0/A[27] is connected to registers with an asynchronous reset. This is preventing the possibility of merging these registers in to the DSP Block since the DSP block registers only possess synchronous reset capability.  It is suggested to recode or change these registers to remove the reset or use a synchronous reset to get the best optimization for performance, power and area.
Related violations: <none>

DPIR-1#80 Warning
Asynchronous driver check  
DSP swervolf/rvtop/veer/exu/i_mul/prod_x0__0 input pin swervolf/rvtop/veer/exu/i_mul/prod_x0__0/A[28] is connected to registers with an asynchronous reset. This is preventing the possibility of merging these registers in to the DSP Block since the DSP block registers only possess synchronous reset capability.  It is suggested to recode or change these registers to remove the reset or use a synchronous reset to get the best optimization for performance, power and area.
Related violations: <none>

DPIR-1#81 Warning
Asynchronous driver check  
DSP swervolf/rvtop/veer/exu/i_mul/prod_x0__0 input pin swervolf/rvtop/veer/exu/i_mul/prod_x0__0/A[29] is connected to registers with an asynchronous reset. This is preventing the possibility of merging these registers in to the DSP Block since the DSP block registers only possess synchronous reset capability.  It is suggested to recode or change these registers to remove the reset or use a synchronous reset to get the best optimization for performance, power and area.
Related violations: <none>

DPIR-1#82 Warning
Asynchronous driver check  
DSP swervolf/rvtop/veer/exu/i_mul/prod_x0__0 input pin swervolf/rvtop/veer/exu/i_mul/prod_x0__0/A[2] is connected to registers with an asynchronous reset. This is preventing the possibility of merging these registers in to the DSP Block since the DSP block registers only possess synchronous reset capability.  It is suggested to recode or change these registers to remove the reset or use a synchronous reset to get the best optimization for performance, power and area.
Related violations: <none>

DPIR-1#83 Warning
Asynchronous driver check  
DSP swervolf/rvtop/veer/exu/i_mul/prod_x0__0 input pin swervolf/rvtop/veer/exu/i_mul/prod_x0__0/A[3] is connected to registers with an asynchronous reset. This is preventing the possibility of merging these registers in to the DSP Block since the DSP block registers only possess synchronous reset capability.  It is suggested to recode or change these registers to remove the reset or use a synchronous reset to get the best optimization for performance, power and area.
Related violations: <none>

DPIR-1#84 Warning
Asynchronous driver check  
DSP swervolf/rvtop/veer/exu/i_mul/prod_x0__0 input pin swervolf/rvtop/veer/exu/i_mul/prod_x0__0/A[4] is connected to registers with an asynchronous reset. This is preventing the possibility of merging these registers in to the DSP Block since the DSP block registers only possess synchronous reset capability.  It is suggested to recode or change these registers to remove the reset or use a synchronous reset to get the best optimization for performance, power and area.
Related violations: <none>

DPIR-1#85 Warning
Asynchronous driver check  
DSP swervolf/rvtop/veer/exu/i_mul/prod_x0__0 input pin swervolf/rvtop/veer/exu/i_mul/prod_x0__0/A[5] is connected to registers with an asynchronous reset. This is preventing the possibility of merging these registers in to the DSP Block since the DSP block registers only possess synchronous reset capability.  It is suggested to recode or change these registers to remove the reset or use a synchronous reset to get the best optimization for performance, power and area.
Related violations: <none>

DPIR-1#86 Warning
Asynchronous driver check  
DSP swervolf/rvtop/veer/exu/i_mul/prod_x0__0 input pin swervolf/rvtop/veer/exu/i_mul/prod_x0__0/A[6] is connected to registers with an asynchronous reset. This is preventing the possibility of merging these registers in to the DSP Block since the DSP block registers only possess synchronous reset capability.  It is suggested to recode or change these registers to remove the reset or use a synchronous reset to get the best optimization for performance, power and area.
Related violations: <none>

DPIR-1#87 Warning
Asynchronous driver check  
DSP swervolf/rvtop/veer/exu/i_mul/prod_x0__0 input pin swervolf/rvtop/veer/exu/i_mul/prod_x0__0/A[7] is connected to registers with an asynchronous reset. This is preventing the possibility of merging these registers in to the DSP Block since the DSP block registers only possess synchronous reset capability.  It is suggested to recode or change these registers to remove the reset or use a synchronous reset to get the best optimization for performance, power and area.
Related violations: <none>

DPIR-1#88 Warning
Asynchronous driver check  
DSP swervolf/rvtop/veer/exu/i_mul/prod_x0__0 input pin swervolf/rvtop/veer/exu/i_mul/prod_x0__0/A[8] is connected to registers with an asynchronous reset. This is preventing the possibility of merging these registers in to the DSP Block since the DSP block registers only possess synchronous reset capability.  It is suggested to recode or change these registers to remove the reset or use a synchronous reset to get the best optimization for performance, power and area.
Related violations: <none>

DPIR-1#89 Warning
Asynchronous driver check  
DSP swervolf/rvtop/veer/exu/i_mul/prod_x0__0 input pin swervolf/rvtop/veer/exu/i_mul/prod_x0__0/A[9] is connected to registers with an asynchronous reset. This is preventing the possibility of merging these registers in to the DSP Block since the DSP block registers only possess synchronous reset capability.  It is suggested to recode or change these registers to remove the reset or use a synchronous reset to get the best optimization for performance, power and area.
Related violations: <none>

DPIR-1#90 Warning
Asynchronous driver check  
DSP swervolf/rvtop/veer/exu/i_mul/prod_x0__0 input pin swervolf/rvtop/veer/exu/i_mul/prod_x0__0/B[0] is connected to registers with an asynchronous reset. This is preventing the possibility of merging these registers in to the DSP Block since the DSP block registers only possess synchronous reset capability.  It is suggested to recode or change these registers to remove the reset or use a synchronous reset to get the best optimization for performance, power and area.
Related violations: <none>

DPIR-1#91 Warning
Asynchronous driver check  
DSP swervolf/rvtop/veer/exu/i_mul/prod_x0__0 input pin swervolf/rvtop/veer/exu/i_mul/prod_x0__0/B[10] is connected to registers with an asynchronous reset. This is preventing the possibility of merging these registers in to the DSP Block since the DSP block registers only possess synchronous reset capability.  It is suggested to recode or change these registers to remove the reset or use a synchronous reset to get the best optimization for performance, power and area.
Related violations: <none>

DPIR-1#92 Warning
Asynchronous driver check  
DSP swervolf/rvtop/veer/exu/i_mul/prod_x0__0 input pin swervolf/rvtop/veer/exu/i_mul/prod_x0__0/B[11] is connected to registers with an asynchronous reset. This is preventing the possibility of merging these registers in to the DSP Block since the DSP block registers only possess synchronous reset capability.  It is suggested to recode or change these registers to remove the reset or use a synchronous reset to get the best optimization for performance, power and area.
Related violations: <none>

DPIR-1#93 Warning
Asynchronous driver check  
DSP swervolf/rvtop/veer/exu/i_mul/prod_x0__0 input pin swervolf/rvtop/veer/exu/i_mul/prod_x0__0/B[12] is connected to registers with an asynchronous reset. This is preventing the possibility of merging these registers in to the DSP Block since the DSP block registers only possess synchronous reset capability.  It is suggested to recode or change these registers to remove the reset or use a synchronous reset to get the best optimization for performance, power and area.
Related violations: <none>

DPIR-1#94 Warning
Asynchronous driver check  
DSP swervolf/rvtop/veer/exu/i_mul/prod_x0__0 input pin swervolf/rvtop/veer/exu/i_mul/prod_x0__0/B[13] is connected to registers with an asynchronous reset. This is preventing the possibility of merging these registers in to the DSP Block since the DSP block registers only possess synchronous reset capability.  It is suggested to recode or change these registers to remove the reset or use a synchronous reset to get the best optimization for performance, power and area.
Related violations: <none>

DPIR-1#95 Warning
Asynchronous driver check  
DSP swervolf/rvtop/veer/exu/i_mul/prod_x0__0 input pin swervolf/rvtop/veer/exu/i_mul/prod_x0__0/B[14] is connected to registers with an asynchronous reset. This is preventing the possibility of merging these registers in to the DSP Block since the DSP block registers only possess synchronous reset capability.  It is suggested to recode or change these registers to remove the reset or use a synchronous reset to get the best optimization for performance, power and area.
Related violations: <none>

DPIR-1#96 Warning
Asynchronous driver check  
DSP swervolf/rvtop/veer/exu/i_mul/prod_x0__0 input pin swervolf/rvtop/veer/exu/i_mul/prod_x0__0/B[15] is connected to registers with an asynchronous reset. This is preventing the possibility of merging these registers in to the DSP Block since the DSP block registers only possess synchronous reset capability.  It is suggested to recode or change these registers to remove the reset or use a synchronous reset to get the best optimization for performance, power and area.
Related violations: <none>

DPIR-1#97 Warning
Asynchronous driver check  
DSP swervolf/rvtop/veer/exu/i_mul/prod_x0__0 input pin swervolf/rvtop/veer/exu/i_mul/prod_x0__0/B[16] is connected to registers with an asynchronous reset. This is preventing the possibility of merging these registers in to the DSP Block since the DSP block registers only possess synchronous reset capability.  It is suggested to recode or change these registers to remove the reset or use a synchronous reset to get the best optimization for performance, power and area.
Related violations: <none>

DPIR-1#98 Warning
Asynchronous driver check  
DSP swervolf/rvtop/veer/exu/i_mul/prod_x0__0 input pin swervolf/rvtop/veer/exu/i_mul/prod_x0__0/B[17] is connected to registers with an asynchronous reset. This is preventing the possibility of merging these registers in to the DSP Block since the DSP block registers only possess synchronous reset capability.  It is suggested to recode or change these registers to remove the reset or use a synchronous reset to get the best optimization for performance, power and area.
Related violations: <none>

DPIR-1#99 Warning
Asynchronous driver check  
DSP swervolf/rvtop/veer/exu/i_mul/prod_x0__0 input pin swervolf/rvtop/veer/exu/i_mul/prod_x0__0/B[1] is connected to registers with an asynchronous reset. This is preventing the possibility of merging these registers in to the DSP Block since the DSP block registers only possess synchronous reset capability.  It is suggested to recode or change these registers to remove the reset or use a synchronous reset to get the best optimization for performance, power and area.
Related violations: <none>

DPIR-1#100 Warning
Asynchronous driver check  
DSP swervolf/rvtop/veer/exu/i_mul/prod_x0__0 input pin swervolf/rvtop/veer/exu/i_mul/prod_x0__0/B[2] is connected to registers with an asynchronous reset. This is preventing the possibility of merging these registers in to the DSP Block since the DSP block registers only possess synchronous reset capability.  It is suggested to recode or change these registers to remove the reset or use a synchronous reset to get the best optimization for performance, power and area.
Related violations: <none>

DPIR-1#101 Warning
Asynchronous driver check  
DSP swervolf/rvtop/veer/exu/i_mul/prod_x0__0 input pin swervolf/rvtop/veer/exu/i_mul/prod_x0__0/B[3] is connected to registers with an asynchronous reset. This is preventing the possibility of merging these registers in to the DSP Block since the DSP block registers only possess synchronous reset capability.  It is suggested to recode or change these registers to remove the reset or use a synchronous reset to get the best optimization for performance, power and area.
Related violations: <none>

DPIR-1#102 Warning
Asynchronous driver check  
DSP swervolf/rvtop/veer/exu/i_mul/prod_x0__0 input pin swervolf/rvtop/veer/exu/i_mul/prod_x0__0/B[4] is connected to registers with an asynchronous reset. This is preventing the possibility of merging these registers in to the DSP Block since the DSP block registers only possess synchronous reset capability.  It is suggested to recode or change these registers to remove the reset or use a synchronous reset to get the best optimization for performance, power and area.
Related violations: <none>

DPIR-1#103 Warning
Asynchronous driver check  
DSP swervolf/rvtop/veer/exu/i_mul/prod_x0__0 input pin swervolf/rvtop/veer/exu/i_mul/prod_x0__0/B[5] is connected to registers with an asynchronous reset. This is preventing the possibility of merging these registers in to the DSP Block since the DSP block registers only possess synchronous reset capability.  It is suggested to recode or change these registers to remove the reset or use a synchronous reset to get the best optimization for performance, power and area.
Related violations: <none>

DPIR-1#104 Warning
Asynchronous driver check  
DSP swervolf/rvtop/veer/exu/i_mul/prod_x0__0 input pin swervolf/rvtop/veer/exu/i_mul/prod_x0__0/B[6] is connected to registers with an asynchronous reset. This is preventing the possibility of merging these registers in to the DSP Block since the DSP block registers only possess synchronous reset capability.  It is suggested to recode or change these registers to remove the reset or use a synchronous reset to get the best optimization for performance, power and area.
Related violations: <none>

DPIR-1#105 Warning
Asynchronous driver check  
DSP swervolf/rvtop/veer/exu/i_mul/prod_x0__0 input pin swervolf/rvtop/veer/exu/i_mul/prod_x0__0/B[7] is connected to registers with an asynchronous reset. This is preventing the possibility of merging these registers in to the DSP Block since the DSP block registers only possess synchronous reset capability.  It is suggested to recode or change these registers to remove the reset or use a synchronous reset to get the best optimization for performance, power and area.
Related violations: <none>

DPIR-1#106 Warning
Asynchronous driver check  
DSP swervolf/rvtop/veer/exu/i_mul/prod_x0__0 input pin swervolf/rvtop/veer/exu/i_mul/prod_x0__0/B[8] is connected to registers with an asynchronous reset. This is preventing the possibility of merging these registers in to the DSP Block since the DSP block registers only possess synchronous reset capability.  It is suggested to recode or change these registers to remove the reset or use a synchronous reset to get the best optimization for performance, power and area.
Related violations: <none>

DPIR-1#107 Warning
Asynchronous driver check  
DSP swervolf/rvtop/veer/exu/i_mul/prod_x0__0 input pin swervolf/rvtop/veer/exu/i_mul/prod_x0__0/B[9] is connected to registers with an asynchronous reset. This is preventing the possibility of merging these registers in to the DSP Block since the DSP block registers only possess synchronous reset capability.  It is suggested to recode or change these registers to remove the reset or use a synchronous reset to get the best optimization for performance, power and area.
Related violations: <none>

DPIR-1#108 Warning
Asynchronous driver check  
DSP swervolf/rvtop/veer/exu/i_mul/prod_x0__1 input pin swervolf/rvtop/veer/exu/i_mul/prod_x0__1/A[0] is connected to registers with an asynchronous reset. This is preventing the possibility of merging these registers in to the DSP Block since the DSP block registers only possess synchronous reset capability.  It is suggested to recode or change these registers to remove the reset or use a synchronous reset to get the best optimization for performance, power and area.
Related violations: <none>

DPIR-1#109 Warning
Asynchronous driver check  
DSP swervolf/rvtop/veer/exu/i_mul/prod_x0__1 input pin swervolf/rvtop/veer/exu/i_mul/prod_x0__1/A[10] is connected to registers with an asynchronous reset. This is preventing the possibility of merging these registers in to the DSP Block since the DSP block registers only possess synchronous reset capability.  It is suggested to recode or change these registers to remove the reset or use a synchronous reset to get the best optimization for performance, power and area.
Related violations: <none>

DPIR-1#110 Warning
Asynchronous driver check  
DSP swervolf/rvtop/veer/exu/i_mul/prod_x0__1 input pin swervolf/rvtop/veer/exu/i_mul/prod_x0__1/A[11] is connected to registers with an asynchronous reset. This is preventing the possibility of merging these registers in to the DSP Block since the DSP block registers only possess synchronous reset capability.  It is suggested to recode or change these registers to remove the reset or use a synchronous reset to get the best optimization for performance, power and area.
Related violations: <none>

DPIR-1#111 Warning
Asynchronous driver check  
DSP swervolf/rvtop/veer/exu/i_mul/prod_x0__1 input pin swervolf/rvtop/veer/exu/i_mul/prod_x0__1/A[12] is connected to registers with an asynchronous reset. This is preventing the possibility of merging these registers in to the DSP Block since the DSP block registers only possess synchronous reset capability.  It is suggested to recode or change these registers to remove the reset or use a synchronous reset to get the best optimization for performance, power and area.
Related violations: <none>

DPIR-1#112 Warning
Asynchronous driver check  
DSP swervolf/rvtop/veer/exu/i_mul/prod_x0__1 input pin swervolf/rvtop/veer/exu/i_mul/prod_x0__1/A[13] is connected to registers with an asynchronous reset. This is preventing the possibility of merging these registers in to the DSP Block since the DSP block registers only possess synchronous reset capability.  It is suggested to recode or change these registers to remove the reset or use a synchronous reset to get the best optimization for performance, power and area.
Related violations: <none>

DPIR-1#113 Warning
Asynchronous driver check  
DSP swervolf/rvtop/veer/exu/i_mul/prod_x0__1 input pin swervolf/rvtop/veer/exu/i_mul/prod_x0__1/A[14] is connected to registers with an asynchronous reset. This is preventing the possibility of merging these registers in to the DSP Block since the DSP block registers only possess synchronous reset capability.  It is suggested to recode or change these registers to remove the reset or use a synchronous reset to get the best optimization for performance, power and area.
Related violations: <none>

DPIR-1#114 Warning
Asynchronous driver check  
DSP swervolf/rvtop/veer/exu/i_mul/prod_x0__1 input pin swervolf/rvtop/veer/exu/i_mul/prod_x0__1/A[15] is connected to registers with an asynchronous reset. This is preventing the possibility of merging these registers in to the DSP Block since the DSP block registers only possess synchronous reset capability.  It is suggested to recode or change these registers to remove the reset or use a synchronous reset to get the best optimization for performance, power and area.
Related violations: <none>

DPIR-1#115 Warning
Asynchronous driver check  
DSP swervolf/rvtop/veer/exu/i_mul/prod_x0__1 input pin swervolf/rvtop/veer/exu/i_mul/prod_x0__1/A[16] is connected to registers with an asynchronous reset. This is preventing the possibility of merging these registers in to the DSP Block since the DSP block registers only possess synchronous reset capability.  It is suggested to recode or change these registers to remove the reset or use a synchronous reset to get the best optimization for performance, power and area.
Related violations: <none>

DPIR-1#116 Warning
Asynchronous driver check  
DSP swervolf/rvtop/veer/exu/i_mul/prod_x0__1 input pin swervolf/rvtop/veer/exu/i_mul/prod_x0__1/A[1] is connected to registers with an asynchronous reset. This is preventing the possibility of merging these registers in to the DSP Block since the DSP block registers only possess synchronous reset capability.  It is suggested to recode or change these registers to remove the reset or use a synchronous reset to get the best optimization for performance, power and area.
Related violations: <none>

DPIR-1#117 Warning
Asynchronous driver check  
DSP swervolf/rvtop/veer/exu/i_mul/prod_x0__1 input pin swervolf/rvtop/veer/exu/i_mul/prod_x0__1/A[2] is connected to registers with an asynchronous reset. This is preventing the possibility of merging these registers in to the DSP Block since the DSP block registers only possess synchronous reset capability.  It is suggested to recode or change these registers to remove the reset or use a synchronous reset to get the best optimization for performance, power and area.
Related violations: <none>

DPIR-1#118 Warning
Asynchronous driver check  
DSP swervolf/rvtop/veer/exu/i_mul/prod_x0__1 input pin swervolf/rvtop/veer/exu/i_mul/prod_x0__1/A[3] is connected to registers with an asynchronous reset. This is preventing the possibility of merging these registers in to the DSP Block since the DSP block registers only possess synchronous reset capability.  It is suggested to recode or change these registers to remove the reset or use a synchronous reset to get the best optimization for performance, power and area.
Related violations: <none>

DPIR-1#119 Warning
Asynchronous driver check  
DSP swervolf/rvtop/veer/exu/i_mul/prod_x0__1 input pin swervolf/rvtop/veer/exu/i_mul/prod_x0__1/A[4] is connected to registers with an asynchronous reset. This is preventing the possibility of merging these registers in to the DSP Block since the DSP block registers only possess synchronous reset capability.  It is suggested to recode or change these registers to remove the reset or use a synchronous reset to get the best optimization for performance, power and area.
Related violations: <none>

DPIR-1#120 Warning
Asynchronous driver check  
DSP swervolf/rvtop/veer/exu/i_mul/prod_x0__1 input pin swervolf/rvtop/veer/exu/i_mul/prod_x0__1/A[5] is connected to registers with an asynchronous reset. This is preventing the possibility of merging these registers in to the DSP Block since the DSP block registers only possess synchronous reset capability.  It is suggested to recode or change these registers to remove the reset or use a synchronous reset to get the best optimization for performance, power and area.
Related violations: <none>

DPIR-1#121 Warning
Asynchronous driver check  
DSP swervolf/rvtop/veer/exu/i_mul/prod_x0__1 input pin swervolf/rvtop/veer/exu/i_mul/prod_x0__1/A[6] is connected to registers with an asynchronous reset. This is preventing the possibility of merging these registers in to the DSP Block since the DSP block registers only possess synchronous reset capability.  It is suggested to recode or change these registers to remove the reset or use a synchronous reset to get the best optimization for performance, power and area.
Related violations: <none>

DPIR-1#122 Warning
Asynchronous driver check  
DSP swervolf/rvtop/veer/exu/i_mul/prod_x0__1 input pin swervolf/rvtop/veer/exu/i_mul/prod_x0__1/A[7] is connected to registers with an asynchronous reset. This is preventing the possibility of merging these registers in to the DSP Block since the DSP block registers only possess synchronous reset capability.  It is suggested to recode or change these registers to remove the reset or use a synchronous reset to get the best optimization for performance, power and area.
Related violations: <none>

DPIR-1#123 Warning
Asynchronous driver check  
DSP swervolf/rvtop/veer/exu/i_mul/prod_x0__1 input pin swervolf/rvtop/veer/exu/i_mul/prod_x0__1/A[8] is connected to registers with an asynchronous reset. This is preventing the possibility of merging these registers in to the DSP Block since the DSP block registers only possess synchronous reset capability.  It is suggested to recode or change these registers to remove the reset or use a synchronous reset to get the best optimization for performance, power and area.
Related violations: <none>

DPIR-1#124 Warning
Asynchronous driver check  
DSP swervolf/rvtop/veer/exu/i_mul/prod_x0__1 input pin swervolf/rvtop/veer/exu/i_mul/prod_x0__1/A[9] is connected to registers with an asynchronous reset. This is preventing the possibility of merging these registers in to the DSP Block since the DSP block registers only possess synchronous reset capability.  It is suggested to recode or change these registers to remove the reset or use a synchronous reset to get the best optimization for performance, power and area.
Related violations: <none>

DPIR-1#125 Warning
Asynchronous driver check  
DSP swervolf/rvtop/veer/exu/i_mul/prod_x0__1 input pin swervolf/rvtop/veer/exu/i_mul/prod_x0__1/B[0] is connected to registers with an asynchronous reset. This is preventing the possibility of merging these registers in to the DSP Block since the DSP block registers only possess synchronous reset capability.  It is suggested to recode or change these registers to remove the reset or use a synchronous reset to get the best optimization for performance, power and area.
Related violations: <none>

DPIR-1#126 Warning
Asynchronous driver check  
DSP swervolf/rvtop/veer/exu/i_mul/prod_x0__1 input pin swervolf/rvtop/veer/exu/i_mul/prod_x0__1/B[10] is connected to registers with an asynchronous reset. This is preventing the possibility of merging these registers in to the DSP Block since the DSP block registers only possess synchronous reset capability.  It is suggested to recode or change these registers to remove the reset or use a synchronous reset to get the best optimization for performance, power and area.
Related violations: <none>

DPIR-1#127 Warning
Asynchronous driver check  
DSP swervolf/rvtop/veer/exu/i_mul/prod_x0__1 input pin swervolf/rvtop/veer/exu/i_mul/prod_x0__1/B[11] is connected to registers with an asynchronous reset. This is preventing the possibility of merging these registers in to the DSP Block since the DSP block registers only possess synchronous reset capability.  It is suggested to recode or change these registers to remove the reset or use a synchronous reset to get the best optimization for performance, power and area.
Related violations: <none>

DPIR-1#128 Warning
Asynchronous driver check  
DSP swervolf/rvtop/veer/exu/i_mul/prod_x0__1 input pin swervolf/rvtop/veer/exu/i_mul/prod_x0__1/B[12] is connected to registers with an asynchronous reset. This is preventing the possibility of merging these registers in to the DSP Block since the DSP block registers only possess synchronous reset capability.  It is suggested to recode or change these registers to remove the reset or use a synchronous reset to get the best optimization for performance, power and area.
Related violations: <none>

DPIR-1#129 Warning
Asynchronous driver check  
DSP swervolf/rvtop/veer/exu/i_mul/prod_x0__1 input pin swervolf/rvtop/veer/exu/i_mul/prod_x0__1/B[13] is connected to registers with an asynchronous reset. This is preventing the possibility of merging these registers in to the DSP Block since the DSP block registers only possess synchronous reset capability.  It is suggested to recode or change these registers to remove the reset or use a synchronous reset to get the best optimization for performance, power and area.
Related violations: <none>

DPIR-1#130 Warning
Asynchronous driver check  
DSP swervolf/rvtop/veer/exu/i_mul/prod_x0__1 input pin swervolf/rvtop/veer/exu/i_mul/prod_x0__1/B[14] is connected to registers with an asynchronous reset. This is preventing the possibility of merging these registers in to the DSP Block since the DSP block registers only possess synchronous reset capability.  It is suggested to recode or change these registers to remove the reset or use a synchronous reset to get the best optimization for performance, power and area.
Related violations: <none>

DPIR-1#131 Warning
Asynchronous driver check  
DSP swervolf/rvtop/veer/exu/i_mul/prod_x0__1 input pin swervolf/rvtop/veer/exu/i_mul/prod_x0__1/B[15] is connected to registers with an asynchronous reset. This is preventing the possibility of merging these registers in to the DSP Block since the DSP block registers only possess synchronous reset capability.  It is suggested to recode or change these registers to remove the reset or use a synchronous reset to get the best optimization for performance, power and area.
Related violations: <none>

DPIR-1#132 Warning
Asynchronous driver check  
DSP swervolf/rvtop/veer/exu/i_mul/prod_x0__1 input pin swervolf/rvtop/veer/exu/i_mul/prod_x0__1/B[16] is connected to registers with an asynchronous reset. This is preventing the possibility of merging these registers in to the DSP Block since the DSP block registers only possess synchronous reset capability.  It is suggested to recode or change these registers to remove the reset or use a synchronous reset to get the best optimization for performance, power and area.
Related violations: <none>

DPIR-1#133 Warning
Asynchronous driver check  
DSP swervolf/rvtop/veer/exu/i_mul/prod_x0__1 input pin swervolf/rvtop/veer/exu/i_mul/prod_x0__1/B[1] is connected to registers with an asynchronous reset. This is preventing the possibility of merging these registers in to the DSP Block since the DSP block registers only possess synchronous reset capability.  It is suggested to recode or change these registers to remove the reset or use a synchronous reset to get the best optimization for performance, power and area.
Related violations: <none>

DPIR-1#134 Warning
Asynchronous driver check  
DSP swervolf/rvtop/veer/exu/i_mul/prod_x0__1 input pin swervolf/rvtop/veer/exu/i_mul/prod_x0__1/B[2] is connected to registers with an asynchronous reset. This is preventing the possibility of merging these registers in to the DSP Block since the DSP block registers only possess synchronous reset capability.  It is suggested to recode or change these registers to remove the reset or use a synchronous reset to get the best optimization for performance, power and area.
Related violations: <none>

DPIR-1#135 Warning
Asynchronous driver check  
DSP swervolf/rvtop/veer/exu/i_mul/prod_x0__1 input pin swervolf/rvtop/veer/exu/i_mul/prod_x0__1/B[3] is connected to registers with an asynchronous reset. This is preventing the possibility of merging these registers in to the DSP Block since the DSP block registers only possess synchronous reset capability.  It is suggested to recode or change these registers to remove the reset or use a synchronous reset to get the best optimization for performance, power and area.
Related violations: <none>

DPIR-1#136 Warning
Asynchronous driver check  
DSP swervolf/rvtop/veer/exu/i_mul/prod_x0__1 input pin swervolf/rvtop/veer/exu/i_mul/prod_x0__1/B[4] is connected to registers with an asynchronous reset. This is preventing the possibility of merging these registers in to the DSP Block since the DSP block registers only possess synchronous reset capability.  It is suggested to recode or change these registers to remove the reset or use a synchronous reset to get the best optimization for performance, power and area.
Related violations: <none>

DPIR-1#137 Warning
Asynchronous driver check  
DSP swervolf/rvtop/veer/exu/i_mul/prod_x0__1 input pin swervolf/rvtop/veer/exu/i_mul/prod_x0__1/B[5] is connected to registers with an asynchronous reset. This is preventing the possibility of merging these registers in to the DSP Block since the DSP block registers only possess synchronous reset capability.  It is suggested to recode or change these registers to remove the reset or use a synchronous reset to get the best optimization for performance, power and area.
Related violations: <none>

DPIR-1#138 Warning
Asynchronous driver check  
DSP swervolf/rvtop/veer/exu/i_mul/prod_x0__1 input pin swervolf/rvtop/veer/exu/i_mul/prod_x0__1/B[6] is connected to registers with an asynchronous reset. This is preventing the possibility of merging these registers in to the DSP Block since the DSP block registers only possess synchronous reset capability.  It is suggested to recode or change these registers to remove the reset or use a synchronous reset to get the best optimization for performance, power and area.
Related violations: <none>

DPIR-1#139 Warning
Asynchronous driver check  
DSP swervolf/rvtop/veer/exu/i_mul/prod_x0__1 input pin swervolf/rvtop/veer/exu/i_mul/prod_x0__1/B[7] is connected to registers with an asynchronous reset. This is preventing the possibility of merging these registers in to the DSP Block since the DSP block registers only possess synchronous reset capability.  It is suggested to recode or change these registers to remove the reset or use a synchronous reset to get the best optimization for performance, power and area.
Related violations: <none>

DPIR-1#140 Warning
Asynchronous driver check  
DSP swervolf/rvtop/veer/exu/i_mul/prod_x0__1 input pin swervolf/rvtop/veer/exu/i_mul/prod_x0__1/B[8] is connected to registers with an asynchronous reset. This is preventing the possibility of merging these registers in to the DSP Block since the DSP block registers only possess synchronous reset capability.  It is suggested to recode or change these registers to remove the reset or use a synchronous reset to get the best optimization for performance, power and area.
Related violations: <none>

DPIR-1#141 Warning
Asynchronous driver check  
DSP swervolf/rvtop/veer/exu/i_mul/prod_x0__1 input pin swervolf/rvtop/veer/exu/i_mul/prod_x0__1/B[9] is connected to registers with an asynchronous reset. This is preventing the possibility of merging these registers in to the DSP Block since the DSP block registers only possess synchronous reset capability.  It is suggested to recode or change these registers to remove the reset or use a synchronous reset to get the best optimization for performance, power and area.
Related violations: <none>

DPIR-1#142 Warning
Asynchronous driver check  
DSP swervolf/rvtop/veer/exu/i_mul/prod_x0__2 input pin swervolf/rvtop/veer/exu/i_mul/prod_x0__2/B[0] is connected to registers with an asynchronous reset. This is preventing the possibility of merging these registers in to the DSP Block since the DSP block registers only possess synchronous reset capability.  It is suggested to recode or change these registers to remove the reset or use a synchronous reset to get the best optimization for performance, power and area.
Related violations: <none>

DPIR-1#143 Warning
Asynchronous driver check  
DSP swervolf/rvtop/veer/exu/i_mul/prod_x0__2 input pin swervolf/rvtop/veer/exu/i_mul/prod_x0__2/B[10] is connected to registers with an asynchronous reset. This is preventing the possibility of merging these registers in to the DSP Block since the DSP block registers only possess synchronous reset capability.  It is suggested to recode or change these registers to remove the reset or use a synchronous reset to get the best optimization for performance, power and area.
Related violations: <none>

DPIR-1#144 Warning
Asynchronous driver check  
DSP swervolf/rvtop/veer/exu/i_mul/prod_x0__2 input pin swervolf/rvtop/veer/exu/i_mul/prod_x0__2/B[11] is connected to registers with an asynchronous reset. This is preventing the possibility of merging these registers in to the DSP Block since the DSP block registers only possess synchronous reset capability.  It is suggested to recode or change these registers to remove the reset or use a synchronous reset to get the best optimization for performance, power and area.
Related violations: <none>

DPIR-1#145 Warning
Asynchronous driver check  
DSP swervolf/rvtop/veer/exu/i_mul/prod_x0__2 input pin swervolf/rvtop/veer/exu/i_mul/prod_x0__2/B[12] is connected to registers with an asynchronous reset. This is preventing the possibility of merging these registers in to the DSP Block since the DSP block registers only possess synchronous reset capability.  It is suggested to recode or change these registers to remove the reset or use a synchronous reset to get the best optimization for performance, power and area.
Related violations: <none>

DPIR-1#146 Warning
Asynchronous driver check  
DSP swervolf/rvtop/veer/exu/i_mul/prod_x0__2 input pin swervolf/rvtop/veer/exu/i_mul/prod_x0__2/B[13] is connected to registers with an asynchronous reset. This is preventing the possibility of merging these registers in to the DSP Block since the DSP block registers only possess synchronous reset capability.  It is suggested to recode or change these registers to remove the reset or use a synchronous reset to get the best optimization for performance, power and area.
Related violations: <none>

DPIR-1#147 Warning
Asynchronous driver check  
DSP swervolf/rvtop/veer/exu/i_mul/prod_x0__2 input pin swervolf/rvtop/veer/exu/i_mul/prod_x0__2/B[14] is connected to registers with an asynchronous reset. This is preventing the possibility of merging these registers in to the DSP Block since the DSP block registers only possess synchronous reset capability.  It is suggested to recode or change these registers to remove the reset or use a synchronous reset to get the best optimization for performance, power and area.
Related violations: <none>

DPIR-1#148 Warning
Asynchronous driver check  
DSP swervolf/rvtop/veer/exu/i_mul/prod_x0__2 input pin swervolf/rvtop/veer/exu/i_mul/prod_x0__2/B[15] is connected to registers with an asynchronous reset. This is preventing the possibility of merging these registers in to the DSP Block since the DSP block registers only possess synchronous reset capability.  It is suggested to recode or change these registers to remove the reset or use a synchronous reset to get the best optimization for performance, power and area.
Related violations: <none>

DPIR-1#149 Warning
Asynchronous driver check  
DSP swervolf/rvtop/veer/exu/i_mul/prod_x0__2 input pin swervolf/rvtop/veer/exu/i_mul/prod_x0__2/B[16] is connected to registers with an asynchronous reset. This is preventing the possibility of merging these registers in to the DSP Block since the DSP block registers only possess synchronous reset capability.  It is suggested to recode or change these registers to remove the reset or use a synchronous reset to get the best optimization for performance, power and area.
Related violations: <none>

DPIR-1#150 Warning
Asynchronous driver check  
DSP swervolf/rvtop/veer/exu/i_mul/prod_x0__2 input pin swervolf/rvtop/veer/exu/i_mul/prod_x0__2/B[17] is connected to registers with an asynchronous reset. This is preventing the possibility of merging these registers in to the DSP Block since the DSP block registers only possess synchronous reset capability.  It is suggested to recode or change these registers to remove the reset or use a synchronous reset to get the best optimization for performance, power and area.
Related violations: <none>

DPIR-1#151 Warning
Asynchronous driver check  
DSP swervolf/rvtop/veer/exu/i_mul/prod_x0__2 input pin swervolf/rvtop/veer/exu/i_mul/prod_x0__2/B[1] is connected to registers with an asynchronous reset. This is preventing the possibility of merging these registers in to the DSP Block since the DSP block registers only possess synchronous reset capability.  It is suggested to recode or change these registers to remove the reset or use a synchronous reset to get the best optimization for performance, power and area.
Related violations: <none>

DPIR-1#152 Warning
Asynchronous driver check  
DSP swervolf/rvtop/veer/exu/i_mul/prod_x0__2 input pin swervolf/rvtop/veer/exu/i_mul/prod_x0__2/B[2] is connected to registers with an asynchronous reset. This is preventing the possibility of merging these registers in to the DSP Block since the DSP block registers only possess synchronous reset capability.  It is suggested to recode or change these registers to remove the reset or use a synchronous reset to get the best optimization for performance, power and area.
Related violations: <none>

DPIR-1#153 Warning
Asynchronous driver check  
DSP swervolf/rvtop/veer/exu/i_mul/prod_x0__2 input pin swervolf/rvtop/veer/exu/i_mul/prod_x0__2/B[3] is connected to registers with an asynchronous reset. This is preventing the possibility of merging these registers in to the DSP Block since the DSP block registers only possess synchronous reset capability.  It is suggested to recode or change these registers to remove the reset or use a synchronous reset to get the best optimization for performance, power and area.
Related violations: <none>

DPIR-1#154 Warning
Asynchronous driver check  
DSP swervolf/rvtop/veer/exu/i_mul/prod_x0__2 input pin swervolf/rvtop/veer/exu/i_mul/prod_x0__2/B[4] is connected to registers with an asynchronous reset. This is preventing the possibility of merging these registers in to the DSP Block since the DSP block registers only possess synchronous reset capability.  It is suggested to recode or change these registers to remove the reset or use a synchronous reset to get the best optimization for performance, power and area.
Related violations: <none>

DPIR-1#155 Warning
Asynchronous driver check  
DSP swervolf/rvtop/veer/exu/i_mul/prod_x0__2 input pin swervolf/rvtop/veer/exu/i_mul/prod_x0__2/B[5] is connected to registers with an asynchronous reset. This is preventing the possibility of merging these registers in to the DSP Block since the DSP block registers only possess synchronous reset capability.  It is suggested to recode or change these registers to remove the reset or use a synchronous reset to get the best optimization for performance, power and area.
Related violations: <none>

DPIR-1#156 Warning
Asynchronous driver check  
DSP swervolf/rvtop/veer/exu/i_mul/prod_x0__2 input pin swervolf/rvtop/veer/exu/i_mul/prod_x0__2/B[6] is connected to registers with an asynchronous reset. This is preventing the possibility of merging these registers in to the DSP Block since the DSP block registers only possess synchronous reset capability.  It is suggested to recode or change these registers to remove the reset or use a synchronous reset to get the best optimization for performance, power and area.
Related violations: <none>

DPIR-1#157 Warning
Asynchronous driver check  
DSP swervolf/rvtop/veer/exu/i_mul/prod_x0__2 input pin swervolf/rvtop/veer/exu/i_mul/prod_x0__2/B[7] is connected to registers with an asynchronous reset. This is preventing the possibility of merging these registers in to the DSP Block since the DSP block registers only possess synchronous reset capability.  It is suggested to recode or change these registers to remove the reset or use a synchronous reset to get the best optimization for performance, power and area.
Related violations: <none>

DPIR-1#158 Warning
Asynchronous driver check  
DSP swervolf/rvtop/veer/exu/i_mul/prod_x0__2 input pin swervolf/rvtop/veer/exu/i_mul/prod_x0__2/B[8] is connected to registers with an asynchronous reset. This is preventing the possibility of merging these registers in to the DSP Block since the DSP block registers only possess synchronous reset capability.  It is suggested to recode or change these registers to remove the reset or use a synchronous reset to get the best optimization for performance, power and area.
Related violations: <none>

DPIR-1#159 Warning
Asynchronous driver check  
DSP swervolf/rvtop/veer/exu/i_mul/prod_x0__2 input pin swervolf/rvtop/veer/exu/i_mul/prod_x0__2/B[9] is connected to registers with an asynchronous reset. This is preventing the possibility of merging these registers in to the DSP Block since the DSP block registers only possess synchronous reset capability.  It is suggested to recode or change these registers to remove the reset or use a synchronous reset to get the best optimization for performance, power and area.
Related violations: <none>

LUTAR-1#1 Warning
LUT drives async reset alert  
LUT cell clk_gen/dout[0]_i_2__219, with 2 or more inputs, drives asynchronous preset/clear pin(s) swervolf/rvtop/veer/pic_ctrl_inst/SETREG[1].NON_ZERO_INT.gw_config_ff/genblock.dffs/dout_reg[1]/CLR,
swervolf/rvtop/veer/pic_ctrl_inst/SETREG[2].NON_ZERO_INT.gw_config_ff/genblock.dffs/dout_reg[0]/CLR,
swervolf/rvtop/veer/pic_ctrl_inst/SETREG[2].NON_ZERO_INT.gw_config_ff/genblock.dffs/dout_reg[1]/CLR,
swervolf/rvtop/veer/pic_ctrl_inst/SETREG[3].NON_ZERO_INT.gw_config_ff/genblock.dffs/dout_reg[0]/CLR,
swervolf/rvtop/veer/pic_ctrl_inst/SETREG[3].NON_ZERO_INT.gw_config_ff/genblock.dffs/dout_reg[1]/CLR,
swervolf/rvtop/veer/pic_ctrl_inst/SETREG[4].NON_ZERO_INT.gw_config_ff/genblock.dffs/dout_reg[0]/CLR,
swervolf/rvtop/veer/pic_ctrl_inst/SETREG[4].NON_ZERO_INT.gw_config_ff/genblock.dffs/dout_reg[1]/CLR,
swervolf/rvtop/veer/pic_ctrl_inst/SETREG[5].NON_ZERO_INT.gw_config_ff/genblock.dffs/dout_reg[0]/CLR,
swervolf/rvtop/veer/pic_ctrl_inst/SETREG[5].NON_ZERO_INT.gw_config_ff/genblock.dffs/dout_reg[1]/CLR,
swervolf/rvtop/veer/pic_ctrl_inst/SETREG[6].NON_ZERO_INT.gw_config_ff/genblock.dffs/dout_reg[0]/CLR,
swervolf/rvtop/veer/pic_ctrl_inst/SETREG[6].NON_ZERO_INT.gw_config_ff/genblock.dffs/dout_reg[1]/CLR,
swervolf/rvtop/veer/pic_ctrl_inst/SETREG[7].NON_ZERO_INT.gw_config_ff/genblock.dffs/dout_reg[0]/CLR,
swervolf/rvtop/veer/pic_ctrl_inst/SETREG[7].NON_ZERO_INT.gw_config_ff/genblock.dffs/dout_reg[1]/CLR,
swervolf/rvtop/veer/pic_ctrl_inst/SETREG[8].NON_ZERO_INT.gw_config_ff/genblock.dffs/dout_reg[0]/CLR,
swervolf/rvtop/veer/pic_ctrl_inst/SETREG[8].NON_ZERO_INT.gw_config_ff/genblock.dffs/dout_reg[1]/CLR
 (the first 15 of 1676 listed). The LUT may glitch and trigger an unexpected reset, even if it is a properly timed path.
Related violations: <none>

LUTAR-1#2 Warning
LUT drives async reset alert  
LUT cell clk_gen/dout[31]_i_2__94, with 2 or more inputs, drives asynchronous preset/clear pin(s) swervolf/rvtop/veer/exu/i_mul/i_b_x_ff/genblock.genblock.dff/genblock.dffs/dout_reg[16]_replica/CLR,
swervolf/rvtop/veer/exu/i_mul/i_b_x_ff/genblock.genblock.dff/genblock.dffs/dout_reg[1]_replica/CLR,
swervolf/rvtop/veer/exu/i_mul/i_b_x_ff/genblock.genblock.dff/genblock.dffs/dout_reg[6]_replica/CLR,
swervolf/rvtop/veer/ifu/mem_ctl/bus_cmd_beat_ff/genblock.dffs/genblock.dffs/dout_reg[0]/CLR,
swervolf/rvtop/veer/ifu/mem_ctl/bus_cmd_beat_ff/genblock.dffs/genblock.dffs/dout_reg[1]/CLR,
swervolf/rvtop/veer/ifu/mem_ctl/bus_cmd_beat_ff/genblock.dffs/genblock.dffs/dout_reg[2]/CLR,
swervolf/rvtop/veer/ifu/mem_ctl/icache_enabled.CLK_GRP_WAY_STATUS[6].WAY_STATUS[7].ic_way_status/genblock.dffs/genblock.dffs/dout_reg[0]/CLR,
swervolf/rvtop/veer/ifu/mem_ctl/icache_enabled.CLK_GRP_WAY_STATUS[7].WAY_STATUS[0].ic_way_status/genblock.dffs/genblock.dffs/dout_reg[0]/CLR,
swervolf/rvtop/veer/ifu/mem_ctl/icache_enabled.CLK_GRP_WAY_STATUS[7].WAY_STATUS[1].ic_way_status/genblock.dffs/genblock.dffs/dout_reg[0]/CLR,
swervolf/rvtop/veer/ifu/mem_ctl/icache_enabled.CLK_GRP_WAY_STATUS[7].WAY_STATUS[2].ic_way_status/genblock.dffs/genblock.dffs/dout_reg[0]/CLR,
swervolf/rvtop/veer/ifu/mem_ctl/icache_enabled.CLK_GRP_WAY_STATUS[7].WAY_STATUS[3].ic_way_status/genblock.dffs/genblock.dffs/dout_reg[0]/CLR,
swervolf/rvtop/veer/ifu/mem_ctl/icache_enabled.CLK_GRP_WAY_STATUS[7].WAY_STATUS[4].ic_way_status/genblock.dffs/genblock.dffs/dout_reg[0]/CLR,
swervolf/rvtop/veer/ifu/mem_ctl/icache_enabled.CLK_GRP_WAY_STATUS[7].WAY_STATUS[5].ic_way_status/genblock.dffs/genblock.dffs/dout_reg[0]/CLR,
swervolf/rvtop/veer/ifu/mem_ctl/icache_enabled.CLK_GRP_WAY_STATUS[7].WAY_STATUS[6].ic_way_status/genblock.dffs/genblock.dffs/dout_reg[0]/CLR,
swervolf/rvtop/veer/ifu/mem_ctl/icache_enabled.CLK_GRP_WAY_STATUS[7].WAY_STATUS[7].ic_way_status/genblock.dffs/genblock.dffs/dout_reg[0]/CLR
 (the first 15 of 6411 listed). The LUT may glitch and trigger an unexpected reset, even if it is a properly timed path.
Related violations: <none>

LUTAR-1#3 Warning
LUT drives async reset alert  
LUT cell clk_gen/dout[31]_i_2__95, with 2 or more inputs, drives asynchronous preset/clear pin(s) swervolf/rvtop/veer/dbg/dbg_abstractauto_reg/genblock.dffs/dout_reg[0]/CLR,
swervolf/rvtop/veer/dbg/dbg_abstractauto_reg/genblock.dffs/dout_reg[1]/CLR,
swervolf/rvtop/veer/dbg/dmcontrolff/genblock.dffs/dout_reg[0]/CLR,
swervolf/rvtop/veer/dbg/dmcontrolff/genblock.dffs/dout_reg[2]/CLR,
swervolf/rvtop/veer/dbg/dmcontrolff/genblock.dffs/dout_reg[3]/CLR,
swervolf/rvtop/veer/dbg/sb_state_reg/genblock.dffs/dout_reg[0]/CLR,
swervolf/rvtop/veer/dbg/sb_state_reg/genblock.dffs/dout_reg[1]/CLR,
swervolf/rvtop/veer/dbg/sb_state_reg/genblock.dffs/dout_reg[2]/CLR,
swervolf/rvtop/veer/dbg/sb_state_reg/genblock.dffs/dout_reg[3]/CLR,
swervolf/rvtop/veer/dbg/sbcs_error_reg/genblock.dffs/dout_reg[0]/CLR,
swervolf/rvtop/veer/dbg/sbcs_error_reg/genblock.dffs/dout_reg[1]/CLR,
swervolf/rvtop/veer/dbg/sbcs_error_reg/genblock.dffs/dout_reg[2]/CLR,
swervolf/rvtop/veer/dbg/sbcs_misc_reg/genblock.dffs/dout_reg[2]/CLR,
swervolf/rvtop/veer/dbg/sbcs_misc_reg/genblock.dffs/dout_reg[3]/CLR,
swervolf/rvtop/veer/dbg/sbcs_misc_reg/genblock.dffs/dout_reg[4]/CLR
 (the first 15 of 253 listed). The LUT may glitch and trigger an unexpected reset, even if it is a properly timed path.
Related violations: <none>

LUTAR-1#4 Warning
LUT drives async reset alert  
LUT cell ddr2/ldc/OSERDESE2_i_1, with 2 or more inputs, drives asynchronous preset/clear pin(s) ddr2/ldc/ISERDESE2_1/RST, ddr2/ldc/ISERDESE2_10/RST,
ddr2/ldc/ISERDESE2_11/RST, ddr2/ldc/ISERDESE2_12/RST,
ddr2/ldc/ISERDESE2_13/RST, ddr2/ldc/ISERDESE2_14/RST,
ddr2/ldc/ISERDESE2_15/RST, ddr2/ldc/ISERDESE2_2/RST,
ddr2/ldc/ISERDESE2_3/RST, ddr2/ldc/ISERDESE2_4/RST,
ddr2/ldc/ISERDESE2_5/RST, ddr2/ldc/ISERDESE2_6/RST,
ddr2/ldc/ISERDESE2_7/RST, ddr2/ldc/ISERDESE2_8/RST,
ddr2/ldc/ISERDESE2_9/RST (the first 15 of 16 listed). The LUT may glitch and trigger an unexpected reset, even if it is a properly timed path.
Related violations: <none>

LUTAR-1#5 Warning
LUT drives async reset alert  
LUT cell swervolf/rvtop/veer/dbg/dmcontrolff/genblock.dffs/dout[3]_i_3__53, with 2 or more inputs, drives asynchronous preset/clear pin(s) swervolf/rvtop/veer/dbg/dbg_state_reg/genblock.dffs/dout_reg[0]/CLR,
swervolf/rvtop/veer/dbg/dbg_state_reg/genblock.dffs/dout_reg[1]/CLR,
swervolf/rvtop/veer/dbg/dbg_state_reg/genblock.dffs/dout_reg[2]/CLR
swervolf/rvtop/veer/dbg/dbg_state_reg/genblock.dffs/dout_reg[3]/CLR. The LUT may glitch and trigger an unexpected reset, even if it is a properly timed path.
Related violations: <none>

SYNTH-6#1 Warning
Timing of a RAM block might be sub-optimal  
The timing for the instance ddr2/ldc/mem_1_reg_0, implemented as a RAM block, might be sub-optimal as no output register was merged into the block.
Related violations: <none>

SYNTH-6#2 Warning
Timing of a RAM block might be sub-optimal  
The timing for the instance ddr2/ldc/mem_1_reg_1, implemented as a RAM block, might be sub-optimal as no output register was merged into the block.
Related violations: <none>

SYNTH-6#3 Warning
Timing of a RAM block might be sub-optimal  
The timing for the instance ddr2/ldc/memdat_reg_0, implemented as a RAM block, might be sub-optimal as no output register was merged into the block.
Related violations: <none>

SYNTH-6#4 Warning
Timing of a RAM block might be sub-optimal  
The timing for the instance ddr2/ldc/memdat_reg_1, implemented as a RAM block, might be sub-optimal as no output register was merged into the block.
Related violations: <none>

SYNTH-6#5 Warning
Timing of a RAM block might be sub-optimal  
The timing for the instance ddr2/ldc/memdat_reg_2, implemented as a RAM block, might be sub-optimal as no output register was merged into the block.
Related violations: <none>

SYNTH-6#6 Warning
Timing of a RAM block might be sub-optimal  
The timing for the instance ddr2/ldc/memdat_reg_3, implemented as a RAM block, might be sub-optimal as no output register was merged into the block.
Related violations: <none>

SYNTH-6#7 Warning
Timing of a RAM block might be sub-optimal  
The timing for the instance ddr2/ldc/memdat_reg_4, implemented as a RAM block, might be sub-optimal as no output register was merged into the block.
Related violations: <none>

SYNTH-6#8 Warning
Timing of a RAM block might be sub-optimal  
The timing for the instance ddr2/ldc/memdat_reg_5, implemented as a RAM block, might be sub-optimal as no output register was merged into the block.
Related violations: <none>

SYNTH-6#9 Warning
Timing of a RAM block might be sub-optimal  
The timing for the instance ddr2/ldc/memdat_reg_6, implemented as a RAM block, might be sub-optimal as no output register was merged into the block.
Related violations: <none>

SYNTH-6#10 Warning
Timing of a RAM block might be sub-optimal  
The timing for the instance ddr2/ldc/memdat_reg_7, implemented as a RAM block, might be sub-optimal as no output register was merged into the block.
Related violations: <none>

SYNTH-6#11 Warning
Timing of a RAM block might be sub-optimal  
The timing for the instance ddr2/ldc/serv_rf_top/rf_ram/memory_reg, implemented as a RAM block, might be sub-optimal as no output register was merged into the block.
Related violations: <none>

SYNTH-6#12 Warning
Timing of a RAM block might be sub-optimal  
The timing for the instance ddr2/ldc/storage_10_reg_0, implemented as a RAM block, might be sub-optimal as no output register was merged into the block.
Related violations: <none>

SYNTH-6#13 Warning
Timing of a RAM block might be sub-optimal  
The timing for the instance ddr2/ldc/storage_10_reg_1, implemented as a RAM block, might be sub-optimal as no output register was merged into the block.
Related violations: <none>

SYNTH-6#14 Warning
Timing of a RAM block might be sub-optimal  
The timing for the instance ddr2/ldc/storage_13_reg, implemented as a RAM block, might be sub-optimal as no output register was merged into the block.
Related violations: <none>

SYNTH-6#15 Warning
Timing of a RAM block might be sub-optimal  
The timing for the instance swervolf/bootrom/ram/mem_reg, implemented as a RAM block, might be sub-optimal as no output register was merged into the block.
Related violations: <none>

SYNTH-6#16 Warning
Timing of a RAM block might be sub-optimal  
The timing for the instance swervolf/myVga/myBuff/frameBuffer_reg_1_0, implemented as a RAM block, might be sub-optimal as no output register was merged into the block.
Related violations: <none>

SYNTH-6#17 Warning
Timing of a RAM block might be sub-optimal  
The timing for the instance swervolf/myVga/myBuff/frameBuffer_reg_1_0__0, implemented as a RAM block, might be sub-optimal as no output register was merged into the block.
Related violations: <none>

SYNTH-6#18 Warning
Timing of a RAM block might be sub-optimal  
The timing for the instance swervolf/myVga/myBuff/frameBuffer_reg_1_1, implemented as a RAM block, might be sub-optimal as no output register was merged into the block.
Related violations: <none>

SYNTH-6#19 Warning
Timing of a RAM block might be sub-optimal  
The timing for the instance swervolf/myVga/myBuff/frameBuffer_reg_1_10, implemented as a RAM block, might be sub-optimal as no output register was merged into the block.
Related violations: <none>

SYNTH-6#20 Warning
Timing of a RAM block might be sub-optimal  
The timing for the instance swervolf/myVga/myBuff/frameBuffer_reg_1_10__0, implemented as a RAM block, might be sub-optimal as no output register was merged into the block.
Related violations: <none>

SYNTH-6#21 Warning
Timing of a RAM block might be sub-optimal  
The timing for the instance swervolf/myVga/myBuff/frameBuffer_reg_1_11, implemented as a RAM block, might be sub-optimal as no output register was merged into the block.
Related violations: <none>

SYNTH-6#22 Warning
Timing of a RAM block might be sub-optimal  
The timing for the instance swervolf/myVga/myBuff/frameBuffer_reg_1_11__0, implemented as a RAM block, might be sub-optimal as no output register was merged into the block.
Related violations: <none>

SYNTH-6#23 Warning
Timing of a RAM block might be sub-optimal  
The timing for the instance swervolf/myVga/myBuff/frameBuffer_reg_1_1__0, implemented as a RAM block, might be sub-optimal as no output register was merged into the block.
Related violations: <none>

SYNTH-6#24 Warning
Timing of a RAM block might be sub-optimal  
The timing for the instance swervolf/myVga/myBuff/frameBuffer_reg_1_2, implemented as a RAM block, might be sub-optimal as no output register was merged into the block.
Related violations: <none>

SYNTH-6#25 Warning
Timing of a RAM block might be sub-optimal  
The timing for the instance swervolf/myVga/myBuff/frameBuffer_reg_1_2__0, implemented as a RAM block, might be sub-optimal as no output register was merged into the block.
Related violations: <none>

SYNTH-6#26 Warning
Timing of a RAM block might be sub-optimal  
The timing for the instance swervolf/myVga/myBuff/frameBuffer_reg_1_3, implemented as a RAM block, might be sub-optimal as no output register was merged into the block.
Related violations: <none>

SYNTH-6#27 Warning
Timing of a RAM block might be sub-optimal  
The timing for the instance swervolf/myVga/myBuff/frameBuffer_reg_1_3__0, implemented as a RAM block, might be sub-optimal as no output register was merged into the block.
Related violations: <none>

SYNTH-6#28 Warning
Timing of a RAM block might be sub-optimal  
The timing for the instance swervolf/myVga/myBuff/frameBuffer_reg_1_4, implemented as a RAM block, might be sub-optimal as no output register was merged into the block.
Related violations: <none>

SYNTH-6#29 Warning
Timing of a RAM block might be sub-optimal  
The timing for the instance swervolf/myVga/myBuff/frameBuffer_reg_1_4__0, implemented as a RAM block, might be sub-optimal as no output register was merged into the block.
Related violations: <none>

SYNTH-6#30 Warning
Timing of a RAM block might be sub-optimal  
The timing for the instance swervolf/myVga/myBuff/frameBuffer_reg_1_5, implemented as a RAM block, might be sub-optimal as no output register was merged into the block.
Related violations: <none>

SYNTH-6#31 Warning
Timing of a RAM block might be sub-optimal  
The timing for the instance swervolf/myVga/myBuff/frameBuffer_reg_1_5__0, implemented as a RAM block, might be sub-optimal as no output register was merged into the block.
Related violations: <none>

SYNTH-6#32 Warning
Timing of a RAM block might be sub-optimal  
The timing for the instance swervolf/myVga/myBuff/frameBuffer_reg_1_6, implemented as a RAM block, might be sub-optimal as no output register was merged into the block.
Related violations: <none>

SYNTH-6#33 Warning
Timing of a RAM block might be sub-optimal  
The timing for the instance swervolf/myVga/myBuff/frameBuffer_reg_1_6__0, implemented as a RAM block, might be sub-optimal as no output register was merged into the block.
Related violations: <none>

SYNTH-6#34 Warning
Timing of a RAM block might be sub-optimal  
The timing for the instance swervolf/myVga/myBuff/frameBuffer_reg_1_7, implemented as a RAM block, might be sub-optimal as no output register was merged into the block.
Related violations: <none>

SYNTH-6#35 Warning
Timing of a RAM block might be sub-optimal  
The timing for the instance swervolf/myVga/myBuff/frameBuffer_reg_1_7__0, implemented as a RAM block, might be sub-optimal as no output register was merged into the block.
Related violations: <none>

SYNTH-6#36 Warning
Timing of a RAM block might be sub-optimal  
The timing for the instance swervolf/myVga/myBuff/frameBuffer_reg_1_8, implemented as a RAM block, might be sub-optimal as no output register was merged into the block.
Related violations: <none>

SYNTH-6#37 Warning
Timing of a RAM block might be sub-optimal  
The timing for the instance swervolf/myVga/myBuff/frameBuffer_reg_1_8__0, implemented as a RAM block, might be sub-optimal as no output register was merged into the block.
Related violations: <none>

SYNTH-6#38 Warning
Timing of a RAM block might be sub-optimal  
The timing for the instance swervolf/myVga/myBuff/frameBuffer_reg_1_9, implemented as a RAM block, might be sub-optimal as no output register was merged into the block.
Related violations: <none>

SYNTH-6#39 Warning
Timing of a RAM block might be sub-optimal  
The timing for the instance swervolf/myVga/myBuff/frameBuffer_reg_1_9__0, implemented as a RAM block, might be sub-optimal as no output register was merged into the block.
Related violations: <none>

SYNTH-6#40 Warning
Timing of a RAM block might be sub-optimal  
The timing for the instance swervolf/rvtop/mem/Gen_dccm_enable.dccm/mem_bank[0].dccm.dccm_bank/ram_core_reg_0, implemented as a RAM block, might be sub-optimal as no output register was merged into the block.
Related violations: <none>

SYNTH-6#41 Warning
Timing of a RAM block might be sub-optimal  
The timing for the instance swervolf/rvtop/mem/Gen_dccm_enable.dccm/mem_bank[0].dccm.dccm_bank/ram_core_reg_1, implemented as a RAM block, might be sub-optimal as no output register was merged into the block.
Related violations: <none>

SYNTH-6#42 Warning
Timing of a RAM block might be sub-optimal  
The timing for the instance swervolf/rvtop/mem/Gen_dccm_enable.dccm/mem_bank[1].dccm.dccm_bank/ram_core_reg_0, implemented as a RAM block, might be sub-optimal as no output register was merged into the block.
Related violations: <none>

SYNTH-6#43 Warning
Timing of a RAM block might be sub-optimal  
The timing for the instance swervolf/rvtop/mem/Gen_dccm_enable.dccm/mem_bank[1].dccm.dccm_bank/ram_core_reg_1, implemented as a RAM block, might be sub-optimal as no output register was merged into the block.
Related violations: <none>

SYNTH-6#44 Warning
Timing of a RAM block might be sub-optimal  
The timing for the instance swervolf/rvtop/mem/Gen_dccm_enable.dccm/mem_bank[2].dccm.dccm_bank/ram_core_reg_0, implemented as a RAM block, might be sub-optimal as no output register was merged into the block.
Related violations: <none>

SYNTH-6#45 Warning
Timing of a RAM block might be sub-optimal  
The timing for the instance swervolf/rvtop/mem/Gen_dccm_enable.dccm/mem_bank[2].dccm.dccm_bank/ram_core_reg_1, implemented as a RAM block, might be sub-optimal as no output register was merged into the block.
Related violations: <none>

SYNTH-6#46 Warning
Timing of a RAM block might be sub-optimal  
The timing for the instance swervolf/rvtop/mem/Gen_dccm_enable.dccm/mem_bank[3].dccm.dccm_bank/ram_core_reg_0, implemented as a RAM block, might be sub-optimal as no output register was merged into the block.
Related violations: <none>

SYNTH-6#47 Warning
Timing of a RAM block might be sub-optimal  
The timing for the instance swervolf/rvtop/mem/Gen_dccm_enable.dccm/mem_bank[3].dccm.dccm_bank/ram_core_reg_1, implemented as a RAM block, might be sub-optimal as no output register was merged into the block.
Related violations: <none>

SYNTH-6#48 Warning
Timing of a RAM block might be sub-optimal  
The timing for the instance swervolf/rvtop/mem/iccm.iccm/mem_bank[0].iccm.iccm_bank/ram_core_reg_0, implemented as a RAM block, might be sub-optimal as no output register was merged into the block.
Related violations: <none>

SYNTH-6#49 Warning
Timing of a RAM block might be sub-optimal  
The timing for the instance swervolf/rvtop/mem/iccm.iccm/mem_bank[0].iccm.iccm_bank/ram_core_reg_1, implemented as a RAM block, might be sub-optimal as no output register was merged into the block.
Related violations: <none>

SYNTH-6#50 Warning
Timing of a RAM block might be sub-optimal  
The timing for the instance swervolf/rvtop/mem/iccm.iccm/mem_bank[1].iccm.iccm_bank/ram_core_reg_0, implemented as a RAM block, might be sub-optimal as no output register was merged into the block.
Related violations: <none>

SYNTH-6#51 Warning
Timing of a RAM block might be sub-optimal  
The timing for the instance swervolf/rvtop/mem/iccm.iccm/mem_bank[1].iccm.iccm_bank/ram_core_reg_1, implemented as a RAM block, might be sub-optimal as no output register was merged into the block.
Related violations: <none>

SYNTH-6#52 Warning
Timing of a RAM block might be sub-optimal  
The timing for the instance swervolf/rvtop/mem/iccm.iccm/mem_bank[2].iccm.iccm_bank/ram_core_reg_0, implemented as a RAM block, might be sub-optimal as no output register was merged into the block.
Related violations: <none>

SYNTH-6#53 Warning
Timing of a RAM block might be sub-optimal  
The timing for the instance swervolf/rvtop/mem/iccm.iccm/mem_bank[2].iccm.iccm_bank/ram_core_reg_1, implemented as a RAM block, might be sub-optimal as no output register was merged into the block.
Related violations: <none>

SYNTH-6#54 Warning
Timing of a RAM block might be sub-optimal  
The timing for the instance swervolf/rvtop/mem/iccm.iccm/mem_bank[3].iccm.iccm_bank/ram_core_reg_0, implemented as a RAM block, might be sub-optimal as no output register was merged into the block.
Related violations: <none>

SYNTH-6#55 Warning
Timing of a RAM block might be sub-optimal  
The timing for the instance swervolf/rvtop/mem/iccm.iccm/mem_bank[3].iccm.iccm_bank/ram_core_reg_1, implemented as a RAM block, might be sub-optimal as no output register was merged into the block.
Related violations: <none>

SYNTH-10#1 Warning
Wide multiplier  
Detected multiplier at swervolf/rvtop/veer/exu/i_mul/prod_x0 of size 16x18, it is decomposed from a wide multipler into 4 DSP blocks.
Related violations: <none>

SYNTH-10#2 Warning
Wide multiplier  
Detected multiplier at swervolf/rvtop/veer/exu/i_mul/prod_x0__0 of size 16x16, it is decomposed from a wide multipler into 4 DSP blocks.
Related violations: <none>

SYNTH-10#3 Warning
Wide multiplier  
Detected multiplier at swervolf/rvtop/veer/exu/i_mul/prod_x0__1 of size 18x18, it is decomposed from a wide multipler into 4 DSP blocks.
Related violations: <none>

SYNTH-10#4 Warning
Wide multiplier  
Detected multiplier at swervolf/rvtop/veer/exu/i_mul/prod_x0__2 of size 18x16, it is decomposed from a wide multipler into 4 DSP blocks.
Related violations: <none>

TIMING-9#1 Warning
Unknown CDC Logic  
One or more asynchronous Clock Domain Crossing has been detected between 2 clock domains through a set_false_path or a set_clock_groups or set_max_delay -datapath_only constraint but no double-registers logic synchronizer has been found on the side of the capture clock. It is recommended to run report_cdc for a complete and detailed CDC coverage. Please consider using XPM_CDC to avoid Critical severities
Related violations: <none>

TIMING-16#1 Warning
Large setup violation  
There is a large setup violation of -2.827 ns between swervolf/rvtop/veer/ifu/aln/bundle1ff/dout_reg[4]/C (clocked by clk_core) and swervolf/rvtop/mem/icache.icm/ic_data_inst/PACKED_1.BANKS_WAY[0].ECC0.size_256.WAYS.BYPASS[0].ic_addr_index/genblock.genblock.dff/genblock.dffs/dout_reg[0]/D (clocked by clk_core). Large setup violations at the end of those stages might be difficult to fix during the post-placement implementation flow and could be the result of non-optimal XDC constraints or non-optimal design architecture
Related violations: <none>

TIMING-16#2 Warning
Large setup violation  
There is a large setup violation of -3.036 ns between swervolf/rvtop/veer/ifu/aln/bundle1ff/dout_reg[4]/C (clocked by clk_core) and swervolf/rvtop/mem/icache.icm/ic_data_inst/PACKED_1.BANKS_WAY[0].ECC0.size_256.WAYS.BYPASS[1].ic_addr_index/genblock.genblock.dff/genblock.dffs/dout_reg[0]/D (clocked by clk_core). Large setup violations at the end of those stages might be difficult to fix during the post-placement implementation flow and could be the result of non-optimal XDC constraints or non-optimal design architecture
Related violations: <none>

TIMING-16#3 Warning
Large setup violation  
There is a large setup violation of -3.146 ns between swervolf/rvtop/veer/ifu/aln/bundle1ff/dout_reg[4]/C (clocked by clk_core) and swervolf/rvtop/mem/icache.icm/ic_data_inst/PACKED_1.BANKS_WAY[0].ECC0.size_256.WAYS.ic_bank_sb_way_data/ram_core_reg_0_255_119_119/RAMS64E_A/ADR0 (clocked by clk_core). Large setup violations at the end of those stages might be difficult to fix during the post-placement implementation flow and could be the result of non-optimal XDC constraints or non-optimal design architecture
Related violations: <none>

TIMING-16#4 Warning
Large setup violation  
There is a large setup violation of -3.146 ns between swervolf/rvtop/veer/ifu/aln/bundle1ff/dout_reg[4]/C (clocked by clk_core) and swervolf/rvtop/mem/icache.icm/ic_data_inst/PACKED_1.BANKS_WAY[0].ECC0.size_256.WAYS.ic_bank_sb_way_data/ram_core_reg_0_255_119_119/RAMS64E_B/ADR0 (clocked by clk_core). Large setup violations at the end of those stages might be difficult to fix during the post-placement implementation flow and could be the result of non-optimal XDC constraints or non-optimal design architecture
Related violations: <none>

TIMING-16#5 Warning
Large setup violation  
There is a large setup violation of -3.146 ns between swervolf/rvtop/veer/ifu/aln/bundle1ff/dout_reg[4]/C (clocked by clk_core) and swervolf/rvtop/mem/icache.icm/ic_data_inst/PACKED_1.BANKS_WAY[0].ECC0.size_256.WAYS.ic_bank_sb_way_data/ram_core_reg_0_255_119_119/RAMS64E_C/ADR0 (clocked by clk_core). Large setup violations at the end of those stages might be difficult to fix during the post-placement implementation flow and could be the result of non-optimal XDC constraints or non-optimal design architecture
Related violations: <none>

TIMING-16#6 Warning
Large setup violation  
There is a large setup violation of -3.146 ns between swervolf/rvtop/veer/ifu/aln/bundle1ff/dout_reg[4]/C (clocked by clk_core) and swervolf/rvtop/mem/icache.icm/ic_data_inst/PACKED_1.BANKS_WAY[0].ECC0.size_256.WAYS.ic_bank_sb_way_data/ram_core_reg_0_255_119_119/RAMS64E_D/ADR0 (clocked by clk_core). Large setup violations at the end of those stages might be difficult to fix during the post-placement implementation flow and could be the result of non-optimal XDC constraints or non-optimal design architecture
Related violations: <none>

TIMING-16#7 Warning
Large setup violation  
There is a large setup violation of -3.238 ns between swervolf/rvtop/veer/ifu/aln/bundle1ff/dout_reg[4]/C (clocked by clk_core) and swervolf/rvtop/mem/icache.icm/ic_data_inst/PACKED_1.BANKS_WAY[0].ECC0.size_256.WAYS.ic_bank_sb_way_data/ram_core_reg_0_255_14_14/RAMS64E_A/ADR0 (clocked by clk_core). Large setup violations at the end of those stages might be difficult to fix during the post-placement implementation flow and could be the result of non-optimal XDC constraints or non-optimal design architecture
Related violations: <none>

TIMING-16#8 Warning
Large setup violation  
There is a large setup violation of -3.238 ns between swervolf/rvtop/veer/ifu/aln/bundle1ff/dout_reg[4]/C (clocked by clk_core) and swervolf/rvtop/mem/icache.icm/ic_data_inst/PACKED_1.BANKS_WAY[0].ECC0.size_256.WAYS.ic_bank_sb_way_data/ram_core_reg_0_255_14_14/RAMS64E_B/ADR0 (clocked by clk_core). Large setup violations at the end of those stages might be difficult to fix during the post-placement implementation flow and could be the result of non-optimal XDC constraints or non-optimal design architecture
Related violations: <none>

TIMING-16#9 Warning
Large setup violation  
There is a large setup violation of -3.240 ns between swervolf/rvtop/veer/ifu/aln/bundle1ff/dout_reg[4]/C (clocked by clk_core) and swervolf/rvtop/mem/icache.icm/ic_data_inst/PACKED_1.BANKS_WAY[0].ECC0.size_256.WAYS.ic_bank_sb_way_data/ram_core_reg_0_255_132_132/RAMS64E_A/ADR0 (clocked by clk_core). Large setup violations at the end of those stages might be difficult to fix during the post-placement implementation flow and could be the result of non-optimal XDC constraints or non-optimal design architecture
Related violations: <none>

TIMING-16#10 Warning
Large setup violation  
There is a large setup violation of -3.240 ns between swervolf/rvtop/veer/ifu/aln/bundle1ff/dout_reg[4]/C (clocked by clk_core) and swervolf/rvtop/mem/icache.icm/ic_data_inst/PACKED_1.BANKS_WAY[0].ECC0.size_256.WAYS.ic_bank_sb_way_data/ram_core_reg_0_255_132_132/RAMS64E_B/ADR0 (clocked by clk_core). Large setup violations at the end of those stages might be difficult to fix during the post-placement implementation flow and could be the result of non-optimal XDC constraints or non-optimal design architecture
Related violations: <none>

TIMING-16#11 Warning
Large setup violation  
There is a large setup violation of -3.240 ns between swervolf/rvtop/veer/ifu/aln/bundle1ff/dout_reg[4]/C (clocked by clk_core) and swervolf/rvtop/mem/icache.icm/ic_data_inst/PACKED_1.BANKS_WAY[0].ECC0.size_256.WAYS.ic_bank_sb_way_data/ram_core_reg_0_255_132_132/RAMS64E_C/ADR0 (clocked by clk_core). Large setup violations at the end of those stages might be difficult to fix during the post-placement implementation flow and could be the result of non-optimal XDC constraints or non-optimal design architecture
Related violations: <none>

TIMING-16#12 Warning
Large setup violation  
There is a large setup violation of -3.240 ns between swervolf/rvtop/veer/ifu/aln/bundle1ff/dout_reg[4]/C (clocked by clk_core) and swervolf/rvtop/mem/icache.icm/ic_data_inst/PACKED_1.BANKS_WAY[0].ECC0.size_256.WAYS.ic_bank_sb_way_data/ram_core_reg_0_255_132_132/RAMS64E_D/ADR0 (clocked by clk_core). Large setup violations at the end of those stages might be difficult to fix during the post-placement implementation flow and could be the result of non-optimal XDC constraints or non-optimal design architecture
Related violations: <none>

TIMING-16#13 Warning
Large setup violation  
There is a large setup violation of -3.241 ns between swervolf/rvtop/veer/ifu/aln/bundle1ff/dout_reg[4]/C (clocked by clk_core) and swervolf/rvtop/mem/icache.icm/ic_data_inst/PACKED_1.BANKS_WAY[0].ECC0.size_256.WAYS.ic_bank_sb_way_data/ram_core_reg_0_255_0_0/RAMS64E_A/ADR0 (clocked by clk_core). Large setup violations at the end of those stages might be difficult to fix during the post-placement implementation flow and could be the result of non-optimal XDC constraints or non-optimal design architecture
Related violations: <none>

TIMING-16#14 Warning
Large setup violation  
There is a large setup violation of -3.241 ns between swervolf/rvtop/veer/ifu/aln/bundle1ff/dout_reg[4]/C (clocked by clk_core) and swervolf/rvtop/mem/icache.icm/ic_data_inst/PACKED_1.BANKS_WAY[0].ECC0.size_256.WAYS.ic_bank_sb_way_data/ram_core_reg_0_255_0_0/RAMS64E_B/ADR0 (clocked by clk_core). Large setup violations at the end of those stages might be difficult to fix during the post-placement implementation flow and could be the result of non-optimal XDC constraints or non-optimal design architecture
Related violations: <none>

TIMING-16#15 Warning
Large setup violation  
There is a large setup violation of -3.241 ns between swervolf/rvtop/veer/ifu/aln/bundle1ff/dout_reg[4]/C (clocked by clk_core) and swervolf/rvtop/mem/icache.icm/ic_data_inst/PACKED_1.BANKS_WAY[0].ECC0.size_256.WAYS.ic_bank_sb_way_data/ram_core_reg_0_255_0_0/RAMS64E_C/ADR0 (clocked by clk_core). Large setup violations at the end of those stages might be difficult to fix during the post-placement implementation flow and could be the result of non-optimal XDC constraints or non-optimal design architecture
Related violations: <none>

TIMING-16#16 Warning
Large setup violation  
There is a large setup violation of -3.241 ns between swervolf/rvtop/veer/ifu/aln/bundle1ff/dout_reg[4]/C (clocked by clk_core) and swervolf/rvtop/mem/icache.icm/ic_data_inst/PACKED_1.BANKS_WAY[0].ECC0.size_256.WAYS.ic_bank_sb_way_data/ram_core_reg_0_255_0_0/RAMS64E_D/ADR0 (clocked by clk_core). Large setup violations at the end of those stages might be difficult to fix during the post-placement implementation flow and could be the result of non-optimal XDC constraints or non-optimal design architecture
Related violations: <none>

TIMING-16#17 Warning
Large setup violation  
There is a large setup violation of -3.246 ns between swervolf/rvtop/veer/ifu/aln/bundle1ff/dout_reg[4]/C (clocked by clk_core) and swervolf/rvtop/mem/icache.icm/ic_data_inst/PACKED_1.BANKS_WAY[0].ECC0.size_256.WAYS.ic_bank_sb_way_data/ram_core_reg_0_255_104_104/RAMS64E_A/ADR0 (clocked by clk_core). Large setup violations at the end of those stages might be difficult to fix during the post-placement implementation flow and could be the result of non-optimal XDC constraints or non-optimal design architecture
Related violations: <none>

TIMING-16#18 Warning
Large setup violation  
There is a large setup violation of -3.246 ns between swervolf/rvtop/veer/ifu/aln/bundle1ff/dout_reg[4]/C (clocked by clk_core) and swervolf/rvtop/mem/icache.icm/ic_data_inst/PACKED_1.BANKS_WAY[0].ECC0.size_256.WAYS.ic_bank_sb_way_data/ram_core_reg_0_255_104_104/RAMS64E_B/ADR0 (clocked by clk_core). Large setup violations at the end of those stages might be difficult to fix during the post-placement implementation flow and could be the result of non-optimal XDC constraints or non-optimal design architecture
Related violations: <none>

TIMING-16#19 Warning
Large setup violation  
There is a large setup violation of -3.246 ns between swervolf/rvtop/veer/ifu/aln/bundle1ff/dout_reg[4]/C (clocked by clk_core) and swervolf/rvtop/mem/icache.icm/ic_data_inst/PACKED_1.BANKS_WAY[0].ECC0.size_256.WAYS.ic_bank_sb_way_data/ram_core_reg_0_255_104_104/RAMS64E_C/ADR0 (clocked by clk_core). Large setup violations at the end of those stages might be difficult to fix during the post-placement implementation flow and could be the result of non-optimal XDC constraints or non-optimal design architecture
Related violations: <none>

TIMING-16#20 Warning
Large setup violation  
There is a large setup violation of -3.246 ns between swervolf/rvtop/veer/ifu/aln/bundle1ff/dout_reg[4]/C (clocked by clk_core) and swervolf/rvtop/mem/icache.icm/ic_data_inst/PACKED_1.BANKS_WAY[0].ECC0.size_256.WAYS.ic_bank_sb_way_data/ram_core_reg_0_255_104_104/RAMS64E_D/ADR0 (clocked by clk_core). Large setup violations at the end of those stages might be difficult to fix during the post-placement implementation flow and could be the result of non-optimal XDC constraints or non-optimal design architecture
Related violations: <none>

TIMING-16#21 Warning
Large setup violation  
There is a large setup violation of -3.249 ns between swervolf/rvtop/veer/ifu/aln/bundle1ff/dout_reg[4]/C (clocked by clk_core) and swervolf/rvtop/mem/icache.icm/ic_data_inst/PACKED_1.BANKS_WAY[0].ECC0.size_256.WAYS.ic_bank_sb_way_data/ram_core_reg_0_255_129_129/RAMS64E_A/ADR0 (clocked by clk_core). Large setup violations at the end of those stages might be difficult to fix during the post-placement implementation flow and could be the result of non-optimal XDC constraints or non-optimal design architecture
Related violations: <none>

TIMING-16#22 Warning
Large setup violation  
There is a large setup violation of -3.249 ns between swervolf/rvtop/veer/ifu/aln/bundle1ff/dout_reg[4]/C (clocked by clk_core) and swervolf/rvtop/mem/icache.icm/ic_data_inst/PACKED_1.BANKS_WAY[0].ECC0.size_256.WAYS.ic_bank_sb_way_data/ram_core_reg_0_255_129_129/RAMS64E_B/ADR0 (clocked by clk_core). Large setup violations at the end of those stages might be difficult to fix during the post-placement implementation flow and could be the result of non-optimal XDC constraints or non-optimal design architecture
Related violations: <none>

TIMING-16#23 Warning
Large setup violation  
There is a large setup violation of -3.249 ns between swervolf/rvtop/veer/ifu/aln/bundle1ff/dout_reg[4]/C (clocked by clk_core) and swervolf/rvtop/mem/icache.icm/ic_data_inst/PACKED_1.BANKS_WAY[0].ECC0.size_256.WAYS.ic_bank_sb_way_data/ram_core_reg_0_255_129_129/RAMS64E_C/ADR0 (clocked by clk_core). Large setup violations at the end of those stages might be difficult to fix during the post-placement implementation flow and could be the result of non-optimal XDC constraints or non-optimal design architecture
Related violations: <none>

TIMING-16#24 Warning
Large setup violation  
There is a large setup violation of -3.249 ns between swervolf/rvtop/veer/ifu/aln/bundle1ff/dout_reg[4]/C (clocked by clk_core) and swervolf/rvtop/mem/icache.icm/ic_data_inst/PACKED_1.BANKS_WAY[0].ECC0.size_256.WAYS.ic_bank_sb_way_data/ram_core_reg_0_255_129_129/RAMS64E_D/ADR0 (clocked by clk_core). Large setup violations at the end of those stages might be difficult to fix during the post-placement implementation flow and could be the result of non-optimal XDC constraints or non-optimal design architecture
Related violations: <none>

TIMING-16#25 Warning
Large setup violation  
There is a large setup violation of -3.251 ns between swervolf/rvtop/veer/ifu/aln/bundle1ff/dout_reg[4]/C (clocked by clk_core) and swervolf/rvtop/mem/icache.icm/ic_data_inst/PACKED_1.BANKS_WAY[0].ECC0.size_256.WAYS.ic_bank_sb_way_data/ram_core_reg_0_255_12_12/RAMS64E_A/ADR0 (clocked by clk_core). Large setup violations at the end of those stages might be difficult to fix during the post-placement implementation flow and could be the result of non-optimal XDC constraints or non-optimal design architecture
Related violations: <none>

TIMING-16#26 Warning
Large setup violation  
There is a large setup violation of -3.251 ns between swervolf/rvtop/veer/ifu/aln/bundle1ff/dout_reg[4]/C (clocked by clk_core) and swervolf/rvtop/mem/icache.icm/ic_data_inst/PACKED_1.BANKS_WAY[0].ECC0.size_256.WAYS.ic_bank_sb_way_data/ram_core_reg_0_255_12_12/RAMS64E_B/ADR0 (clocked by clk_core). Large setup violations at the end of those stages might be difficult to fix during the post-placement implementation flow and could be the result of non-optimal XDC constraints or non-optimal design architecture
Related violations: <none>

TIMING-16#27 Warning
Large setup violation  
There is a large setup violation of -3.251 ns between swervolf/rvtop/veer/ifu/aln/bundle1ff/dout_reg[4]/C (clocked by clk_core) and swervolf/rvtop/mem/icache.icm/ic_data_inst/PACKED_1.BANKS_WAY[0].ECC0.size_256.WAYS.ic_bank_sb_way_data/ram_core_reg_0_255_12_12/RAMS64E_C/ADR0 (clocked by clk_core). Large setup violations at the end of those stages might be difficult to fix during the post-placement implementation flow and could be the result of non-optimal XDC constraints or non-optimal design architecture
Related violations: <none>

TIMING-16#28 Warning
Large setup violation  
There is a large setup violation of -3.251 ns between swervolf/rvtop/veer/ifu/aln/bundle1ff/dout_reg[4]/C (clocked by clk_core) and swervolf/rvtop/mem/icache.icm/ic_data_inst/PACKED_1.BANKS_WAY[0].ECC0.size_256.WAYS.ic_bank_sb_way_data/ram_core_reg_0_255_12_12/RAMS64E_D/ADR0 (clocked by clk_core). Large setup violations at the end of those stages might be difficult to fix during the post-placement implementation flow and could be the result of non-optimal XDC constraints or non-optimal design architecture
Related violations: <none>

TIMING-16#29 Warning
Large setup violation  
There is a large setup violation of -3.260 ns between swervolf/rvtop/veer/ifu/aln/bundle1ff/dout_reg[4]/C (clocked by clk_core) and swervolf/rvtop/mem/icache.icm/ic_data_inst/PACKED_1.BANKS_WAY[0].ECC0.size_256.WAYS.ic_bank_sb_way_data/ram_core_reg_0_255_102_102/RAMS64E_A/ADR0 (clocked by clk_core). Large setup violations at the end of those stages might be difficult to fix during the post-placement implementation flow and could be the result of non-optimal XDC constraints or non-optimal design architecture
Related violations: <none>

TIMING-16#30 Warning
Large setup violation  
There is a large setup violation of -3.260 ns between swervolf/rvtop/veer/ifu/aln/bundle1ff/dout_reg[4]/C (clocked by clk_core) and swervolf/rvtop/mem/icache.icm/ic_data_inst/PACKED_1.BANKS_WAY[0].ECC0.size_256.WAYS.ic_bank_sb_way_data/ram_core_reg_0_255_102_102/RAMS64E_B/ADR0 (clocked by clk_core). Large setup violations at the end of those stages might be difficult to fix during the post-placement implementation flow and could be the result of non-optimal XDC constraints or non-optimal design architecture
Related violations: <none>

TIMING-16#31 Warning
Large setup violation  
There is a large setup violation of -3.260 ns between swervolf/rvtop/veer/ifu/aln/bundle1ff/dout_reg[4]/C (clocked by clk_core) and swervolf/rvtop/mem/icache.icm/ic_data_inst/PACKED_1.BANKS_WAY[0].ECC0.size_256.WAYS.ic_bank_sb_way_data/ram_core_reg_0_255_102_102/RAMS64E_C/ADR0 (clocked by clk_core). Large setup violations at the end of those stages might be difficult to fix during the post-placement implementation flow and could be the result of non-optimal XDC constraints or non-optimal design architecture
Related violations: <none>

TIMING-16#32 Warning
Large setup violation  
There is a large setup violation of -3.260 ns between swervolf/rvtop/veer/ifu/aln/bundle1ff/dout_reg[4]/C (clocked by clk_core) and swervolf/rvtop/mem/icache.icm/ic_data_inst/PACKED_1.BANKS_WAY[0].ECC0.size_256.WAYS.ic_bank_sb_way_data/ram_core_reg_0_255_102_102/RAMS64E_D/ADR0 (clocked by clk_core). Large setup violations at the end of those stages might be difficult to fix during the post-placement implementation flow and could be the result of non-optimal XDC constraints or non-optimal design architecture
Related violations: <none>

TIMING-16#33 Warning
Large setup violation  
There is a large setup violation of -3.305 ns between swervolf/rvtop/veer/ifu/aln/bundle1ff/dout_reg[4]/C (clocked by clk_core) and swervolf/rvtop/mem/icache.icm/ic_data_inst/PACKED_1.BANKS_WAY[0].ECC0.size_256.WAYS.ic_bank_sb_way_data/ram_core_reg_0_255_120_120/RAMS64E_A/ADR0 (clocked by clk_core). Large setup violations at the end of those stages might be difficult to fix during the post-placement implementation flow and could be the result of non-optimal XDC constraints or non-optimal design architecture
Related violations: <none>

TIMING-16#34 Warning
Large setup violation  
There is a large setup violation of -3.305 ns between swervolf/rvtop/veer/ifu/aln/bundle1ff/dout_reg[4]/C (clocked by clk_core) and swervolf/rvtop/mem/icache.icm/ic_data_inst/PACKED_1.BANKS_WAY[0].ECC0.size_256.WAYS.ic_bank_sb_way_data/ram_core_reg_0_255_120_120/RAMS64E_B/ADR0 (clocked by clk_core). Large setup violations at the end of those stages might be difficult to fix during the post-placement implementation flow and could be the result of non-optimal XDC constraints or non-optimal design architecture
Related violations: <none>

TIMING-16#35 Warning
Large setup violation  
There is a large setup violation of -3.305 ns between swervolf/rvtop/veer/ifu/aln/bundle1ff/dout_reg[4]/C (clocked by clk_core) and swervolf/rvtop/mem/icache.icm/ic_data_inst/PACKED_1.BANKS_WAY[0].ECC0.size_256.WAYS.ic_bank_sb_way_data/ram_core_reg_0_255_120_120/RAMS64E_C/ADR0 (clocked by clk_core). Large setup violations at the end of those stages might be difficult to fix during the post-placement implementation flow and could be the result of non-optimal XDC constraints or non-optimal design architecture
Related violations: <none>

TIMING-16#36 Warning
Large setup violation  
There is a large setup violation of -3.305 ns between swervolf/rvtop/veer/ifu/aln/bundle1ff/dout_reg[4]/C (clocked by clk_core) and swervolf/rvtop/mem/icache.icm/ic_data_inst/PACKED_1.BANKS_WAY[0].ECC0.size_256.WAYS.ic_bank_sb_way_data/ram_core_reg_0_255_120_120/RAMS64E_D/ADR0 (clocked by clk_core). Large setup violations at the end of those stages might be difficult to fix during the post-placement implementation flow and could be the result of non-optimal XDC constraints or non-optimal design architecture
Related violations: <none>

TIMING-16#37 Warning
Large setup violation  
There is a large setup violation of -3.364 ns between swervolf/rvtop/veer/ifu/aln/bundle1ff/dout_reg[4]/C (clocked by clk_core) and swervolf/rvtop/mem/icache.icm/ic_data_inst/PACKED_1.BANKS_WAY[0].ECC0.size_256.WAYS.ic_bank_sb_way_data/ram_core_reg_0_255_134_134/RAMS64E_A/ADR0 (clocked by clk_core). Large setup violations at the end of those stages might be difficult to fix during the post-placement implementation flow and could be the result of non-optimal XDC constraints or non-optimal design architecture
Related violations: <none>

TIMING-16#38 Warning
Large setup violation  
There is a large setup violation of -3.364 ns between swervolf/rvtop/veer/ifu/aln/bundle1ff/dout_reg[4]/C (clocked by clk_core) and swervolf/rvtop/mem/icache.icm/ic_data_inst/PACKED_1.BANKS_WAY[0].ECC0.size_256.WAYS.ic_bank_sb_way_data/ram_core_reg_0_255_134_134/RAMS64E_B/ADR0 (clocked by clk_core). Large setup violations at the end of those stages might be difficult to fix during the post-placement implementation flow and could be the result of non-optimal XDC constraints or non-optimal design architecture
Related violations: <none>

TIMING-16#39 Warning
Large setup violation  
There is a large setup violation of -3.364 ns between swervolf/rvtop/veer/ifu/aln/bundle1ff/dout_reg[4]/C (clocked by clk_core) and swervolf/rvtop/mem/icache.icm/ic_data_inst/PACKED_1.BANKS_WAY[0].ECC0.size_256.WAYS.ic_bank_sb_way_data/ram_core_reg_0_255_134_134/RAMS64E_C/ADR0 (clocked by clk_core). Large setup violations at the end of those stages might be difficult to fix during the post-placement implementation flow and could be the result of non-optimal XDC constraints or non-optimal design architecture
Related violations: <none>

TIMING-16#40 Warning
Large setup violation  
There is a large setup violation of -3.364 ns between swervolf/rvtop/veer/ifu/aln/bundle1ff/dout_reg[4]/C (clocked by clk_core) and swervolf/rvtop/mem/icache.icm/ic_data_inst/PACKED_1.BANKS_WAY[0].ECC0.size_256.WAYS.ic_bank_sb_way_data/ram_core_reg_0_255_134_134/RAMS64E_D/ADR0 (clocked by clk_core). Large setup violations at the end of those stages might be difficult to fix during the post-placement implementation flow and could be the result of non-optimal XDC constraints or non-optimal design architecture
Related violations: <none>

TIMING-16#41 Warning
Large setup violation  
There is a large setup violation of -3.367 ns between swervolf/rvtop/veer/ifu/aln/bundle1ff/dout_reg[4]/C (clocked by clk_core) and swervolf/rvtop/mem/icache.icm/ic_data_inst/PACKED_1.BANKS_WAY[0].ECC0.size_256.WAYS.ic_bank_sb_way_data/ram_core_reg_0_255_108_108/RAMS64E_A/ADR0 (clocked by clk_core). Large setup violations at the end of those stages might be difficult to fix during the post-placement implementation flow and could be the result of non-optimal XDC constraints or non-optimal design architecture
Related violations: <none>

TIMING-16#42 Warning
Large setup violation  
There is a large setup violation of -3.367 ns between swervolf/rvtop/veer/ifu/aln/bundle1ff/dout_reg[4]/C (clocked by clk_core) and swervolf/rvtop/mem/icache.icm/ic_data_inst/PACKED_1.BANKS_WAY[0].ECC0.size_256.WAYS.ic_bank_sb_way_data/ram_core_reg_0_255_108_108/RAMS64E_B/ADR0 (clocked by clk_core). Large setup violations at the end of those stages might be difficult to fix during the post-placement implementation flow and could be the result of non-optimal XDC constraints or non-optimal design architecture
Related violations: <none>

TIMING-16#43 Warning
Large setup violation  
There is a large setup violation of -3.367 ns between swervolf/rvtop/veer/ifu/aln/bundle1ff/dout_reg[4]/C (clocked by clk_core) and swervolf/rvtop/mem/icache.icm/ic_data_inst/PACKED_1.BANKS_WAY[0].ECC0.size_256.WAYS.ic_bank_sb_way_data/ram_core_reg_0_255_108_108/RAMS64E_C/ADR0 (clocked by clk_core). Large setup violations at the end of those stages might be difficult to fix during the post-placement implementation flow and could be the result of non-optimal XDC constraints or non-optimal design architecture
Related violations: <none>

TIMING-16#44 Warning
Large setup violation  
There is a large setup violation of -3.367 ns between swervolf/rvtop/veer/ifu/aln/bundle1ff/dout_reg[4]/C (clocked by clk_core) and swervolf/rvtop/mem/icache.icm/ic_data_inst/PACKED_1.BANKS_WAY[0].ECC0.size_256.WAYS.ic_bank_sb_way_data/ram_core_reg_0_255_108_108/RAMS64E_D/ADR0 (clocked by clk_core). Large setup violations at the end of those stages might be difficult to fix during the post-placement implementation flow and could be the result of non-optimal XDC constraints or non-optimal design architecture
Related violations: <none>

TIMING-16#45 Warning
Large setup violation  
There is a large setup violation of -3.388 ns between swervolf/rvtop/veer/ifu/aln/bundle1ff/dout_reg[4]/C (clocked by clk_core) and swervolf/rvtop/mem/icache.icm/ic_data_inst/PACKED_1.BANKS_WAY[0].ECC0.size_256.WAYS.ic_bank_sb_way_data/ram_core_reg_0_255_109_109/RAMS64E_A/ADR0 (clocked by clk_core). Large setup violations at the end of those stages might be difficult to fix during the post-placement implementation flow and could be the result of non-optimal XDC constraints or non-optimal design architecture
Related violations: <none>

TIMING-16#46 Warning
Large setup violation  
There is a large setup violation of -3.388 ns between swervolf/rvtop/veer/ifu/aln/bundle1ff/dout_reg[4]/C (clocked by clk_core) and swervolf/rvtop/mem/icache.icm/ic_data_inst/PACKED_1.BANKS_WAY[0].ECC0.size_256.WAYS.ic_bank_sb_way_data/ram_core_reg_0_255_109_109/RAMS64E_B/ADR0 (clocked by clk_core). Large setup violations at the end of those stages might be difficult to fix during the post-placement implementation flow and could be the result of non-optimal XDC constraints or non-optimal design architecture
Related violations: <none>

TIMING-16#47 Warning
Large setup violation  
There is a large setup violation of -3.388 ns between swervolf/rvtop/veer/ifu/aln/bundle1ff/dout_reg[4]/C (clocked by clk_core) and swervolf/rvtop/mem/icache.icm/ic_data_inst/PACKED_1.BANKS_WAY[0].ECC0.size_256.WAYS.ic_bank_sb_way_data/ram_core_reg_0_255_109_109/RAMS64E_C/ADR0 (clocked by clk_core). Large setup violations at the end of those stages might be difficult to fix during the post-placement implementation flow and could be the result of non-optimal XDC constraints or non-optimal design architecture
Related violations: <none>

TIMING-16#48 Warning
Large setup violation  
There is a large setup violation of -3.388 ns between swervolf/rvtop/veer/ifu/aln/bundle1ff/dout_reg[4]/C (clocked by clk_core) and swervolf/rvtop/mem/icache.icm/ic_data_inst/PACKED_1.BANKS_WAY[0].ECC0.size_256.WAYS.ic_bank_sb_way_data/ram_core_reg_0_255_109_109/RAMS64E_D/ADR0 (clocked by clk_core). Large setup violations at the end of those stages might be difficult to fix during the post-placement implementation flow and could be the result of non-optimal XDC constraints or non-optimal design architecture
Related violations: <none>

TIMING-16#49 Warning
Large setup violation  
There is a large setup violation of -3.394 ns between swervolf/rvtop/veer/ifu/aln/bundle1ff/dout_reg[4]/C (clocked by clk_core) and swervolf/rvtop/mem/icache.icm/ic_data_inst/PACKED_1.BANKS_WAY[0].ECC0.size_256.WAYS.ic_bank_sb_way_data/ram_core_reg_0_255_121_121/RAMS64E_A/ADR0 (clocked by clk_core). Large setup violations at the end of those stages might be difficult to fix during the post-placement implementation flow and could be the result of non-optimal XDC constraints or non-optimal design architecture
Related violations: <none>

TIMING-16#50 Warning
Large setup violation  
There is a large setup violation of -3.394 ns between swervolf/rvtop/veer/ifu/aln/bundle1ff/dout_reg[4]/C (clocked by clk_core) and swervolf/rvtop/mem/icache.icm/ic_data_inst/PACKED_1.BANKS_WAY[0].ECC0.size_256.WAYS.ic_bank_sb_way_data/ram_core_reg_0_255_121_121/RAMS64E_B/ADR0 (clocked by clk_core). Large setup violations at the end of those stages might be difficult to fix during the post-placement implementation flow and could be the result of non-optimal XDC constraints or non-optimal design architecture
Related violations: <none>

TIMING-16#51 Warning
Large setup violation  
There is a large setup violation of -3.394 ns between swervolf/rvtop/veer/ifu/aln/bundle1ff/dout_reg[4]/C (clocked by clk_core) and swervolf/rvtop/mem/icache.icm/ic_data_inst/PACKED_1.BANKS_WAY[0].ECC0.size_256.WAYS.ic_bank_sb_way_data/ram_core_reg_0_255_121_121/RAMS64E_C/ADR0 (clocked by clk_core). Large setup violations at the end of those stages might be difficult to fix during the post-placement implementation flow and could be the result of non-optimal XDC constraints or non-optimal design architecture
Related violations: <none>

TIMING-16#52 Warning
Large setup violation  
There is a large setup violation of -3.394 ns between swervolf/rvtop/veer/ifu/aln/bundle1ff/dout_reg[4]/C (clocked by clk_core) and swervolf/rvtop/mem/icache.icm/ic_data_inst/PACKED_1.BANKS_WAY[0].ECC0.size_256.WAYS.ic_bank_sb_way_data/ram_core_reg_0_255_121_121/RAMS64E_D/ADR0 (clocked by clk_core). Large setup violations at the end of those stages might be difficult to fix during the post-placement implementation flow and could be the result of non-optimal XDC constraints or non-optimal design architecture
Related violations: <none>

TIMING-16#53 Warning
Large setup violation  
There is a large setup violation of -3.411 ns between swervolf/rvtop/veer/ifu/aln/bundle1ff/dout_reg[4]/C (clocked by clk_core) and swervolf/rvtop/mem/icache.icm/ic_data_inst/PACKED_1.BANKS_WAY[0].ECC0.size_256.WAYS.ic_bank_sb_way_data/ram_core_reg_0_255_112_112/RAMS64E_A/ADR0 (clocked by clk_core). Large setup violations at the end of those stages might be difficult to fix during the post-placement implementation flow and could be the result of non-optimal XDC constraints or non-optimal design architecture
Related violations: <none>

TIMING-16#54 Warning
Large setup violation  
There is a large setup violation of -3.411 ns between swervolf/rvtop/veer/ifu/aln/bundle1ff/dout_reg[4]/C (clocked by clk_core) and swervolf/rvtop/mem/icache.icm/ic_data_inst/PACKED_1.BANKS_WAY[0].ECC0.size_256.WAYS.ic_bank_sb_way_data/ram_core_reg_0_255_112_112/RAMS64E_B/ADR0 (clocked by clk_core). Large setup violations at the end of those stages might be difficult to fix during the post-placement implementation flow and could be the result of non-optimal XDC constraints or non-optimal design architecture
Related violations: <none>

TIMING-16#55 Warning
Large setup violation  
There is a large setup violation of -3.411 ns between swervolf/rvtop/veer/ifu/aln/bundle1ff/dout_reg[4]/C (clocked by clk_core) and swervolf/rvtop/mem/icache.icm/ic_data_inst/PACKED_1.BANKS_WAY[0].ECC0.size_256.WAYS.ic_bank_sb_way_data/ram_core_reg_0_255_112_112/RAMS64E_C/ADR0 (clocked by clk_core). Large setup violations at the end of those stages might be difficult to fix during the post-placement implementation flow and could be the result of non-optimal XDC constraints or non-optimal design architecture
Related violations: <none>

TIMING-16#56 Warning
Large setup violation  
There is a large setup violation of -3.411 ns between swervolf/rvtop/veer/ifu/aln/bundle1ff/dout_reg[4]/C (clocked by clk_core) and swervolf/rvtop/mem/icache.icm/ic_data_inst/PACKED_1.BANKS_WAY[0].ECC0.size_256.WAYS.ic_bank_sb_way_data/ram_core_reg_0_255_112_112/RAMS64E_D/ADR0 (clocked by clk_core). Large setup violations at the end of those stages might be difficult to fix during the post-placement implementation flow and could be the result of non-optimal XDC constraints or non-optimal design architecture
Related violations: <none>

TIMING-16#57 Warning
Large setup violation  
There is a large setup violation of -3.421 ns between swervolf/rvtop/veer/ifu/aln/bundle1ff/dout_reg[4]/C (clocked by clk_core) and swervolf/rvtop/mem/icache.icm/ic_data_inst/PACKED_1.BANKS_WAY[0].ECC0.size_256.WAYS.ic_bank_sb_way_data/ram_core_reg_0_255_125_125/RAMS64E_A/ADR0 (clocked by clk_core). Large setup violations at the end of those stages might be difficult to fix during the post-placement implementation flow and could be the result of non-optimal XDC constraints or non-optimal design architecture
Related violations: <none>

TIMING-16#58 Warning
Large setup violation  
There is a large setup violation of -3.421 ns between swervolf/rvtop/veer/ifu/aln/bundle1ff/dout_reg[4]/C (clocked by clk_core) and swervolf/rvtop/mem/icache.icm/ic_data_inst/PACKED_1.BANKS_WAY[0].ECC0.size_256.WAYS.ic_bank_sb_way_data/ram_core_reg_0_255_125_125/RAMS64E_B/ADR0 (clocked by clk_core). Large setup violations at the end of those stages might be difficult to fix during the post-placement implementation flow and could be the result of non-optimal XDC constraints or non-optimal design architecture
Related violations: <none>

TIMING-16#59 Warning
Large setup violation  
There is a large setup violation of -3.421 ns between swervolf/rvtop/veer/ifu/aln/bundle1ff/dout_reg[4]/C (clocked by clk_core) and swervolf/rvtop/mem/icache.icm/ic_data_inst/PACKED_1.BANKS_WAY[0].ECC0.size_256.WAYS.ic_bank_sb_way_data/ram_core_reg_0_255_125_125/RAMS64E_C/ADR0 (clocked by clk_core). Large setup violations at the end of those stages might be difficult to fix during the post-placement implementation flow and could be the result of non-optimal XDC constraints or non-optimal design architecture
Related violations: <none>

TIMING-16#60 Warning
Large setup violation  
There is a large setup violation of -3.421 ns between swervolf/rvtop/veer/ifu/aln/bundle1ff/dout_reg[4]/C (clocked by clk_core) and swervolf/rvtop/mem/icache.icm/ic_data_inst/PACKED_1.BANKS_WAY[0].ECC0.size_256.WAYS.ic_bank_sb_way_data/ram_core_reg_0_255_125_125/RAMS64E_D/ADR0 (clocked by clk_core). Large setup violations at the end of those stages might be difficult to fix during the post-placement implementation flow and could be the result of non-optimal XDC constraints or non-optimal design architecture
Related violations: <none>

TIMING-16#61 Warning
Large setup violation  
There is a large setup violation of -3.443 ns between swervolf/rvtop/veer/ifu/aln/bundle1ff/dout_reg[4]/C (clocked by clk_core) and swervolf/rvtop/mem/icache.icm/ic_data_inst/PACKED_1.BANKS_WAY[0].ECC0.size_256.WAYS.ic_bank_sb_way_data/ram_core_reg_0_255_128_128/RAMS64E_A/ADR0 (clocked by clk_core). Large setup violations at the end of those stages might be difficult to fix during the post-placement implementation flow and could be the result of non-optimal XDC constraints or non-optimal design architecture
Related violations: <none>

TIMING-16#62 Warning
Large setup violation  
There is a large setup violation of -3.443 ns between swervolf/rvtop/veer/ifu/aln/bundle1ff/dout_reg[4]/C (clocked by clk_core) and swervolf/rvtop/mem/icache.icm/ic_data_inst/PACKED_1.BANKS_WAY[0].ECC0.size_256.WAYS.ic_bank_sb_way_data/ram_core_reg_0_255_128_128/RAMS64E_B/ADR0 (clocked by clk_core). Large setup violations at the end of those stages might be difficult to fix during the post-placement implementation flow and could be the result of non-optimal XDC constraints or non-optimal design architecture
Related violations: <none>

TIMING-16#63 Warning
Large setup violation  
There is a large setup violation of -3.443 ns between swervolf/rvtop/veer/ifu/aln/bundle1ff/dout_reg[4]/C (clocked by clk_core) and swervolf/rvtop/mem/icache.icm/ic_data_inst/PACKED_1.BANKS_WAY[0].ECC0.size_256.WAYS.ic_bank_sb_way_data/ram_core_reg_0_255_128_128/RAMS64E_C/ADR0 (clocked by clk_core). Large setup violations at the end of those stages might be difficult to fix during the post-placement implementation flow and could be the result of non-optimal XDC constraints or non-optimal design architecture
Related violations: <none>

TIMING-16#64 Warning
Large setup violation  
There is a large setup violation of -3.443 ns between swervolf/rvtop/veer/ifu/aln/bundle1ff/dout_reg[4]/C (clocked by clk_core) and swervolf/rvtop/mem/icache.icm/ic_data_inst/PACKED_1.BANKS_WAY[0].ECC0.size_256.WAYS.ic_bank_sb_way_data/ram_core_reg_0_255_128_128/RAMS64E_D/ADR0 (clocked by clk_core). Large setup violations at the end of those stages might be difficult to fix during the post-placement implementation flow and could be the result of non-optimal XDC constraints or non-optimal design architecture
Related violations: <none>

TIMING-16#65 Warning
Large setup violation  
There is a large setup violation of -3.446 ns between swervolf/rvtop/veer/ifu/aln/bundle1ff/dout_reg[4]/C (clocked by clk_core) and swervolf/rvtop/mem/icache.icm/ic_data_inst/PACKED_1.BANKS_WAY[0].ECC0.size_256.WAYS.ic_bank_sb_way_data/ram_core_reg_0_255_107_107/RAMS64E_A/ADR0 (clocked by clk_core). Large setup violations at the end of those stages might be difficult to fix during the post-placement implementation flow and could be the result of non-optimal XDC constraints or non-optimal design architecture
Related violations: <none>

TIMING-16#66 Warning
Large setup violation  
There is a large setup violation of -3.446 ns between swervolf/rvtop/veer/ifu/aln/bundle1ff/dout_reg[4]/C (clocked by clk_core) and swervolf/rvtop/mem/icache.icm/ic_data_inst/PACKED_1.BANKS_WAY[0].ECC0.size_256.WAYS.ic_bank_sb_way_data/ram_core_reg_0_255_107_107/RAMS64E_B/ADR0 (clocked by clk_core). Large setup violations at the end of those stages might be difficult to fix during the post-placement implementation flow and could be the result of non-optimal XDC constraints or non-optimal design architecture
Related violations: <none>

TIMING-16#67 Warning
Large setup violation  
There is a large setup violation of -3.446 ns between swervolf/rvtop/veer/ifu/aln/bundle1ff/dout_reg[4]/C (clocked by clk_core) and swervolf/rvtop/mem/icache.icm/ic_data_inst/PACKED_1.BANKS_WAY[0].ECC0.size_256.WAYS.ic_bank_sb_way_data/ram_core_reg_0_255_107_107/RAMS64E_C/ADR0 (clocked by clk_core). Large setup violations at the end of those stages might be difficult to fix during the post-placement implementation flow and could be the result of non-optimal XDC constraints or non-optimal design architecture
Related violations: <none>

TIMING-16#68 Warning
Large setup violation  
There is a large setup violation of -3.446 ns between swervolf/rvtop/veer/ifu/aln/bundle1ff/dout_reg[4]/C (clocked by clk_core) and swervolf/rvtop/mem/icache.icm/ic_data_inst/PACKED_1.BANKS_WAY[0].ECC0.size_256.WAYS.ic_bank_sb_way_data/ram_core_reg_0_255_107_107/RAMS64E_D/ADR0 (clocked by clk_core). Large setup violations at the end of those stages might be difficult to fix during the post-placement implementation flow and could be the result of non-optimal XDC constraints or non-optimal design architecture
Related violations: <none>

TIMING-16#69 Warning
Large setup violation  
There is a large setup violation of -3.467 ns between swervolf/rvtop/veer/ifu/aln/bundle1ff/dout_reg[4]/C (clocked by clk_core) and swervolf/rvtop/mem/icache.icm/ic_data_inst/PACKED_1.BANKS_WAY[0].ECC0.size_256.WAYS.ic_bank_sb_way_data/ram_core_reg_0_255_118_118/RAMS64E_A/ADR0 (clocked by clk_core). Large setup violations at the end of those stages might be difficult to fix during the post-placement implementation flow and could be the result of non-optimal XDC constraints or non-optimal design architecture
Related violations: <none>

TIMING-16#70 Warning
Large setup violation  
There is a large setup violation of -3.467 ns between swervolf/rvtop/veer/ifu/aln/bundle1ff/dout_reg[4]/C (clocked by clk_core) and swervolf/rvtop/mem/icache.icm/ic_data_inst/PACKED_1.BANKS_WAY[0].ECC0.size_256.WAYS.ic_bank_sb_way_data/ram_core_reg_0_255_118_118/RAMS64E_B/ADR0 (clocked by clk_core). Large setup violations at the end of those stages might be difficult to fix during the post-placement implementation flow and could be the result of non-optimal XDC constraints or non-optimal design architecture
Related violations: <none>

TIMING-16#71 Warning
Large setup violation  
There is a large setup violation of -3.467 ns between swervolf/rvtop/veer/ifu/aln/bundle1ff/dout_reg[4]/C (clocked by clk_core) and swervolf/rvtop/mem/icache.icm/ic_data_inst/PACKED_1.BANKS_WAY[0].ECC0.size_256.WAYS.ic_bank_sb_way_data/ram_core_reg_0_255_118_118/RAMS64E_C/ADR0 (clocked by clk_core). Large setup violations at the end of those stages might be difficult to fix during the post-placement implementation flow and could be the result of non-optimal XDC constraints or non-optimal design architecture
Related violations: <none>

TIMING-16#72 Warning
Large setup violation  
There is a large setup violation of -3.467 ns between swervolf/rvtop/veer/ifu/aln/bundle1ff/dout_reg[4]/C (clocked by clk_core) and swervolf/rvtop/mem/icache.icm/ic_data_inst/PACKED_1.BANKS_WAY[0].ECC0.size_256.WAYS.ic_bank_sb_way_data/ram_core_reg_0_255_118_118/RAMS64E_D/ADR0 (clocked by clk_core). Large setup violations at the end of those stages might be difficult to fix during the post-placement implementation flow and could be the result of non-optimal XDC constraints or non-optimal design architecture
Related violations: <none>

TIMING-16#73 Warning
Large setup violation  
There is a large setup violation of -3.476 ns between swervolf/rvtop/veer/ifu/aln/bundle1ff/dout_reg[4]/C (clocked by clk_core) and swervolf/rvtop/mem/icache.icm/ic_data_inst/PACKED_1.BANKS_WAY[0].ECC0.size_256.WAYS.ic_bank_sb_way_data/ram_core_reg_0_255_117_117/RAMS64E_A/ADR0 (clocked by clk_core). Large setup violations at the end of those stages might be difficult to fix during the post-placement implementation flow and could be the result of non-optimal XDC constraints or non-optimal design architecture
Related violations: <none>

TIMING-16#74 Warning
Large setup violation  
There is a large setup violation of -3.476 ns between swervolf/rvtop/veer/ifu/aln/bundle1ff/dout_reg[4]/C (clocked by clk_core) and swervolf/rvtop/mem/icache.icm/ic_data_inst/PACKED_1.BANKS_WAY[0].ECC0.size_256.WAYS.ic_bank_sb_way_data/ram_core_reg_0_255_117_117/RAMS64E_B/ADR0 (clocked by clk_core). Large setup violations at the end of those stages might be difficult to fix during the post-placement implementation flow and could be the result of non-optimal XDC constraints or non-optimal design architecture
Related violations: <none>

TIMING-16#75 Warning
Large setup violation  
There is a large setup violation of -3.476 ns between swervolf/rvtop/veer/ifu/aln/bundle1ff/dout_reg[4]/C (clocked by clk_core) and swervolf/rvtop/mem/icache.icm/ic_data_inst/PACKED_1.BANKS_WAY[0].ECC0.size_256.WAYS.ic_bank_sb_way_data/ram_core_reg_0_255_117_117/RAMS64E_C/ADR0 (clocked by clk_core). Large setup violations at the end of those stages might be difficult to fix during the post-placement implementation flow and could be the result of non-optimal XDC constraints or non-optimal design architecture
Related violations: <none>

TIMING-16#76 Warning
Large setup violation  
There is a large setup violation of -3.476 ns between swervolf/rvtop/veer/ifu/aln/bundle1ff/dout_reg[4]/C (clocked by clk_core) and swervolf/rvtop/mem/icache.icm/ic_data_inst/PACKED_1.BANKS_WAY[0].ECC0.size_256.WAYS.ic_bank_sb_way_data/ram_core_reg_0_255_117_117/RAMS64E_D/ADR0 (clocked by clk_core). Large setup violations at the end of those stages might be difficult to fix during the post-placement implementation flow and could be the result of non-optimal XDC constraints or non-optimal design architecture
Related violations: <none>

TIMING-16#77 Warning
Large setup violation  
There is a large setup violation of -3.497 ns between swervolf/rvtop/veer/ifu/aln/bundle1ff/dout_reg[4]/C (clocked by clk_core) and swervolf/rvtop/mem/icache.icm/ic_data_inst/PACKED_1.BANKS_WAY[0].ECC0.size_256.WAYS.ic_bank_sb_way_data/ram_core_reg_0_255_100_100/RAMS64E_A/ADR0 (clocked by clk_core). Large setup violations at the end of those stages might be difficult to fix during the post-placement implementation flow and could be the result of non-optimal XDC constraints or non-optimal design architecture
Related violations: <none>

TIMING-16#78 Warning
Large setup violation  
There is a large setup violation of -3.497 ns between swervolf/rvtop/veer/ifu/aln/bundle1ff/dout_reg[4]/C (clocked by clk_core) and swervolf/rvtop/mem/icache.icm/ic_data_inst/PACKED_1.BANKS_WAY[0].ECC0.size_256.WAYS.ic_bank_sb_way_data/ram_core_reg_0_255_100_100/RAMS64E_B/ADR0 (clocked by clk_core). Large setup violations at the end of those stages might be difficult to fix during the post-placement implementation flow and could be the result of non-optimal XDC constraints or non-optimal design architecture
Related violations: <none>

TIMING-16#79 Warning
Large setup violation  
There is a large setup violation of -3.497 ns between swervolf/rvtop/veer/ifu/aln/bundle1ff/dout_reg[4]/C (clocked by clk_core) and swervolf/rvtop/mem/icache.icm/ic_data_inst/PACKED_1.BANKS_WAY[0].ECC0.size_256.WAYS.ic_bank_sb_way_data/ram_core_reg_0_255_100_100/RAMS64E_C/ADR0 (clocked by clk_core). Large setup violations at the end of those stages might be difficult to fix during the post-placement implementation flow and could be the result of non-optimal XDC constraints or non-optimal design architecture
Related violations: <none>

TIMING-16#80 Warning
Large setup violation  
There is a large setup violation of -3.497 ns between swervolf/rvtop/veer/ifu/aln/bundle1ff/dout_reg[4]/C (clocked by clk_core) and swervolf/rvtop/mem/icache.icm/ic_data_inst/PACKED_1.BANKS_WAY[0].ECC0.size_256.WAYS.ic_bank_sb_way_data/ram_core_reg_0_255_100_100/RAMS64E_D/ADR0 (clocked by clk_core). Large setup violations at the end of those stages might be difficult to fix during the post-placement implementation flow and could be the result of non-optimal XDC constraints or non-optimal design architecture
Related violations: <none>

TIMING-16#81 Warning
Large setup violation  
There is a large setup violation of -3.522 ns between swervolf/rvtop/veer/ifu/aln/bundle1ff/dout_reg[4]/C (clocked by clk_core) and swervolf/rvtop/mem/icache.icm/ic_data_inst/PACKED_1.BANKS_WAY[0].ECC0.size_256.WAYS.ic_bank_sb_way_data/ram_core_reg_0_255_111_111/RAMS64E_A/ADR0 (clocked by clk_core). Large setup violations at the end of those stages might be difficult to fix during the post-placement implementation flow and could be the result of non-optimal XDC constraints or non-optimal design architecture
Related violations: <none>

TIMING-16#82 Warning
Large setup violation  
There is a large setup violation of -3.522 ns between swervolf/rvtop/veer/ifu/aln/bundle1ff/dout_reg[4]/C (clocked by clk_core) and swervolf/rvtop/mem/icache.icm/ic_data_inst/PACKED_1.BANKS_WAY[0].ECC0.size_256.WAYS.ic_bank_sb_way_data/ram_core_reg_0_255_111_111/RAMS64E_B/ADR0 (clocked by clk_core). Large setup violations at the end of those stages might be difficult to fix during the post-placement implementation flow and could be the result of non-optimal XDC constraints or non-optimal design architecture
Related violations: <none>

TIMING-16#83 Warning
Large setup violation  
There is a large setup violation of -3.522 ns between swervolf/rvtop/veer/ifu/aln/bundle1ff/dout_reg[4]/C (clocked by clk_core) and swervolf/rvtop/mem/icache.icm/ic_data_inst/PACKED_1.BANKS_WAY[0].ECC0.size_256.WAYS.ic_bank_sb_way_data/ram_core_reg_0_255_111_111/RAMS64E_C/ADR0 (clocked by clk_core). Large setup violations at the end of those stages might be difficult to fix during the post-placement implementation flow and could be the result of non-optimal XDC constraints or non-optimal design architecture
Related violations: <none>

TIMING-16#84 Warning
Large setup violation  
There is a large setup violation of -3.522 ns between swervolf/rvtop/veer/ifu/aln/bundle1ff/dout_reg[4]/C (clocked by clk_core) and swervolf/rvtop/mem/icache.icm/ic_data_inst/PACKED_1.BANKS_WAY[0].ECC0.size_256.WAYS.ic_bank_sb_way_data/ram_core_reg_0_255_111_111/RAMS64E_D/ADR0 (clocked by clk_core). Large setup violations at the end of those stages might be difficult to fix during the post-placement implementation flow and could be the result of non-optimal XDC constraints or non-optimal design architecture
Related violations: <none>

TIMING-16#85 Warning
Large setup violation  
There is a large setup violation of -3.535 ns between swervolf/rvtop/veer/ifu/aln/bundle1ff/dout_reg[4]/C (clocked by clk_core) and swervolf/rvtop/mem/icache.icm/ic_data_inst/PACKED_1.BANKS_WAY[0].ECC0.size_256.WAYS.ic_bank_sb_way_data/ram_core_reg_0_255_102_102/RAMS64E_A/ADR1 (clocked by clk_core). Large setup violations at the end of those stages might be difficult to fix during the post-placement implementation flow and could be the result of non-optimal XDC constraints or non-optimal design architecture
Related violations: <none>

TIMING-16#86 Warning
Large setup violation  
There is a large setup violation of -3.535 ns between swervolf/rvtop/veer/ifu/aln/bundle1ff/dout_reg[4]/C (clocked by clk_core) and swervolf/rvtop/mem/icache.icm/ic_data_inst/PACKED_1.BANKS_WAY[0].ECC0.size_256.WAYS.ic_bank_sb_way_data/ram_core_reg_0_255_102_102/RAMS64E_B/ADR1 (clocked by clk_core). Large setup violations at the end of those stages might be difficult to fix during the post-placement implementation flow and could be the result of non-optimal XDC constraints or non-optimal design architecture
Related violations: <none>

TIMING-16#87 Warning
Large setup violation  
There is a large setup violation of -3.535 ns between swervolf/rvtop/veer/ifu/aln/bundle1ff/dout_reg[4]/C (clocked by clk_core) and swervolf/rvtop/mem/icache.icm/ic_data_inst/PACKED_1.BANKS_WAY[0].ECC0.size_256.WAYS.ic_bank_sb_way_data/ram_core_reg_0_255_102_102/RAMS64E_C/ADR1 (clocked by clk_core). Large setup violations at the end of those stages might be difficult to fix during the post-placement implementation flow and could be the result of non-optimal XDC constraints or non-optimal design architecture
Related violations: <none>

TIMING-16#88 Warning
Large setup violation  
There is a large setup violation of -3.535 ns between swervolf/rvtop/veer/ifu/aln/bundle1ff/dout_reg[4]/C (clocked by clk_core) and swervolf/rvtop/mem/icache.icm/ic_data_inst/PACKED_1.BANKS_WAY[0].ECC0.size_256.WAYS.ic_bank_sb_way_data/ram_core_reg_0_255_102_102/RAMS64E_D/ADR1 (clocked by clk_core). Large setup violations at the end of those stages might be difficult to fix during the post-placement implementation flow and could be the result of non-optimal XDC constraints or non-optimal design architecture
Related violations: <none>

TIMING-16#89 Warning
Large setup violation  
There is a large setup violation of -3.537 ns between swervolf/rvtop/veer/ifu/aln/bundle1ff/dout_reg[4]/C (clocked by clk_core) and swervolf/rvtop/mem/icache.icm/ic_data_inst/PACKED_1.BANKS_WAY[0].ECC0.size_256.WAYS.ic_bank_sb_way_data/ram_core_reg_0_255_110_110/RAMS64E_A/ADR0 (clocked by clk_core). Large setup violations at the end of those stages might be difficult to fix during the post-placement implementation flow and could be the result of non-optimal XDC constraints or non-optimal design architecture
Related violations: <none>

TIMING-16#90 Warning
Large setup violation  
There is a large setup violation of -3.537 ns between swervolf/rvtop/veer/ifu/aln/bundle1ff/dout_reg[4]/C (clocked by clk_core) and swervolf/rvtop/mem/icache.icm/ic_data_inst/PACKED_1.BANKS_WAY[0].ECC0.size_256.WAYS.ic_bank_sb_way_data/ram_core_reg_0_255_110_110/RAMS64E_B/ADR0 (clocked by clk_core). Large setup violations at the end of those stages might be difficult to fix during the post-placement implementation flow and could be the result of non-optimal XDC constraints or non-optimal design architecture
Related violations: <none>

TIMING-16#91 Warning
Large setup violation  
There is a large setup violation of -3.537 ns between swervolf/rvtop/veer/ifu/aln/bundle1ff/dout_reg[4]/C (clocked by clk_core) and swervolf/rvtop/mem/icache.icm/ic_data_inst/PACKED_1.BANKS_WAY[0].ECC0.size_256.WAYS.ic_bank_sb_way_data/ram_core_reg_0_255_110_110/RAMS64E_C/ADR0 (clocked by clk_core). Large setup violations at the end of those stages might be difficult to fix during the post-placement implementation flow and could be the result of non-optimal XDC constraints or non-optimal design architecture
Related violations: <none>

TIMING-16#92 Warning
Large setup violation  
There is a large setup violation of -3.537 ns between swervolf/rvtop/veer/ifu/aln/bundle1ff/dout_reg[4]/C (clocked by clk_core) and swervolf/rvtop/mem/icache.icm/ic_data_inst/PACKED_1.BANKS_WAY[0].ECC0.size_256.WAYS.ic_bank_sb_way_data/ram_core_reg_0_255_110_110/RAMS64E_D/ADR0 (clocked by clk_core). Large setup violations at the end of those stages might be difficult to fix during the post-placement implementation flow and could be the result of non-optimal XDC constraints or non-optimal design architecture
Related violations: <none>

TIMING-16#93 Warning
Large setup violation  
There is a large setup violation of -3.551 ns between swervolf/rvtop/veer/ifu/aln/bundle1ff/dout_reg[4]/C (clocked by clk_core) and swervolf/rvtop/mem/icache.icm/ic_data_inst/PACKED_1.BANKS_WAY[0].ECC0.size_256.WAYS.ic_bank_sb_way_data/ram_core_reg_0_255_114_114/RAMS64E_A/ADR0 (clocked by clk_core). Large setup violations at the end of those stages might be difficult to fix during the post-placement implementation flow and could be the result of non-optimal XDC constraints or non-optimal design architecture
Related violations: <none>

TIMING-16#94 Warning
Large setup violation  
There is a large setup violation of -3.551 ns between swervolf/rvtop/veer/ifu/aln/bundle1ff/dout_reg[4]/C (clocked by clk_core) and swervolf/rvtop/mem/icache.icm/ic_data_inst/PACKED_1.BANKS_WAY[0].ECC0.size_256.WAYS.ic_bank_sb_way_data/ram_core_reg_0_255_114_114/RAMS64E_B/ADR0 (clocked by clk_core). Large setup violations at the end of those stages might be difficult to fix during the post-placement implementation flow and could be the result of non-optimal XDC constraints or non-optimal design architecture
Related violations: <none>

TIMING-16#95 Warning
Large setup violation  
There is a large setup violation of -3.551 ns between swervolf/rvtop/veer/ifu/aln/bundle1ff/dout_reg[4]/C (clocked by clk_core) and swervolf/rvtop/mem/icache.icm/ic_data_inst/PACKED_1.BANKS_WAY[0].ECC0.size_256.WAYS.ic_bank_sb_way_data/ram_core_reg_0_255_114_114/RAMS64E_C/ADR0 (clocked by clk_core). Large setup violations at the end of those stages might be difficult to fix during the post-placement implementation flow and could be the result of non-optimal XDC constraints or non-optimal design architecture
Related violations: <none>

TIMING-16#96 Warning
Large setup violation  
There is a large setup violation of -3.551 ns between swervolf/rvtop/veer/ifu/aln/bundle1ff/dout_reg[4]/C (clocked by clk_core) and swervolf/rvtop/mem/icache.icm/ic_data_inst/PACKED_1.BANKS_WAY[0].ECC0.size_256.WAYS.ic_bank_sb_way_data/ram_core_reg_0_255_114_114/RAMS64E_D/ADR0 (clocked by clk_core). Large setup violations at the end of those stages might be difficult to fix during the post-placement implementation flow and could be the result of non-optimal XDC constraints or non-optimal design architecture
Related violations: <none>

TIMING-16#97 Warning
Large setup violation  
There is a large setup violation of -3.567 ns between swervolf/rvtop/veer/ifu/aln/bundle1ff/dout_reg[4]/C (clocked by clk_core) and swervolf/rvtop/mem/icache.icm/ic_data_inst/PACKED_1.BANKS_WAY[0].ECC0.size_256.WAYS.ic_bank_sb_way_data/ram_core_reg_0_255_131_131/RAMS64E_A/ADR0 (clocked by clk_core). Large setup violations at the end of those stages might be difficult to fix during the post-placement implementation flow and could be the result of non-optimal XDC constraints or non-optimal design architecture
Related violations: <none>

TIMING-16#98 Warning
Large setup violation  
There is a large setup violation of -3.567 ns between swervolf/rvtop/veer/ifu/aln/bundle1ff/dout_reg[4]/C (clocked by clk_core) and swervolf/rvtop/mem/icache.icm/ic_data_inst/PACKED_1.BANKS_WAY[0].ECC0.size_256.WAYS.ic_bank_sb_way_data/ram_core_reg_0_255_131_131/RAMS64E_B/ADR0 (clocked by clk_core). Large setup violations at the end of those stages might be difficult to fix during the post-placement implementation flow and could be the result of non-optimal XDC constraints or non-optimal design architecture
Related violations: <none>

TIMING-16#99 Warning
Large setup violation  
There is a large setup violation of -3.567 ns between swervolf/rvtop/veer/ifu/aln/bundle1ff/dout_reg[4]/C (clocked by clk_core) and swervolf/rvtop/mem/icache.icm/ic_data_inst/PACKED_1.BANKS_WAY[0].ECC0.size_256.WAYS.ic_bank_sb_way_data/ram_core_reg_0_255_131_131/RAMS64E_C/ADR0 (clocked by clk_core). Large setup violations at the end of those stages might be difficult to fix during the post-placement implementation flow and could be the result of non-optimal XDC constraints or non-optimal design architecture
Related violations: <none>

TIMING-16#100 Warning
Large setup violation  
There is a large setup violation of -3.567 ns between swervolf/rvtop/veer/ifu/aln/bundle1ff/dout_reg[4]/C (clocked by clk_core) and swervolf/rvtop/mem/icache.icm/ic_data_inst/PACKED_1.BANKS_WAY[0].ECC0.size_256.WAYS.ic_bank_sb_way_data/ram_core_reg_0_255_131_131/RAMS64E_D/ADR0 (clocked by clk_core). Large setup violations at the end of those stages might be difficult to fix during the post-placement implementation flow and could be the result of non-optimal XDC constraints or non-optimal design architecture
Related violations: <none>

TIMING-16#101 Warning
Large setup violation  
There is a large setup violation of -3.585 ns between swervolf/rvtop/veer/ifu/aln/bundle1ff/dout_reg[4]/C (clocked by clk_core) and swervolf/rvtop/mem/icache.icm/ic_data_inst/PACKED_1.BANKS_WAY[0].ECC0.size_256.WAYS.ic_bank_sb_way_data/ram_core_reg_0_255_125_125/RAMS64E_A/ADR1 (clocked by clk_core). Large setup violations at the end of those stages might be difficult to fix during the post-placement implementation flow and could be the result of non-optimal XDC constraints or non-optimal design architecture
Related violations: <none>

TIMING-16#102 Warning
Large setup violation  
There is a large setup violation of -3.585 ns between swervolf/rvtop/veer/ifu/aln/bundle1ff/dout_reg[4]/C (clocked by clk_core) and swervolf/rvtop/mem/icache.icm/ic_data_inst/PACKED_1.BANKS_WAY[0].ECC0.size_256.WAYS.ic_bank_sb_way_data/ram_core_reg_0_255_125_125/RAMS64E_B/ADR1 (clocked by clk_core). Large setup violations at the end of those stages might be difficult to fix during the post-placement implementation flow and could be the result of non-optimal XDC constraints or non-optimal design architecture
Related violations: <none>

TIMING-16#103 Warning
Large setup violation  
There is a large setup violation of -3.585 ns between swervolf/rvtop/veer/ifu/aln/bundle1ff/dout_reg[4]/C (clocked by clk_core) and swervolf/rvtop/mem/icache.icm/ic_data_inst/PACKED_1.BANKS_WAY[0].ECC0.size_256.WAYS.ic_bank_sb_way_data/ram_core_reg_0_255_125_125/RAMS64E_C/ADR1 (clocked by clk_core). Large setup violations at the end of those stages might be difficult to fix during the post-placement implementation flow and could be the result of non-optimal XDC constraints or non-optimal design architecture
Related violations: <none>

TIMING-16#104 Warning
Large setup violation  
There is a large setup violation of -3.585 ns between swervolf/rvtop/veer/ifu/aln/bundle1ff/dout_reg[4]/C (clocked by clk_core) and swervolf/rvtop/mem/icache.icm/ic_data_inst/PACKED_1.BANKS_WAY[0].ECC0.size_256.WAYS.ic_bank_sb_way_data/ram_core_reg_0_255_125_125/RAMS64E_D/ADR1 (clocked by clk_core). Large setup violations at the end of those stages might be difficult to fix during the post-placement implementation flow and could be the result of non-optimal XDC constraints or non-optimal design architecture
Related violations: <none>

TIMING-16#105 Warning
Large setup violation  
There is a large setup violation of -3.597 ns between swervolf/rvtop/veer/ifu/aln/bundle1ff/dout_reg[4]/C (clocked by clk_core) and swervolf/rvtop/mem/icache.icm/ic_data_inst/PACKED_1.BANKS_WAY[0].ECC0.size_256.WAYS.ic_bank_sb_way_data/ram_core_reg_0_255_123_123/RAMS64E_A/ADR0 (clocked by clk_core). Large setup violations at the end of those stages might be difficult to fix during the post-placement implementation flow and could be the result of non-optimal XDC constraints or non-optimal design architecture
Related violations: <none>

TIMING-16#106 Warning
Large setup violation  
There is a large setup violation of -3.597 ns between swervolf/rvtop/veer/ifu/aln/bundle1ff/dout_reg[4]/C (clocked by clk_core) and swervolf/rvtop/mem/icache.icm/ic_data_inst/PACKED_1.BANKS_WAY[0].ECC0.size_256.WAYS.ic_bank_sb_way_data/ram_core_reg_0_255_123_123/RAMS64E_B/ADR0 (clocked by clk_core). Large setup violations at the end of those stages might be difficult to fix during the post-placement implementation flow and could be the result of non-optimal XDC constraints or non-optimal design architecture
Related violations: <none>

TIMING-16#107 Warning
Large setup violation  
There is a large setup violation of -3.597 ns between swervolf/rvtop/veer/ifu/aln/bundle1ff/dout_reg[4]/C (clocked by clk_core) and swervolf/rvtop/mem/icache.icm/ic_data_inst/PACKED_1.BANKS_WAY[0].ECC0.size_256.WAYS.ic_bank_sb_way_data/ram_core_reg_0_255_123_123/RAMS64E_C/ADR0 (clocked by clk_core). Large setup violations at the end of those stages might be difficult to fix during the post-placement implementation flow and could be the result of non-optimal XDC constraints or non-optimal design architecture
Related violations: <none>

TIMING-16#108 Warning
Large setup violation  
There is a large setup violation of -3.597 ns between swervolf/rvtop/veer/ifu/aln/bundle1ff/dout_reg[4]/C (clocked by clk_core) and swervolf/rvtop/mem/icache.icm/ic_data_inst/PACKED_1.BANKS_WAY[0].ECC0.size_256.WAYS.ic_bank_sb_way_data/ram_core_reg_0_255_123_123/RAMS64E_D/ADR0 (clocked by clk_core). Large setup violations at the end of those stages might be difficult to fix during the post-placement implementation flow and could be the result of non-optimal XDC constraints or non-optimal design architecture
Related violations: <none>

TIMING-16#109 Warning
Large setup violation  
There is a large setup violation of -3.602 ns between swervolf/rvtop/veer/ifu/aln/bundle1ff/dout_reg[4]/C (clocked by clk_core) and swervolf/rvtop/mem/icache.icm/ic_data_inst/PACKED_1.BANKS_WAY[0].ECC0.size_256.WAYS.ic_bank_sb_way_data/ram_core_reg_0_255_127_127/RAMS64E_A/ADR0 (clocked by clk_core). Large setup violations at the end of those stages might be difficult to fix during the post-placement implementation flow and could be the result of non-optimal XDC constraints or non-optimal design architecture
Related violations: <none>

TIMING-16#110 Warning
Large setup violation  
There is a large setup violation of -3.602 ns between swervolf/rvtop/veer/ifu/aln/bundle1ff/dout_reg[4]/C (clocked by clk_core) and swervolf/rvtop/mem/icache.icm/ic_data_inst/PACKED_1.BANKS_WAY[0].ECC0.size_256.WAYS.ic_bank_sb_way_data/ram_core_reg_0_255_127_127/RAMS64E_B/ADR0 (clocked by clk_core). Large setup violations at the end of those stages might be difficult to fix during the post-placement implementation flow and could be the result of non-optimal XDC constraints or non-optimal design architecture
Related violations: <none>

TIMING-16#111 Warning
Large setup violation  
There is a large setup violation of -3.602 ns between swervolf/rvtop/veer/ifu/aln/bundle1ff/dout_reg[4]/C (clocked by clk_core) and swervolf/rvtop/mem/icache.icm/ic_data_inst/PACKED_1.BANKS_WAY[0].ECC0.size_256.WAYS.ic_bank_sb_way_data/ram_core_reg_0_255_127_127/RAMS64E_C/ADR0 (clocked by clk_core). Large setup violations at the end of those stages might be difficult to fix during the post-placement implementation flow and could be the result of non-optimal XDC constraints or non-optimal design architecture
Related violations: <none>

TIMING-16#112 Warning
Large setup violation  
There is a large setup violation of -3.602 ns between swervolf/rvtop/veer/ifu/aln/bundle1ff/dout_reg[4]/C (clocked by clk_core) and swervolf/rvtop/mem/icache.icm/ic_data_inst/PACKED_1.BANKS_WAY[0].ECC0.size_256.WAYS.ic_bank_sb_way_data/ram_core_reg_0_255_127_127/RAMS64E_D/ADR0 (clocked by clk_core). Large setup violations at the end of those stages might be difficult to fix during the post-placement implementation flow and could be the result of non-optimal XDC constraints or non-optimal design architecture
Related violations: <none>

TIMING-16#113 Warning
Large setup violation  
There is a large setup violation of -3.607 ns between swervolf/rvtop/veer/ifu/aln/bundle1ff/dout_reg[4]/C (clocked by clk_core) and swervolf/rvtop/mem/icache.icm/ic_data_inst/PACKED_1.BANKS_WAY[0].ECC0.size_256.WAYS.ic_bank_sb_way_data/ram_core_reg_0_255_115_115/RAMS64E_A/ADR0 (clocked by clk_core). Large setup violations at the end of those stages might be difficult to fix during the post-placement implementation flow and could be the result of non-optimal XDC constraints or non-optimal design architecture
Related violations: <none>

TIMING-16#114 Warning
Large setup violation  
There is a large setup violation of -3.607 ns between swervolf/rvtop/veer/ifu/aln/bundle1ff/dout_reg[4]/C (clocked by clk_core) and swervolf/rvtop/mem/icache.icm/ic_data_inst/PACKED_1.BANKS_WAY[0].ECC0.size_256.WAYS.ic_bank_sb_way_data/ram_core_reg_0_255_115_115/RAMS64E_B/ADR0 (clocked by clk_core). Large setup violations at the end of those stages might be difficult to fix during the post-placement implementation flow and could be the result of non-optimal XDC constraints or non-optimal design architecture
Related violations: <none>

TIMING-16#115 Warning
Large setup violation  
There is a large setup violation of -3.607 ns between swervolf/rvtop/veer/ifu/aln/bundle1ff/dout_reg[4]/C (clocked by clk_core) and swervolf/rvtop/mem/icache.icm/ic_data_inst/PACKED_1.BANKS_WAY[0].ECC0.size_256.WAYS.ic_bank_sb_way_data/ram_core_reg_0_255_115_115/RAMS64E_C/ADR0 (clocked by clk_core). Large setup violations at the end of those stages might be difficult to fix during the post-placement implementation flow and could be the result of non-optimal XDC constraints or non-optimal design architecture
Related violations: <none>

TIMING-16#116 Warning
Large setup violation  
There is a large setup violation of -3.607 ns between swervolf/rvtop/veer/ifu/aln/bundle1ff/dout_reg[4]/C (clocked by clk_core) and swervolf/rvtop/mem/icache.icm/ic_data_inst/PACKED_1.BANKS_WAY[0].ECC0.size_256.WAYS.ic_bank_sb_way_data/ram_core_reg_0_255_115_115/RAMS64E_D/ADR0 (clocked by clk_core). Large setup violations at the end of those stages might be difficult to fix during the post-placement implementation flow and could be the result of non-optimal XDC constraints or non-optimal design architecture
Related violations: <none>

TIMING-16#117 Warning
Large setup violation  
There is a large setup violation of -3.642 ns between swervolf/rvtop/veer/ifu/aln/bundle1ff/dout_reg[4]/C (clocked by clk_core) and swervolf/rvtop/mem/icache.icm/ic_data_inst/PACKED_1.BANKS_WAY[0].ECC0.size_256.WAYS.ic_bank_sb_way_data/ram_core_reg_0_255_101_101/RAMS64E_A/ADR0 (clocked by clk_core). Large setup violations at the end of those stages might be difficult to fix during the post-placement implementation flow and could be the result of non-optimal XDC constraints or non-optimal design architecture
Related violations: <none>

TIMING-16#118 Warning
Large setup violation  
There is a large setup violation of -3.642 ns between swervolf/rvtop/veer/ifu/aln/bundle1ff/dout_reg[4]/C (clocked by clk_core) and swervolf/rvtop/mem/icache.icm/ic_data_inst/PACKED_1.BANKS_WAY[0].ECC0.size_256.WAYS.ic_bank_sb_way_data/ram_core_reg_0_255_101_101/RAMS64E_B/ADR0 (clocked by clk_core). Large setup violations at the end of those stages might be difficult to fix during the post-placement implementation flow and could be the result of non-optimal XDC constraints or non-optimal design architecture
Related violations: <none>

TIMING-16#119 Warning
Large setup violation  
There is a large setup violation of -3.642 ns between swervolf/rvtop/veer/ifu/aln/bundle1ff/dout_reg[4]/C (clocked by clk_core) and swervolf/rvtop/mem/icache.icm/ic_data_inst/PACKED_1.BANKS_WAY[0].ECC0.size_256.WAYS.ic_bank_sb_way_data/ram_core_reg_0_255_101_101/RAMS64E_C/ADR0 (clocked by clk_core). Large setup violations at the end of those stages might be difficult to fix during the post-placement implementation flow and could be the result of non-optimal XDC constraints or non-optimal design architecture
Related violations: <none>

TIMING-16#120 Warning
Large setup violation  
There is a large setup violation of -3.642 ns between swervolf/rvtop/veer/ifu/aln/bundle1ff/dout_reg[4]/C (clocked by clk_core) and swervolf/rvtop/mem/icache.icm/ic_data_inst/PACKED_1.BANKS_WAY[0].ECC0.size_256.WAYS.ic_bank_sb_way_data/ram_core_reg_0_255_101_101/RAMS64E_D/ADR0 (clocked by clk_core). Large setup violations at the end of those stages might be difficult to fix during the post-placement implementation flow and could be the result of non-optimal XDC constraints or non-optimal design architecture
Related violations: <none>

TIMING-16#121 Warning
Large setup violation  
There is a large setup violation of -3.642 ns between swervolf/rvtop/veer/ifu/aln/bundle1ff/dout_reg[4]/C (clocked by clk_core) and swervolf/rvtop/mem/icache.icm/ic_data_inst/PACKED_1.BANKS_WAY[0].ECC0.size_256.WAYS.ic_bank_sb_way_data/ram_core_reg_0_255_122_122/RAMS64E_A/ADR0 (clocked by clk_core). Large setup violations at the end of those stages might be difficult to fix during the post-placement implementation flow and could be the result of non-optimal XDC constraints or non-optimal design architecture
Related violations: <none>

TIMING-16#122 Warning
Large setup violation  
There is a large setup violation of -3.642 ns between swervolf/rvtop/veer/ifu/aln/bundle1ff/dout_reg[4]/C (clocked by clk_core) and swervolf/rvtop/mem/icache.icm/ic_data_inst/PACKED_1.BANKS_WAY[0].ECC0.size_256.WAYS.ic_bank_sb_way_data/ram_core_reg_0_255_122_122/RAMS64E_B/ADR0 (clocked by clk_core). Large setup violations at the end of those stages might be difficult to fix during the post-placement implementation flow and could be the result of non-optimal XDC constraints or non-optimal design architecture
Related violations: <none>

TIMING-16#123 Warning
Large setup violation  
There is a large setup violation of -3.642 ns between swervolf/rvtop/veer/ifu/aln/bundle1ff/dout_reg[4]/C (clocked by clk_core) and swervolf/rvtop/mem/icache.icm/ic_data_inst/PACKED_1.BANKS_WAY[0].ECC0.size_256.WAYS.ic_bank_sb_way_data/ram_core_reg_0_255_122_122/RAMS64E_C/ADR0 (clocked by clk_core). Large setup violations at the end of those stages might be difficult to fix during the post-placement implementation flow and could be the result of non-optimal XDC constraints or non-optimal design architecture
Related violations: <none>

TIMING-16#124 Warning
Large setup violation  
There is a large setup violation of -3.642 ns between swervolf/rvtop/veer/ifu/aln/bundle1ff/dout_reg[4]/C (clocked by clk_core) and swervolf/rvtop/mem/icache.icm/ic_data_inst/PACKED_1.BANKS_WAY[0].ECC0.size_256.WAYS.ic_bank_sb_way_data/ram_core_reg_0_255_122_122/RAMS64E_D/ADR0 (clocked by clk_core). Large setup violations at the end of those stages might be difficult to fix during the post-placement implementation flow and could be the result of non-optimal XDC constraints or non-optimal design architecture
Related violations: <none>

TIMING-16#125 Warning
Large setup violation  
There is a large setup violation of -3.650 ns between swervolf/rvtop/veer/ifu/aln/bundle1ff/dout_reg[4]/C (clocked by clk_core) and swervolf/rvtop/mem/icache.icm/ic_data_inst/PACKED_1.BANKS_WAY[0].ECC0.size_256.WAYS.ic_bank_sb_way_data/ram_core_reg_0_255_133_133/RAMS64E_A/ADR0 (clocked by clk_core). Large setup violations at the end of those stages might be difficult to fix during the post-placement implementation flow and could be the result of non-optimal XDC constraints or non-optimal design architecture
Related violations: <none>

TIMING-16#126 Warning
Large setup violation  
There is a large setup violation of -3.650 ns between swervolf/rvtop/veer/ifu/aln/bundle1ff/dout_reg[4]/C (clocked by clk_core) and swervolf/rvtop/mem/icache.icm/ic_data_inst/PACKED_1.BANKS_WAY[0].ECC0.size_256.WAYS.ic_bank_sb_way_data/ram_core_reg_0_255_133_133/RAMS64E_B/ADR0 (clocked by clk_core). Large setup violations at the end of those stages might be difficult to fix during the post-placement implementation flow and could be the result of non-optimal XDC constraints or non-optimal design architecture
Related violations: <none>

TIMING-16#127 Warning
Large setup violation  
There is a large setup violation of -3.650 ns between swervolf/rvtop/veer/ifu/aln/bundle1ff/dout_reg[4]/C (clocked by clk_core) and swervolf/rvtop/mem/icache.icm/ic_data_inst/PACKED_1.BANKS_WAY[0].ECC0.size_256.WAYS.ic_bank_sb_way_data/ram_core_reg_0_255_133_133/RAMS64E_C/ADR0 (clocked by clk_core). Large setup violations at the end of those stages might be difficult to fix during the post-placement implementation flow and could be the result of non-optimal XDC constraints or non-optimal design architecture
Related violations: <none>

TIMING-16#128 Warning
Large setup violation  
There is a large setup violation of -3.650 ns between swervolf/rvtop/veer/ifu/aln/bundle1ff/dout_reg[4]/C (clocked by clk_core) and swervolf/rvtop/mem/icache.icm/ic_data_inst/PACKED_1.BANKS_WAY[0].ECC0.size_256.WAYS.ic_bank_sb_way_data/ram_core_reg_0_255_133_133/RAMS64E_D/ADR0 (clocked by clk_core). Large setup violations at the end of those stages might be difficult to fix during the post-placement implementation flow and could be the result of non-optimal XDC constraints or non-optimal design architecture
Related violations: <none>

TIMING-16#129 Warning
Large setup violation  
There is a large setup violation of -3.654 ns between swervolf/rvtop/veer/ifu/aln/bundle1ff/dout_reg[4]/C (clocked by clk_core) and swervolf/rvtop/mem/icache.icm/ic_data_inst/PACKED_1.BANKS_WAY[0].ECC0.size_256.WAYS.ic_bank_sb_way_data/ram_core_reg_0_255_116_116/RAMS64E_A/ADR0 (clocked by clk_core). Large setup violations at the end of those stages might be difficult to fix during the post-placement implementation flow and could be the result of non-optimal XDC constraints or non-optimal design architecture
Related violations: <none>

TIMING-16#130 Warning
Large setup violation  
There is a large setup violation of -3.654 ns between swervolf/rvtop/veer/ifu/aln/bundle1ff/dout_reg[4]/C (clocked by clk_core) and swervolf/rvtop/mem/icache.icm/ic_data_inst/PACKED_1.BANKS_WAY[0].ECC0.size_256.WAYS.ic_bank_sb_way_data/ram_core_reg_0_255_116_116/RAMS64E_B/ADR0 (clocked by clk_core). Large setup violations at the end of those stages might be difficult to fix during the post-placement implementation flow and could be the result of non-optimal XDC constraints or non-optimal design architecture
Related violations: <none>

TIMING-16#131 Warning
Large setup violation  
There is a large setup violation of -3.654 ns between swervolf/rvtop/veer/ifu/aln/bundle1ff/dout_reg[4]/C (clocked by clk_core) and swervolf/rvtop/mem/icache.icm/ic_data_inst/PACKED_1.BANKS_WAY[0].ECC0.size_256.WAYS.ic_bank_sb_way_data/ram_core_reg_0_255_116_116/RAMS64E_C/ADR0 (clocked by clk_core). Large setup violations at the end of those stages might be difficult to fix during the post-placement implementation flow and could be the result of non-optimal XDC constraints or non-optimal design architecture
Related violations: <none>

TIMING-16#132 Warning
Large setup violation  
There is a large setup violation of -3.654 ns between swervolf/rvtop/veer/ifu/aln/bundle1ff/dout_reg[4]/C (clocked by clk_core) and swervolf/rvtop/mem/icache.icm/ic_data_inst/PACKED_1.BANKS_WAY[0].ECC0.size_256.WAYS.ic_bank_sb_way_data/ram_core_reg_0_255_116_116/RAMS64E_D/ADR0 (clocked by clk_core). Large setup violations at the end of those stages might be difficult to fix during the post-placement implementation flow and could be the result of non-optimal XDC constraints or non-optimal design architecture
Related violations: <none>

TIMING-16#133 Warning
Large setup violation  
There is a large setup violation of -3.658 ns between swervolf/rvtop/veer/ifu/aln/bundle1ff/dout_reg[4]/C (clocked by clk_core) and swervolf/rvtop/mem/icache.icm/ic_data_inst/PACKED_1.BANKS_WAY[0].ECC0.size_256.WAYS.ic_bank_sb_way_data/ram_core_reg_0_255_116_116/RAMS64E_A/ADR1 (clocked by clk_core). Large setup violations at the end of those stages might be difficult to fix during the post-placement implementation flow and could be the result of non-optimal XDC constraints or non-optimal design architecture
Related violations: <none>

TIMING-16#134 Warning
Large setup violation  
There is a large setup violation of -3.658 ns between swervolf/rvtop/veer/ifu/aln/bundle1ff/dout_reg[4]/C (clocked by clk_core) and swervolf/rvtop/mem/icache.icm/ic_data_inst/PACKED_1.BANKS_WAY[0].ECC0.size_256.WAYS.ic_bank_sb_way_data/ram_core_reg_0_255_116_116/RAMS64E_B/ADR1 (clocked by clk_core). Large setup violations at the end of those stages might be difficult to fix during the post-placement implementation flow and could be the result of non-optimal XDC constraints or non-optimal design architecture
Related violations: <none>

TIMING-16#135 Warning
Large setup violation  
There is a large setup violation of -3.658 ns between swervolf/rvtop/veer/ifu/aln/bundle1ff/dout_reg[4]/C (clocked by clk_core) and swervolf/rvtop/mem/icache.icm/ic_data_inst/PACKED_1.BANKS_WAY[0].ECC0.size_256.WAYS.ic_bank_sb_way_data/ram_core_reg_0_255_116_116/RAMS64E_C/ADR1 (clocked by clk_core). Large setup violations at the end of those stages might be difficult to fix during the post-placement implementation flow and could be the result of non-optimal XDC constraints or non-optimal design architecture
Related violations: <none>

TIMING-16#136 Warning
Large setup violation  
There is a large setup violation of -3.658 ns between swervolf/rvtop/veer/ifu/aln/bundle1ff/dout_reg[4]/C (clocked by clk_core) and swervolf/rvtop/mem/icache.icm/ic_data_inst/PACKED_1.BANKS_WAY[0].ECC0.size_256.WAYS.ic_bank_sb_way_data/ram_core_reg_0_255_116_116/RAMS64E_D/ADR1 (clocked by clk_core). Large setup violations at the end of those stages might be difficult to fix during the post-placement implementation flow and could be the result of non-optimal XDC constraints or non-optimal design architecture
Related violations: <none>

TIMING-16#137 Warning
Large setup violation  
There is a large setup violation of -3.661 ns between swervolf/rvtop/veer/ifu/aln/bundle1ff/dout_reg[4]/C (clocked by clk_core) and swervolf/rvtop/mem/icache.icm/ic_data_inst/PACKED_1.BANKS_WAY[0].ECC0.size_256.WAYS.ic_bank_sb_way_data/ram_core_reg_0_255_13_13/RAMS64E_A/ADR0 (clocked by clk_core). Large setup violations at the end of those stages might be difficult to fix during the post-placement implementation flow and could be the result of non-optimal XDC constraints or non-optimal design architecture
Related violations: <none>

TIMING-16#138 Warning
Large setup violation  
There is a large setup violation of -3.661 ns between swervolf/rvtop/veer/ifu/aln/bundle1ff/dout_reg[4]/C (clocked by clk_core) and swervolf/rvtop/mem/icache.icm/ic_data_inst/PACKED_1.BANKS_WAY[0].ECC0.size_256.WAYS.ic_bank_sb_way_data/ram_core_reg_0_255_13_13/RAMS64E_B/ADR0 (clocked by clk_core). Large setup violations at the end of those stages might be difficult to fix during the post-placement implementation flow and could be the result of non-optimal XDC constraints or non-optimal design architecture
Related violations: <none>

TIMING-16#139 Warning
Large setup violation  
There is a large setup violation of -3.661 ns between swervolf/rvtop/veer/ifu/aln/bundle1ff/dout_reg[4]/C (clocked by clk_core) and swervolf/rvtop/mem/icache.icm/ic_data_inst/PACKED_1.BANKS_WAY[0].ECC0.size_256.WAYS.ic_bank_sb_way_data/ram_core_reg_0_255_13_13/RAMS64E_C/ADR0 (clocked by clk_core). Large setup violations at the end of those stages might be difficult to fix during the post-placement implementation flow and could be the result of non-optimal XDC constraints or non-optimal design architecture
Related violations: <none>

TIMING-16#140 Warning
Large setup violation  
There is a large setup violation of -3.661 ns between swervolf/rvtop/veer/ifu/aln/bundle1ff/dout_reg[4]/C (clocked by clk_core) and swervolf/rvtop/mem/icache.icm/ic_data_inst/PACKED_1.BANKS_WAY[0].ECC0.size_256.WAYS.ic_bank_sb_way_data/ram_core_reg_0_255_13_13/RAMS64E_D/ADR0 (clocked by clk_core). Large setup violations at the end of those stages might be difficult to fix during the post-placement implementation flow and could be the result of non-optimal XDC constraints or non-optimal design architecture
Related violations: <none>

TIMING-16#141 Warning
Large setup violation  
There is a large setup violation of -3.675 ns between swervolf/rvtop/veer/ifu/aln/bundle1ff/dout_reg[4]/C (clocked by clk_core) and swervolf/rvtop/mem/icache.icm/ic_data_inst/PACKED_1.BANKS_WAY[0].ECC0.size_256.WAYS.ic_bank_sb_way_data/ram_core_reg_0_255_126_126/RAMS64E_A/ADR0 (clocked by clk_core). Large setup violations at the end of those stages might be difficult to fix during the post-placement implementation flow and could be the result of non-optimal XDC constraints or non-optimal design architecture
Related violations: <none>

TIMING-16#142 Warning
Large setup violation  
There is a large setup violation of -3.675 ns between swervolf/rvtop/veer/ifu/aln/bundle1ff/dout_reg[4]/C (clocked by clk_core) and swervolf/rvtop/mem/icache.icm/ic_data_inst/PACKED_1.BANKS_WAY[0].ECC0.size_256.WAYS.ic_bank_sb_way_data/ram_core_reg_0_255_126_126/RAMS64E_B/ADR0 (clocked by clk_core). Large setup violations at the end of those stages might be difficult to fix during the post-placement implementation flow and could be the result of non-optimal XDC constraints or non-optimal design architecture
Related violations: <none>

TIMING-16#143 Warning
Large setup violation  
There is a large setup violation of -3.675 ns between swervolf/rvtop/veer/ifu/aln/bundle1ff/dout_reg[4]/C (clocked by clk_core) and swervolf/rvtop/mem/icache.icm/ic_data_inst/PACKED_1.BANKS_WAY[0].ECC0.size_256.WAYS.ic_bank_sb_way_data/ram_core_reg_0_255_126_126/RAMS64E_C/ADR0 (clocked by clk_core). Large setup violations at the end of those stages might be difficult to fix during the post-placement implementation flow and could be the result of non-optimal XDC constraints or non-optimal design architecture
Related violations: <none>

TIMING-16#144 Warning
Large setup violation  
There is a large setup violation of -3.675 ns between swervolf/rvtop/veer/ifu/aln/bundle1ff/dout_reg[4]/C (clocked by clk_core) and swervolf/rvtop/mem/icache.icm/ic_data_inst/PACKED_1.BANKS_WAY[0].ECC0.size_256.WAYS.ic_bank_sb_way_data/ram_core_reg_0_255_126_126/RAMS64E_D/ADR0 (clocked by clk_core). Large setup violations at the end of those stages might be difficult to fix during the post-placement implementation flow and could be the result of non-optimal XDC constraints or non-optimal design architecture
Related violations: <none>

TIMING-16#145 Warning
Large setup violation  
There is a large setup violation of -3.720 ns between swervolf/rvtop/veer/ifu/aln/bundle1ff/dout_reg[4]/C (clocked by clk_core) and swervolf/rvtop/mem/icache.icm/ic_data_inst/PACKED_1.BANKS_WAY[0].ECC0.size_256.WAYS.ic_bank_sb_way_data/ram_core_reg_0_255_129_129/RAMS64E_A/ADR1 (clocked by clk_core). Large setup violations at the end of those stages might be difficult to fix during the post-placement implementation flow and could be the result of non-optimal XDC constraints or non-optimal design architecture
Related violations: <none>

TIMING-16#146 Warning
Large setup violation  
There is a large setup violation of -3.720 ns between swervolf/rvtop/veer/ifu/aln/bundle1ff/dout_reg[4]/C (clocked by clk_core) and swervolf/rvtop/mem/icache.icm/ic_data_inst/PACKED_1.BANKS_WAY[0].ECC0.size_256.WAYS.ic_bank_sb_way_data/ram_core_reg_0_255_129_129/RAMS64E_B/ADR1 (clocked by clk_core). Large setup violations at the end of those stages might be difficult to fix during the post-placement implementation flow and could be the result of non-optimal XDC constraints or non-optimal design architecture
Related violations: <none>

TIMING-16#147 Warning
Large setup violation  
There is a large setup violation of -3.720 ns between swervolf/rvtop/veer/ifu/aln/bundle1ff/dout_reg[4]/C (clocked by clk_core) and swervolf/rvtop/mem/icache.icm/ic_data_inst/PACKED_1.BANKS_WAY[0].ECC0.size_256.WAYS.ic_bank_sb_way_data/ram_core_reg_0_255_129_129/RAMS64E_C/ADR1 (clocked by clk_core). Large setup violations at the end of those stages might be difficult to fix during the post-placement implementation flow and could be the result of non-optimal XDC constraints or non-optimal design architecture
Related violations: <none>

TIMING-16#148 Warning
Large setup violation  
There is a large setup violation of -3.720 ns between swervolf/rvtop/veer/ifu/aln/bundle1ff/dout_reg[4]/C (clocked by clk_core) and swervolf/rvtop/mem/icache.icm/ic_data_inst/PACKED_1.BANKS_WAY[0].ECC0.size_256.WAYS.ic_bank_sb_way_data/ram_core_reg_0_255_129_129/RAMS64E_D/ADR1 (clocked by clk_core). Large setup violations at the end of those stages might be difficult to fix during the post-placement implementation flow and could be the result of non-optimal XDC constraints or non-optimal design architecture
Related violations: <none>

TIMING-16#149 Warning
Large setup violation  
There is a large setup violation of -3.730 ns between swervolf/rvtop/veer/ifu/aln/bundle1ff/dout_reg[4]/C (clocked by clk_core) and swervolf/rvtop/mem/icache.icm/ic_data_inst/PACKED_1.BANKS_WAY[0].ECC0.size_256.WAYS.ic_bank_sb_way_data/ram_core_reg_0_255_130_130/RAMS64E_A/ADR0 (clocked by clk_core). Large setup violations at the end of those stages might be difficult to fix during the post-placement implementation flow and could be the result of non-optimal XDC constraints or non-optimal design architecture
Related violations: <none>

TIMING-16#150 Warning
Large setup violation  
There is a large setup violation of -3.730 ns between swervolf/rvtop/veer/ifu/aln/bundle1ff/dout_reg[4]/C (clocked by clk_core) and swervolf/rvtop/mem/icache.icm/ic_data_inst/PACKED_1.BANKS_WAY[0].ECC0.size_256.WAYS.ic_bank_sb_way_data/ram_core_reg_0_255_130_130/RAMS64E_B/ADR0 (clocked by clk_core). Large setup violations at the end of those stages might be difficult to fix during the post-placement implementation flow and could be the result of non-optimal XDC constraints or non-optimal design architecture
Related violations: <none>

TIMING-16#151 Warning
Large setup violation  
There is a large setup violation of -3.730 ns between swervolf/rvtop/veer/ifu/aln/bundle1ff/dout_reg[4]/C (clocked by clk_core) and swervolf/rvtop/mem/icache.icm/ic_data_inst/PACKED_1.BANKS_WAY[0].ECC0.size_256.WAYS.ic_bank_sb_way_data/ram_core_reg_0_255_130_130/RAMS64E_C/ADR0 (clocked by clk_core). Large setup violations at the end of those stages might be difficult to fix during the post-placement implementation flow and could be the result of non-optimal XDC constraints or non-optimal design architecture
Related violations: <none>

TIMING-16#152 Warning
Large setup violation  
There is a large setup violation of -3.730 ns between swervolf/rvtop/veer/ifu/aln/bundle1ff/dout_reg[4]/C (clocked by clk_core) and swervolf/rvtop/mem/icache.icm/ic_data_inst/PACKED_1.BANKS_WAY[0].ECC0.size_256.WAYS.ic_bank_sb_way_data/ram_core_reg_0_255_130_130/RAMS64E_D/ADR0 (clocked by clk_core). Large setup violations at the end of those stages might be difficult to fix during the post-placement implementation flow and could be the result of non-optimal XDC constraints or non-optimal design architecture
Related violations: <none>

TIMING-16#153 Warning
Large setup violation  
There is a large setup violation of -3.743 ns between swervolf/rvtop/veer/ifu/aln/bundle1ff/dout_reg[4]/C (clocked by clk_core) and swervolf/rvtop/mem/icache.icm/ic_data_inst/PACKED_1.BANKS_WAY[0].ECC0.size_256.WAYS.ic_bank_sb_way_data/ram_core_reg_0_255_117_117/RAMS64E_A/ADR1 (clocked by clk_core). Large setup violations at the end of those stages might be difficult to fix during the post-placement implementation flow and could be the result of non-optimal XDC constraints or non-optimal design architecture
Related violations: <none>

TIMING-16#154 Warning
Large setup violation  
There is a large setup violation of -3.743 ns between swervolf/rvtop/veer/ifu/aln/bundle1ff/dout_reg[4]/C (clocked by clk_core) and swervolf/rvtop/mem/icache.icm/ic_data_inst/PACKED_1.BANKS_WAY[0].ECC0.size_256.WAYS.ic_bank_sb_way_data/ram_core_reg_0_255_117_117/RAMS64E_B/ADR1 (clocked by clk_core). Large setup violations at the end of those stages might be difficult to fix during the post-placement implementation flow and could be the result of non-optimal XDC constraints or non-optimal design architecture
Related violations: <none>

TIMING-16#155 Warning
Large setup violation  
There is a large setup violation of -3.743 ns between swervolf/rvtop/veer/ifu/aln/bundle1ff/dout_reg[4]/C (clocked by clk_core) and swervolf/rvtop/mem/icache.icm/ic_data_inst/PACKED_1.BANKS_WAY[0].ECC0.size_256.WAYS.ic_bank_sb_way_data/ram_core_reg_0_255_117_117/RAMS64E_C/ADR1 (clocked by clk_core). Large setup violations at the end of those stages might be difficult to fix during the post-placement implementation flow and could be the result of non-optimal XDC constraints or non-optimal design architecture
Related violations: <none>

TIMING-16#156 Warning
Large setup violation  
There is a large setup violation of -3.743 ns between swervolf/rvtop/veer/ifu/aln/bundle1ff/dout_reg[4]/C (clocked by clk_core) and swervolf/rvtop/mem/icache.icm/ic_data_inst/PACKED_1.BANKS_WAY[0].ECC0.size_256.WAYS.ic_bank_sb_way_data/ram_core_reg_0_255_117_117/RAMS64E_D/ADR1 (clocked by clk_core). Large setup violations at the end of those stages might be difficult to fix during the post-placement implementation flow and could be the result of non-optimal XDC constraints or non-optimal design architecture
Related violations: <none>

TIMING-16#157 Warning
Large setup violation  
There is a large setup violation of -3.782 ns between swervolf/rvtop/veer/ifu/aln/bundle1ff/dout_reg[4]/C (clocked by clk_core) and swervolf/rvtop/mem/icache.icm/ic_data_inst/PACKED_1.BANKS_WAY[0].ECC0.size_256.WAYS.ic_bank_sb_way_data/ram_core_reg_0_255_106_106/RAMS64E_A/ADR0 (clocked by clk_core). Large setup violations at the end of those stages might be difficult to fix during the post-placement implementation flow and could be the result of non-optimal XDC constraints or non-optimal design architecture
Related violations: <none>

TIMING-16#158 Warning
Large setup violation  
There is a large setup violation of -3.782 ns between swervolf/rvtop/veer/ifu/aln/bundle1ff/dout_reg[4]/C (clocked by clk_core) and swervolf/rvtop/mem/icache.icm/ic_data_inst/PACKED_1.BANKS_WAY[0].ECC0.size_256.WAYS.ic_bank_sb_way_data/ram_core_reg_0_255_106_106/RAMS64E_B/ADR0 (clocked by clk_core). Large setup violations at the end of those stages might be difficult to fix during the post-placement implementation flow and could be the result of non-optimal XDC constraints or non-optimal design architecture
Related violations: <none>

TIMING-16#159 Warning
Large setup violation  
There is a large setup violation of -3.782 ns between swervolf/rvtop/veer/ifu/aln/bundle1ff/dout_reg[4]/C (clocked by clk_core) and swervolf/rvtop/mem/icache.icm/ic_data_inst/PACKED_1.BANKS_WAY[0].ECC0.size_256.WAYS.ic_bank_sb_way_data/ram_core_reg_0_255_106_106/RAMS64E_C/ADR0 (clocked by clk_core). Large setup violations at the end of those stages might be difficult to fix during the post-placement implementation flow and could be the result of non-optimal XDC constraints or non-optimal design architecture
Related violations: <none>

TIMING-16#160 Warning
Large setup violation  
There is a large setup violation of -3.782 ns between swervolf/rvtop/veer/ifu/aln/bundle1ff/dout_reg[4]/C (clocked by clk_core) and swervolf/rvtop/mem/icache.icm/ic_data_inst/PACKED_1.BANKS_WAY[0].ECC0.size_256.WAYS.ic_bank_sb_way_data/ram_core_reg_0_255_106_106/RAMS64E_D/ADR0 (clocked by clk_core). Large setup violations at the end of those stages might be difficult to fix during the post-placement implementation flow and could be the result of non-optimal XDC constraints or non-optimal design architecture
Related violations: <none>

TIMING-16#161 Warning
Large setup violation  
There is a large setup violation of -3.805 ns between swervolf/rvtop/veer/ifu/aln/bundle1ff/dout_reg[4]/C (clocked by clk_core) and swervolf/rvtop/mem/icache.icm/ic_data_inst/PACKED_1.BANKS_WAY[0].ECC0.size_256.WAYS.ic_bank_sb_way_data/ram_core_reg_0_255_11_11/RAMS64E_A/ADR0 (clocked by clk_core). Large setup violations at the end of those stages might be difficult to fix during the post-placement implementation flow and could be the result of non-optimal XDC constraints or non-optimal design architecture
Related violations: <none>

TIMING-16#162 Warning
Large setup violation  
There is a large setup violation of -3.805 ns between swervolf/rvtop/veer/ifu/aln/bundle1ff/dout_reg[4]/C (clocked by clk_core) and swervolf/rvtop/mem/icache.icm/ic_data_inst/PACKED_1.BANKS_WAY[0].ECC0.size_256.WAYS.ic_bank_sb_way_data/ram_core_reg_0_255_11_11/RAMS64E_B/ADR0 (clocked by clk_core). Large setup violations at the end of those stages might be difficult to fix during the post-placement implementation flow and could be the result of non-optimal XDC constraints or non-optimal design architecture
Related violations: <none>

TIMING-16#163 Warning
Large setup violation  
There is a large setup violation of -3.805 ns between swervolf/rvtop/veer/ifu/aln/bundle1ff/dout_reg[4]/C (clocked by clk_core) and swervolf/rvtop/mem/icache.icm/ic_data_inst/PACKED_1.BANKS_WAY[0].ECC0.size_256.WAYS.ic_bank_sb_way_data/ram_core_reg_0_255_11_11/RAMS64E_C/ADR0 (clocked by clk_core). Large setup violations at the end of those stages might be difficult to fix during the post-placement implementation flow and could be the result of non-optimal XDC constraints or non-optimal design architecture
Related violations: <none>

TIMING-16#164 Warning
Large setup violation  
There is a large setup violation of -3.805 ns between swervolf/rvtop/veer/ifu/aln/bundle1ff/dout_reg[4]/C (clocked by clk_core) and swervolf/rvtop/mem/icache.icm/ic_data_inst/PACKED_1.BANKS_WAY[0].ECC0.size_256.WAYS.ic_bank_sb_way_data/ram_core_reg_0_255_11_11/RAMS64E_D/ADR0 (clocked by clk_core). Large setup violations at the end of those stages might be difficult to fix during the post-placement implementation flow and could be the result of non-optimal XDC constraints or non-optimal design architecture
Related violations: <none>

TIMING-16#165 Warning
Large setup violation  
There is a large setup violation of -3.842 ns between swervolf/rvtop/veer/ifu/aln/bundle1ff/dout_reg[4]/C (clocked by clk_core) and swervolf/rvtop/mem/icache.icm/ic_data_inst/PACKED_1.BANKS_WAY[0].ECC0.size_256.WAYS.ic_bank_sb_way_data/ram_core_reg_0_255_119_119/RAMS64E_A/ADR1 (clocked by clk_core). Large setup violations at the end of those stages might be difficult to fix during the post-placement implementation flow and could be the result of non-optimal XDC constraints or non-optimal design architecture
Related violations: <none>

TIMING-16#166 Warning
Large setup violation  
There is a large setup violation of -3.842 ns between swervolf/rvtop/veer/ifu/aln/bundle1ff/dout_reg[4]/C (clocked by clk_core) and swervolf/rvtop/mem/icache.icm/ic_data_inst/PACKED_1.BANKS_WAY[0].ECC0.size_256.WAYS.ic_bank_sb_way_data/ram_core_reg_0_255_119_119/RAMS64E_B/ADR1 (clocked by clk_core). Large setup violations at the end of those stages might be difficult to fix during the post-placement implementation flow and could be the result of non-optimal XDC constraints or non-optimal design architecture
Related violations: <none>

TIMING-16#167 Warning
Large setup violation  
There is a large setup violation of -3.842 ns between swervolf/rvtop/veer/ifu/aln/bundle1ff/dout_reg[4]/C (clocked by clk_core) and swervolf/rvtop/mem/icache.icm/ic_data_inst/PACKED_1.BANKS_WAY[0].ECC0.size_256.WAYS.ic_bank_sb_way_data/ram_core_reg_0_255_119_119/RAMS64E_C/ADR1 (clocked by clk_core). Large setup violations at the end of those stages might be difficult to fix during the post-placement implementation flow and could be the result of non-optimal XDC constraints or non-optimal design architecture
Related violations: <none>

TIMING-16#168 Warning
Large setup violation  
There is a large setup violation of -3.842 ns between swervolf/rvtop/veer/ifu/aln/bundle1ff/dout_reg[4]/C (clocked by clk_core) and swervolf/rvtop/mem/icache.icm/ic_data_inst/PACKED_1.BANKS_WAY[0].ECC0.size_256.WAYS.ic_bank_sb_way_data/ram_core_reg_0_255_119_119/RAMS64E_D/ADR1 (clocked by clk_core). Large setup violations at the end of those stages might be difficult to fix during the post-placement implementation flow and could be the result of non-optimal XDC constraints or non-optimal design architecture
Related violations: <none>

TIMING-16#169 Warning
Large setup violation  
There is a large setup violation of -3.846 ns between swervolf/rvtop/veer/ifu/aln/bundle1ff/dout_reg[4]/C (clocked by clk_core) and swervolf/rvtop/mem/icache.icm/ic_data_inst/PACKED_1.BANKS_WAY[0].ECC0.size_256.WAYS.ic_bank_sb_way_data/ram_core_reg_0_255_127_127/RAMS64E_A/ADR1 (clocked by clk_core). Large setup violations at the end of those stages might be difficult to fix during the post-placement implementation flow and could be the result of non-optimal XDC constraints or non-optimal design architecture
Related violations: <none>

TIMING-16#170 Warning
Large setup violation  
There is a large setup violation of -3.846 ns between swervolf/rvtop/veer/ifu/aln/bundle1ff/dout_reg[4]/C (clocked by clk_core) and swervolf/rvtop/mem/icache.icm/ic_data_inst/PACKED_1.BANKS_WAY[0].ECC0.size_256.WAYS.ic_bank_sb_way_data/ram_core_reg_0_255_127_127/RAMS64E_B/ADR1 (clocked by clk_core). Large setup violations at the end of those stages might be difficult to fix during the post-placement implementation flow and could be the result of non-optimal XDC constraints or non-optimal design architecture
Related violations: <none>

TIMING-16#171 Warning
Large setup violation  
There is a large setup violation of -3.846 ns between swervolf/rvtop/veer/ifu/aln/bundle1ff/dout_reg[4]/C (clocked by clk_core) and swervolf/rvtop/mem/icache.icm/ic_data_inst/PACKED_1.BANKS_WAY[0].ECC0.size_256.WAYS.ic_bank_sb_way_data/ram_core_reg_0_255_127_127/RAMS64E_C/ADR1 (clocked by clk_core). Large setup violations at the end of those stages might be difficult to fix during the post-placement implementation flow and could be the result of non-optimal XDC constraints or non-optimal design architecture
Related violations: <none>

TIMING-16#172 Warning
Large setup violation  
There is a large setup violation of -3.846 ns between swervolf/rvtop/veer/ifu/aln/bundle1ff/dout_reg[4]/C (clocked by clk_core) and swervolf/rvtop/mem/icache.icm/ic_data_inst/PACKED_1.BANKS_WAY[0].ECC0.size_256.WAYS.ic_bank_sb_way_data/ram_core_reg_0_255_127_127/RAMS64E_D/ADR1 (clocked by clk_core). Large setup violations at the end of those stages might be difficult to fix during the post-placement implementation flow and could be the result of non-optimal XDC constraints or non-optimal design architecture
Related violations: <none>

TIMING-16#173 Warning
Large setup violation  
There is a large setup violation of -3.847 ns between swervolf/rvtop/veer/ifu/aln/bundle1ff/dout_reg[4]/C (clocked by clk_core) and swervolf/rvtop/mem/icache.icm/ic_data_inst/PACKED_1.BANKS_WAY[0].ECC0.size_256.WAYS.ic_bank_sb_way_data/ram_core_reg_0_255_113_113/RAMS64E_A/ADR0 (clocked by clk_core). Large setup violations at the end of those stages might be difficult to fix during the post-placement implementation flow and could be the result of non-optimal XDC constraints or non-optimal design architecture
Related violations: <none>

TIMING-16#174 Warning
Large setup violation  
There is a large setup violation of -3.847 ns between swervolf/rvtop/veer/ifu/aln/bundle1ff/dout_reg[4]/C (clocked by clk_core) and swervolf/rvtop/mem/icache.icm/ic_data_inst/PACKED_1.BANKS_WAY[0].ECC0.size_256.WAYS.ic_bank_sb_way_data/ram_core_reg_0_255_113_113/RAMS64E_B/ADR0 (clocked by clk_core). Large setup violations at the end of those stages might be difficult to fix during the post-placement implementation flow and could be the result of non-optimal XDC constraints or non-optimal design architecture
Related violations: <none>

TIMING-16#175 Warning
Large setup violation  
There is a large setup violation of -3.847 ns between swervolf/rvtop/veer/ifu/aln/bundle1ff/dout_reg[4]/C (clocked by clk_core) and swervolf/rvtop/mem/icache.icm/ic_data_inst/PACKED_1.BANKS_WAY[0].ECC0.size_256.WAYS.ic_bank_sb_way_data/ram_core_reg_0_255_113_113/RAMS64E_C/ADR0 (clocked by clk_core). Large setup violations at the end of those stages might be difficult to fix during the post-placement implementation flow and could be the result of non-optimal XDC constraints or non-optimal design architecture
Related violations: <none>

TIMING-16#176 Warning
Large setup violation  
There is a large setup violation of -3.847 ns between swervolf/rvtop/veer/ifu/aln/bundle1ff/dout_reg[4]/C (clocked by clk_core) and swervolf/rvtop/mem/icache.icm/ic_data_inst/PACKED_1.BANKS_WAY[0].ECC0.size_256.WAYS.ic_bank_sb_way_data/ram_core_reg_0_255_113_113/RAMS64E_D/ADR0 (clocked by clk_core). Large setup violations at the end of those stages might be difficult to fix during the post-placement implementation flow and could be the result of non-optimal XDC constraints or non-optimal design architecture
Related violations: <none>

TIMING-16#177 Warning
Large setup violation  
There is a large setup violation of -3.848 ns between swervolf/rvtop/veer/ifu/aln/bundle1ff/dout_reg[4]/C (clocked by clk_core) and swervolf/rvtop/mem/icache.icm/ic_data_inst/PACKED_1.BANKS_WAY[0].ECC0.size_256.WAYS.ic_bank_sb_way_data/ram_core_reg_0_255_128_128/RAMS64E_A/ADR1 (clocked by clk_core). Large setup violations at the end of those stages might be difficult to fix during the post-placement implementation flow and could be the result of non-optimal XDC constraints or non-optimal design architecture
Related violations: <none>

TIMING-16#178 Warning
Large setup violation  
There is a large setup violation of -3.848 ns between swervolf/rvtop/veer/ifu/aln/bundle1ff/dout_reg[4]/C (clocked by clk_core) and swervolf/rvtop/mem/icache.icm/ic_data_inst/PACKED_1.BANKS_WAY[0].ECC0.size_256.WAYS.ic_bank_sb_way_data/ram_core_reg_0_255_128_128/RAMS64E_B/ADR1 (clocked by clk_core). Large setup violations at the end of those stages might be difficult to fix during the post-placement implementation flow and could be the result of non-optimal XDC constraints or non-optimal design architecture
Related violations: <none>

TIMING-16#179 Warning
Large setup violation  
There is a large setup violation of -3.848 ns between swervolf/rvtop/veer/ifu/aln/bundle1ff/dout_reg[4]/C (clocked by clk_core) and swervolf/rvtop/mem/icache.icm/ic_data_inst/PACKED_1.BANKS_WAY[0].ECC0.size_256.WAYS.ic_bank_sb_way_data/ram_core_reg_0_255_128_128/RAMS64E_C/ADR1 (clocked by clk_core). Large setup violations at the end of those stages might be difficult to fix during the post-placement implementation flow and could be the result of non-optimal XDC constraints or non-optimal design architecture
Related violations: <none>

TIMING-16#180 Warning
Large setup violation  
There is a large setup violation of -3.848 ns between swervolf/rvtop/veer/ifu/aln/bundle1ff/dout_reg[4]/C (clocked by clk_core) and swervolf/rvtop/mem/icache.icm/ic_data_inst/PACKED_1.BANKS_WAY[0].ECC0.size_256.WAYS.ic_bank_sb_way_data/ram_core_reg_0_255_128_128/RAMS64E_D/ADR1 (clocked by clk_core). Large setup violations at the end of those stages might be difficult to fix during the post-placement implementation flow and could be the result of non-optimal XDC constraints or non-optimal design architecture
Related violations: <none>

TIMING-16#181 Warning
Large setup violation  
There is a large setup violation of -3.876 ns between swervolf/rvtop/veer/ifu/aln/bundle1ff/dout_reg[4]/C (clocked by clk_core) and swervolf/rvtop/mem/icache.icm/ic_data_inst/PACKED_1.BANKS_WAY[0].ECC0.size_256.WAYS.ic_bank_sb_way_data/ram_core_reg_0_255_120_120/RAMS64E_A/ADR1 (clocked by clk_core). Large setup violations at the end of those stages might be difficult to fix during the post-placement implementation flow and could be the result of non-optimal XDC constraints or non-optimal design architecture
Related violations: <none>

TIMING-16#182 Warning
Large setup violation  
There is a large setup violation of -3.876 ns between swervolf/rvtop/veer/ifu/aln/bundle1ff/dout_reg[4]/C (clocked by clk_core) and swervolf/rvtop/mem/icache.icm/ic_data_inst/PACKED_1.BANKS_WAY[0].ECC0.size_256.WAYS.ic_bank_sb_way_data/ram_core_reg_0_255_120_120/RAMS64E_B/ADR1 (clocked by clk_core). Large setup violations at the end of those stages might be difficult to fix during the post-placement implementation flow and could be the result of non-optimal XDC constraints or non-optimal design architecture
Related violations: <none>

TIMING-16#183 Warning
Large setup violation  
There is a large setup violation of -3.876 ns between swervolf/rvtop/veer/ifu/aln/bundle1ff/dout_reg[4]/C (clocked by clk_core) and swervolf/rvtop/mem/icache.icm/ic_data_inst/PACKED_1.BANKS_WAY[0].ECC0.size_256.WAYS.ic_bank_sb_way_data/ram_core_reg_0_255_120_120/RAMS64E_C/ADR1 (clocked by clk_core). Large setup violations at the end of those stages might be difficult to fix during the post-placement implementation flow and could be the result of non-optimal XDC constraints or non-optimal design architecture
Related violations: <none>

TIMING-16#184 Warning
Large setup violation  
There is a large setup violation of -3.876 ns between swervolf/rvtop/veer/ifu/aln/bundle1ff/dout_reg[4]/C (clocked by clk_core) and swervolf/rvtop/mem/icache.icm/ic_data_inst/PACKED_1.BANKS_WAY[0].ECC0.size_256.WAYS.ic_bank_sb_way_data/ram_core_reg_0_255_120_120/RAMS64E_D/ADR1 (clocked by clk_core). Large setup violations at the end of those stages might be difficult to fix during the post-placement implementation flow and could be the result of non-optimal XDC constraints or non-optimal design architecture
Related violations: <none>

TIMING-16#185 Warning
Large setup violation  
There is a large setup violation of -3.886 ns between swervolf/rvtop/veer/ifu/aln/bundle1ff/dout_reg[4]/C (clocked by clk_core) and swervolf/rvtop/mem/icache.icm/ic_data_inst/PACKED_1.BANKS_WAY[0].ECC0.size_256.WAYS.ic_bank_sb_way_data/ram_core_reg_0_255_126_126/RAMS64E_A/ADR1 (clocked by clk_core). Large setup violations at the end of those stages might be difficult to fix during the post-placement implementation flow and could be the result of non-optimal XDC constraints or non-optimal design architecture
Related violations: <none>

TIMING-16#186 Warning
Large setup violation  
There is a large setup violation of -3.886 ns between swervolf/rvtop/veer/ifu/aln/bundle1ff/dout_reg[4]/C (clocked by clk_core) and swervolf/rvtop/mem/icache.icm/ic_data_inst/PACKED_1.BANKS_WAY[0].ECC0.size_256.WAYS.ic_bank_sb_way_data/ram_core_reg_0_255_126_126/RAMS64E_B/ADR1 (clocked by clk_core). Large setup violations at the end of those stages might be difficult to fix during the post-placement implementation flow and could be the result of non-optimal XDC constraints or non-optimal design architecture
Related violations: <none>

TIMING-16#187 Warning
Large setup violation  
There is a large setup violation of -3.886 ns between swervolf/rvtop/veer/ifu/aln/bundle1ff/dout_reg[4]/C (clocked by clk_core) and swervolf/rvtop/mem/icache.icm/ic_data_inst/PACKED_1.BANKS_WAY[0].ECC0.size_256.WAYS.ic_bank_sb_way_data/ram_core_reg_0_255_126_126/RAMS64E_C/ADR1 (clocked by clk_core). Large setup violations at the end of those stages might be difficult to fix during the post-placement implementation flow and could be the result of non-optimal XDC constraints or non-optimal design architecture
Related violations: <none>

TIMING-16#188 Warning
Large setup violation  
There is a large setup violation of -3.886 ns between swervolf/rvtop/veer/ifu/aln/bundle1ff/dout_reg[4]/C (clocked by clk_core) and swervolf/rvtop/mem/icache.icm/ic_data_inst/PACKED_1.BANKS_WAY[0].ECC0.size_256.WAYS.ic_bank_sb_way_data/ram_core_reg_0_255_126_126/RAMS64E_D/ADR1 (clocked by clk_core). Large setup violations at the end of those stages might be difficult to fix during the post-placement implementation flow and could be the result of non-optimal XDC constraints or non-optimal design architecture
Related violations: <none>

TIMING-16#189 Warning
Large setup violation  
There is a large setup violation of -3.888 ns between swervolf/rvtop/veer/ifu/aln/bundle1ff/dout_reg[4]/C (clocked by clk_core) and swervolf/rvtop/mem/icache.icm/ic_data_inst/PACKED_1.BANKS_WAY[0].ECC0.size_256.WAYS.ic_bank_sb_way_data/ram_core_reg_0_255_10_10/RAMS64E_A/ADR0 (clocked by clk_core). Large setup violations at the end of those stages might be difficult to fix during the post-placement implementation flow and could be the result of non-optimal XDC constraints or non-optimal design architecture
Related violations: <none>

TIMING-16#190 Warning
Large setup violation  
There is a large setup violation of -3.888 ns between swervolf/rvtop/veer/ifu/aln/bundle1ff/dout_reg[4]/C (clocked by clk_core) and swervolf/rvtop/mem/icache.icm/ic_data_inst/PACKED_1.BANKS_WAY[0].ECC0.size_256.WAYS.ic_bank_sb_way_data/ram_core_reg_0_255_10_10/RAMS64E_B/ADR0 (clocked by clk_core). Large setup violations at the end of those stages might be difficult to fix during the post-placement implementation flow and could be the result of non-optimal XDC constraints or non-optimal design architecture
Related violations: <none>

TIMING-16#191 Warning
Large setup violation  
There is a large setup violation of -3.888 ns between swervolf/rvtop/veer/ifu/aln/bundle1ff/dout_reg[4]/C (clocked by clk_core) and swervolf/rvtop/mem/icache.icm/ic_data_inst/PACKED_1.BANKS_WAY[0].ECC0.size_256.WAYS.ic_bank_sb_way_data/ram_core_reg_0_255_10_10/RAMS64E_C/ADR0 (clocked by clk_core). Large setup violations at the end of those stages might be difficult to fix during the post-placement implementation flow and could be the result of non-optimal XDC constraints or non-optimal design architecture
Related violations: <none>

TIMING-16#192 Warning
Large setup violation  
There is a large setup violation of -3.888 ns between swervolf/rvtop/veer/ifu/aln/bundle1ff/dout_reg[4]/C (clocked by clk_core) and swervolf/rvtop/mem/icache.icm/ic_data_inst/PACKED_1.BANKS_WAY[0].ECC0.size_256.WAYS.ic_bank_sb_way_data/ram_core_reg_0_255_10_10/RAMS64E_D/ADR0 (clocked by clk_core). Large setup violations at the end of those stages might be difficult to fix during the post-placement implementation flow and could be the result of non-optimal XDC constraints or non-optimal design architecture
Related violations: <none>

TIMING-16#193 Warning
Large setup violation  
There is a large setup violation of -3.888 ns between swervolf/rvtop/veer/ifu/aln/bundle1ff/dout_reg[4]/C (clocked by clk_core) and swervolf/rvtop/mem/icache.icm/ic_data_inst/PACKED_1.BANKS_WAY[0].ECC0.size_256.WAYS.ic_bank_sb_way_data/ram_core_reg_0_255_124_124/RAMS64E_A/ADR0 (clocked by clk_core). Large setup violations at the end of those stages might be difficult to fix during the post-placement implementation flow and could be the result of non-optimal XDC constraints or non-optimal design architecture
Related violations: <none>

TIMING-16#194 Warning
Large setup violation  
There is a large setup violation of -3.888 ns between swervolf/rvtop/veer/ifu/aln/bundle1ff/dout_reg[4]/C (clocked by clk_core) and swervolf/rvtop/mem/icache.icm/ic_data_inst/PACKED_1.BANKS_WAY[0].ECC0.size_256.WAYS.ic_bank_sb_way_data/ram_core_reg_0_255_124_124/RAMS64E_B/ADR0 (clocked by clk_core). Large setup violations at the end of those stages might be difficult to fix during the post-placement implementation flow and could be the result of non-optimal XDC constraints or non-optimal design architecture
Related violations: <none>

TIMING-16#195 Warning
Large setup violation  
There is a large setup violation of -3.888 ns between swervolf/rvtop/veer/ifu/aln/bundle1ff/dout_reg[4]/C (clocked by clk_core) and swervolf/rvtop/mem/icache.icm/ic_data_inst/PACKED_1.BANKS_WAY[0].ECC0.size_256.WAYS.ic_bank_sb_way_data/ram_core_reg_0_255_124_124/RAMS64E_C/ADR0 (clocked by clk_core). Large setup violations at the end of those stages might be difficult to fix during the post-placement implementation flow and could be the result of non-optimal XDC constraints or non-optimal design architecture
Related violations: <none>

TIMING-16#196 Warning
Large setup violation  
There is a large setup violation of -3.888 ns between swervolf/rvtop/veer/ifu/aln/bundle1ff/dout_reg[4]/C (clocked by clk_core) and swervolf/rvtop/mem/icache.icm/ic_data_inst/PACKED_1.BANKS_WAY[0].ECC0.size_256.WAYS.ic_bank_sb_way_data/ram_core_reg_0_255_124_124/RAMS64E_D/ADR0 (clocked by clk_core). Large setup violations at the end of those stages might be difficult to fix during the post-placement implementation flow and could be the result of non-optimal XDC constraints or non-optimal design architecture
Related violations: <none>

TIMING-16#197 Warning
Large setup violation  
There is a large setup violation of -3.888 ns between swervolf/rvtop/veer/ifu/aln/bundle1ff/dout_reg[4]/C (clocked by clk_core) and swervolf/rvtop/mem/icache.icm/ic_data_inst/PACKED_1.BANKS_WAY[0].ECC0.size_256.WAYS.ic_bank_sb_way_data/ram_core_reg_0_255_12_12/RAMS64E_A/ADR1 (clocked by clk_core). Large setup violations at the end of those stages might be difficult to fix during the post-placement implementation flow and could be the result of non-optimal XDC constraints or non-optimal design architecture
Related violations: <none>

TIMING-16#198 Warning
Large setup violation  
There is a large setup violation of -3.888 ns between swervolf/rvtop/veer/ifu/aln/bundle1ff/dout_reg[4]/C (clocked by clk_core) and swervolf/rvtop/mem/icache.icm/ic_data_inst/PACKED_1.BANKS_WAY[0].ECC0.size_256.WAYS.ic_bank_sb_way_data/ram_core_reg_0_255_12_12/RAMS64E_B/ADR1 (clocked by clk_core). Large setup violations at the end of those stages might be difficult to fix during the post-placement implementation flow and could be the result of non-optimal XDC constraints or non-optimal design architecture
Related violations: <none>

TIMING-16#199 Warning
Large setup violation  
There is a large setup violation of -3.888 ns between swervolf/rvtop/veer/ifu/aln/bundle1ff/dout_reg[4]/C (clocked by clk_core) and swervolf/rvtop/mem/icache.icm/ic_data_inst/PACKED_1.BANKS_WAY[0].ECC0.size_256.WAYS.ic_bank_sb_way_data/ram_core_reg_0_255_12_12/RAMS64E_C/ADR1 (clocked by clk_core). Large setup violations at the end of those stages might be difficult to fix during the post-placement implementation flow and could be the result of non-optimal XDC constraints or non-optimal design architecture
Related violations: <none>

TIMING-16#200 Warning
Large setup violation  
There is a large setup violation of -3.888 ns between swervolf/rvtop/veer/ifu/aln/bundle1ff/dout_reg[4]/C (clocked by clk_core) and swervolf/rvtop/mem/icache.icm/ic_data_inst/PACKED_1.BANKS_WAY[0].ECC0.size_256.WAYS.ic_bank_sb_way_data/ram_core_reg_0_255_12_12/RAMS64E_D/ADR1 (clocked by clk_core). Large setup violations at the end of those stages might be difficult to fix during the post-placement implementation flow and could be the result of non-optimal XDC constraints or non-optimal design architecture
Related violations: <none>

TIMING-16#201 Warning
Large setup violation  
There is a large setup violation of -3.901 ns between swervolf/rvtop/veer/ifu/aln/bundle1ff/dout_reg[4]/C (clocked by clk_core) and swervolf/rvtop/mem/icache.icm/ic_data_inst/PACKED_1.BANKS_WAY[0].ECC0.size_256.WAYS.ic_bank_sb_way_data/ram_core_reg_0_255_0_0/RAMS64E_A/ADR1 (clocked by clk_core). Large setup violations at the end of those stages might be difficult to fix during the post-placement implementation flow and could be the result of non-optimal XDC constraints or non-optimal design architecture
Related violations: <none>

TIMING-16#202 Warning
Large setup violation  
There is a large setup violation of -3.901 ns between swervolf/rvtop/veer/ifu/aln/bundle1ff/dout_reg[4]/C (clocked by clk_core) and swervolf/rvtop/mem/icache.icm/ic_data_inst/PACKED_1.BANKS_WAY[0].ECC0.size_256.WAYS.ic_bank_sb_way_data/ram_core_reg_0_255_0_0/RAMS64E_B/ADR1 (clocked by clk_core). Large setup violations at the end of those stages might be difficult to fix during the post-placement implementation flow and could be the result of non-optimal XDC constraints or non-optimal design architecture
Related violations: <none>

TIMING-16#203 Warning
Large setup violation  
There is a large setup violation of -3.901 ns between swervolf/rvtop/veer/ifu/aln/bundle1ff/dout_reg[4]/C (clocked by clk_core) and swervolf/rvtop/mem/icache.icm/ic_data_inst/PACKED_1.BANKS_WAY[0].ECC0.size_256.WAYS.ic_bank_sb_way_data/ram_core_reg_0_255_0_0/RAMS64E_C/ADR1 (clocked by clk_core). Large setup violations at the end of those stages might be difficult to fix during the post-placement implementation flow and could be the result of non-optimal XDC constraints or non-optimal design architecture
Related violations: <none>

TIMING-16#204 Warning
Large setup violation  
There is a large setup violation of -3.901 ns between swervolf/rvtop/veer/ifu/aln/bundle1ff/dout_reg[4]/C (clocked by clk_core) and swervolf/rvtop/mem/icache.icm/ic_data_inst/PACKED_1.BANKS_WAY[0].ECC0.size_256.WAYS.ic_bank_sb_way_data/ram_core_reg_0_255_0_0/RAMS64E_D/ADR1 (clocked by clk_core). Large setup violations at the end of those stages might be difficult to fix during the post-placement implementation flow and could be the result of non-optimal XDC constraints or non-optimal design architecture
Related violations: <none>

TIMING-16#205 Warning
Large setup violation  
There is a large setup violation of -3.906 ns between swervolf/rvtop/veer/ifu/aln/bundle1ff/dout_reg[4]/C (clocked by clk_core) and swervolf/rvtop/mem/icache.icm/ic_data_inst/PACKED_1.BANKS_WAY[0].ECC0.size_256.WAYS.ic_bank_sb_way_data/ram_core_reg_0_255_105_105/RAMS64E_A/ADR0 (clocked by clk_core). Large setup violations at the end of those stages might be difficult to fix during the post-placement implementation flow and could be the result of non-optimal XDC constraints or non-optimal design architecture
Related violations: <none>

TIMING-16#206 Warning
Large setup violation  
There is a large setup violation of -3.906 ns between swervolf/rvtop/veer/ifu/aln/bundle1ff/dout_reg[4]/C (clocked by clk_core) and swervolf/rvtop/mem/icache.icm/ic_data_inst/PACKED_1.BANKS_WAY[0].ECC0.size_256.WAYS.ic_bank_sb_way_data/ram_core_reg_0_255_105_105/RAMS64E_B/ADR0 (clocked by clk_core). Large setup violations at the end of those stages might be difficult to fix during the post-placement implementation flow and could be the result of non-optimal XDC constraints or non-optimal design architecture
Related violations: <none>

TIMING-16#207 Warning
Large setup violation  
There is a large setup violation of -3.906 ns between swervolf/rvtop/veer/ifu/aln/bundle1ff/dout_reg[4]/C (clocked by clk_core) and swervolf/rvtop/mem/icache.icm/ic_data_inst/PACKED_1.BANKS_WAY[0].ECC0.size_256.WAYS.ic_bank_sb_way_data/ram_core_reg_0_255_105_105/RAMS64E_C/ADR0 (clocked by clk_core). Large setup violations at the end of those stages might be difficult to fix during the post-placement implementation flow and could be the result of non-optimal XDC constraints or non-optimal design architecture
Related violations: <none>

TIMING-16#208 Warning
Large setup violation  
There is a large setup violation of -3.906 ns between swervolf/rvtop/veer/ifu/aln/bundle1ff/dout_reg[4]/C (clocked by clk_core) and swervolf/rvtop/mem/icache.icm/ic_data_inst/PACKED_1.BANKS_WAY[0].ECC0.size_256.WAYS.ic_bank_sb_way_data/ram_core_reg_0_255_105_105/RAMS64E_D/ADR0 (clocked by clk_core). Large setup violations at the end of those stages might be difficult to fix during the post-placement implementation flow and could be the result of non-optimal XDC constraints or non-optimal design architecture
Related violations: <none>

TIMING-16#209 Warning
Large setup violation  
There is a large setup violation of -3.927 ns between swervolf/rvtop/veer/ifu/aln/bundle1ff/dout_reg[4]/C (clocked by clk_core) and swervolf/rvtop/mem/icache.icm/ic_data_inst/PACKED_1.BANKS_WAY[0].ECC0.size_256.WAYS.ic_bank_sb_way_data/ram_core_reg_0_255_132_132/RAMS64E_A/ADR1 (clocked by clk_core). Large setup violations at the end of those stages might be difficult to fix during the post-placement implementation flow and could be the result of non-optimal XDC constraints or non-optimal design architecture
Related violations: <none>

TIMING-16#210 Warning
Large setup violation  
There is a large setup violation of -3.927 ns between swervolf/rvtop/veer/ifu/aln/bundle1ff/dout_reg[4]/C (clocked by clk_core) and swervolf/rvtop/mem/icache.icm/ic_data_inst/PACKED_1.BANKS_WAY[0].ECC0.size_256.WAYS.ic_bank_sb_way_data/ram_core_reg_0_255_132_132/RAMS64E_B/ADR1 (clocked by clk_core). Large setup violations at the end of those stages might be difficult to fix during the post-placement implementation flow and could be the result of non-optimal XDC constraints or non-optimal design architecture
Related violations: <none>

TIMING-16#211 Warning
Large setup violation  
There is a large setup violation of -3.927 ns between swervolf/rvtop/veer/ifu/aln/bundle1ff/dout_reg[4]/C (clocked by clk_core) and swervolf/rvtop/mem/icache.icm/ic_data_inst/PACKED_1.BANKS_WAY[0].ECC0.size_256.WAYS.ic_bank_sb_way_data/ram_core_reg_0_255_132_132/RAMS64E_C/ADR1 (clocked by clk_core). Large setup violations at the end of those stages might be difficult to fix during the post-placement implementation flow and could be the result of non-optimal XDC constraints or non-optimal design architecture
Related violations: <none>

TIMING-16#212 Warning
Large setup violation  
There is a large setup violation of -3.927 ns between swervolf/rvtop/veer/ifu/aln/bundle1ff/dout_reg[4]/C (clocked by clk_core) and swervolf/rvtop/mem/icache.icm/ic_data_inst/PACKED_1.BANKS_WAY[0].ECC0.size_256.WAYS.ic_bank_sb_way_data/ram_core_reg_0_255_132_132/RAMS64E_D/ADR1 (clocked by clk_core). Large setup violations at the end of those stages might be difficult to fix during the post-placement implementation flow and could be the result of non-optimal XDC constraints or non-optimal design architecture
Related violations: <none>

TIMING-16#213 Warning
Large setup violation  
There is a large setup violation of -3.942 ns between swervolf/rvtop/veer/ifu/aln/bundle1ff/dout_reg[4]/C (clocked by clk_core) and swervolf/rvtop/mem/icache.icm/ic_data_inst/PACKED_1.BANKS_WAY[0].ECC0.size_256.WAYS.ic_bank_sb_way_data/ram_core_reg_0_255_103_103/RAMS64E_A/ADR0 (clocked by clk_core). Large setup violations at the end of those stages might be difficult to fix during the post-placement implementation flow and could be the result of non-optimal XDC constraints or non-optimal design architecture
Related violations: <none>

TIMING-16#214 Warning
Large setup violation  
There is a large setup violation of -3.942 ns between swervolf/rvtop/veer/ifu/aln/bundle1ff/dout_reg[4]/C (clocked by clk_core) and swervolf/rvtop/mem/icache.icm/ic_data_inst/PACKED_1.BANKS_WAY[0].ECC0.size_256.WAYS.ic_bank_sb_way_data/ram_core_reg_0_255_103_103/RAMS64E_B/ADR0 (clocked by clk_core). Large setup violations at the end of those stages might be difficult to fix during the post-placement implementation flow and could be the result of non-optimal XDC constraints or non-optimal design architecture
Related violations: <none>

TIMING-16#215 Warning
Large setup violation  
There is a large setup violation of -3.942 ns between swervolf/rvtop/veer/ifu/aln/bundle1ff/dout_reg[4]/C (clocked by clk_core) and swervolf/rvtop/mem/icache.icm/ic_data_inst/PACKED_1.BANKS_WAY[0].ECC0.size_256.WAYS.ic_bank_sb_way_data/ram_core_reg_0_255_103_103/RAMS64E_C/ADR0 (clocked by clk_core). Large setup violations at the end of those stages might be difficult to fix during the post-placement implementation flow and could be the result of non-optimal XDC constraints or non-optimal design architecture
Related violations: <none>

TIMING-16#216 Warning
Large setup violation  
There is a large setup violation of -3.942 ns between swervolf/rvtop/veer/ifu/aln/bundle1ff/dout_reg[4]/C (clocked by clk_core) and swervolf/rvtop/mem/icache.icm/ic_data_inst/PACKED_1.BANKS_WAY[0].ECC0.size_256.WAYS.ic_bank_sb_way_data/ram_core_reg_0_255_103_103/RAMS64E_D/ADR0 (clocked by clk_core). Large setup violations at the end of those stages might be difficult to fix during the post-placement implementation flow and could be the result of non-optimal XDC constraints or non-optimal design architecture
Related violations: <none>

TIMING-16#217 Warning
Large setup violation  
There is a large setup violation of -3.984 ns between swervolf/rvtop/veer/ifu/aln/bundle1ff/dout_reg[4]/C (clocked by clk_core) and swervolf/rvtop/mem/icache.icm/ic_data_inst/PACKED_1.BANKS_WAY[0].ECC0.size_256.WAYS.ic_bank_sb_way_data/ram_core_reg_0_255_122_122/RAMS64E_A/ADR1 (clocked by clk_core). Large setup violations at the end of those stages might be difficult to fix during the post-placement implementation flow and could be the result of non-optimal XDC constraints or non-optimal design architecture
Related violations: <none>

TIMING-16#218 Warning
Large setup violation  
There is a large setup violation of -3.984 ns between swervolf/rvtop/veer/ifu/aln/bundle1ff/dout_reg[4]/C (clocked by clk_core) and swervolf/rvtop/mem/icache.icm/ic_data_inst/PACKED_1.BANKS_WAY[0].ECC0.size_256.WAYS.ic_bank_sb_way_data/ram_core_reg_0_255_122_122/RAMS64E_B/ADR1 (clocked by clk_core). Large setup violations at the end of those stages might be difficult to fix during the post-placement implementation flow and could be the result of non-optimal XDC constraints or non-optimal design architecture
Related violations: <none>

TIMING-16#219 Warning
Large setup violation  
There is a large setup violation of -3.984 ns between swervolf/rvtop/veer/ifu/aln/bundle1ff/dout_reg[4]/C (clocked by clk_core) and swervolf/rvtop/mem/icache.icm/ic_data_inst/PACKED_1.BANKS_WAY[0].ECC0.size_256.WAYS.ic_bank_sb_way_data/ram_core_reg_0_255_122_122/RAMS64E_C/ADR1 (clocked by clk_core). Large setup violations at the end of those stages might be difficult to fix during the post-placement implementation flow and could be the result of non-optimal XDC constraints or non-optimal design architecture
Related violations: <none>

TIMING-16#220 Warning
Large setup violation  
There is a large setup violation of -3.984 ns between swervolf/rvtop/veer/ifu/aln/bundle1ff/dout_reg[4]/C (clocked by clk_core) and swervolf/rvtop/mem/icache.icm/ic_data_inst/PACKED_1.BANKS_WAY[0].ECC0.size_256.WAYS.ic_bank_sb_way_data/ram_core_reg_0_255_122_122/RAMS64E_D/ADR1 (clocked by clk_core). Large setup violations at the end of those stages might be difficult to fix during the post-placement implementation flow and could be the result of non-optimal XDC constraints or non-optimal design architecture
Related violations: <none>

TIMING-16#221 Warning
Large setup violation  
There is a large setup violation of -3.987 ns between swervolf/rvtop/veer/ifu/aln/bundle1ff/dout_reg[4]/C (clocked by clk_core) and swervolf/rvtop/mem/icache.icm/ic_data_inst/PACKED_1.BANKS_WAY[0].ECC0.size_256.WAYS.ic_bank_sb_way_data/ram_core_reg_0_255_121_121/RAMS64E_A/ADR1 (clocked by clk_core). Large setup violations at the end of those stages might be difficult to fix during the post-placement implementation flow and could be the result of non-optimal XDC constraints or non-optimal design architecture
Related violations: <none>

TIMING-16#222 Warning
Large setup violation  
There is a large setup violation of -3.987 ns between swervolf/rvtop/veer/ifu/aln/bundle1ff/dout_reg[4]/C (clocked by clk_core) and swervolf/rvtop/mem/icache.icm/ic_data_inst/PACKED_1.BANKS_WAY[0].ECC0.size_256.WAYS.ic_bank_sb_way_data/ram_core_reg_0_255_121_121/RAMS64E_B/ADR1 (clocked by clk_core). Large setup violations at the end of those stages might be difficult to fix during the post-placement implementation flow and could be the result of non-optimal XDC constraints or non-optimal design architecture
Related violations: <none>

TIMING-16#223 Warning
Large setup violation  
There is a large setup violation of -3.987 ns between swervolf/rvtop/veer/ifu/aln/bundle1ff/dout_reg[4]/C (clocked by clk_core) and swervolf/rvtop/mem/icache.icm/ic_data_inst/PACKED_1.BANKS_WAY[0].ECC0.size_256.WAYS.ic_bank_sb_way_data/ram_core_reg_0_255_121_121/RAMS64E_C/ADR1 (clocked by clk_core). Large setup violations at the end of those stages might be difficult to fix during the post-placement implementation flow and could be the result of non-optimal XDC constraints or non-optimal design architecture
Related violations: <none>

TIMING-16#224 Warning
Large setup violation  
There is a large setup violation of -3.987 ns between swervolf/rvtop/veer/ifu/aln/bundle1ff/dout_reg[4]/C (clocked by clk_core) and swervolf/rvtop/mem/icache.icm/ic_data_inst/PACKED_1.BANKS_WAY[0].ECC0.size_256.WAYS.ic_bank_sb_way_data/ram_core_reg_0_255_121_121/RAMS64E_D/ADR1 (clocked by clk_core). Large setup violations at the end of those stages might be difficult to fix during the post-placement implementation flow and could be the result of non-optimal XDC constraints or non-optimal design architecture
Related violations: <none>

TIMING-16#225 Warning
Large setup violation  
There is a large setup violation of -4.009 ns between swervolf/rvtop/veer/ifu/aln/bundle1ff/dout_reg[4]/C (clocked by clk_core) and swervolf/rvtop/mem/icache.icm/ic_data_inst/PACKED_1.BANKS_WAY[0].ECC0.size_256.WAYS.ic_bank_sb_way_data/ram_core_reg_0_255_124_124/RAMS64E_A/ADR1 (clocked by clk_core). Large setup violations at the end of those stages might be difficult to fix during the post-placement implementation flow and could be the result of non-optimal XDC constraints or non-optimal design architecture
Related violations: <none>

TIMING-16#226 Warning
Large setup violation  
There is a large setup violation of -4.009 ns between swervolf/rvtop/veer/ifu/aln/bundle1ff/dout_reg[4]/C (clocked by clk_core) and swervolf/rvtop/mem/icache.icm/ic_data_inst/PACKED_1.BANKS_WAY[0].ECC0.size_256.WAYS.ic_bank_sb_way_data/ram_core_reg_0_255_124_124/RAMS64E_B/ADR1 (clocked by clk_core). Large setup violations at the end of those stages might be difficult to fix during the post-placement implementation flow and could be the result of non-optimal XDC constraints or non-optimal design architecture
Related violations: <none>

TIMING-16#227 Warning
Large setup violation  
There is a large setup violation of -4.009 ns between swervolf/rvtop/veer/ifu/aln/bundle1ff/dout_reg[4]/C (clocked by clk_core) and swervolf/rvtop/mem/icache.icm/ic_data_inst/PACKED_1.BANKS_WAY[0].ECC0.size_256.WAYS.ic_bank_sb_way_data/ram_core_reg_0_255_124_124/RAMS64E_C/ADR1 (clocked by clk_core). Large setup violations at the end of those stages might be difficult to fix during the post-placement implementation flow and could be the result of non-optimal XDC constraints or non-optimal design architecture
Related violations: <none>

TIMING-16#228 Warning
Large setup violation  
There is a large setup violation of -4.009 ns between swervolf/rvtop/veer/ifu/aln/bundle1ff/dout_reg[4]/C (clocked by clk_core) and swervolf/rvtop/mem/icache.icm/ic_data_inst/PACKED_1.BANKS_WAY[0].ECC0.size_256.WAYS.ic_bank_sb_way_data/ram_core_reg_0_255_124_124/RAMS64E_D/ADR1 (clocked by clk_core). Large setup violations at the end of those stages might be difficult to fix during the post-placement implementation flow and could be the result of non-optimal XDC constraints or non-optimal design architecture
Related violations: <none>

TIMING-16#229 Warning
Large setup violation  
There is a large setup violation of -4.032 ns between swervolf/rvtop/veer/ifu/aln/bundle1ff/dout_reg[4]/C (clocked by clk_core) and swervolf/rvtop/mem/icache.icm/ic_data_inst/PACKED_1.BANKS_WAY[0].ECC0.size_256.WAYS.ic_bank_sb_way_data/ram_core_reg_0_255_135_135/RAMS64E_A/ADR0 (clocked by clk_core). Large setup violations at the end of those stages might be difficult to fix during the post-placement implementation flow and could be the result of non-optimal XDC constraints or non-optimal design architecture
Related violations: <none>

TIMING-16#230 Warning
Large setup violation  
There is a large setup violation of -4.032 ns between swervolf/rvtop/veer/ifu/aln/bundle1ff/dout_reg[4]/C (clocked by clk_core) and swervolf/rvtop/mem/icache.icm/ic_data_inst/PACKED_1.BANKS_WAY[0].ECC0.size_256.WAYS.ic_bank_sb_way_data/ram_core_reg_0_255_135_135/RAMS64E_B/ADR0 (clocked by clk_core). Large setup violations at the end of those stages might be difficult to fix during the post-placement implementation flow and could be the result of non-optimal XDC constraints or non-optimal design architecture
Related violations: <none>

TIMING-16#231 Warning
Large setup violation  
There is a large setup violation of -4.032 ns between swervolf/rvtop/veer/ifu/aln/bundle1ff/dout_reg[4]/C (clocked by clk_core) and swervolf/rvtop/mem/icache.icm/ic_data_inst/PACKED_1.BANKS_WAY[0].ECC0.size_256.WAYS.ic_bank_sb_way_data/ram_core_reg_0_255_135_135/RAMS64E_C/ADR0 (clocked by clk_core). Large setup violations at the end of those stages might be difficult to fix during the post-placement implementation flow and could be the result of non-optimal XDC constraints or non-optimal design architecture
Related violations: <none>

TIMING-16#232 Warning
Large setup violation  
There is a large setup violation of -4.032 ns between swervolf/rvtop/veer/ifu/aln/bundle1ff/dout_reg[4]/C (clocked by clk_core) and swervolf/rvtop/mem/icache.icm/ic_data_inst/PACKED_1.BANKS_WAY[0].ECC0.size_256.WAYS.ic_bank_sb_way_data/ram_core_reg_0_255_135_135/RAMS64E_D/ADR0 (clocked by clk_core). Large setup violations at the end of those stages might be difficult to fix during the post-placement implementation flow and could be the result of non-optimal XDC constraints or non-optimal design architecture
Related violations: <none>

TIMING-16#233 Warning
Large setup violation  
There is a large setup violation of -4.046 ns between swervolf/rvtop/veer/ifu/aln/bundle1ff/dout_reg[4]/C (clocked by clk_core) and swervolf/rvtop/mem/icache.icm/ic_data_inst/PACKED_1.BANKS_WAY[0].ECC0.size_256.WAYS.ic_bank_sb_way_data/ram_core_reg_0_255_101_101/RAMS64E_A/ADR1 (clocked by clk_core). Large setup violations at the end of those stages might be difficult to fix during the post-placement implementation flow and could be the result of non-optimal XDC constraints or non-optimal design architecture
Related violations: <none>

TIMING-16#234 Warning
Large setup violation  
There is a large setup violation of -4.046 ns between swervolf/rvtop/veer/ifu/aln/bundle1ff/dout_reg[4]/C (clocked by clk_core) and swervolf/rvtop/mem/icache.icm/ic_data_inst/PACKED_1.BANKS_WAY[0].ECC0.size_256.WAYS.ic_bank_sb_way_data/ram_core_reg_0_255_101_101/RAMS64E_B/ADR1 (clocked by clk_core). Large setup violations at the end of those stages might be difficult to fix during the post-placement implementation flow and could be the result of non-optimal XDC constraints or non-optimal design architecture
Related violations: <none>

TIMING-16#235 Warning
Large setup violation  
There is a large setup violation of -4.046 ns between swervolf/rvtop/veer/ifu/aln/bundle1ff/dout_reg[4]/C (clocked by clk_core) and swervolf/rvtop/mem/icache.icm/ic_data_inst/PACKED_1.BANKS_WAY[0].ECC0.size_256.WAYS.ic_bank_sb_way_data/ram_core_reg_0_255_101_101/RAMS64E_C/ADR1 (clocked by clk_core). Large setup violations at the end of those stages might be difficult to fix during the post-placement implementation flow and could be the result of non-optimal XDC constraints or non-optimal design architecture
Related violations: <none>

TIMING-16#236 Warning
Large setup violation  
There is a large setup violation of -4.046 ns between swervolf/rvtop/veer/ifu/aln/bundle1ff/dout_reg[4]/C (clocked by clk_core) and swervolf/rvtop/mem/icache.icm/ic_data_inst/PACKED_1.BANKS_WAY[0].ECC0.size_256.WAYS.ic_bank_sb_way_data/ram_core_reg_0_255_101_101/RAMS64E_D/ADR1 (clocked by clk_core). Large setup violations at the end of those stages might be difficult to fix during the post-placement implementation flow and could be the result of non-optimal XDC constraints or non-optimal design architecture
Related violations: <none>

TIMING-16#237 Warning
Large setup violation  
There is a large setup violation of -4.047 ns between swervolf/rvtop/veer/ifu/aln/bundle1ff/dout_reg[4]/C (clocked by clk_core) and swervolf/rvtop/mem/icache.icm/ic_data_inst/PACKED_1.BANKS_WAY[0].ECC0.size_256.WAYS.ic_bank_sb_way_data/ram_core_reg_0_255_100_100/RAMS64E_A/ADR1 (clocked by clk_core). Large setup violations at the end of those stages might be difficult to fix during the post-placement implementation flow and could be the result of non-optimal XDC constraints or non-optimal design architecture
Related violations: <none>

TIMING-16#238 Warning
Large setup violation  
There is a large setup violation of -4.047 ns between swervolf/rvtop/veer/ifu/aln/bundle1ff/dout_reg[4]/C (clocked by clk_core) and swervolf/rvtop/mem/icache.icm/ic_data_inst/PACKED_1.BANKS_WAY[0].ECC0.size_256.WAYS.ic_bank_sb_way_data/ram_core_reg_0_255_100_100/RAMS64E_B/ADR1 (clocked by clk_core). Large setup violations at the end of those stages might be difficult to fix during the post-placement implementation flow and could be the result of non-optimal XDC constraints or non-optimal design architecture
Related violations: <none>

TIMING-16#239 Warning
Large setup violation  
There is a large setup violation of -4.047 ns between swervolf/rvtop/veer/ifu/aln/bundle1ff/dout_reg[4]/C (clocked by clk_core) and swervolf/rvtop/mem/icache.icm/ic_data_inst/PACKED_1.BANKS_WAY[0].ECC0.size_256.WAYS.ic_bank_sb_way_data/ram_core_reg_0_255_100_100/RAMS64E_C/ADR1 (clocked by clk_core). Large setup violations at the end of those stages might be difficult to fix during the post-placement implementation flow and could be the result of non-optimal XDC constraints or non-optimal design architecture
Related violations: <none>

TIMING-16#240 Warning
Large setup violation  
There is a large setup violation of -4.047 ns between swervolf/rvtop/veer/ifu/aln/bundle1ff/dout_reg[4]/C (clocked by clk_core) and swervolf/rvtop/mem/icache.icm/ic_data_inst/PACKED_1.BANKS_WAY[0].ECC0.size_256.WAYS.ic_bank_sb_way_data/ram_core_reg_0_255_100_100/RAMS64E_D/ADR1 (clocked by clk_core). Large setup violations at the end of those stages might be difficult to fix during the post-placement implementation flow and could be the result of non-optimal XDC constraints or non-optimal design architecture
Related violations: <none>

TIMING-16#241 Warning
Large setup violation  
There is a large setup violation of -4.048 ns between swervolf/rvtop/veer/ifu/aln/bundle1ff/dout_reg[4]/C (clocked by clk_core) and swervolf/rvtop/mem/icache.icm/ic_data_inst/PACKED_1.BANKS_WAY[0].ECC0.size_256.WAYS.ic_bank_sb_way_data/ram_core_reg_0_255_11_11/RAMS64E_A/ADR1 (clocked by clk_core). Large setup violations at the end of those stages might be difficult to fix during the post-placement implementation flow and could be the result of non-optimal XDC constraints or non-optimal design architecture
Related violations: <none>

TIMING-16#242 Warning
Large setup violation  
There is a large setup violation of -4.048 ns between swervolf/rvtop/veer/ifu/aln/bundle1ff/dout_reg[4]/C (clocked by clk_core) and swervolf/rvtop/mem/icache.icm/ic_data_inst/PACKED_1.BANKS_WAY[0].ECC0.size_256.WAYS.ic_bank_sb_way_data/ram_core_reg_0_255_11_11/RAMS64E_B/ADR1 (clocked by clk_core). Large setup violations at the end of those stages might be difficult to fix during the post-placement implementation flow and could be the result of non-optimal XDC constraints or non-optimal design architecture
Related violations: <none>

TIMING-16#243 Warning
Large setup violation  
There is a large setup violation of -4.048 ns between swervolf/rvtop/veer/ifu/aln/bundle1ff/dout_reg[4]/C (clocked by clk_core) and swervolf/rvtop/mem/icache.icm/ic_data_inst/PACKED_1.BANKS_WAY[0].ECC0.size_256.WAYS.ic_bank_sb_way_data/ram_core_reg_0_255_11_11/RAMS64E_C/ADR1 (clocked by clk_core). Large setup violations at the end of those stages might be difficult to fix during the post-placement implementation flow and could be the result of non-optimal XDC constraints or non-optimal design architecture
Related violations: <none>

TIMING-16#244 Warning
Large setup violation  
There is a large setup violation of -4.048 ns between swervolf/rvtop/veer/ifu/aln/bundle1ff/dout_reg[4]/C (clocked by clk_core) and swervolf/rvtop/mem/icache.icm/ic_data_inst/PACKED_1.BANKS_WAY[0].ECC0.size_256.WAYS.ic_bank_sb_way_data/ram_core_reg_0_255_11_11/RAMS64E_D/ADR1 (clocked by clk_core). Large setup violations at the end of those stages might be difficult to fix during the post-placement implementation flow and could be the result of non-optimal XDC constraints or non-optimal design architecture
Related violations: <none>

TIMING-16#245 Warning
Large setup violation  
There is a large setup violation of -4.052 ns between swervolf/rvtop/veer/ifu/aln/bundle1ff/dout_reg[4]/C (clocked by clk_core) and swervolf/rvtop/mem/icache.icm/ic_data_inst/PACKED_1.BANKS_WAY[0].ECC0.size_256.WAYS.ic_bank_sb_way_data/ram_core_reg_0_255_134_134/RAMS64E_A/ADR1 (clocked by clk_core). Large setup violations at the end of those stages might be difficult to fix during the post-placement implementation flow and could be the result of non-optimal XDC constraints or non-optimal design architecture
Related violations: <none>

TIMING-16#246 Warning
Large setup violation  
There is a large setup violation of -4.052 ns between swervolf/rvtop/veer/ifu/aln/bundle1ff/dout_reg[4]/C (clocked by clk_core) and swervolf/rvtop/mem/icache.icm/ic_data_inst/PACKED_1.BANKS_WAY[0].ECC0.size_256.WAYS.ic_bank_sb_way_data/ram_core_reg_0_255_134_134/RAMS64E_B/ADR1 (clocked by clk_core). Large setup violations at the end of those stages might be difficult to fix during the post-placement implementation flow and could be the result of non-optimal XDC constraints or non-optimal design architecture
Related violations: <none>

TIMING-16#247 Warning
Large setup violation  
There is a large setup violation of -4.052 ns between swervolf/rvtop/veer/ifu/aln/bundle1ff/dout_reg[4]/C (clocked by clk_core) and swervolf/rvtop/mem/icache.icm/ic_data_inst/PACKED_1.BANKS_WAY[0].ECC0.size_256.WAYS.ic_bank_sb_way_data/ram_core_reg_0_255_134_134/RAMS64E_C/ADR1 (clocked by clk_core). Large setup violations at the end of those stages might be difficult to fix during the post-placement implementation flow and could be the result of non-optimal XDC constraints or non-optimal design architecture
Related violations: <none>

TIMING-16#248 Warning
Large setup violation  
There is a large setup violation of -4.052 ns between swervolf/rvtop/veer/ifu/aln/bundle1ff/dout_reg[4]/C (clocked by clk_core) and swervolf/rvtop/mem/icache.icm/ic_data_inst/PACKED_1.BANKS_WAY[0].ECC0.size_256.WAYS.ic_bank_sb_way_data/ram_core_reg_0_255_134_134/RAMS64E_D/ADR1 (clocked by clk_core). Large setup violations at the end of those stages might be difficult to fix during the post-placement implementation flow and could be the result of non-optimal XDC constraints or non-optimal design architecture
Related violations: <none>

TIMING-16#249 Warning
Large setup violation  
There is a large setup violation of -4.053 ns between swervolf/rvtop/veer/ifu/aln/bundle1ff/dout_reg[4]/C (clocked by clk_core) and swervolf/rvtop/mem/icache.icm/ic_data_inst/PACKED_1.BANKS_WAY[0].ECC0.size_256.WAYS.ic_bank_sb_way_data/ram_core_reg_0_255_104_104/RAMS64E_A/ADR1 (clocked by clk_core). Large setup violations at the end of those stages might be difficult to fix during the post-placement implementation flow and could be the result of non-optimal XDC constraints or non-optimal design architecture
Related violations: <none>

TIMING-16#250 Warning
Large setup violation  
There is a large setup violation of -4.053 ns between swervolf/rvtop/veer/ifu/aln/bundle1ff/dout_reg[4]/C (clocked by clk_core) and swervolf/rvtop/mem/icache.icm/ic_data_inst/PACKED_1.BANKS_WAY[0].ECC0.size_256.WAYS.ic_bank_sb_way_data/ram_core_reg_0_255_104_104/RAMS64E_B/ADR1 (clocked by clk_core). Large setup violations at the end of those stages might be difficult to fix during the post-placement implementation flow and could be the result of non-optimal XDC constraints or non-optimal design architecture
Related violations: <none>

TIMING-16#251 Warning
Large setup violation  
There is a large setup violation of -4.053 ns between swervolf/rvtop/veer/ifu/aln/bundle1ff/dout_reg[4]/C (clocked by clk_core) and swervolf/rvtop/mem/icache.icm/ic_data_inst/PACKED_1.BANKS_WAY[0].ECC0.size_256.WAYS.ic_bank_sb_way_data/ram_core_reg_0_255_104_104/RAMS64E_C/ADR1 (clocked by clk_core). Large setup violations at the end of those stages might be difficult to fix during the post-placement implementation flow and could be the result of non-optimal XDC constraints or non-optimal design architecture
Related violations: <none>

TIMING-16#252 Warning
Large setup violation  
There is a large setup violation of -4.053 ns between swervolf/rvtop/veer/ifu/aln/bundle1ff/dout_reg[4]/C (clocked by clk_core) and swervolf/rvtop/mem/icache.icm/ic_data_inst/PACKED_1.BANKS_WAY[0].ECC0.size_256.WAYS.ic_bank_sb_way_data/ram_core_reg_0_255_104_104/RAMS64E_D/ADR1 (clocked by clk_core). Large setup violations at the end of those stages might be difficult to fix during the post-placement implementation flow and could be the result of non-optimal XDC constraints or non-optimal design architecture
Related violations: <none>

TIMING-16#253 Warning
Large setup violation  
There is a large setup violation of -4.063 ns between swervolf/rvtop/veer/ifu/aln/bundle1ff/dout_reg[4]/C (clocked by clk_core) and swervolf/rvtop/mem/icache.icm/ic_data_inst/PACKED_1.BANKS_WAY[0].ECC0.size_256.WAYS.ic_bank_sb_way_data/ram_core_reg_0_255_10_10/RAMS64E_A/ADR1 (clocked by clk_core). Large setup violations at the end of those stages might be difficult to fix during the post-placement implementation flow and could be the result of non-optimal XDC constraints or non-optimal design architecture
Related violations: <none>

TIMING-16#254 Warning
Large setup violation  
There is a large setup violation of -4.063 ns between swervolf/rvtop/veer/ifu/aln/bundle1ff/dout_reg[4]/C (clocked by clk_core) and swervolf/rvtop/mem/icache.icm/ic_data_inst/PACKED_1.BANKS_WAY[0].ECC0.size_256.WAYS.ic_bank_sb_way_data/ram_core_reg_0_255_10_10/RAMS64E_B/ADR1 (clocked by clk_core). Large setup violations at the end of those stages might be difficult to fix during the post-placement implementation flow and could be the result of non-optimal XDC constraints or non-optimal design architecture
Related violations: <none>

TIMING-16#255 Warning
Large setup violation  
There is a large setup violation of -4.063 ns between swervolf/rvtop/veer/ifu/aln/bundle1ff/dout_reg[4]/C (clocked by clk_core) and swervolf/rvtop/mem/icache.icm/ic_data_inst/PACKED_1.BANKS_WAY[0].ECC0.size_256.WAYS.ic_bank_sb_way_data/ram_core_reg_0_255_10_10/RAMS64E_C/ADR1 (clocked by clk_core). Large setup violations at the end of those stages might be difficult to fix during the post-placement implementation flow and could be the result of non-optimal XDC constraints or non-optimal design architecture
Related violations: <none>

TIMING-16#256 Warning
Large setup violation  
There is a large setup violation of -4.063 ns between swervolf/rvtop/veer/ifu/aln/bundle1ff/dout_reg[4]/C (clocked by clk_core) and swervolf/rvtop/mem/icache.icm/ic_data_inst/PACKED_1.BANKS_WAY[0].ECC0.size_256.WAYS.ic_bank_sb_way_data/ram_core_reg_0_255_10_10/RAMS64E_D/ADR1 (clocked by clk_core). Large setup violations at the end of those stages might be difficult to fix during the post-placement implementation flow and could be the result of non-optimal XDC constraints or non-optimal design architecture
Related violations: <none>

TIMING-16#257 Warning
Large setup violation  
There is a large setup violation of -4.087 ns between swervolf/rvtop/veer/ifu/aln/bundle1ff/dout_reg[4]/C (clocked by clk_core) and swervolf/rvtop/mem/icache.icm/ic_data_inst/PACKED_1.BANKS_WAY[0].ECC0.size_256.WAYS.ic_bank_sb_way_data/ram_core_reg_0_255_133_133/RAMS64E_A/ADR1 (clocked by clk_core). Large setup violations at the end of those stages might be difficult to fix during the post-placement implementation flow and could be the result of non-optimal XDC constraints or non-optimal design architecture
Related violations: <none>

TIMING-16#258 Warning
Large setup violation  
There is a large setup violation of -4.087 ns between swervolf/rvtop/veer/ifu/aln/bundle1ff/dout_reg[4]/C (clocked by clk_core) and swervolf/rvtop/mem/icache.icm/ic_data_inst/PACKED_1.BANKS_WAY[0].ECC0.size_256.WAYS.ic_bank_sb_way_data/ram_core_reg_0_255_133_133/RAMS64E_B/ADR1 (clocked by clk_core). Large setup violations at the end of those stages might be difficult to fix during the post-placement implementation flow and could be the result of non-optimal XDC constraints or non-optimal design architecture
Related violations: <none>

TIMING-16#259 Warning
Large setup violation  
There is a large setup violation of -4.087 ns between swervolf/rvtop/veer/ifu/aln/bundle1ff/dout_reg[4]/C (clocked by clk_core) and swervolf/rvtop/mem/icache.icm/ic_data_inst/PACKED_1.BANKS_WAY[0].ECC0.size_256.WAYS.ic_bank_sb_way_data/ram_core_reg_0_255_133_133/RAMS64E_C/ADR1 (clocked by clk_core). Large setup violations at the end of those stages might be difficult to fix during the post-placement implementation flow and could be the result of non-optimal XDC constraints or non-optimal design architecture
Related violations: <none>

TIMING-16#260 Warning
Large setup violation  
There is a large setup violation of -4.087 ns between swervolf/rvtop/veer/ifu/aln/bundle1ff/dout_reg[4]/C (clocked by clk_core) and swervolf/rvtop/mem/icache.icm/ic_data_inst/PACKED_1.BANKS_WAY[0].ECC0.size_256.WAYS.ic_bank_sb_way_data/ram_core_reg_0_255_133_133/RAMS64E_D/ADR1 (clocked by clk_core). Large setup violations at the end of those stages might be difficult to fix during the post-placement implementation flow and could be the result of non-optimal XDC constraints or non-optimal design architecture
Related violations: <none>

TIMING-16#261 Warning
Large setup violation  
There is a large setup violation of -4.116 ns between swervolf/rvtop/veer/ifu/aln/bundle1ff/dout_reg[4]/C (clocked by clk_core) and swervolf/rvtop/mem/icache.icm/ic_data_inst/PACKED_1.BANKS_WAY[0].ECC0.size_256.WAYS.ic_bank_sb_way_data/ram_core_reg_0_255_118_118/RAMS64E_A/ADR1 (clocked by clk_core). Large setup violations at the end of those stages might be difficult to fix during the post-placement implementation flow and could be the result of non-optimal XDC constraints or non-optimal design architecture
Related violations: <none>

TIMING-16#262 Warning
Large setup violation  
There is a large setup violation of -4.116 ns between swervolf/rvtop/veer/ifu/aln/bundle1ff/dout_reg[4]/C (clocked by clk_core) and swervolf/rvtop/mem/icache.icm/ic_data_inst/PACKED_1.BANKS_WAY[0].ECC0.size_256.WAYS.ic_bank_sb_way_data/ram_core_reg_0_255_118_118/RAMS64E_B/ADR1 (clocked by clk_core). Large setup violations at the end of those stages might be difficult to fix during the post-placement implementation flow and could be the result of non-optimal XDC constraints or non-optimal design architecture
Related violations: <none>

TIMING-16#263 Warning
Large setup violation  
There is a large setup violation of -4.116 ns between swervolf/rvtop/veer/ifu/aln/bundle1ff/dout_reg[4]/C (clocked by clk_core) and swervolf/rvtop/mem/icache.icm/ic_data_inst/PACKED_1.BANKS_WAY[0].ECC0.size_256.WAYS.ic_bank_sb_way_data/ram_core_reg_0_255_118_118/RAMS64E_C/ADR1 (clocked by clk_core). Large setup violations at the end of those stages might be difficult to fix during the post-placement implementation flow and could be the result of non-optimal XDC constraints or non-optimal design architecture
Related violations: <none>

TIMING-16#264 Warning
Large setup violation  
There is a large setup violation of -4.116 ns between swervolf/rvtop/veer/ifu/aln/bundle1ff/dout_reg[4]/C (clocked by clk_core) and swervolf/rvtop/mem/icache.icm/ic_data_inst/PACKED_1.BANKS_WAY[0].ECC0.size_256.WAYS.ic_bank_sb_way_data/ram_core_reg_0_255_118_118/RAMS64E_D/ADR1 (clocked by clk_core). Large setup violations at the end of those stages might be difficult to fix during the post-placement implementation flow and could be the result of non-optimal XDC constraints or non-optimal design architecture
Related violations: <none>

TIMING-16#265 Warning
Large setup violation  
There is a large setup violation of -4.152 ns between swervolf/rvtop/veer/ifu/aln/bundle1ff/dout_reg[4]/C (clocked by clk_core) and swervolf/rvtop/mem/icache.icm/ic_data_inst/PACKED_1.BANKS_WAY[0].ECC0.size_256.WAYS.BYPASS[0].ic_addr_index/genblock.genblock.dff/genblock.dffs/dout_reg[1]/D (clocked by clk_core). Large setup violations at the end of those stages might be difficult to fix during the post-placement implementation flow and could be the result of non-optimal XDC constraints or non-optimal design architecture
Related violations: <none>

TIMING-16#266 Warning
Large setup violation  
There is a large setup violation of -4.161 ns between swervolf/rvtop/veer/ifu/aln/bundle1ff/dout_reg[4]/C (clocked by clk_core) and swervolf/rvtop/mem/icache.icm/ic_data_inst/PACKED_1.BANKS_WAY[0].ECC0.size_256.WAYS.ic_bank_sb_way_data/ram_core_reg_0_255_123_123/RAMS64E_A/ADR1 (clocked by clk_core). Large setup violations at the end of those stages might be difficult to fix during the post-placement implementation flow and could be the result of non-optimal XDC constraints or non-optimal design architecture
Related violations: <none>

TIMING-16#267 Warning
Large setup violation  
There is a large setup violation of -4.161 ns between swervolf/rvtop/veer/ifu/aln/bundle1ff/dout_reg[4]/C (clocked by clk_core) and swervolf/rvtop/mem/icache.icm/ic_data_inst/PACKED_1.BANKS_WAY[0].ECC0.size_256.WAYS.ic_bank_sb_way_data/ram_core_reg_0_255_123_123/RAMS64E_B/ADR1 (clocked by clk_core). Large setup violations at the end of those stages might be difficult to fix during the post-placement implementation flow and could be the result of non-optimal XDC constraints or non-optimal design architecture
Related violations: <none>

TIMING-16#268 Warning
Large setup violation  
There is a large setup violation of -4.161 ns between swervolf/rvtop/veer/ifu/aln/bundle1ff/dout_reg[4]/C (clocked by clk_core) and swervolf/rvtop/mem/icache.icm/ic_data_inst/PACKED_1.BANKS_WAY[0].ECC0.size_256.WAYS.ic_bank_sb_way_data/ram_core_reg_0_255_123_123/RAMS64E_C/ADR1 (clocked by clk_core). Large setup violations at the end of those stages might be difficult to fix during the post-placement implementation flow and could be the result of non-optimal XDC constraints or non-optimal design architecture
Related violations: <none>

TIMING-16#269 Warning
Large setup violation  
There is a large setup violation of -4.161 ns between swervolf/rvtop/veer/ifu/aln/bundle1ff/dout_reg[4]/C (clocked by clk_core) and swervolf/rvtop/mem/icache.icm/ic_data_inst/PACKED_1.BANKS_WAY[0].ECC0.size_256.WAYS.ic_bank_sb_way_data/ram_core_reg_0_255_123_123/RAMS64E_D/ADR1 (clocked by clk_core). Large setup violations at the end of those stages might be difficult to fix during the post-placement implementation flow and could be the result of non-optimal XDC constraints or non-optimal design architecture
Related violations: <none>

TIMING-16#270 Warning
Large setup violation  
There is a large setup violation of -4.177 ns between swervolf/rvtop/veer/ifu/aln/bundle1ff/dout_reg[4]/C (clocked by clk_core) and swervolf/rvtop/mem/icache.icm/ic_data_inst/PACKED_1.BANKS_WAY[0].ECC0.size_256.WAYS.ic_bank_sb_way_data/ram_core_reg_0_255_14_14/RAMS64E_A/ADR1 (clocked by clk_core). Large setup violations at the end of those stages might be difficult to fix during the post-placement implementation flow and could be the result of non-optimal XDC constraints or non-optimal design architecture
Related violations: <none>

TIMING-16#271 Warning
Large setup violation  
There is a large setup violation of -4.177 ns between swervolf/rvtop/veer/ifu/aln/bundle1ff/dout_reg[4]/C (clocked by clk_core) and swervolf/rvtop/mem/icache.icm/ic_data_inst/PACKED_1.BANKS_WAY[0].ECC0.size_256.WAYS.ic_bank_sb_way_data/ram_core_reg_0_255_14_14/RAMS64E_B/ADR1 (clocked by clk_core). Large setup violations at the end of those stages might be difficult to fix during the post-placement implementation flow and could be the result of non-optimal XDC constraints or non-optimal design architecture
Related violations: <none>

TIMING-16#272 Warning
Large setup violation  
There is a large setup violation of -4.198 ns between swervolf/rvtop/veer/ifu/aln/bundle1ff/dout_reg[4]/C (clocked by clk_core) and swervolf/rvtop/mem/icache.icm/ic_data_inst/PACKED_1.BANKS_WAY[0].ECC0.size_256.WAYS.ic_bank_sb_way_data/ram_core_reg_0_255_105_105/RAMS64E_A/ADR1 (clocked by clk_core). Large setup violations at the end of those stages might be difficult to fix during the post-placement implementation flow and could be the result of non-optimal XDC constraints or non-optimal design architecture
Related violations: <none>

TIMING-16#273 Warning
Large setup violation  
There is a large setup violation of -4.198 ns between swervolf/rvtop/veer/ifu/aln/bundle1ff/dout_reg[4]/C (clocked by clk_core) and swervolf/rvtop/mem/icache.icm/ic_data_inst/PACKED_1.BANKS_WAY[0].ECC0.size_256.WAYS.ic_bank_sb_way_data/ram_core_reg_0_255_105_105/RAMS64E_B/ADR1 (clocked by clk_core). Large setup violations at the end of those stages might be difficult to fix during the post-placement implementation flow and could be the result of non-optimal XDC constraints or non-optimal design architecture
Related violations: <none>

TIMING-16#274 Warning
Large setup violation  
There is a large setup violation of -4.198 ns between swervolf/rvtop/veer/ifu/aln/bundle1ff/dout_reg[4]/C (clocked by clk_core) and swervolf/rvtop/mem/icache.icm/ic_data_inst/PACKED_1.BANKS_WAY[0].ECC0.size_256.WAYS.ic_bank_sb_way_data/ram_core_reg_0_255_105_105/RAMS64E_C/ADR1 (clocked by clk_core). Large setup violations at the end of those stages might be difficult to fix during the post-placement implementation flow and could be the result of non-optimal XDC constraints or non-optimal design architecture
Related violations: <none>

TIMING-16#275 Warning
Large setup violation  
There is a large setup violation of -4.198 ns between swervolf/rvtop/veer/ifu/aln/bundle1ff/dout_reg[4]/C (clocked by clk_core) and swervolf/rvtop/mem/icache.icm/ic_data_inst/PACKED_1.BANKS_WAY[0].ECC0.size_256.WAYS.ic_bank_sb_way_data/ram_core_reg_0_255_105_105/RAMS64E_D/ADR1 (clocked by clk_core). Large setup violations at the end of those stages might be difficult to fix during the post-placement implementation flow and could be the result of non-optimal XDC constraints or non-optimal design architecture
Related violations: <none>

TIMING-16#276 Warning
Large setup violation  
There is a large setup violation of -4.198 ns between swervolf/rvtop/veer/ifu/aln/bundle1ff/dout_reg[4]/C (clocked by clk_core) and swervolf/rvtop/mem/icache.icm/ic_data_inst/PACKED_1.BANKS_WAY[0].ECC0.size_256.WAYS.ic_bank_sb_way_data/ram_core_reg_0_255_113_113/RAMS64E_A/ADR1 (clocked by clk_core). Large setup violations at the end of those stages might be difficult to fix during the post-placement implementation flow and could be the result of non-optimal XDC constraints or non-optimal design architecture
Related violations: <none>

TIMING-16#277 Warning
Large setup violation  
There is a large setup violation of -4.198 ns between swervolf/rvtop/veer/ifu/aln/bundle1ff/dout_reg[4]/C (clocked by clk_core) and swervolf/rvtop/mem/icache.icm/ic_data_inst/PACKED_1.BANKS_WAY[0].ECC0.size_256.WAYS.ic_bank_sb_way_data/ram_core_reg_0_255_113_113/RAMS64E_B/ADR1 (clocked by clk_core). Large setup violations at the end of those stages might be difficult to fix during the post-placement implementation flow and could be the result of non-optimal XDC constraints or non-optimal design architecture
Related violations: <none>

TIMING-16#278 Warning
Large setup violation  
There is a large setup violation of -4.198 ns between swervolf/rvtop/veer/ifu/aln/bundle1ff/dout_reg[4]/C (clocked by clk_core) and swervolf/rvtop/mem/icache.icm/ic_data_inst/PACKED_1.BANKS_WAY[0].ECC0.size_256.WAYS.ic_bank_sb_way_data/ram_core_reg_0_255_113_113/RAMS64E_C/ADR1 (clocked by clk_core). Large setup violations at the end of those stages might be difficult to fix during the post-placement implementation flow and could be the result of non-optimal XDC constraints or non-optimal design architecture
Related violations: <none>

TIMING-16#279 Warning
Large setup violation  
There is a large setup violation of -4.198 ns between swervolf/rvtop/veer/ifu/aln/bundle1ff/dout_reg[4]/C (clocked by clk_core) and swervolf/rvtop/mem/icache.icm/ic_data_inst/PACKED_1.BANKS_WAY[0].ECC0.size_256.WAYS.ic_bank_sb_way_data/ram_core_reg_0_255_113_113/RAMS64E_D/ADR1 (clocked by clk_core). Large setup violations at the end of those stages might be difficult to fix during the post-placement implementation flow and could be the result of non-optimal XDC constraints or non-optimal design architecture
Related violations: <none>

TIMING-16#280 Warning
Large setup violation  
There is a large setup violation of -4.207 ns between swervolf/rvtop/veer/ifu/aln/bundle1ff/dout_reg[4]/C (clocked by clk_core) and swervolf/rvtop/mem/icache.icm/ic_data_inst/PACKED_1.BANKS_WAY[0].ECC0.size_256.WAYS.ic_bank_sb_way_data/ram_core_reg_0_255_110_110/RAMS64E_A/ADR1 (clocked by clk_core). Large setup violations at the end of those stages might be difficult to fix during the post-placement implementation flow and could be the result of non-optimal XDC constraints or non-optimal design architecture
Related violations: <none>

TIMING-16#281 Warning
Large setup violation  
There is a large setup violation of -4.207 ns between swervolf/rvtop/veer/ifu/aln/bundle1ff/dout_reg[4]/C (clocked by clk_core) and swervolf/rvtop/mem/icache.icm/ic_data_inst/PACKED_1.BANKS_WAY[0].ECC0.size_256.WAYS.ic_bank_sb_way_data/ram_core_reg_0_255_110_110/RAMS64E_B/ADR1 (clocked by clk_core). Large setup violations at the end of those stages might be difficult to fix during the post-placement implementation flow and could be the result of non-optimal XDC constraints or non-optimal design architecture
Related violations: <none>

TIMING-16#282 Warning
Large setup violation  
There is a large setup violation of -4.207 ns between swervolf/rvtop/veer/ifu/aln/bundle1ff/dout_reg[4]/C (clocked by clk_core) and swervolf/rvtop/mem/icache.icm/ic_data_inst/PACKED_1.BANKS_WAY[0].ECC0.size_256.WAYS.ic_bank_sb_way_data/ram_core_reg_0_255_110_110/RAMS64E_C/ADR1 (clocked by clk_core). Large setup violations at the end of those stages might be difficult to fix during the post-placement implementation flow and could be the result of non-optimal XDC constraints or non-optimal design architecture
Related violations: <none>

TIMING-16#283 Warning
Large setup violation  
There is a large setup violation of -4.207 ns between swervolf/rvtop/veer/ifu/aln/bundle1ff/dout_reg[4]/C (clocked by clk_core) and swervolf/rvtop/mem/icache.icm/ic_data_inst/PACKED_1.BANKS_WAY[0].ECC0.size_256.WAYS.ic_bank_sb_way_data/ram_core_reg_0_255_110_110/RAMS64E_D/ADR1 (clocked by clk_core). Large setup violations at the end of those stages might be difficult to fix during the post-placement implementation flow and could be the result of non-optimal XDC constraints or non-optimal design architecture
Related violations: <none>

TIMING-16#284 Warning
Large setup violation  
There is a large setup violation of -4.227 ns between swervolf/rvtop/veer/ifu/aln/bundle1ff/dout_reg[4]/C (clocked by clk_core) and swervolf/rvtop/mem/icache.icm/ic_data_inst/PACKED_1.BANKS_WAY[0].ECC0.size_256.WAYS.ic_bank_sb_way_data/ram_core_reg_0_255_135_135/RAMS64E_A/ADR1 (clocked by clk_core). Large setup violations at the end of those stages might be difficult to fix during the post-placement implementation flow and could be the result of non-optimal XDC constraints or non-optimal design architecture
Related violations: <none>

TIMING-16#285 Warning
Large setup violation  
There is a large setup violation of -4.227 ns between swervolf/rvtop/veer/ifu/aln/bundle1ff/dout_reg[4]/C (clocked by clk_core) and swervolf/rvtop/mem/icache.icm/ic_data_inst/PACKED_1.BANKS_WAY[0].ECC0.size_256.WAYS.ic_bank_sb_way_data/ram_core_reg_0_255_135_135/RAMS64E_B/ADR1 (clocked by clk_core). Large setup violations at the end of those stages might be difficult to fix during the post-placement implementation flow and could be the result of non-optimal XDC constraints or non-optimal design architecture
Related violations: <none>

TIMING-16#286 Warning
Large setup violation  
There is a large setup violation of -4.227 ns between swervolf/rvtop/veer/ifu/aln/bundle1ff/dout_reg[4]/C (clocked by clk_core) and swervolf/rvtop/mem/icache.icm/ic_data_inst/PACKED_1.BANKS_WAY[0].ECC0.size_256.WAYS.ic_bank_sb_way_data/ram_core_reg_0_255_135_135/RAMS64E_C/ADR1 (clocked by clk_core). Large setup violations at the end of those stages might be difficult to fix during the post-placement implementation flow and could be the result of non-optimal XDC constraints or non-optimal design architecture
Related violations: <none>

TIMING-16#287 Warning
Large setup violation  
There is a large setup violation of -4.227 ns between swervolf/rvtop/veer/ifu/aln/bundle1ff/dout_reg[4]/C (clocked by clk_core) and swervolf/rvtop/mem/icache.icm/ic_data_inst/PACKED_1.BANKS_WAY[0].ECC0.size_256.WAYS.ic_bank_sb_way_data/ram_core_reg_0_255_135_135/RAMS64E_D/ADR1 (clocked by clk_core). Large setup violations at the end of those stages might be difficult to fix during the post-placement implementation flow and could be the result of non-optimal XDC constraints or non-optimal design architecture
Related violations: <none>

TIMING-16#288 Warning
Large setup violation  
There is a large setup violation of -4.230 ns between swervolf/rvtop/veer/ifu/aln/bundle1ff/dout_reg[4]/C (clocked by clk_core) and swervolf/rvtop/mem/icache.icm/ic_data_inst/PACKED_1.BANKS_WAY[0].ECC0.size_256.WAYS.ic_bank_sb_way_data/ram_core_reg_0_255_108_108/RAMS64E_A/ADR1 (clocked by clk_core). Large setup violations at the end of those stages might be difficult to fix during the post-placement implementation flow and could be the result of non-optimal XDC constraints or non-optimal design architecture
Related violations: <none>

TIMING-16#289 Warning
Large setup violation  
There is a large setup violation of -4.230 ns between swervolf/rvtop/veer/ifu/aln/bundle1ff/dout_reg[4]/C (clocked by clk_core) and swervolf/rvtop/mem/icache.icm/ic_data_inst/PACKED_1.BANKS_WAY[0].ECC0.size_256.WAYS.ic_bank_sb_way_data/ram_core_reg_0_255_108_108/RAMS64E_B/ADR1 (clocked by clk_core). Large setup violations at the end of those stages might be difficult to fix during the post-placement implementation flow and could be the result of non-optimal XDC constraints or non-optimal design architecture
Related violations: <none>

TIMING-16#290 Warning
Large setup violation  
There is a large setup violation of -4.230 ns between swervolf/rvtop/veer/ifu/aln/bundle1ff/dout_reg[4]/C (clocked by clk_core) and swervolf/rvtop/mem/icache.icm/ic_data_inst/PACKED_1.BANKS_WAY[0].ECC0.size_256.WAYS.ic_bank_sb_way_data/ram_core_reg_0_255_108_108/RAMS64E_C/ADR1 (clocked by clk_core). Large setup violations at the end of those stages might be difficult to fix during the post-placement implementation flow and could be the result of non-optimal XDC constraints or non-optimal design architecture
Related violations: <none>

TIMING-16#291 Warning
Large setup violation  
There is a large setup violation of -4.230 ns between swervolf/rvtop/veer/ifu/aln/bundle1ff/dout_reg[4]/C (clocked by clk_core) and swervolf/rvtop/mem/icache.icm/ic_data_inst/PACKED_1.BANKS_WAY[0].ECC0.size_256.WAYS.ic_bank_sb_way_data/ram_core_reg_0_255_108_108/RAMS64E_D/ADR1 (clocked by clk_core). Large setup violations at the end of those stages might be difficult to fix during the post-placement implementation flow and could be the result of non-optimal XDC constraints or non-optimal design architecture
Related violations: <none>

TIMING-16#292 Warning
Large setup violation  
There is a large setup violation of -4.232 ns between swervolf/rvtop/veer/ifu/aln/bundle1ff/dout_reg[4]/C (clocked by clk_core) and swervolf/rvtop/mem/icache.icm/ic_data_inst/PACKED_1.BANKS_WAY[0].ECC0.size_256.WAYS.ic_bank_sb_way_data/ram_core_reg_0_255_111_111/RAMS64E_A/ADR1 (clocked by clk_core). Large setup violations at the end of those stages might be difficult to fix during the post-placement implementation flow and could be the result of non-optimal XDC constraints or non-optimal design architecture
Related violations: <none>

TIMING-16#293 Warning
Large setup violation  
There is a large setup violation of -4.232 ns between swervolf/rvtop/veer/ifu/aln/bundle1ff/dout_reg[4]/C (clocked by clk_core) and swervolf/rvtop/mem/icache.icm/ic_data_inst/PACKED_1.BANKS_WAY[0].ECC0.size_256.WAYS.ic_bank_sb_way_data/ram_core_reg_0_255_111_111/RAMS64E_B/ADR1 (clocked by clk_core). Large setup violations at the end of those stages might be difficult to fix during the post-placement implementation flow and could be the result of non-optimal XDC constraints or non-optimal design architecture
Related violations: <none>

TIMING-16#294 Warning
Large setup violation  
There is a large setup violation of -4.232 ns between swervolf/rvtop/veer/ifu/aln/bundle1ff/dout_reg[4]/C (clocked by clk_core) and swervolf/rvtop/mem/icache.icm/ic_data_inst/PACKED_1.BANKS_WAY[0].ECC0.size_256.WAYS.ic_bank_sb_way_data/ram_core_reg_0_255_111_111/RAMS64E_C/ADR1 (clocked by clk_core). Large setup violations at the end of those stages might be difficult to fix during the post-placement implementation flow and could be the result of non-optimal XDC constraints or non-optimal design architecture
Related violations: <none>

TIMING-16#295 Warning
Large setup violation  
There is a large setup violation of -4.232 ns between swervolf/rvtop/veer/ifu/aln/bundle1ff/dout_reg[4]/C (clocked by clk_core) and swervolf/rvtop/mem/icache.icm/ic_data_inst/PACKED_1.BANKS_WAY[0].ECC0.size_256.WAYS.ic_bank_sb_way_data/ram_core_reg_0_255_111_111/RAMS64E_D/ADR1 (clocked by clk_core). Large setup violations at the end of those stages might be difficult to fix during the post-placement implementation flow and could be the result of non-optimal XDC constraints or non-optimal design architecture
Related violations: <none>

TIMING-16#296 Warning
Large setup violation  
There is a large setup violation of -4.253 ns between swervolf/rvtop/veer/ifu/aln/bundle1ff/dout_reg[4]/C (clocked by clk_core) and swervolf/rvtop/mem/icache.icm/ic_data_inst/PACKED_1.BANKS_WAY[0].ECC0.size_256.WAYS.ic_bank_sb_way_data/ram_core_reg_0_255_109_109/RAMS64E_A/ADR1 (clocked by clk_core). Large setup violations at the end of those stages might be difficult to fix during the post-placement implementation flow and could be the result of non-optimal XDC constraints or non-optimal design architecture
Related violations: <none>

TIMING-16#297 Warning
Large setup violation  
There is a large setup violation of -4.253 ns between swervolf/rvtop/veer/ifu/aln/bundle1ff/dout_reg[4]/C (clocked by clk_core) and swervolf/rvtop/mem/icache.icm/ic_data_inst/PACKED_1.BANKS_WAY[0].ECC0.size_256.WAYS.ic_bank_sb_way_data/ram_core_reg_0_255_109_109/RAMS64E_B/ADR1 (clocked by clk_core). Large setup violations at the end of those stages might be difficult to fix during the post-placement implementation flow and could be the result of non-optimal XDC constraints or non-optimal design architecture
Related violations: <none>

TIMING-16#298 Warning
Large setup violation  
There is a large setup violation of -4.253 ns between swervolf/rvtop/veer/ifu/aln/bundle1ff/dout_reg[4]/C (clocked by clk_core) and swervolf/rvtop/mem/icache.icm/ic_data_inst/PACKED_1.BANKS_WAY[0].ECC0.size_256.WAYS.ic_bank_sb_way_data/ram_core_reg_0_255_109_109/RAMS64E_C/ADR1 (clocked by clk_core). Large setup violations at the end of those stages might be difficult to fix during the post-placement implementation flow and could be the result of non-optimal XDC constraints or non-optimal design architecture
Related violations: <none>

TIMING-16#299 Warning
Large setup violation  
There is a large setup violation of -4.253 ns between swervolf/rvtop/veer/ifu/aln/bundle1ff/dout_reg[4]/C (clocked by clk_core) and swervolf/rvtop/mem/icache.icm/ic_data_inst/PACKED_1.BANKS_WAY[0].ECC0.size_256.WAYS.ic_bank_sb_way_data/ram_core_reg_0_255_109_109/RAMS64E_D/ADR1 (clocked by clk_core). Large setup violations at the end of those stages might be difficult to fix during the post-placement implementation flow and could be the result of non-optimal XDC constraints or non-optimal design architecture
Related violations: <none>

TIMING-16#300 Warning
Large setup violation  
There is a large setup violation of -4.270 ns between swervolf/rvtop/veer/ifu/aln/bundle1ff/dout_reg[4]/C (clocked by clk_core) and swervolf/rvtop/mem/icache.icm/ic_data_inst/PACKED_1.BANKS_WAY[0].ECC0.size_256.WAYS.ic_bank_sb_way_data/ram_core_reg_0_255_13_13/RAMS64E_A/ADR1 (clocked by clk_core). Large setup violations at the end of those stages might be difficult to fix during the post-placement implementation flow and could be the result of non-optimal XDC constraints or non-optimal design architecture
Related violations: <none>

TIMING-16#301 Warning
Large setup violation  
There is a large setup violation of -4.270 ns between swervolf/rvtop/veer/ifu/aln/bundle1ff/dout_reg[4]/C (clocked by clk_core) and swervolf/rvtop/mem/icache.icm/ic_data_inst/PACKED_1.BANKS_WAY[0].ECC0.size_256.WAYS.ic_bank_sb_way_data/ram_core_reg_0_255_13_13/RAMS64E_B/ADR1 (clocked by clk_core). Large setup violations at the end of those stages might be difficult to fix during the post-placement implementation flow and could be the result of non-optimal XDC constraints or non-optimal design architecture
Related violations: <none>

TIMING-16#302 Warning
Large setup violation  
There is a large setup violation of -4.270 ns between swervolf/rvtop/veer/ifu/aln/bundle1ff/dout_reg[4]/C (clocked by clk_core) and swervolf/rvtop/mem/icache.icm/ic_data_inst/PACKED_1.BANKS_WAY[0].ECC0.size_256.WAYS.ic_bank_sb_way_data/ram_core_reg_0_255_13_13/RAMS64E_C/ADR1 (clocked by clk_core). Large setup violations at the end of those stages might be difficult to fix during the post-placement implementation flow and could be the result of non-optimal XDC constraints or non-optimal design architecture
Related violations: <none>

TIMING-16#303 Warning
Large setup violation  
There is a large setup violation of -4.270 ns between swervolf/rvtop/veer/ifu/aln/bundle1ff/dout_reg[4]/C (clocked by clk_core) and swervolf/rvtop/mem/icache.icm/ic_data_inst/PACKED_1.BANKS_WAY[0].ECC0.size_256.WAYS.ic_bank_sb_way_data/ram_core_reg_0_255_13_13/RAMS64E_D/ADR1 (clocked by clk_core). Large setup violations at the end of those stages might be difficult to fix during the post-placement implementation flow and could be the result of non-optimal XDC constraints or non-optimal design architecture
Related violations: <none>

TIMING-16#304 Warning
Large setup violation  
There is a large setup violation of -4.296 ns between swervolf/rvtop/veer/ifu/aln/bundle1ff/dout_reg[4]/C (clocked by clk_core) and swervolf/rvtop/mem/icache.icm/ic_data_inst/PACKED_1.BANKS_WAY[0].ECC0.size_256.WAYS.BYPASS[1].ic_addr_index/genblock.genblock.dff/genblock.dffs/dout_reg[1]/D (clocked by clk_core). Large setup violations at the end of those stages might be difficult to fix during the post-placement implementation flow and could be the result of non-optimal XDC constraints or non-optimal design architecture
Related violations: <none>

TIMING-16#305 Warning
Large setup violation  
There is a large setup violation of -4.310 ns between swervolf/rvtop/veer/ifu/aln/bundle1ff/dout_reg[4]/C (clocked by clk_core) and swervolf/rvtop/mem/icache.icm/ic_data_inst/PACKED_1.BANKS_WAY[0].ECC0.size_256.WAYS.ic_bank_sb_way_data/ram_core_reg_0_255_131_131/RAMS64E_A/ADR1 (clocked by clk_core). Large setup violations at the end of those stages might be difficult to fix during the post-placement implementation flow and could be the result of non-optimal XDC constraints or non-optimal design architecture
Related violations: <none>

TIMING-16#306 Warning
Large setup violation  
There is a large setup violation of -4.310 ns between swervolf/rvtop/veer/ifu/aln/bundle1ff/dout_reg[4]/C (clocked by clk_core) and swervolf/rvtop/mem/icache.icm/ic_data_inst/PACKED_1.BANKS_WAY[0].ECC0.size_256.WAYS.ic_bank_sb_way_data/ram_core_reg_0_255_131_131/RAMS64E_B/ADR1 (clocked by clk_core). Large setup violations at the end of those stages might be difficult to fix during the post-placement implementation flow and could be the result of non-optimal XDC constraints or non-optimal design architecture
Related violations: <none>

TIMING-16#307 Warning
Large setup violation  
There is a large setup violation of -4.310 ns between swervolf/rvtop/veer/ifu/aln/bundle1ff/dout_reg[4]/C (clocked by clk_core) and swervolf/rvtop/mem/icache.icm/ic_data_inst/PACKED_1.BANKS_WAY[0].ECC0.size_256.WAYS.ic_bank_sb_way_data/ram_core_reg_0_255_131_131/RAMS64E_C/ADR1 (clocked by clk_core). Large setup violations at the end of those stages might be difficult to fix during the post-placement implementation flow and could be the result of non-optimal XDC constraints or non-optimal design architecture
Related violations: <none>

TIMING-16#308 Warning
Large setup violation  
There is a large setup violation of -4.310 ns between swervolf/rvtop/veer/ifu/aln/bundle1ff/dout_reg[4]/C (clocked by clk_core) and swervolf/rvtop/mem/icache.icm/ic_data_inst/PACKED_1.BANKS_WAY[0].ECC0.size_256.WAYS.ic_bank_sb_way_data/ram_core_reg_0_255_131_131/RAMS64E_D/ADR1 (clocked by clk_core). Large setup violations at the end of those stages might be difficult to fix during the post-placement implementation flow and could be the result of non-optimal XDC constraints or non-optimal design architecture
Related violations: <none>

TIMING-16#309 Warning
Large setup violation  
There is a large setup violation of -4.332 ns between swervolf/rvtop/veer/ifu/aln/bundle1ff/dout_reg[4]/C (clocked by clk_core) and swervolf/rvtop/mem/icache.icm/ic_data_inst/PACKED_1.BANKS_WAY[0].ECC0.size_256.WAYS.ic_bank_sb_way_data/ram_core_reg_0_255_114_114/RAMS64E_A/ADR1 (clocked by clk_core). Large setup violations at the end of those stages might be difficult to fix during the post-placement implementation flow and could be the result of non-optimal XDC constraints or non-optimal design architecture
Related violations: <none>

TIMING-16#310 Warning
Large setup violation  
There is a large setup violation of -4.332 ns between swervolf/rvtop/veer/ifu/aln/bundle1ff/dout_reg[4]/C (clocked by clk_core) and swervolf/rvtop/mem/icache.icm/ic_data_inst/PACKED_1.BANKS_WAY[0].ECC0.size_256.WAYS.ic_bank_sb_way_data/ram_core_reg_0_255_114_114/RAMS64E_B/ADR1 (clocked by clk_core). Large setup violations at the end of those stages might be difficult to fix during the post-placement implementation flow and could be the result of non-optimal XDC constraints or non-optimal design architecture
Related violations: <none>

TIMING-16#311 Warning
Large setup violation  
There is a large setup violation of -4.332 ns between swervolf/rvtop/veer/ifu/aln/bundle1ff/dout_reg[4]/C (clocked by clk_core) and swervolf/rvtop/mem/icache.icm/ic_data_inst/PACKED_1.BANKS_WAY[0].ECC0.size_256.WAYS.ic_bank_sb_way_data/ram_core_reg_0_255_114_114/RAMS64E_C/ADR1 (clocked by clk_core). Large setup violations at the end of those stages might be difficult to fix during the post-placement implementation flow and could be the result of non-optimal XDC constraints or non-optimal design architecture
Related violations: <none>

TIMING-16#312 Warning
Large setup violation  
There is a large setup violation of -4.332 ns between swervolf/rvtop/veer/ifu/aln/bundle1ff/dout_reg[4]/C (clocked by clk_core) and swervolf/rvtop/mem/icache.icm/ic_data_inst/PACKED_1.BANKS_WAY[0].ECC0.size_256.WAYS.ic_bank_sb_way_data/ram_core_reg_0_255_114_114/RAMS64E_D/ADR1 (clocked by clk_core). Large setup violations at the end of those stages might be difficult to fix during the post-placement implementation flow and could be the result of non-optimal XDC constraints or non-optimal design architecture
Related violations: <none>

TIMING-16#313 Warning
Large setup violation  
There is a large setup violation of -4.350 ns between swervolf/rvtop/veer/ifu/aln/bundle1ff/dout_reg[4]/C (clocked by clk_core) and swervolf/rvtop/mem/icache.icm/ic_data_inst/PACKED_1.BANKS_WAY[0].ECC0.size_256.WAYS.ic_bank_sb_way_data/ram_core_reg_0_255_112_112/RAMS64E_A/ADR1 (clocked by clk_core). Large setup violations at the end of those stages might be difficult to fix during the post-placement implementation flow and could be the result of non-optimal XDC constraints or non-optimal design architecture
Related violations: <none>

TIMING-16#314 Warning
Large setup violation  
There is a large setup violation of -4.350 ns between swervolf/rvtop/veer/ifu/aln/bundle1ff/dout_reg[4]/C (clocked by clk_core) and swervolf/rvtop/mem/icache.icm/ic_data_inst/PACKED_1.BANKS_WAY[0].ECC0.size_256.WAYS.ic_bank_sb_way_data/ram_core_reg_0_255_112_112/RAMS64E_B/ADR1 (clocked by clk_core). Large setup violations at the end of those stages might be difficult to fix during the post-placement implementation flow and could be the result of non-optimal XDC constraints or non-optimal design architecture
Related violations: <none>

TIMING-16#315 Warning
Large setup violation  
There is a large setup violation of -4.350 ns between swervolf/rvtop/veer/ifu/aln/bundle1ff/dout_reg[4]/C (clocked by clk_core) and swervolf/rvtop/mem/icache.icm/ic_data_inst/PACKED_1.BANKS_WAY[0].ECC0.size_256.WAYS.ic_bank_sb_way_data/ram_core_reg_0_255_112_112/RAMS64E_C/ADR1 (clocked by clk_core). Large setup violations at the end of those stages might be difficult to fix during the post-placement implementation flow and could be the result of non-optimal XDC constraints or non-optimal design architecture
Related violations: <none>

TIMING-16#316 Warning
Large setup violation  
There is a large setup violation of -4.350 ns between swervolf/rvtop/veer/ifu/aln/bundle1ff/dout_reg[4]/C (clocked by clk_core) and swervolf/rvtop/mem/icache.icm/ic_data_inst/PACKED_1.BANKS_WAY[0].ECC0.size_256.WAYS.ic_bank_sb_way_data/ram_core_reg_0_255_112_112/RAMS64E_D/ADR1 (clocked by clk_core). Large setup violations at the end of those stages might be difficult to fix during the post-placement implementation flow and could be the result of non-optimal XDC constraints or non-optimal design architecture
Related violations: <none>

TIMING-16#317 Warning
Large setup violation  
There is a large setup violation of -4.434 ns between swervolf/rvtop/veer/ifu/aln/bundle1ff/dout_reg[4]/C (clocked by clk_core) and swervolf/rvtop/mem/icache.icm/ic_data_inst/PACKED_1.BANKS_WAY[0].ECC0.size_256.WAYS.ic_bank_sb_way_data/ram_core_reg_0_255_107_107/RAMS64E_A/ADR1 (clocked by clk_core). Large setup violations at the end of those stages might be difficult to fix during the post-placement implementation flow and could be the result of non-optimal XDC constraints or non-optimal design architecture
Related violations: <none>

TIMING-16#318 Warning
Large setup violation  
There is a large setup violation of -4.434 ns between swervolf/rvtop/veer/ifu/aln/bundle1ff/dout_reg[4]/C (clocked by clk_core) and swervolf/rvtop/mem/icache.icm/ic_data_inst/PACKED_1.BANKS_WAY[0].ECC0.size_256.WAYS.ic_bank_sb_way_data/ram_core_reg_0_255_107_107/RAMS64E_B/ADR1 (clocked by clk_core). Large setup violations at the end of those stages might be difficult to fix during the post-placement implementation flow and could be the result of non-optimal XDC constraints or non-optimal design architecture
Related violations: <none>

TIMING-16#319 Warning
Large setup violation  
There is a large setup violation of -4.434 ns between swervolf/rvtop/veer/ifu/aln/bundle1ff/dout_reg[4]/C (clocked by clk_core) and swervolf/rvtop/mem/icache.icm/ic_data_inst/PACKED_1.BANKS_WAY[0].ECC0.size_256.WAYS.ic_bank_sb_way_data/ram_core_reg_0_255_107_107/RAMS64E_C/ADR1 (clocked by clk_core). Large setup violations at the end of those stages might be difficult to fix during the post-placement implementation flow and could be the result of non-optimal XDC constraints or non-optimal design architecture
Related violations: <none>

TIMING-16#320 Warning
Large setup violation  
There is a large setup violation of -4.434 ns between swervolf/rvtop/veer/ifu/aln/bundle1ff/dout_reg[4]/C (clocked by clk_core) and swervolf/rvtop/mem/icache.icm/ic_data_inst/PACKED_1.BANKS_WAY[0].ECC0.size_256.WAYS.ic_bank_sb_way_data/ram_core_reg_0_255_107_107/RAMS64E_D/ADR1 (clocked by clk_core). Large setup violations at the end of those stages might be difficult to fix during the post-placement implementation flow and could be the result of non-optimal XDC constraints or non-optimal design architecture
Related violations: <none>

TIMING-16#321 Warning
Large setup violation  
There is a large setup violation of -4.463 ns between swervolf/rvtop/veer/ifu/aln/bundle1ff/dout_reg[4]/C (clocked by clk_core) and swervolf/rvtop/mem/icache.icm/ic_data_inst/PACKED_1.BANKS_WAY[0].ECC0.size_256.WAYS.ic_bank_sb_way_data/ram_core_reg_0_255_115_115/RAMS64E_A/ADR1 (clocked by clk_core). Large setup violations at the end of those stages might be difficult to fix during the post-placement implementation flow and could be the result of non-optimal XDC constraints or non-optimal design architecture
Related violations: <none>

TIMING-16#322 Warning
Large setup violation  
There is a large setup violation of -4.463 ns between swervolf/rvtop/veer/ifu/aln/bundle1ff/dout_reg[4]/C (clocked by clk_core) and swervolf/rvtop/mem/icache.icm/ic_data_inst/PACKED_1.BANKS_WAY[0].ECC0.size_256.WAYS.ic_bank_sb_way_data/ram_core_reg_0_255_115_115/RAMS64E_B/ADR1 (clocked by clk_core). Large setup violations at the end of those stages might be difficult to fix during the post-placement implementation flow and could be the result of non-optimal XDC constraints or non-optimal design architecture
Related violations: <none>

TIMING-16#323 Warning
Large setup violation  
There is a large setup violation of -4.463 ns between swervolf/rvtop/veer/ifu/aln/bundle1ff/dout_reg[4]/C (clocked by clk_core) and swervolf/rvtop/mem/icache.icm/ic_data_inst/PACKED_1.BANKS_WAY[0].ECC0.size_256.WAYS.ic_bank_sb_way_data/ram_core_reg_0_255_115_115/RAMS64E_C/ADR1 (clocked by clk_core). Large setup violations at the end of those stages might be difficult to fix during the post-placement implementation flow and could be the result of non-optimal XDC constraints or non-optimal design architecture
Related violations: <none>

TIMING-16#324 Warning
Large setup violation  
There is a large setup violation of -4.463 ns between swervolf/rvtop/veer/ifu/aln/bundle1ff/dout_reg[4]/C (clocked by clk_core) and swervolf/rvtop/mem/icache.icm/ic_data_inst/PACKED_1.BANKS_WAY[0].ECC0.size_256.WAYS.ic_bank_sb_way_data/ram_core_reg_0_255_115_115/RAMS64E_D/ADR1 (clocked by clk_core). Large setup violations at the end of those stages might be difficult to fix during the post-placement implementation flow and could be the result of non-optimal XDC constraints or non-optimal design architecture
Related violations: <none>

TIMING-16#325 Warning
Large setup violation  
There is a large setup violation of -4.478 ns between swervolf/rvtop/veer/ifu/aln/bundle1ff/dout_reg[4]/C (clocked by clk_core) and swervolf/rvtop/mem/icache.icm/ic_data_inst/PACKED_1.BANKS_WAY[0].ECC0.size_256.WAYS.ic_bank_sb_way_data/ram_core_reg_0_255_130_130/RAMS64E_A/ADR1 (clocked by clk_core). Large setup violations at the end of those stages might be difficult to fix during the post-placement implementation flow and could be the result of non-optimal XDC constraints or non-optimal design architecture
Related violations: <none>

TIMING-16#326 Warning
Large setup violation  
There is a large setup violation of -4.478 ns between swervolf/rvtop/veer/ifu/aln/bundle1ff/dout_reg[4]/C (clocked by clk_core) and swervolf/rvtop/mem/icache.icm/ic_data_inst/PACKED_1.BANKS_WAY[0].ECC0.size_256.WAYS.ic_bank_sb_way_data/ram_core_reg_0_255_130_130/RAMS64E_B/ADR1 (clocked by clk_core). Large setup violations at the end of those stages might be difficult to fix during the post-placement implementation flow and could be the result of non-optimal XDC constraints or non-optimal design architecture
Related violations: <none>

TIMING-16#327 Warning
Large setup violation  
There is a large setup violation of -4.478 ns between swervolf/rvtop/veer/ifu/aln/bundle1ff/dout_reg[4]/C (clocked by clk_core) and swervolf/rvtop/mem/icache.icm/ic_data_inst/PACKED_1.BANKS_WAY[0].ECC0.size_256.WAYS.ic_bank_sb_way_data/ram_core_reg_0_255_130_130/RAMS64E_C/ADR1 (clocked by clk_core). Large setup violations at the end of those stages might be difficult to fix during the post-placement implementation flow and could be the result of non-optimal XDC constraints or non-optimal design architecture
Related violations: <none>

TIMING-16#328 Warning
Large setup violation  
There is a large setup violation of -4.478 ns between swervolf/rvtop/veer/ifu/aln/bundle1ff/dout_reg[4]/C (clocked by clk_core) and swervolf/rvtop/mem/icache.icm/ic_data_inst/PACKED_1.BANKS_WAY[0].ECC0.size_256.WAYS.ic_bank_sb_way_data/ram_core_reg_0_255_130_130/RAMS64E_D/ADR1 (clocked by clk_core). Large setup violations at the end of those stages might be difficult to fix during the post-placement implementation flow and could be the result of non-optimal XDC constraints or non-optimal design architecture
Related violations: <none>

TIMING-16#329 Warning
Large setup violation  
There is a large setup violation of -4.510 ns between swervolf/rvtop/veer/ifu/aln/bundle1ff/dout_reg[4]/C (clocked by clk_core) and swervolf/rvtop/mem/icache.icm/ic_data_inst/PACKED_1.BANKS_WAY[0].ECC0.size_256.WAYS.ic_bank_sb_way_data/ram_core_reg_0_255_103_103/RAMS64E_A/ADR1 (clocked by clk_core). Large setup violations at the end of those stages might be difficult to fix during the post-placement implementation flow and could be the result of non-optimal XDC constraints or non-optimal design architecture
Related violations: <none>

TIMING-16#330 Warning
Large setup violation  
There is a large setup violation of -4.510 ns between swervolf/rvtop/veer/ifu/aln/bundle1ff/dout_reg[4]/C (clocked by clk_core) and swervolf/rvtop/mem/icache.icm/ic_data_inst/PACKED_1.BANKS_WAY[0].ECC0.size_256.WAYS.ic_bank_sb_way_data/ram_core_reg_0_255_103_103/RAMS64E_B/ADR1 (clocked by clk_core). Large setup violations at the end of those stages might be difficult to fix during the post-placement implementation flow and could be the result of non-optimal XDC constraints or non-optimal design architecture
Related violations: <none>

TIMING-16#331 Warning
Large setup violation  
There is a large setup violation of -4.510 ns between swervolf/rvtop/veer/ifu/aln/bundle1ff/dout_reg[4]/C (clocked by clk_core) and swervolf/rvtop/mem/icache.icm/ic_data_inst/PACKED_1.BANKS_WAY[0].ECC0.size_256.WAYS.ic_bank_sb_way_data/ram_core_reg_0_255_103_103/RAMS64E_C/ADR1 (clocked by clk_core). Large setup violations at the end of those stages might be difficult to fix during the post-placement implementation flow and could be the result of non-optimal XDC constraints or non-optimal design architecture
Related violations: <none>

TIMING-16#332 Warning
Large setup violation  
There is a large setup violation of -4.510 ns between swervolf/rvtop/veer/ifu/aln/bundle1ff/dout_reg[4]/C (clocked by clk_core) and swervolf/rvtop/mem/icache.icm/ic_data_inst/PACKED_1.BANKS_WAY[0].ECC0.size_256.WAYS.ic_bank_sb_way_data/ram_core_reg_0_255_103_103/RAMS64E_D/ADR1 (clocked by clk_core). Large setup violations at the end of those stages might be difficult to fix during the post-placement implementation flow and could be the result of non-optimal XDC constraints or non-optimal design architecture
Related violations: <none>

TIMING-16#333 Warning
Large setup violation  
There is a large setup violation of -4.665 ns between swervolf/rvtop/veer/ifu/aln/bundle1ff/dout_reg[4]/C (clocked by clk_core) and swervolf/rvtop/mem/icache.icm/ic_data_inst/PACKED_1.BANKS_WAY[0].ECC0.size_256.WAYS.ic_bank_sb_way_data/ram_core_reg_0_255_106_106/RAMS64E_A/ADR1 (clocked by clk_core). Large setup violations at the end of those stages might be difficult to fix during the post-placement implementation flow and could be the result of non-optimal XDC constraints or non-optimal design architecture
Related violations: <none>

TIMING-16#334 Warning
Large setup violation  
There is a large setup violation of -4.665 ns between swervolf/rvtop/veer/ifu/aln/bundle1ff/dout_reg[4]/C (clocked by clk_core) and swervolf/rvtop/mem/icache.icm/ic_data_inst/PACKED_1.BANKS_WAY[0].ECC0.size_256.WAYS.ic_bank_sb_way_data/ram_core_reg_0_255_106_106/RAMS64E_B/ADR1 (clocked by clk_core). Large setup violations at the end of those stages might be difficult to fix during the post-placement implementation flow and could be the result of non-optimal XDC constraints or non-optimal design architecture
Related violations: <none>

TIMING-16#335 Warning
Large setup violation  
There is a large setup violation of -4.665 ns between swervolf/rvtop/veer/ifu/aln/bundle1ff/dout_reg[4]/C (clocked by clk_core) and swervolf/rvtop/mem/icache.icm/ic_data_inst/PACKED_1.BANKS_WAY[0].ECC0.size_256.WAYS.ic_bank_sb_way_data/ram_core_reg_0_255_106_106/RAMS64E_C/ADR1 (clocked by clk_core). Large setup violations at the end of those stages might be difficult to fix during the post-placement implementation flow and could be the result of non-optimal XDC constraints or non-optimal design architecture
Related violations: <none>

TIMING-16#336 Warning
Large setup violation  
There is a large setup violation of -4.665 ns between swervolf/rvtop/veer/ifu/aln/bundle1ff/dout_reg[4]/C (clocked by clk_core) and swervolf/rvtop/mem/icache.icm/ic_data_inst/PACKED_1.BANKS_WAY[0].ECC0.size_256.WAYS.ic_bank_sb_way_data/ram_core_reg_0_255_106_106/RAMS64E_D/ADR1 (clocked by clk_core). Large setup violations at the end of those stages might be difficult to fix during the post-placement implementation flow and could be the result of non-optimal XDC constraints or non-optimal design architecture
Related violations: <none>

TIMING-16#337 Warning
Large setup violation  
There is a large setup violation of -4.711 ns between swervolf/rvtop/veer/ifu/aln/bundle1ff/dout_reg[4]/C (clocked by clk_core) and swervolf/rvtop/mem/icache.icm/ic_data_inst/PACKED_1.BANKS_WAY[0].ECC0.size_256.WAYS.ic_bank_sb_way_data/Q_reg[125]/D (clocked by clk_core). Large setup violations at the end of those stages might be difficult to fix during the post-placement implementation flow and could be the result of non-optimal XDC constraints or non-optimal design architecture
Related violations: <none>

TIMING-16#338 Warning
Large setup violation  
There is a large setup violation of -4.852 ns between swervolf/rvtop/veer/ifu/aln/bundle1ff/dout_reg[4]/C (clocked by clk_core) and swervolf/rvtop/mem/icache.icm/ic_data_inst/PACKED_1.BANKS_WAY[0].ECC0.size_256.WAYS.ic_bank_sb_way_data/Q_reg[102]/D (clocked by clk_core). Large setup violations at the end of those stages might be difficult to fix during the post-placement implementation flow and could be the result of non-optimal XDC constraints or non-optimal design architecture
Related violations: <none>

TIMING-16#339 Warning
Large setup violation  
There is a large setup violation of -4.855 ns between swervolf/rvtop/veer/ifu/aln/bundle1ff/dout_reg[4]/C (clocked by clk_core) and swervolf/rvtop/mem/icache.icm/ic_data_inst/PACKED_1.BANKS_WAY[0].ECC0.size_256.WAYS.ic_bank_sb_way_data/Q_reg[68]/D (clocked by clk_core). Large setup violations at the end of those stages might be difficult to fix during the post-placement implementation flow and could be the result of non-optimal XDC constraints or non-optimal design architecture
Related violations: <none>

TIMING-16#340 Warning
Large setup violation  
There is a large setup violation of -4.865 ns between swervolf/rvtop/veer/ifu/aln/bundle1ff/dout_reg[4]/C (clocked by clk_core) and swervolf/rvtop/mem/icache.icm/ic_data_inst/PACKED_1.BANKS_WAY[0].ECC0.size_256.WAYS.ic_bank_sb_way_data/Q_reg[61]/D (clocked by clk_core). Large setup violations at the end of those stages might be difficult to fix during the post-placement implementation flow and could be the result of non-optimal XDC constraints or non-optimal design architecture
Related violations: <none>

TIMING-16#341 Warning
Large setup violation  
There is a large setup violation of -4.930 ns between swervolf/rvtop/veer/ifu/aln/bundle1ff/dout_reg[4]/C (clocked by clk_core) and swervolf/rvtop/mem/icache.icm/ic_data_inst/PACKED_1.BANKS_WAY[0].ECC0.size_256.WAYS.ic_bank_sb_way_data/Q_reg[57]/D (clocked by clk_core). Large setup violations at the end of those stages might be difficult to fix during the post-placement implementation flow and could be the result of non-optimal XDC constraints or non-optimal design architecture
Related violations: <none>

TIMING-16#342 Warning
Large setup violation  
There is a large setup violation of -4.997 ns between swervolf/rvtop/veer/ifu/aln/bundle1ff/dout_reg[4]/C (clocked by clk_core) and swervolf/rvtop/mem/icache.icm/ic_data_inst/PACKED_1.BANKS_WAY[0].ECC0.size_256.WAYS.ic_bank_sb_way_data/Q_reg[69]/D (clocked by clk_core). Large setup violations at the end of those stages might be difficult to fix during the post-placement implementation flow and could be the result of non-optimal XDC constraints or non-optimal design architecture
Related violations: <none>

TIMING-16#343 Warning
Large setup violation  
There is a large setup violation of -4.999 ns between swervolf/rvtop/veer/ifu/aln/bundle1ff/dout_reg[4]/C (clocked by clk_core) and swervolf/rvtop/mem/icache.icm/ic_data_inst/PACKED_1.BANKS_WAY[0].ECC0.size_256.WAYS.ic_bank_sb_way_data/Q_reg[17]/D (clocked by clk_core). Large setup violations at the end of those stages might be difficult to fix during the post-placement implementation flow and could be the result of non-optimal XDC constraints or non-optimal design architecture
Related violations: <none>

TIMING-16#344 Warning
Large setup violation  
There is a large setup violation of -5.062 ns between swervolf/rvtop/veer/ifu/aln/bundle1ff/dout_reg[4]/C (clocked by clk_core) and swervolf/rvtop/mem/icache.icm/ic_data_inst/PACKED_1.BANKS_WAY[0].ECC0.size_256.WAYS.ic_bank_sb_way_data/Q_reg[126]/D (clocked by clk_core). Large setup violations at the end of those stages might be difficult to fix during the post-placement implementation flow and could be the result of non-optimal XDC constraints or non-optimal design architecture
Related violations: <none>

TIMING-16#345 Warning
Large setup violation  
There is a large setup violation of -5.092 ns between swervolf/rvtop/veer/ifu/aln/bundle1ff/dout_reg[4]/C (clocked by clk_core) and swervolf/rvtop/mem/icache.icm/ic_data_inst/PACKED_1.BANKS_WAY[0].ECC0.size_256.WAYS.ic_bank_sb_way_data/Q_reg[74]/D (clocked by clk_core). Large setup violations at the end of those stages might be difficult to fix during the post-placement implementation flow and could be the result of non-optimal XDC constraints or non-optimal design architecture
Related violations: <none>

TIMING-16#346 Warning
Large setup violation  
There is a large setup violation of -5.105 ns between swervolf/rvtop/veer/ifu/aln/bundle1ff/dout_reg[4]/C (clocked by clk_core) and swervolf/rvtop/mem/icache.icm/ic_data_inst/PACKED_1.BANKS_WAY[0].ECC0.size_256.WAYS.ic_bank_sb_way_data/Q_reg[60]/D (clocked by clk_core). Large setup violations at the end of those stages might be difficult to fix during the post-placement implementation flow and could be the result of non-optimal XDC constraints or non-optimal design architecture
Related violations: <none>

TIMING-16#347 Warning
Large setup violation  
There is a large setup violation of -5.116 ns between swervolf/rvtop/veer/ifu/aln/bundle1ff/dout_reg[4]/C (clocked by clk_core) and swervolf/rvtop/mem/icache.icm/ic_data_inst/PACKED_1.BANKS_WAY[0].ECC0.size_256.WAYS.ic_bank_sb_way_data/Q_reg[81]/D (clocked by clk_core). Large setup violations at the end of those stages might be difficult to fix during the post-placement implementation flow and could be the result of non-optimal XDC constraints or non-optimal design architecture
Related violations: <none>

TIMING-16#348 Warning
Large setup violation  
There is a large setup violation of -5.133 ns between swervolf/rvtop/veer/ifu/aln/bundle1ff/dout_reg[4]/C (clocked by clk_core) and swervolf/rvtop/mem/icache.icm/ic_data_inst/PACKED_1.BANKS_WAY[0].ECC0.size_256.WAYS.ic_bank_sb_way_data/Q_reg[70]/D (clocked by clk_core). Large setup violations at the end of those stages might be difficult to fix during the post-placement implementation flow and could be the result of non-optimal XDC constraints or non-optimal design architecture
Related violations: <none>

TIMING-16#349 Warning
Large setup violation  
There is a large setup violation of -5.136 ns between swervolf/rvtop/veer/ifu/aln/bundle1ff/dout_reg[4]/C (clocked by clk_core) and swervolf/rvtop/mem/icache.icm/ic_data_inst/PACKED_1.BANKS_WAY[0].ECC0.size_256.WAYS.ic_bank_sb_way_data/Q_reg[127]/D (clocked by clk_core). Large setup violations at the end of those stages might be difficult to fix during the post-placement implementation flow and could be the result of non-optimal XDC constraints or non-optimal design architecture
Related violations: <none>

TIMING-16#350 Warning
Large setup violation  
There is a large setup violation of -5.148 ns between swervolf/rvtop/veer/ifu/aln/bundle1ff/dout_reg[4]/C (clocked by clk_core) and swervolf/rvtop/mem/icache.icm/ic_data_inst/PACKED_1.BANKS_WAY[0].ECC0.size_256.WAYS.ic_bank_sb_way_data/Q_reg[48]/D (clocked by clk_core). Large setup violations at the end of those stages might be difficult to fix during the post-placement implementation flow and could be the result of non-optimal XDC constraints or non-optimal design architecture
Related violations: <none>

TIMING-16#351 Warning
Large setup violation  
There is a large setup violation of -5.171 ns between swervolf/rvtop/veer/ifu/aln/bundle1ff/dout_reg[4]/C (clocked by clk_core) and swervolf/rvtop/mem/icache.icm/ic_data_inst/PACKED_1.BANKS_WAY[0].ECC0.size_256.WAYS.ic_bank_sb_way_data/Q_reg[129]/D (clocked by clk_core). Large setup violations at the end of those stages might be difficult to fix during the post-placement implementation flow and could be the result of non-optimal XDC constraints or non-optimal design architecture
Related violations: <none>

TIMING-16#352 Warning
Large setup violation  
There is a large setup violation of -5.178 ns between swervolf/rvtop/veer/ifu/aln/bundle1ff/dout_reg[4]/C (clocked by clk_core) and swervolf/rvtop/mem/icache.icm/ic_data_inst/PACKED_1.BANKS_WAY[0].ECC0.size_256.WAYS.ic_bank_sb_way_data/Q_reg[1]/D (clocked by clk_core). Large setup violations at the end of those stages might be difficult to fix during the post-placement implementation flow and could be the result of non-optimal XDC constraints or non-optimal design architecture
Related violations: <none>

TIMING-16#353 Warning
Large setup violation  
There is a large setup violation of -5.180 ns between swervolf/rvtop/veer/ifu/aln/bundle1ff/dout_reg[4]/C (clocked by clk_core) and swervolf/rvtop/mem/icache.icm/ic_data_inst/PACKED_1.BANKS_WAY[0].ECC0.size_256.WAYS.ic_bank_sb_way_data/Q_reg[9]/D (clocked by clk_core). Large setup violations at the end of those stages might be difficult to fix during the post-placement implementation flow and could be the result of non-optimal XDC constraints or non-optimal design architecture
Related violations: <none>

TIMING-16#354 Warning
Large setup violation  
There is a large setup violation of -5.188 ns between swervolf/rvtop/veer/ifu/aln/bundle1ff/dout_reg[4]/C (clocked by clk_core) and swervolf/rvtop/mem/icache.icm/ic_data_inst/PACKED_1.BANKS_WAY[0].ECC0.size_256.WAYS.ic_bank_sb_way_data/Q_reg[85]/D (clocked by clk_core). Large setup violations at the end of those stages might be difficult to fix during the post-placement implementation flow and could be the result of non-optimal XDC constraints or non-optimal design architecture
Related violations: <none>

TIMING-16#355 Warning
Large setup violation  
There is a large setup violation of -5.197 ns between swervolf/rvtop/veer/ifu/aln/bundle1ff/dout_reg[4]/C (clocked by clk_core) and swervolf/rvtop/mem/icache.icm/ic_data_inst/PACKED_1.BANKS_WAY[0].ECC0.size_256.WAYS.ic_bank_sb_way_data/Q_reg[117]/D (clocked by clk_core). Large setup violations at the end of those stages might be difficult to fix during the post-placement implementation flow and could be the result of non-optimal XDC constraints or non-optimal design architecture
Related violations: <none>

TIMING-16#356 Warning
Large setup violation  
There is a large setup violation of -5.208 ns between swervolf/rvtop/veer/ifu/aln/bundle1ff/dout_reg[4]/C (clocked by clk_core) and swervolf/rvtop/mem/icache.icm/ic_data_inst/PACKED_1.BANKS_WAY[0].ECC0.size_256.WAYS.ic_bank_sb_way_data/Q_reg[7]/D (clocked by clk_core). Large setup violations at the end of those stages might be difficult to fix during the post-placement implementation flow and could be the result of non-optimal XDC constraints or non-optimal design architecture
Related violations: <none>

TIMING-16#357 Warning
Large setup violation  
There is a large setup violation of -5.220 ns between swervolf/rvtop/veer/ifu/aln/bundle1ff/dout_reg[4]/C (clocked by clk_core) and swervolf/rvtop/mem/icache.icm/ic_data_inst/PACKED_1.BANKS_WAY[0].ECC0.size_256.WAYS.ic_bank_sb_way_data/Q_reg[34]/D (clocked by clk_core). Large setup violations at the end of those stages might be difficult to fix during the post-placement implementation flow and could be the result of non-optimal XDC constraints or non-optimal design architecture
Related violations: <none>

TIMING-16#358 Warning
Large setup violation  
There is a large setup violation of -5.224 ns between swervolf/rvtop/veer/ifu/aln/bundle1ff/dout_reg[4]/C (clocked by clk_core) and swervolf/rvtop/mem/icache.icm/ic_data_inst/PACKED_1.BANKS_WAY[0].ECC0.size_256.WAYS.ic_bank_sb_way_data/Q_reg[59]/D (clocked by clk_core). Large setup violations at the end of those stages might be difficult to fix during the post-placement implementation flow and could be the result of non-optimal XDC constraints or non-optimal design architecture
Related violations: <none>

TIMING-16#359 Warning
Large setup violation  
There is a large setup violation of -5.239 ns between swervolf/rvtop/veer/ifu/aln/bundle1ff/dout_reg[4]/C (clocked by clk_core) and swervolf/rvtop/mem/icache.icm/ic_data_inst/PACKED_1.BANKS_WAY[0].ECC0.size_256.WAYS.ic_bank_sb_way_data/Q_reg[132]/D (clocked by clk_core). Large setup violations at the end of those stages might be difficult to fix during the post-placement implementation flow and could be the result of non-optimal XDC constraints or non-optimal design architecture
Related violations: <none>

TIMING-16#360 Warning
Large setup violation  
There is a large setup violation of -5.239 ns between swervolf/rvtop/veer/ifu/aln/bundle1ff/dout_reg[4]/C (clocked by clk_core) and swervolf/rvtop/mem/icache.icm/ic_data_inst/PACKED_1.BANKS_WAY[0].ECC0.size_256.WAYS.ic_bank_sb_way_data/Q_reg[49]/D (clocked by clk_core). Large setup violations at the end of those stages might be difficult to fix during the post-placement implementation flow and could be the result of non-optimal XDC constraints or non-optimal design architecture
Related violations: <none>

TIMING-16#361 Warning
Large setup violation  
There is a large setup violation of -5.243 ns between swervolf/rvtop/veer/ifu/aln/bundle1ff/dout_reg[4]/C (clocked by clk_core) and swervolf/rvtop/mem/icache.icm/ic_data_inst/PACKED_1.BANKS_WAY[0].ECC0.size_256.WAYS.ic_bank_sb_way_data/Q_reg[64]/D (clocked by clk_core). Large setup violations at the end of those stages might be difficult to fix during the post-placement implementation flow and could be the result of non-optimal XDC constraints or non-optimal design architecture
Related violations: <none>

TIMING-16#362 Warning
Large setup violation  
There is a large setup violation of -5.243 ns between swervolf/rvtop/veer/ifu/aln/bundle1ff/dout_reg[4]/C (clocked by clk_core) and swervolf/rvtop/mem/icache.icm/ic_data_inst/PACKED_1.BANKS_WAY[0].ECC0.size_256.WAYS.ic_bank_sb_way_data/Q_reg[75]/D (clocked by clk_core). Large setup violations at the end of those stages might be difficult to fix during the post-placement implementation flow and could be the result of non-optimal XDC constraints or non-optimal design architecture
Related violations: <none>

TIMING-16#363 Warning
Large setup violation  
There is a large setup violation of -5.247 ns between swervolf/rvtop/veer/ifu/aln/bundle1ff/dout_reg[4]/C (clocked by clk_core) and swervolf/rvtop/mem/icache.icm/ic_data_inst/PACKED_1.BANKS_WAY[0].ECC0.size_256.WAYS.ic_bank_sb_way_data/Q_reg[128]/D (clocked by clk_core). Large setup violations at the end of those stages might be difficult to fix during the post-placement implementation flow and could be the result of non-optimal XDC constraints or non-optimal design architecture
Related violations: <none>

TIMING-16#364 Warning
Large setup violation  
There is a large setup violation of -5.262 ns between swervolf/rvtop/veer/ifu/aln/bundle1ff/dout_reg[4]/C (clocked by clk_core) and swervolf/rvtop/mem/icache.icm/ic_data_inst/PACKED_1.BANKS_WAY[0].ECC0.size_256.WAYS.ic_bank_sb_way_data/Q_reg[51]/D (clocked by clk_core). Large setup violations at the end of those stages might be difficult to fix during the post-placement implementation flow and could be the result of non-optimal XDC constraints or non-optimal design architecture
Related violations: <none>

TIMING-16#365 Warning
Large setup violation  
There is a large setup violation of -5.274 ns between swervolf/rvtop/veer/ifu/aln/bundle1ff/dout_reg[4]/C (clocked by clk_core) and swervolf/rvtop/mem/icache.icm/ic_data_inst/PACKED_1.BANKS_WAY[0].ECC0.size_256.WAYS.ic_bank_sb_way_data/Q_reg[58]/D (clocked by clk_core). Large setup violations at the end of those stages might be difficult to fix during the post-placement implementation flow and could be the result of non-optimal XDC constraints or non-optimal design architecture
Related violations: <none>

TIMING-16#366 Warning
Large setup violation  
There is a large setup violation of -5.278 ns between swervolf/rvtop/veer/ifu/aln/bundle1ff/dout_reg[4]/C (clocked by clk_core) and swervolf/rvtop/mem/icache.icm/ic_data_inst/PACKED_1.BANKS_WAY[0].ECC0.size_256.WAYS.ic_bank_sb_way_data/Q_reg[119]/D (clocked by clk_core). Large setup violations at the end of those stages might be difficult to fix during the post-placement implementation flow and could be the result of non-optimal XDC constraints or non-optimal design architecture
Related violations: <none>

TIMING-16#367 Warning
Large setup violation  
There is a large setup violation of -5.295 ns between swervolf/rvtop/veer/ifu/aln/bundle1ff/dout_reg[4]/C (clocked by clk_core) and swervolf/rvtop/mem/icache.icm/ic_data_inst/PACKED_1.BANKS_WAY[0].ECC0.size_256.WAYS.ic_bank_sb_way_data/Q_reg[84]/D (clocked by clk_core). Large setup violations at the end of those stages might be difficult to fix during the post-placement implementation flow and could be the result of non-optimal XDC constraints or non-optimal design architecture
Related violations: <none>

TIMING-16#368 Warning
Large setup violation  
There is a large setup violation of -5.296 ns between swervolf/rvtop/veer/ifu/aln/bundle1ff/dout_reg[4]/C (clocked by clk_core) and swervolf/rvtop/mem/icache.icm/ic_data_inst/PACKED_1.BANKS_WAY[0].ECC0.size_256.WAYS.ic_bank_sb_way_data/Q_reg[120]/D (clocked by clk_core). Large setup violations at the end of those stages might be difficult to fix during the post-placement implementation flow and could be the result of non-optimal XDC constraints or non-optimal design architecture
Related violations: <none>

TIMING-16#369 Warning
Large setup violation  
There is a large setup violation of -5.304 ns between swervolf/rvtop/veer/ifu/aln/bundle1ff/dout_reg[4]/C (clocked by clk_core) and swervolf/rvtop/mem/icache.icm/ic_data_inst/PACKED_1.BANKS_WAY[0].ECC0.size_256.WAYS.ic_bank_sb_way_data/Q_reg[32]/D (clocked by clk_core). Large setup violations at the end of those stages might be difficult to fix during the post-placement implementation flow and could be the result of non-optimal XDC constraints or non-optimal design architecture
Related violations: <none>

TIMING-16#370 Warning
Large setup violation  
There is a large setup violation of -5.313 ns between swervolf/rvtop/veer/ifu/aln/bundle1ff/dout_reg[4]/C (clocked by clk_core) and swervolf/rvtop/mem/icache.icm/ic_data_inst/PACKED_1.BANKS_WAY[0].ECC0.size_256.WAYS.ic_bank_sb_way_data/Q_reg[116]/D (clocked by clk_core). Large setup violations at the end of those stages might be difficult to fix during the post-placement implementation flow and could be the result of non-optimal XDC constraints or non-optimal design architecture
Related violations: <none>

TIMING-16#371 Warning
Large setup violation  
There is a large setup violation of -5.315 ns between swervolf/rvtop/veer/ifu/aln/bundle1ff/dout_reg[4]/C (clocked by clk_core) and swervolf/rvtop/mem/icache.icm/ic_data_inst/PACKED_1.BANKS_WAY[0].ECC0.size_256.WAYS.ic_bank_sb_way_data/Q_reg[53]/D (clocked by clk_core). Large setup violations at the end of those stages might be difficult to fix during the post-placement implementation flow and could be the result of non-optimal XDC constraints or non-optimal design architecture
Related violations: <none>

TIMING-16#372 Warning
Large setup violation  
There is a large setup violation of -5.316 ns between swervolf/rvtop/veer/ifu/aln/bundle1ff/dout_reg[4]/C (clocked by clk_core) and swervolf/rvtop/mem/icache.icm/ic_data_inst/PACKED_1.BANKS_WAY[0].ECC0.size_256.WAYS.ic_bank_sb_way_data/Q_reg[101]/D (clocked by clk_core). Large setup violations at the end of those stages might be difficult to fix during the post-placement implementation flow and could be the result of non-optimal XDC constraints or non-optimal design architecture
Related violations: <none>

TIMING-16#373 Warning
Large setup violation  
There is a large setup violation of -5.318 ns between swervolf/rvtop/veer/ifu/aln/bundle1ff/dout_reg[4]/C (clocked by clk_core) and swervolf/rvtop/mem/icache.icm/ic_data_inst/PACKED_1.BANKS_WAY[0].ECC0.size_256.WAYS.ic_bank_sb_way_data/Q_reg[123]/D (clocked by clk_core). Large setup violations at the end of those stages might be difficult to fix during the post-placement implementation flow and could be the result of non-optimal XDC constraints or non-optimal design architecture
Related violations: <none>

TIMING-16#374 Warning
Large setup violation  
There is a large setup violation of -5.334 ns between swervolf/rvtop/veer/ifu/aln/bundle1ff/dout_reg[4]/C (clocked by clk_core) and swervolf/rvtop/mem/icache.icm/ic_data_inst/PACKED_1.BANKS_WAY[0].ECC0.size_256.WAYS.ic_bank_sb_way_data/Q_reg[30]/D (clocked by clk_core). Large setup violations at the end of those stages might be difficult to fix during the post-placement implementation flow and could be the result of non-optimal XDC constraints or non-optimal design architecture
Related violations: <none>

TIMING-16#375 Warning
Large setup violation  
There is a large setup violation of -5.340 ns between swervolf/rvtop/veer/ifu/aln/bundle1ff/dout_reg[4]/C (clocked by clk_core) and swervolf/rvtop/mem/icache.icm/ic_data_inst/PACKED_1.BANKS_WAY[0].ECC0.size_256.WAYS.ic_bank_sb_way_data/Q_reg[52]/D (clocked by clk_core). Large setup violations at the end of those stages might be difficult to fix during the post-placement implementation flow and could be the result of non-optimal XDC constraints or non-optimal design architecture
Related violations: <none>

TIMING-16#376 Warning
Large setup violation  
There is a large setup violation of -5.340 ns between swervolf/rvtop/veer/ifu/aln/bundle1ff/dout_reg[4]/C (clocked by clk_core) and swervolf/rvtop/mem/icache.icm/ic_data_inst/PACKED_1.BANKS_WAY[0].ECC0.size_256.WAYS.ic_bank_sb_way_data/Q_reg[96]/D (clocked by clk_core). Large setup violations at the end of those stages might be difficult to fix during the post-placement implementation flow and could be the result of non-optimal XDC constraints or non-optimal design architecture
Related violations: <none>

TIMING-16#377 Warning
Large setup violation  
There is a large setup violation of -5.343 ns between swervolf/rvtop/veer/ifu/aln/bundle1ff/dout_reg[4]/C (clocked by clk_core) and swervolf/rvtop/mem/icache.icm/ic_data_inst/PACKED_1.BANKS_WAY[0].ECC0.size_256.WAYS.ic_bank_sb_way_data/Q_reg[54]/D (clocked by clk_core). Large setup violations at the end of those stages might be difficult to fix during the post-placement implementation flow and could be the result of non-optimal XDC constraints or non-optimal design architecture
Related violations: <none>

TIMING-16#378 Warning
Large setup violation  
There is a large setup violation of -5.347 ns between swervolf/rvtop/veer/ifu/aln/bundle1ff/dout_reg[4]/C (clocked by clk_core) and swervolf/rvtop/mem/icache.icm/ic_data_inst/PACKED_1.BANKS_WAY[0].ECC0.size_256.WAYS.ic_bank_sb_way_data/Q_reg[33]/D (clocked by clk_core). Large setup violations at the end of those stages might be difficult to fix during the post-placement implementation flow and could be the result of non-optimal XDC constraints or non-optimal design architecture
Related violations: <none>

TIMING-16#379 Warning
Large setup violation  
There is a large setup violation of -5.347 ns between swervolf/rvtop/veer/ifu/aln/bundle1ff/dout_reg[4]/C (clocked by clk_core) and swervolf/rvtop/mem/icache.icm/ic_data_inst/PACKED_1.BANKS_WAY[0].ECC0.size_256.WAYS.ic_bank_sb_way_data/Q_reg[80]/D (clocked by clk_core). Large setup violations at the end of those stages might be difficult to fix during the post-placement implementation flow and could be the result of non-optimal XDC constraints or non-optimal design architecture
Related violations: <none>

TIMING-16#380 Warning
Large setup violation  
There is a large setup violation of -5.369 ns between swervolf/rvtop/veer/ifu/aln/bundle1ff/dout_reg[4]/C (clocked by clk_core) and swervolf/rvtop/mem/icache.icm/ic_data_inst/PACKED_1.BANKS_WAY[0].ECC0.size_256.WAYS.ic_bank_sb_way_data/Q_reg[6]/D (clocked by clk_core). Large setup violations at the end of those stages might be difficult to fix during the post-placement implementation flow and could be the result of non-optimal XDC constraints or non-optimal design architecture
Related violations: <none>

TIMING-16#381 Warning
Large setup violation  
There is a large setup violation of -5.397 ns between swervolf/rvtop/veer/ifu/aln/bundle1ff/dout_reg[4]/C (clocked by clk_core) and swervolf/rvtop/mem/icache.icm/ic_data_inst/PACKED_1.BANKS_WAY[0].ECC0.size_256.WAYS.ic_bank_sb_way_data/Q_reg[109]/D (clocked by clk_core). Large setup violations at the end of those stages might be difficult to fix during the post-placement implementation flow and could be the result of non-optimal XDC constraints or non-optimal design architecture
Related violations: <none>

TIMING-16#382 Warning
Large setup violation  
There is a large setup violation of -5.399 ns between swervolf/rvtop/veer/ifu/aln/bundle1ff/dout_reg[4]/C (clocked by clk_core) and swervolf/rvtop/mem/icache.icm/ic_data_inst/PACKED_1.BANKS_WAY[0].ECC0.size_256.WAYS.ic_bank_sb_way_data/Q_reg[79]/D (clocked by clk_core). Large setup violations at the end of those stages might be difficult to fix during the post-placement implementation flow and could be the result of non-optimal XDC constraints or non-optimal design architecture
Related violations: <none>

TIMING-16#383 Warning
Large setup violation  
There is a large setup violation of -5.400 ns between swervolf/rvtop/veer/ifu/aln/bundle1ff/dout_reg[4]/C (clocked by clk_core) and swervolf/rvtop/mem/icache.icm/ic_data_inst/PACKED_1.BANKS_WAY[0].ECC0.size_256.WAYS.ic_bank_sb_way_data/Q_reg[111]/D (clocked by clk_core). Large setup violations at the end of those stages might be difficult to fix during the post-placement implementation flow and could be the result of non-optimal XDC constraints or non-optimal design architecture
Related violations: <none>

TIMING-16#384 Warning
Large setup violation  
There is a large setup violation of -5.407 ns between swervolf/rvtop/veer/ifu/aln/bundle1ff/dout_reg[4]/C (clocked by clk_core) and swervolf/rvtop/mem/icache.icm/ic_data_inst/PACKED_1.BANKS_WAY[0].ECC0.size_256.WAYS.ic_bank_sb_way_data/Q_reg[29]/D (clocked by clk_core). Large setup violations at the end of those stages might be difficult to fix during the post-placement implementation flow and could be the result of non-optimal XDC constraints or non-optimal design architecture
Related violations: <none>

TIMING-16#385 Warning
Large setup violation  
There is a large setup violation of -5.408 ns between swervolf/rvtop/veer/ifu/aln/bundle1ff/dout_reg[4]/C (clocked by clk_core) and swervolf/rvtop/mem/icache.icm/ic_data_inst/PACKED_1.BANKS_WAY[0].ECC0.size_256.WAYS.ic_bank_sb_way_data/Q_reg[121]/D (clocked by clk_core). Large setup violations at the end of those stages might be difficult to fix during the post-placement implementation flow and could be the result of non-optimal XDC constraints or non-optimal design architecture
Related violations: <none>

TIMING-16#386 Warning
Large setup violation  
There is a large setup violation of -5.413 ns between swervolf/rvtop/veer/ifu/aln/bundle1ff/dout_reg[4]/C (clocked by clk_core) and swervolf/rvtop/mem/icache.icm/ic_data_inst/PACKED_1.BANKS_WAY[0].ECC0.size_256.WAYS.ic_bank_sb_way_data/Q_reg[2]/D (clocked by clk_core). Large setup violations at the end of those stages might be difficult to fix during the post-placement implementation flow and could be the result of non-optimal XDC constraints or non-optimal design architecture
Related violations: <none>

TIMING-16#387 Warning
Large setup violation  
There is a large setup violation of -5.415 ns between swervolf/rvtop/veer/ifu/aln/bundle1ff/dout_reg[4]/C (clocked by clk_core) and swervolf/rvtop/mem/icache.icm/ic_data_inst/PACKED_1.BANKS_WAY[0].ECC0.size_256.WAYS.ic_bank_sb_way_data/Q_reg[0]/D (clocked by clk_core). Large setup violations at the end of those stages might be difficult to fix during the post-placement implementation flow and could be the result of non-optimal XDC constraints or non-optimal design architecture
Related violations: <none>

TIMING-16#388 Warning
Large setup violation  
There is a large setup violation of -5.422 ns between swervolf/rvtop/veer/ifu/aln/bundle1ff/dout_reg[4]/C (clocked by clk_core) and swervolf/rvtop/mem/icache.icm/ic_data_inst/PACKED_1.BANKS_WAY[0].ECC0.size_256.WAYS.ic_bank_sb_way_data/Q_reg[98]/D (clocked by clk_core). Large setup violations at the end of those stages might be difficult to fix during the post-placement implementation flow and could be the result of non-optimal XDC constraints or non-optimal design architecture
Related violations: <none>

TIMING-16#389 Warning
Large setup violation  
There is a large setup violation of -5.425 ns between swervolf/rvtop/veer/ifu/aln/bundle1ff/dout_reg[4]/C (clocked by clk_core) and swervolf/rvtop/mem/icache.icm/ic_data_inst/PACKED_1.BANKS_WAY[0].ECC0.size_256.WAYS.ic_bank_sb_way_data/Q_reg[20]/D (clocked by clk_core). Large setup violations at the end of those stages might be difficult to fix during the post-placement implementation flow and could be the result of non-optimal XDC constraints or non-optimal design architecture
Related violations: <none>

TIMING-16#390 Warning
Large setup violation  
There is a large setup violation of -5.434 ns between swervolf/rvtop/veer/ifu/aln/bundle1ff/dout_reg[4]/C (clocked by clk_core) and swervolf/rvtop/mem/icache.icm/ic_data_inst/PACKED_1.BANKS_WAY[0].ECC0.size_256.WAYS.ic_bank_sb_way_data/Q_reg[12]/D (clocked by clk_core). Large setup violations at the end of those stages might be difficult to fix during the post-placement implementation flow and could be the result of non-optimal XDC constraints or non-optimal design architecture
Related violations: <none>

TIMING-16#391 Warning
Large setup violation  
There is a large setup violation of -5.435 ns between swervolf/rvtop/veer/ifu/aln/bundle1ff/dout_reg[4]/C (clocked by clk_core) and swervolf/rvtop/mem/icache.icm/ic_data_inst/PACKED_1.BANKS_WAY[0].ECC0.size_256.WAYS.ic_bank_sb_way_data/Q_reg[122]/D (clocked by clk_core). Large setup violations at the end of those stages might be difficult to fix during the post-placement implementation flow and could be the result of non-optimal XDC constraints or non-optimal design architecture
Related violations: <none>

TIMING-16#392 Warning
Large setup violation  
There is a large setup violation of -5.437 ns between swervolf/rvtop/veer/ifu/aln/bundle1ff/dout_reg[4]/C (clocked by clk_core) and swervolf/rvtop/mem/icache.icm/ic_data_inst/PACKED_1.BANKS_WAY[0].ECC0.size_256.WAYS.ic_bank_sb_way_data/Q_reg[19]/D (clocked by clk_core). Large setup violations at the end of those stages might be difficult to fix during the post-placement implementation flow and could be the result of non-optimal XDC constraints or non-optimal design architecture
Related violations: <none>

TIMING-16#393 Warning
Large setup violation  
There is a large setup violation of -5.442 ns between swervolf/rvtop/veer/ifu/aln/bundle1ff/dout_reg[4]/C (clocked by clk_core) and swervolf/rvtop/mem/icache.icm/ic_data_inst/PACKED_1.BANKS_WAY[0].ECC0.size_256.WAYS.ic_bank_sb_way_data/ram_core_reg_0_255_116_116/RAMS64E_D/I (clocked by clk_core). Large setup violations at the end of those stages might be difficult to fix during the post-placement implementation flow and could be the result of non-optimal XDC constraints or non-optimal design architecture
Related violations: <none>

TIMING-16#394 Warning
Large setup violation  
There is a large setup violation of -5.445 ns between swervolf/rvtop/veer/ifu/aln/bundle1ff/dout_reg[4]/C (clocked by clk_core) and swervolf/rvtop/mem/icache.icm/ic_data_inst/PACKED_1.BANKS_WAY[0].ECC0.size_256.WAYS.ic_bank_sb_way_data/Q_reg[23]/D (clocked by clk_core). Large setup violations at the end of those stages might be difficult to fix during the post-placement implementation flow and could be the result of non-optimal XDC constraints or non-optimal design architecture
Related violations: <none>

TIMING-16#395 Warning
Large setup violation  
There is a large setup violation of -5.446 ns between swervolf/rvtop/veer/ifu/aln/bundle1ff/dout_reg[4]/C (clocked by clk_core) and swervolf/rvtop/mem/icache.icm/ic_data_inst/PACKED_1.BANKS_WAY[0].ECC0.size_256.WAYS.ic_bank_sb_way_data/Q_reg[14]/D (clocked by clk_core). Large setup violations at the end of those stages might be difficult to fix during the post-placement implementation flow and could be the result of non-optimal XDC constraints or non-optimal design architecture
Related violations: <none>

TIMING-16#396 Warning
Large setup violation  
There is a large setup violation of -5.448 ns between swervolf/rvtop/veer/ifu/aln/bundle1ff/dout_reg[4]/C (clocked by clk_core) and swervolf/rvtop/mem/icache.icm/ic_data_inst/PACKED_1.BANKS_WAY[0].ECC0.size_256.WAYS.ic_bank_sb_way_data/ram_core_reg_0_255_102_102/RAMS64E_D/I (clocked by clk_core). Large setup violations at the end of those stages might be difficult to fix during the post-placement implementation flow and could be the result of non-optimal XDC constraints or non-optimal design architecture
Related violations: <none>

TIMING-16#397 Warning
Large setup violation  
There is a large setup violation of -5.456 ns between swervolf/rvtop/veer/ifu/aln/bundle1ff/dout_reg[4]/C (clocked by clk_core) and swervolf/rvtop/mem/icache.icm/ic_data_inst/PACKED_1.BANKS_WAY[0].ECC0.size_256.WAYS.ic_bank_sb_way_data/Q_reg[45]/D (clocked by clk_core). Large setup violations at the end of those stages might be difficult to fix during the post-placement implementation flow and could be the result of non-optimal XDC constraints or non-optimal design architecture
Related violations: <none>

TIMING-16#398 Warning
Large setup violation  
There is a large setup violation of -5.457 ns between swervolf/rvtop/veer/ifu/aln/bundle1ff/dout_reg[4]/C (clocked by clk_core) and swervolf/rvtop/mem/icache.icm/ic_data_inst/PACKED_1.BANKS_WAY[0].ECC0.size_256.WAYS.ic_bank_sb_way_data/Q_reg[77]/D (clocked by clk_core). Large setup violations at the end of those stages might be difficult to fix during the post-placement implementation flow and could be the result of non-optimal XDC constraints or non-optimal design architecture
Related violations: <none>

TIMING-16#399 Warning
Large setup violation  
There is a large setup violation of -5.460 ns between swervolf/rvtop/veer/ifu/aln/bundle1ff/dout_reg[4]/C (clocked by clk_core) and swervolf/rvtop/mem/icache.icm/ic_data_inst/PACKED_1.BANKS_WAY[0].ECC0.size_256.WAYS.ic_bank_sb_way_data/Q_reg[27]/D (clocked by clk_core). Large setup violations at the end of those stages might be difficult to fix during the post-placement implementation flow and could be the result of non-optimal XDC constraints or non-optimal design architecture
Related violations: <none>

TIMING-16#400 Warning
Large setup violation  
There is a large setup violation of -5.464 ns between swervolf/rvtop/veer/ifu/aln/bundle1ff/dout_reg[4]/C (clocked by clk_core) and swervolf/rvtop/mem/icache.icm/ic_data_inst/PACKED_1.BANKS_WAY[0].ECC0.size_256.WAYS.ic_bank_sb_way_data/Q_reg[3]/D (clocked by clk_core). Large setup violations at the end of those stages might be difficult to fix during the post-placement implementation flow and could be the result of non-optimal XDC constraints or non-optimal design architecture
Related violations: <none>

TIMING-16#401 Warning
Large setup violation  
There is a large setup violation of -5.474 ns between swervolf/rvtop/veer/ifu/aln/bundle1ff/dout_reg[4]/C (clocked by clk_core) and swervolf/rvtop/mem/icache.icm/ic_data_inst/PACKED_1.BANKS_WAY[0].ECC0.size_256.WAYS.ic_bank_sb_way_data/Q_reg[18]/D (clocked by clk_core). Large setup violations at the end of those stages might be difficult to fix during the post-placement implementation flow and could be the result of non-optimal XDC constraints or non-optimal design architecture
Related violations: <none>

TIMING-16#402 Warning
Large setup violation  
There is a large setup violation of -5.476 ns between swervolf/rvtop/veer/ifu/aln/bundle1ff/dout_reg[4]/C (clocked by clk_core) and swervolf/rvtop/mem/icache.icm/ic_data_inst/PACKED_1.BANKS_WAY[0].ECC0.size_256.WAYS.ic_bank_sb_way_data/Q_reg[113]/D (clocked by clk_core). Large setup violations at the end of those stages might be difficult to fix during the post-placement implementation flow and could be the result of non-optimal XDC constraints or non-optimal design architecture
Related violations: <none>

TIMING-16#403 Warning
Large setup violation  
There is a large setup violation of -5.477 ns between swervolf/rvtop/veer/ifu/aln/bundle1ff/dout_reg[4]/C (clocked by clk_core) and swervolf/rvtop/mem/icache.icm/ic_data_inst/PACKED_1.BANKS_WAY[0].ECC0.size_256.WAYS.ic_bank_sb_way_data/Q_reg[4]/D (clocked by clk_core). Large setup violations at the end of those stages might be difficult to fix during the post-placement implementation flow and could be the result of non-optimal XDC constraints or non-optimal design architecture
Related violations: <none>

TIMING-16#404 Warning
Large setup violation  
There is a large setup violation of -5.481 ns between swervolf/rvtop/veer/ifu/aln/bundle1ff/dout_reg[4]/C (clocked by clk_core) and swervolf/rvtop/mem/icache.icm/ic_data_inst/PACKED_1.BANKS_WAY[0].ECC0.size_256.WAYS.ic_bank_sb_way_data/Q_reg[93]/D (clocked by clk_core). Large setup violations at the end of those stages might be difficult to fix during the post-placement implementation flow and could be the result of non-optimal XDC constraints or non-optimal design architecture
Related violations: <none>

TIMING-16#405 Warning
Large setup violation  
There is a large setup violation of -5.492 ns between swervolf/rvtop/veer/ifu/aln/bundle1ff/dout_reg[4]/C (clocked by clk_core) and swervolf/rvtop/mem/icache.icm/ic_data_inst/PACKED_1.BANKS_WAY[0].ECC0.size_256.WAYS.ic_bank_sb_way_data/Q_reg[26]/D (clocked by clk_core). Large setup violations at the end of those stages might be difficult to fix during the post-placement implementation flow and could be the result of non-optimal XDC constraints or non-optimal design architecture
Related violations: <none>

TIMING-16#406 Warning
Large setup violation  
There is a large setup violation of -5.493 ns between swervolf/rvtop/veer/ifu/aln/bundle1ff/dout_reg[4]/C (clocked by clk_core) and swervolf/rvtop/mem/icache.icm/ic_data_inst/PACKED_1.BANKS_WAY[0].ECC0.size_256.WAYS.ic_bank_sb_way_data/Q_reg[105]/D (clocked by clk_core). Large setup violations at the end of those stages might be difficult to fix during the post-placement implementation flow and could be the result of non-optimal XDC constraints or non-optimal design architecture
Related violations: <none>

TIMING-16#407 Warning
Large setup violation  
There is a large setup violation of -5.501 ns between swervolf/rvtop/veer/ifu/aln/bundle1ff/dout_reg[4]/C (clocked by clk_core) and swervolf/rvtop/mem/icache.icm/ic_data_inst/PACKED_1.BANKS_WAY[0].ECC0.size_256.WAYS.ic_bank_sb_way_data/ram_core_reg_0_255_129_129/RAMS64E_D/I (clocked by clk_core). Large setup violations at the end of those stages might be difficult to fix during the post-placement implementation flow and could be the result of non-optimal XDC constraints or non-optimal design architecture
Related violations: <none>

TIMING-16#408 Warning
Large setup violation  
There is a large setup violation of -5.504 ns between swervolf/rvtop/veer/ifu/aln/bundle1ff/dout_reg[4]/C (clocked by clk_core) and swervolf/rvtop/mem/icache.icm/ic_data_inst/PACKED_1.BANKS_WAY[0].ECC0.size_256.WAYS.ic_bank_sb_way_data/Q_reg[110]/D (clocked by clk_core). Large setup violations at the end of those stages might be difficult to fix during the post-placement implementation flow and could be the result of non-optimal XDC constraints or non-optimal design architecture
Related violations: <none>

TIMING-16#409 Warning
Large setup violation  
There is a large setup violation of -5.512 ns between swervolf/rvtop/veer/ifu/aln/bundle1ff/dout_reg[4]/C (clocked by clk_core) and swervolf/rvtop/mem/icache.icm/ic_data_inst/PACKED_1.BANKS_WAY[0].ECC0.size_256.WAYS.ic_bank_sb_way_data/Q_reg[25]/D (clocked by clk_core). Large setup violations at the end of those stages might be difficult to fix during the post-placement implementation flow and could be the result of non-optimal XDC constraints or non-optimal design architecture
Related violations: <none>

TIMING-16#410 Warning
Large setup violation  
There is a large setup violation of -5.522 ns between swervolf/rvtop/veer/ifu/aln/bundle1ff/dout_reg[4]/C (clocked by clk_core) and swervolf/rvtop/mem/icache.icm/ic_data_inst/PACKED_1.BANKS_WAY[0].ECC0.size_256.WAYS.ic_bank_sb_way_data/Q_reg[71]/D (clocked by clk_core). Large setup violations at the end of those stages might be difficult to fix during the post-placement implementation flow and could be the result of non-optimal XDC constraints or non-optimal design architecture
Related violations: <none>

TIMING-16#411 Warning
Large setup violation  
There is a large setup violation of -5.526 ns between swervolf/rvtop/veer/ifu/aln/bundle1ff/dout_reg[4]/C (clocked by clk_core) and swervolf/rvtop/mem/icache.icm/ic_data_inst/PACKED_1.BANKS_WAY[0].ECC0.size_256.WAYS.ic_bank_sb_way_data/Q_reg[40]/D (clocked by clk_core). Large setup violations at the end of those stages might be difficult to fix during the post-placement implementation flow and could be the result of non-optimal XDC constraints or non-optimal design architecture
Related violations: <none>

TIMING-16#412 Warning
Large setup violation  
There is a large setup violation of -5.530 ns between swervolf/rvtop/veer/ifu/aln/bundle1ff/dout_reg[4]/C (clocked by clk_core) and swervolf/rvtop/mem/icache.icm/ic_data_inst/PACKED_1.BANKS_WAY[0].ECC0.size_256.WAYS.ic_bank_sb_way_data/Q_reg[16]/D (clocked by clk_core). Large setup violations at the end of those stages might be difficult to fix during the post-placement implementation flow and could be the result of non-optimal XDC constraints or non-optimal design architecture
Related violations: <none>

TIMING-16#413 Warning
Large setup violation  
There is a large setup violation of -5.530 ns between swervolf/rvtop/veer/ifu/aln/bundle1ff/dout_reg[4]/C (clocked by clk_core) and swervolf/rvtop/mem/icache.icm/ic_data_inst/PACKED_1.BANKS_WAY[0].ECC0.size_256.WAYS.ic_bank_sb_way_data/Q_reg[67]/D (clocked by clk_core). Large setup violations at the end of those stages might be difficult to fix during the post-placement implementation flow and could be the result of non-optimal XDC constraints or non-optimal design architecture
Related violations: <none>

TIMING-16#414 Warning
Large setup violation  
There is a large setup violation of -5.531 ns between swervolf/rvtop/veer/ifu/aln/bundle1ff/dout_reg[4]/C (clocked by clk_core) and swervolf/rvtop/mem/icache.icm/ic_data_inst/PACKED_1.BANKS_WAY[0].ECC0.size_256.WAYS.ic_bank_sb_way_data/Q_reg[104]/D (clocked by clk_core). Large setup violations at the end of those stages might be difficult to fix during the post-placement implementation flow and could be the result of non-optimal XDC constraints or non-optimal design architecture
Related violations: <none>

TIMING-16#415 Warning
Large setup violation  
There is a large setup violation of -5.538 ns between swervolf/rvtop/veer/ifu/aln/bundle1ff/dout_reg[4]/C (clocked by clk_core) and swervolf/rvtop/mem/icache.icm/ic_data_inst/PACKED_1.BANKS_WAY[0].ECC0.size_256.WAYS.ic_bank_sb_way_data/Q_reg[90]/D (clocked by clk_core). Large setup violations at the end of those stages might be difficult to fix during the post-placement implementation flow and could be the result of non-optimal XDC constraints or non-optimal design architecture
Related violations: <none>

TIMING-16#416 Warning
Large setup violation  
There is a large setup violation of -5.544 ns between swervolf/rvtop/veer/ifu/aln/bundle1ff/dout_reg[4]/C (clocked by clk_core) and swervolf/rvtop/mem/icache.icm/ic_data_inst/PACKED_1.BANKS_WAY[0].ECC0.size_256.WAYS.ic_bank_sb_way_data/Q_reg[36]/D (clocked by clk_core). Large setup violations at the end of those stages might be difficult to fix during the post-placement implementation flow and could be the result of non-optimal XDC constraints or non-optimal design architecture
Related violations: <none>

TIMING-16#417 Warning
Large setup violation  
There is a large setup violation of -5.552 ns between swervolf/rvtop/veer/ifu/aln/bundle1ff/dout_reg[4]/C (clocked by clk_core) and swervolf/rvtop/mem/icache.icm/ic_data_inst/PACKED_1.BANKS_WAY[0].ECC0.size_256.WAYS.ic_bank_sb_way_data/Q_reg[100]/D (clocked by clk_core). Large setup violations at the end of those stages might be difficult to fix during the post-placement implementation flow and could be the result of non-optimal XDC constraints or non-optimal design architecture
Related violations: <none>

TIMING-16#418 Warning
Large setup violation  
There is a large setup violation of -5.553 ns between swervolf/rvtop/veer/ifu/aln/bundle1ff/dout_reg[4]/C (clocked by clk_core) and swervolf/rvtop/mem/icache.icm/ic_data_inst/PACKED_1.BANKS_WAY[0].ECC0.size_256.WAYS.ic_bank_sb_way_data/Q_reg[11]/D (clocked by clk_core). Large setup violations at the end of those stages might be difficult to fix during the post-placement implementation flow and could be the result of non-optimal XDC constraints or non-optimal design architecture
Related violations: <none>

TIMING-16#419 Warning
Large setup violation  
There is a large setup violation of -5.554 ns between swervolf/rvtop/veer/ifu/aln/bundle1ff/dout_reg[4]/C (clocked by clk_core) and swervolf/rvtop/mem/icache.icm/ic_data_inst/PACKED_1.BANKS_WAY[0].ECC0.size_256.WAYS.ic_bank_sb_way_data/Q_reg[42]/D (clocked by clk_core). Large setup violations at the end of those stages might be difficult to fix during the post-placement implementation flow and could be the result of non-optimal XDC constraints or non-optimal design architecture
Related violations: <none>

TIMING-16#420 Warning
Large setup violation  
There is a large setup violation of -5.561 ns between swervolf/rvtop/veer/ifu/aln/bundle1ff/dout_reg[4]/C (clocked by clk_core) and swervolf/rvtop/mem/icache.icm/ic_data_inst/PACKED_1.BANKS_WAY[0].ECC0.size_256.WAYS.ic_bank_sb_way_data/Q_reg[10]/D (clocked by clk_core). Large setup violations at the end of those stages might be difficult to fix during the post-placement implementation flow and could be the result of non-optimal XDC constraints or non-optimal design architecture
Related violations: <none>

TIMING-16#421 Warning
Large setup violation  
There is a large setup violation of -5.563 ns between swervolf/rvtop/veer/ifu/aln/bundle1ff/dout_reg[4]/C (clocked by clk_core) and swervolf/rvtop/mem/icache.icm/ic_data_inst/PACKED_1.BANKS_WAY[0].ECC0.size_256.WAYS.ic_bank_sb_way_data/Q_reg[22]/D (clocked by clk_core). Large setup violations at the end of those stages might be difficult to fix during the post-placement implementation flow and could be the result of non-optimal XDC constraints or non-optimal design architecture
Related violations: <none>

TIMING-16#422 Warning
Large setup violation  
There is a large setup violation of -5.568 ns between swervolf/rvtop/veer/ifu/aln/bundle1ff/dout_reg[4]/C (clocked by clk_core) and swervolf/rvtop/mem/icache.icm/ic_data_inst/PACKED_1.BANKS_WAY[0].ECC0.size_256.WAYS.ic_bank_sb_way_data/Q_reg[63]/D (clocked by clk_core). Large setup violations at the end of those stages might be difficult to fix during the post-placement implementation flow and could be the result of non-optimal XDC constraints or non-optimal design architecture
Related violations: <none>

TIMING-16#423 Warning
Large setup violation  
There is a large setup violation of -5.574 ns between swervolf/rvtop/veer/ifu/aln/bundle1ff/dout_reg[4]/C (clocked by clk_core) and swervolf/rvtop/mem/icache.icm/ic_data_inst/PACKED_1.BANKS_WAY[0].ECC0.size_256.WAYS.ic_bank_sb_way_data/Q_reg[124]/D (clocked by clk_core). Large setup violations at the end of those stages might be difficult to fix during the post-placement implementation flow and could be the result of non-optimal XDC constraints or non-optimal design architecture
Related violations: <none>

TIMING-16#424 Warning
Large setup violation  
There is a large setup violation of -5.580 ns between swervolf/rvtop/veer/ifu/aln/bundle1ff/dout_reg[4]/C (clocked by clk_core) and swervolf/rvtop/mem/icache.icm/ic_data_inst/PACKED_1.BANKS_WAY[0].ECC0.size_256.WAYS.ic_bank_sb_way_data/Q_reg[88]/D (clocked by clk_core). Large setup violations at the end of those stages might be difficult to fix during the post-placement implementation flow and could be the result of non-optimal XDC constraints or non-optimal design architecture
Related violations: <none>

TIMING-16#425 Warning
Large setup violation  
There is a large setup violation of -5.594 ns between swervolf/rvtop/veer/ifu/aln/bundle1ff/dout_reg[4]/C (clocked by clk_core) and swervolf/rvtop/mem/icache.icm/ic_data_inst/PACKED_1.BANKS_WAY[0].ECC0.size_256.WAYS.ic_bank_sb_way_data/Q_reg[78]/D (clocked by clk_core). Large setup violations at the end of those stages might be difficult to fix during the post-placement implementation flow and could be the result of non-optimal XDC constraints or non-optimal design architecture
Related violations: <none>

TIMING-16#426 Warning
Large setup violation  
There is a large setup violation of -5.594 ns between swervolf/rvtop/veer/ifu/aln/bundle1ff/dout_reg[4]/C (clocked by clk_core) and swervolf/rvtop/mem/icache.icm/ic_data_inst/PACKED_1.BANKS_WAY[0].ECC0.size_256.WAYS.ic_bank_sb_way_data/Q_reg[91]/D (clocked by clk_core). Large setup violations at the end of those stages might be difficult to fix during the post-placement implementation flow and could be the result of non-optimal XDC constraints or non-optimal design architecture
Related violations: <none>

TIMING-16#427 Warning
Large setup violation  
There is a large setup violation of -5.596 ns between swervolf/rvtop/veer/ifu/aln/bundle1ff/dout_reg[4]/C (clocked by clk_core) and swervolf/rvtop/mem/icache.icm/ic_data_inst/PACKED_1.BANKS_WAY[0].ECC0.size_256.WAYS.ic_bank_sb_way_data/Q_reg[82]/D (clocked by clk_core). Large setup violations at the end of those stages might be difficult to fix during the post-placement implementation flow and could be the result of non-optimal XDC constraints or non-optimal design architecture
Related violations: <none>

TIMING-16#428 Warning
Large setup violation  
There is a large setup violation of -5.598 ns between swervolf/rvtop/veer/ifu/aln/bundle1ff/dout_reg[4]/C (clocked by clk_core) and swervolf/rvtop/mem/icache.icm/ic_data_inst/PACKED_1.BANKS_WAY[0].ECC0.size_256.WAYS.ic_bank_sb_way_data/Q_reg[72]/D (clocked by clk_core). Large setup violations at the end of those stages might be difficult to fix during the post-placement implementation flow and could be the result of non-optimal XDC constraints or non-optimal design architecture
Related violations: <none>

TIMING-16#429 Warning
Large setup violation  
There is a large setup violation of -5.603 ns between swervolf/rvtop/veer/ifu/aln/bundle1ff/dout_reg[4]/C (clocked by clk_core) and swervolf/rvtop/mem/icache.icm/ic_data_inst/PACKED_1.BANKS_WAY[0].ECC0.size_256.WAYS.ic_bank_sb_way_data/Q_reg[43]/D (clocked by clk_core). Large setup violations at the end of those stages might be difficult to fix during the post-placement implementation flow and could be the result of non-optimal XDC constraints or non-optimal design architecture
Related violations: <none>

TIMING-16#430 Warning
Large setup violation  
There is a large setup violation of -5.603 ns between swervolf/rvtop/veer/ifu/aln/bundle1ff/dout_reg[4]/C (clocked by clk_core) and swervolf/rvtop/mem/icache.icm/ic_data_inst/PACKED_1.BANKS_WAY[0].ECC0.size_256.WAYS.ic_bank_sb_way_data/Q_reg[62]/D (clocked by clk_core). Large setup violations at the end of those stages might be difficult to fix during the post-placement implementation flow and could be the result of non-optimal XDC constraints or non-optimal design architecture
Related violations: <none>

TIMING-16#431 Warning
Large setup violation  
There is a large setup violation of -5.606 ns between swervolf/rvtop/veer/ifu/aln/bundle1ff/dout_reg[4]/C (clocked by clk_core) and swervolf/rvtop/mem/icache.icm/ic_data_inst/PACKED_1.BANKS_WAY[0].ECC0.size_256.WAYS.ic_bank_sb_way_data/Q_reg[47]/D (clocked by clk_core). Large setup violations at the end of those stages might be difficult to fix during the post-placement implementation flow and could be the result of non-optimal XDC constraints or non-optimal design architecture
Related violations: <none>

TIMING-16#432 Warning
Large setup violation  
There is a large setup violation of -5.613 ns between swervolf/rvtop/veer/ifu/aln/bundle1ff/dout_reg[4]/C (clocked by clk_core) and swervolf/rvtop/mem/icache.icm/ic_data_inst/PACKED_1.BANKS_WAY[0].ECC0.size_256.WAYS.ic_bank_sb_way_data/Q_reg[24]/D (clocked by clk_core). Large setup violations at the end of those stages might be difficult to fix during the post-placement implementation flow and could be the result of non-optimal XDC constraints or non-optimal design architecture
Related violations: <none>

TIMING-16#433 Warning
Large setup violation  
There is a large setup violation of -5.618 ns between swervolf/rvtop/veer/ifu/aln/bundle1ff/dout_reg[4]/C (clocked by clk_core) and swervolf/rvtop/mem/icache.icm/ic_data_inst/PACKED_1.BANKS_WAY[0].ECC0.size_256.WAYS.ic_bank_sb_way_data/Q_reg[118]/D (clocked by clk_core). Large setup violations at the end of those stages might be difficult to fix during the post-placement implementation flow and could be the result of non-optimal XDC constraints or non-optimal design architecture
Related violations: <none>

TIMING-16#434 Warning
Large setup violation  
There is a large setup violation of -5.619 ns between swervolf/rvtop/veer/ifu/aln/bundle1ff/dout_reg[4]/C (clocked by clk_core) and swervolf/rvtop/mem/icache.icm/ic_data_inst/PACKED_1.BANKS_WAY[0].ECC0.size_256.WAYS.ic_bank_sb_way_data/Q_reg[112]/D (clocked by clk_core). Large setup violations at the end of those stages might be difficult to fix during the post-placement implementation flow and could be the result of non-optimal XDC constraints or non-optimal design architecture
Related violations: <none>

TIMING-16#435 Warning
Large setup violation  
There is a large setup violation of -5.632 ns between swervolf/rvtop/veer/ifu/aln/bundle1ff/dout_reg[4]/C (clocked by clk_core) and swervolf/rvtop/mem/icache.icm/ic_data_inst/PACKED_1.BANKS_WAY[0].ECC0.size_256.WAYS.ic_bank_sb_way_data/Q_reg[87]/D (clocked by clk_core). Large setup violations at the end of those stages might be difficult to fix during the post-placement implementation flow and could be the result of non-optimal XDC constraints or non-optimal design architecture
Related violations: <none>

TIMING-16#436 Warning
Large setup violation  
There is a large setup violation of -5.641 ns between swervolf/rvtop/veer/ifu/aln/bundle1ff/dout_reg[4]/C (clocked by clk_core) and swervolf/rvtop/mem/icache.icm/ic_data_inst/PACKED_1.BANKS_WAY[0].ECC0.size_256.WAYS.ic_bank_sb_way_data/Q_reg[55]/D (clocked by clk_core). Large setup violations at the end of those stages might be difficult to fix during the post-placement implementation flow and could be the result of non-optimal XDC constraints or non-optimal design architecture
Related violations: <none>

TIMING-16#437 Warning
Large setup violation  
There is a large setup violation of -5.644 ns between swervolf/rvtop/veer/ifu/aln/bundle1ff/dout_reg[4]/C (clocked by clk_core) and swervolf/rvtop/mem/icache.icm/ic_data_inst/PACKED_1.BANKS_WAY[0].ECC0.size_256.WAYS.ic_bank_sb_way_data/Q_reg[65]/D (clocked by clk_core). Large setup violations at the end of those stages might be difficult to fix during the post-placement implementation flow and could be the result of non-optimal XDC constraints or non-optimal design architecture
Related violations: <none>

TIMING-16#438 Warning
Large setup violation  
There is a large setup violation of -5.650 ns between swervolf/rvtop/veer/ifu/aln/bundle1ff/dout_reg[4]/C (clocked by clk_core) and swervolf/rvtop/mem/icache.icm/ic_data_inst/PACKED_1.BANKS_WAY[0].ECC0.size_256.WAYS.ic_bank_sb_way_data/Q_reg[133]/D (clocked by clk_core). Large setup violations at the end of those stages might be difficult to fix during the post-placement implementation flow and could be the result of non-optimal XDC constraints or non-optimal design architecture
Related violations: <none>

TIMING-16#439 Warning
Large setup violation  
There is a large setup violation of -5.671 ns between swervolf/rvtop/veer/ifu/aln/bundle1ff/dout_reg[4]/C (clocked by clk_core) and swervolf/rvtop/mem/icache.icm/ic_data_inst/PACKED_1.BANKS_WAY[0].ECC0.size_256.WAYS.ic_bank_sb_way_data/Q_reg[15]/D (clocked by clk_core). Large setup violations at the end of those stages might be difficult to fix during the post-placement implementation flow and could be the result of non-optimal XDC constraints or non-optimal design architecture
Related violations: <none>

TIMING-16#440 Warning
Large setup violation  
There is a large setup violation of -5.672 ns between swervolf/rvtop/veer/ifu/aln/bundle1ff/dout_reg[4]/C (clocked by clk_core) and swervolf/rvtop/mem/icache.icm/ic_data_inst/PACKED_1.BANKS_WAY[0].ECC0.size_256.WAYS.ic_bank_sb_way_data/ram_core_reg_0_255_12_12/RAMS64E_D/I (clocked by clk_core). Large setup violations at the end of those stages might be difficult to fix during the post-placement implementation flow and could be the result of non-optimal XDC constraints or non-optimal design architecture
Related violations: <none>

TIMING-16#441 Warning
Large setup violation  
There is a large setup violation of -5.675 ns between swervolf/rvtop/veer/ifu/aln/bundle1ff/dout_reg[4]/C (clocked by clk_core) and swervolf/rvtop/mem/icache.icm/ic_data_inst/PACKED_1.BANKS_WAY[0].ECC0.size_256.WAYS.ic_bank_sb_way_data/Q_reg[56]/D (clocked by clk_core). Large setup violations at the end of those stages might be difficult to fix during the post-placement implementation flow and could be the result of non-optimal XDC constraints or non-optimal design architecture
Related violations: <none>

TIMING-16#442 Warning
Large setup violation  
There is a large setup violation of -5.687 ns between swervolf/rvtop/veer/ifu/aln/bundle1ff/dout_reg[4]/C (clocked by clk_core) and swervolf/rvtop/mem/icache.icm/ic_data_inst/PACKED_1.BANKS_WAY[0].ECC0.size_256.WAYS.ic_bank_sb_way_data/Q_reg[97]/D (clocked by clk_core). Large setup violations at the end of those stages might be difficult to fix during the post-placement implementation flow and could be the result of non-optimal XDC constraints or non-optimal design architecture
Related violations: <none>

TIMING-16#443 Warning
Large setup violation  
There is a large setup violation of -5.695 ns between swervolf/rvtop/veer/ifu/aln/bundle1ff/dout_reg[4]/C (clocked by clk_core) and swervolf/rvtop/mem/icache.icm/ic_data_inst/PACKED_1.BANKS_WAY[0].ECC0.size_256.WAYS.ic_bank_sb_way_data/ram_core_reg_0_255_116_116/RAMS64E_B/I (clocked by clk_core). Large setup violations at the end of those stages might be difficult to fix during the post-placement implementation flow and could be the result of non-optimal XDC constraints or non-optimal design architecture
Related violations: <none>

TIMING-16#444 Warning
Large setup violation  
There is a large setup violation of -5.696 ns between swervolf/rvtop/veer/ifu/aln/bundle1ff/dout_reg[4]/C (clocked by clk_core) and swervolf/rvtop/mem/icache.icm/ic_data_inst/PACKED_1.BANKS_WAY[0].ECC0.size_256.WAYS.ic_bank_sb_way_data/Q_reg[89]/D (clocked by clk_core). Large setup violations at the end of those stages might be difficult to fix during the post-placement implementation flow and could be the result of non-optimal XDC constraints or non-optimal design architecture
Related violations: <none>

TIMING-16#445 Warning
Large setup violation  
There is a large setup violation of -5.696 ns between swervolf/rvtop/veer/ifu/aln/bundle1ff/dout_reg[4]/C (clocked by clk_core) and swervolf/rvtop/mem/icache.icm/ic_data_inst/PACKED_1.BANKS_WAY[0].ECC0.size_256.WAYS.ic_bank_sb_way_data/ram_core_reg_0_255_116_116/RAMS64E_C/I (clocked by clk_core). Large setup violations at the end of those stages might be difficult to fix during the post-placement implementation flow and could be the result of non-optimal XDC constraints or non-optimal design architecture
Related violations: <none>

TIMING-16#446 Warning
Large setup violation  
There is a large setup violation of -5.697 ns between swervolf/rvtop/veer/ifu/aln/bundle1ff/dout_reg[4]/C (clocked by clk_core) and swervolf/rvtop/mem/icache.icm/ic_data_inst/PACKED_1.BANKS_WAY[0].ECC0.size_256.WAYS.ic_bank_sb_way_data/Q_reg[28]/D (clocked by clk_core). Large setup violations at the end of those stages might be difficult to fix during the post-placement implementation flow and could be the result of non-optimal XDC constraints or non-optimal design architecture
Related violations: <none>

TIMING-16#447 Warning
Large setup violation  
There is a large setup violation of -5.698 ns between swervolf/rvtop/veer/ifu/aln/bundle1ff/dout_reg[4]/C (clocked by clk_core) and swervolf/rvtop/mem/icache.icm/ic_data_inst/PACKED_1.BANKS_WAY[0].ECC0.size_256.WAYS.ic_bank_sb_way_data/Q_reg[8]/D (clocked by clk_core). Large setup violations at the end of those stages might be difficult to fix during the post-placement implementation flow and could be the result of non-optimal XDC constraints or non-optimal design architecture
Related violations: <none>

TIMING-16#448 Warning
Large setup violation  
There is a large setup violation of -5.700 ns between swervolf/rvtop/veer/ifu/aln/bundle1ff/dout_reg[4]/C (clocked by clk_core) and swervolf/rvtop/mem/icache.icm/ic_data_inst/PACKED_1.BANKS_WAY[0].ECC0.size_256.WAYS.ic_bank_sb_way_data/Q_reg[86]/D (clocked by clk_core). Large setup violations at the end of those stages might be difficult to fix during the post-placement implementation flow and could be the result of non-optimal XDC constraints or non-optimal design architecture
Related violations: <none>

TIMING-16#449 Warning
Large setup violation  
There is a large setup violation of -5.701 ns between swervolf/rvtop/veer/ifu/aln/bundle1ff/dout_reg[4]/C (clocked by clk_core) and swervolf/rvtop/mem/icache.icm/ic_data_inst/PACKED_1.BANKS_WAY[0].ECC0.size_256.WAYS.ic_bank_sb_way_data/ram_core_reg_0_255_102_102/RAMS64E_B/I (clocked by clk_core). Large setup violations at the end of those stages might be difficult to fix during the post-placement implementation flow and could be the result of non-optimal XDC constraints or non-optimal design architecture
Related violations: <none>

TIMING-16#450 Warning
Large setup violation  
There is a large setup violation of -5.702 ns between swervolf/rvtop/veer/ifu/aln/bundle1ff/dout_reg[4]/C (clocked by clk_core) and swervolf/rvtop/mem/icache.icm/ic_data_inst/PACKED_1.BANKS_WAY[0].ECC0.size_256.WAYS.ic_bank_sb_way_data/ram_core_reg_0_255_102_102/RAMS64E_C/I (clocked by clk_core). Large setup violations at the end of those stages might be difficult to fix during the post-placement implementation flow and could be the result of non-optimal XDC constraints or non-optimal design architecture
Related violations: <none>

TIMING-16#451 Warning
Large setup violation  
There is a large setup violation of -5.705 ns between swervolf/rvtop/veer/ifu/aln/bundle1ff/dout_reg[4]/C (clocked by clk_core) and swervolf/rvtop/mem/icache.icm/ic_data_inst/PACKED_1.BANKS_WAY[0].ECC0.size_256.WAYS.ic_bank_sb_way_data/Q_reg[108]/D (clocked by clk_core). Large setup violations at the end of those stages might be difficult to fix during the post-placement implementation flow and could be the result of non-optimal XDC constraints or non-optimal design architecture
Related violations: <none>

TIMING-16#452 Warning
Large setup violation  
There is a large setup violation of -5.710 ns between swervolf/rvtop/veer/ifu/aln/bundle1ff/dout_reg[4]/C (clocked by clk_core) and swervolf/rvtop/mem/icache.icm/ic_data_inst/PACKED_1.BANKS_WAY[0].ECC0.size_256.WAYS.ic_bank_sb_way_data/Q_reg[73]/D (clocked by clk_core). Large setup violations at the end of those stages might be difficult to fix during the post-placement implementation flow and could be the result of non-optimal XDC constraints or non-optimal design architecture
Related violations: <none>

TIMING-16#453 Warning
Large setup violation  
There is a large setup violation of -5.713 ns between swervolf/rvtop/veer/ifu/aln/bundle1ff/dout_reg[4]/C (clocked by clk_core) and swervolf/rvtop/mem/icache.icm/ic_data_inst/PACKED_1.BANKS_WAY[0].ECC0.size_256.WAYS.ic_bank_sb_way_data/Q_reg[99]/D (clocked by clk_core). Large setup violations at the end of those stages might be difficult to fix during the post-placement implementation flow and could be the result of non-optimal XDC constraints or non-optimal design architecture
Related violations: <none>

TIMING-16#454 Warning
Large setup violation  
There is a large setup violation of -5.714 ns between swervolf/rvtop/veer/ifu/aln/bundle1ff/dout_reg[4]/C (clocked by clk_core) and swervolf/rvtop/mem/icache.icm/ic_data_inst/PACKED_1.BANKS_WAY[0].ECC0.size_256.WAYS.ic_bank_sb_way_data/Q_reg[5]/D (clocked by clk_core). Large setup violations at the end of those stages might be difficult to fix during the post-placement implementation flow and could be the result of non-optimal XDC constraints or non-optimal design architecture
Related violations: <none>

TIMING-16#455 Warning
Large setup violation  
There is a large setup violation of -5.718 ns between swervolf/rvtop/veer/ifu/aln/bundle1ff/dout_reg[4]/C (clocked by clk_core) and swervolf/rvtop/mem/icache.icm/ic_data_inst/PACKED_1.BANKS_WAY[0].ECC0.size_256.WAYS.ic_bank_sb_way_data/Q_reg[92]/D (clocked by clk_core). Large setup violations at the end of those stages might be difficult to fix during the post-placement implementation flow and could be the result of non-optimal XDC constraints or non-optimal design architecture
Related violations: <none>

TIMING-16#456 Warning
Large setup violation  
There is a large setup violation of -5.723 ns between swervolf/rvtop/veer/ifu/aln/bundle1ff/dout_reg[4]/C (clocked by clk_core) and swervolf/rvtop/mem/icache.icm/ic_data_inst/PACKED_1.BANKS_WAY[0].ECC0.size_256.WAYS.ic_bank_sb_way_data/Q_reg[37]/D (clocked by clk_core). Large setup violations at the end of those stages might be difficult to fix during the post-placement implementation flow and could be the result of non-optimal XDC constraints or non-optimal design architecture
Related violations: <none>

TIMING-16#457 Warning
Large setup violation  
There is a large setup violation of -5.726 ns between swervolf/rvtop/veer/ifu/aln/bundle1ff/dout_reg[4]/C (clocked by clk_core) and swervolf/rvtop/mem/icache.icm/ic_data_inst/PACKED_1.BANKS_WAY[0].ECC0.size_256.WAYS.ic_bank_sb_way_data/Q_reg[39]/D (clocked by clk_core). Large setup violations at the end of those stages might be difficult to fix during the post-placement implementation flow and could be the result of non-optimal XDC constraints or non-optimal design architecture
Related violations: <none>

TIMING-16#458 Warning
Large setup violation  
There is a large setup violation of -5.736 ns between swervolf/rvtop/veer/ifu/aln/bundle1ff/dout_reg[4]/C (clocked by clk_core) and swervolf/rvtop/mem/icache.icm/ic_data_inst/PACKED_1.BANKS_WAY[0].ECC0.size_256.WAYS.ic_bank_sb_way_data/Q_reg[76]/D (clocked by clk_core). Large setup violations at the end of those stages might be difficult to fix during the post-placement implementation flow and could be the result of non-optimal XDC constraints or non-optimal design architecture
Related violations: <none>

TIMING-16#459 Warning
Large setup violation  
There is a large setup violation of -5.738 ns between swervolf/rvtop/veer/ifu/aln/bundle1ff/dout_reg[4]/C (clocked by clk_core) and swervolf/rvtop/mem/icache.icm/ic_data_inst/PACKED_1.BANKS_WAY[0].ECC0.size_256.WAYS.ic_bank_sb_way_data/Q_reg[66]/D (clocked by clk_core). Large setup violations at the end of those stages might be difficult to fix during the post-placement implementation flow and could be the result of non-optimal XDC constraints or non-optimal design architecture
Related violations: <none>

TIMING-16#460 Warning
Large setup violation  
There is a large setup violation of -5.739 ns between swervolf/rvtop/veer/ifu/aln/bundle1ff/dout_reg[4]/C (clocked by clk_core) and swervolf/rvtop/mem/icache.icm/ic_data_inst/PACKED_1.BANKS_WAY[0].ECC0.size_256.WAYS.ic_bank_sb_way_data/Q_reg[135]/D (clocked by clk_core). Large setup violations at the end of those stages might be difficult to fix during the post-placement implementation flow and could be the result of non-optimal XDC constraints or non-optimal design architecture
Related violations: <none>

TIMING-16#461 Warning
Large setup violation  
There is a large setup violation of -5.747 ns between swervolf/rvtop/veer/ifu/aln/bundle1ff/dout_reg[4]/C (clocked by clk_core) and swervolf/rvtop/mem/icache.icm/ic_data_inst/PACKED_1.BANKS_WAY[0].ECC0.size_256.WAYS.BYPASS[1].sel_hold_ff/dout_reg[0]/D (clocked by clk_core). Large setup violations at the end of those stages might be difficult to fix during the post-placement implementation flow and could be the result of non-optimal XDC constraints or non-optimal design architecture
Related violations: <none>

TIMING-16#462 Warning
Large setup violation  
There is a large setup violation of -5.751 ns between swervolf/rvtop/veer/ifu/aln/bundle1ff/dout_reg[4]/C (clocked by clk_core) and swervolf/rvtop/mem/icache.icm/ic_data_inst/PACKED_1.BANKS_WAY[0].ECC0.size_256.WAYS.ic_bank_sb_way_data/ram_core_reg_0_255_125_125/RAMS64E_D/I (clocked by clk_core). Large setup violations at the end of those stages might be difficult to fix during the post-placement implementation flow and could be the result of non-optimal XDC constraints or non-optimal design architecture
Related violations: <none>

TIMING-16#463 Warning
Large setup violation  
There is a large setup violation of -5.754 ns between swervolf/rvtop/veer/ifu/aln/bundle1ff/dout_reg[4]/C (clocked by clk_core) and swervolf/rvtop/mem/icache.icm/ic_data_inst/PACKED_1.BANKS_WAY[0].ECC0.size_256.WAYS.ic_bank_sb_way_data/ram_core_reg_0_255_129_129/RAMS64E_B/I (clocked by clk_core). Large setup violations at the end of those stages might be difficult to fix during the post-placement implementation flow and could be the result of non-optimal XDC constraints or non-optimal design architecture
Related violations: <none>

TIMING-16#464 Warning
Large setup violation  
There is a large setup violation of -5.755 ns between swervolf/rvtop/veer/ifu/aln/bundle1ff/dout_reg[4]/C (clocked by clk_core) and swervolf/rvtop/mem/icache.icm/ic_data_inst/PACKED_1.BANKS_WAY[0].ECC0.size_256.WAYS.ic_bank_sb_way_data/ram_core_reg_0_255_127_127/RAMS64E_D/I (clocked by clk_core). Large setup violations at the end of those stages might be difficult to fix during the post-placement implementation flow and could be the result of non-optimal XDC constraints or non-optimal design architecture
Related violations: <none>

TIMING-16#465 Warning
Large setup violation  
There is a large setup violation of -5.755 ns between swervolf/rvtop/veer/ifu/aln/bundle1ff/dout_reg[4]/C (clocked by clk_core) and swervolf/rvtop/mem/icache.icm/ic_data_inst/PACKED_1.BANKS_WAY[0].ECC0.size_256.WAYS.ic_bank_sb_way_data/ram_core_reg_0_255_129_129/RAMS64E_C/I (clocked by clk_core). Large setup violations at the end of those stages might be difficult to fix during the post-placement implementation flow and could be the result of non-optimal XDC constraints or non-optimal design architecture
Related violations: <none>

TIMING-16#466 Warning
Large setup violation  
There is a large setup violation of -5.758 ns between swervolf/rvtop/veer/ifu/aln/bundle1ff/dout_reg[4]/C (clocked by clk_core) and swervolf/rvtop/mem/icache.icm/ic_data_inst/PACKED_1.BANKS_WAY[0].ECC0.size_256.WAYS.ic_bank_sb_way_data/ram_core_reg_0_255_126_126/RAMS64E_D/I (clocked by clk_core). Large setup violations at the end of those stages might be difficult to fix during the post-placement implementation flow and could be the result of non-optimal XDC constraints or non-optimal design architecture
Related violations: <none>

TIMING-16#467 Warning
Large setup violation  
There is a large setup violation of -5.767 ns between swervolf/rvtop/veer/ifu/aln/bundle1ff/dout_reg[4]/C (clocked by clk_core) and swervolf/rvtop/mem/icache.icm/ic_data_inst/PACKED_1.BANKS_WAY[0].ECC0.size_256.WAYS.ic_bank_sb_way_data/Q_reg[95]/D (clocked by clk_core). Large setup violations at the end of those stages might be difficult to fix during the post-placement implementation flow and could be the result of non-optimal XDC constraints or non-optimal design architecture
Related violations: <none>

TIMING-16#468 Warning
Large setup violation  
There is a large setup violation of -5.771 ns between swervolf/rvtop/veer/ifu/aln/bundle1ff/dout_reg[4]/C (clocked by clk_core) and swervolf/rvtop/mem/icache.icm/ic_data_inst/PACKED_1.BANKS_WAY[0].ECC0.size_256.WAYS.ic_bank_sb_way_data/Q_reg[134]/D (clocked by clk_core). Large setup violations at the end of those stages might be difficult to fix during the post-placement implementation flow and could be the result of non-optimal XDC constraints or non-optimal design architecture
Related violations: <none>

TIMING-16#469 Warning
Large setup violation  
There is a large setup violation of -5.771 ns between swervolf/rvtop/veer/ifu/aln/bundle1ff/dout_reg[4]/C (clocked by clk_core) and swervolf/rvtop/mem/icache.icm/ic_data_inst/PACKED_1.BANKS_WAY[0].ECC0.size_256.WAYS.ic_bank_sb_way_data/Q_reg[94]/D (clocked by clk_core). Large setup violations at the end of those stages might be difficult to fix during the post-placement implementation flow and could be the result of non-optimal XDC constraints or non-optimal design architecture
Related violations: <none>

TIMING-16#470 Warning
Large setup violation  
There is a large setup violation of -5.774 ns between swervolf/rvtop/veer/ifu/aln/bundle1ff/dout_reg[4]/C (clocked by clk_core) and swervolf/rvtop/mem/icache.icm/ic_data_inst/PACKED_1.BANKS_WAY[0].ECC0.size_256.WAYS.ic_bank_sb_way_data/Q_reg[83]/D (clocked by clk_core). Large setup violations at the end of those stages might be difficult to fix during the post-placement implementation flow and could be the result of non-optimal XDC constraints or non-optimal design architecture
Related violations: <none>

TIMING-16#471 Warning
Large setup violation  
There is a large setup violation of -5.776 ns between swervolf/rvtop/veer/ifu/aln/bundle1ff/dout_reg[4]/C (clocked by clk_core) and swervolf/rvtop/mem/icache.icm/ic_data_inst/PACKED_1.BANKS_WAY[0].ECC0.size_256.WAYS.ic_bank_sb_way_data/Q_reg[114]/D (clocked by clk_core). Large setup violations at the end of those stages might be difficult to fix during the post-placement implementation flow and could be the result of non-optimal XDC constraints or non-optimal design architecture
Related violations: <none>

TIMING-16#472 Warning
Large setup violation  
There is a large setup violation of -5.781 ns between swervolf/rvtop/veer/ifu/aln/bundle1ff/dout_reg[4]/C (clocked by clk_core) and swervolf/rvtop/mem/icache.icm/ic_data_inst/PACKED_1.BANKS_WAY[0].ECC0.size_256.WAYS.ic_bank_sb_way_data/ram_core_reg_0_255_117_117/RAMS64E_D/I (clocked by clk_core). Large setup violations at the end of those stages might be difficult to fix during the post-placement implementation flow and could be the result of non-optimal XDC constraints or non-optimal design architecture
Related violations: <none>

TIMING-16#473 Warning
Large setup violation  
There is a large setup violation of -5.787 ns between swervolf/rvtop/veer/ifu/aln/bundle1ff/dout_reg[4]/C (clocked by clk_core) and swervolf/rvtop/mem/icache.icm/ic_data_inst/PACKED_1.BANKS_WAY[0].ECC0.size_256.WAYS.ic_bank_sb_way_data/ram_core_reg_0_255_128_128/RAMS64E_D/I (clocked by clk_core). Large setup violations at the end of those stages might be difficult to fix during the post-placement implementation flow and could be the result of non-optimal XDC constraints or non-optimal design architecture
Related violations: <none>

TIMING-16#474 Warning
Large setup violation  
There is a large setup violation of -5.798 ns between swervolf/rvtop/veer/ifu/aln/bundle1ff/dout_reg[4]/C (clocked by clk_core) and swervolf/rvtop/mem/icache.icm/ic_data_inst/PACKED_1.BANKS_WAY[0].ECC0.size_256.WAYS.ic_bank_sb_way_data/Q_reg[50]/D (clocked by clk_core). Large setup violations at the end of those stages might be difficult to fix during the post-placement implementation flow and could be the result of non-optimal XDC constraints or non-optimal design architecture
Related violations: <none>

TIMING-16#475 Warning
Large setup violation  
There is a large setup violation of -5.802 ns between swervolf/rvtop/veer/ifu/aln/bundle1ff/dout_reg[4]/C (clocked by clk_core) and swervolf/rvtop/mem/icache.icm/ic_data_inst/PACKED_1.BANKS_WAY[0].ECC0.size_256.WAYS.ic_bank_sb_way_data/Q_reg[115]/D (clocked by clk_core). Large setup violations at the end of those stages might be difficult to fix during the post-placement implementation flow and could be the result of non-optimal XDC constraints or non-optimal design architecture
Related violations: <none>

TIMING-16#476 Warning
Large setup violation  
There is a large setup violation of -5.802 ns between swervolf/rvtop/veer/ifu/aln/bundle1ff/dout_reg[4]/C (clocked by clk_core) and swervolf/rvtop/mem/icache.icm/ic_data_inst/PACKED_1.BANKS_WAY[0].ECC0.size_256.WAYS.ic_bank_sb_way_data/Q_reg[131]/D (clocked by clk_core). Large setup violations at the end of those stages might be difficult to fix during the post-placement implementation flow and could be the result of non-optimal XDC constraints or non-optimal design architecture
Related violations: <none>

TIMING-16#477 Warning
Large setup violation  
There is a large setup violation of -5.804 ns between swervolf/rvtop/veer/ifu/aln/bundle1ff/dout_reg[4]/C (clocked by clk_core) and swervolf/rvtop/mem/icache.icm/ic_data_inst/PACKED_1.BANKS_WAY[0].ECC0.size_256.WAYS.ic_bank_sb_way_data/Q_reg[130]/D (clocked by clk_core). Large setup violations at the end of those stages might be difficult to fix during the post-placement implementation flow and could be the result of non-optimal XDC constraints or non-optimal design architecture
Related violations: <none>

TIMING-16#478 Warning
Large setup violation  
There is a large setup violation of -5.823 ns between swervolf/rvtop/veer/ifu/aln/bundle1ff/dout_reg[4]/C (clocked by clk_core) and swervolf/rvtop/mem/icache.icm/ic_data_inst/PACKED_1.BANKS_WAY[0].ECC0.size_256.WAYS.ic_bank_sb_way_data/Q_reg[13]/D (clocked by clk_core). Large setup violations at the end of those stages might be difficult to fix during the post-placement implementation flow and could be the result of non-optimal XDC constraints or non-optimal design architecture
Related violations: <none>

TIMING-16#479 Warning
Large setup violation  
There is a large setup violation of -5.836 ns between swervolf/rvtop/veer/ifu/aln/bundle1ff/dout_reg[4]/C (clocked by clk_core) and swervolf/rvtop/mem/icache.icm/ic_data_inst/PACKED_1.BANKS_WAY[0].ECC0.size_256.WAYS.ic_bank_sb_way_data/Q_reg[41]/D (clocked by clk_core). Large setup violations at the end of those stages might be difficult to fix during the post-placement implementation flow and could be the result of non-optimal XDC constraints or non-optimal design architecture
Related violations: <none>

TIMING-16#480 Warning
Large setup violation  
There is a large setup violation of -5.852 ns between swervolf/rvtop/veer/ifu/aln/bundle1ff/dout_reg[4]/C (clocked by clk_core) and swervolf/rvtop/mem/icache.icm/ic_data_inst/PACKED_1.BANKS_WAY[0].ECC0.size_256.WAYS.ic_bank_sb_way_data/ram_core_reg_0_255_132_132/RAMS64E_D/I (clocked by clk_core). Large setup violations at the end of those stages might be difficult to fix during the post-placement implementation flow and could be the result of non-optimal XDC constraints or non-optimal design architecture
Related violations: <none>

TIMING-16#481 Warning
Large setup violation  
There is a large setup violation of -5.853 ns between swervolf/rvtop/veer/ifu/aln/bundle1ff/dout_reg[4]/C (clocked by clk_core) and swervolf/rvtop/mem/icache.icm/ic_data_inst/PACKED_1.BANKS_WAY[0].ECC0.size_256.WAYS.ic_bank_sb_way_data/Q_reg[107]/D (clocked by clk_core). Large setup violations at the end of those stages might be difficult to fix during the post-placement implementation flow and could be the result of non-optimal XDC constraints or non-optimal design architecture
Related violations: <none>

TIMING-16#482 Warning
Large setup violation  
There is a large setup violation of -5.864 ns between swervolf/rvtop/veer/ifu/aln/bundle1ff/dout_reg[4]/C (clocked by clk_core) and swervolf/rvtop/mem/icache.icm/ic_data_inst/PACKED_1.BANKS_WAY[0].ECC0.size_256.WAYS.ic_bank_sb_way_data/ram_core_reg_0_255_104_104/RAMS64E_D/I (clocked by clk_core). Large setup violations at the end of those stages might be difficult to fix during the post-placement implementation flow and could be the result of non-optimal XDC constraints or non-optimal design architecture
Related violations: <none>

TIMING-16#483 Warning
Large setup violation  
There is a large setup violation of -5.906 ns between swervolf/rvtop/veer/ifu/aln/bundle1ff/dout_reg[4]/C (clocked by clk_core) and swervolf/rvtop/mem/icache.icm/ic_data_inst/PACKED_1.BANKS_WAY[0].ECC0.size_256.WAYS.ic_bank_sb_way_data/ram_core_reg_0_255_101_101/RAMS64E_D/I (clocked by clk_core). Large setup violations at the end of those stages might be difficult to fix during the post-placement implementation flow and could be the result of non-optimal XDC constraints or non-optimal design architecture
Related violations: <none>

TIMING-16#484 Warning
Large setup violation  
There is a large setup violation of -5.915 ns between swervolf/rvtop/veer/ifu/aln/bundle1ff/dout_reg[4]/C (clocked by clk_core) and swervolf/rvtop/mem/icache.icm/ic_data_inst/PACKED_1.BANKS_WAY[0].ECC0.size_256.WAYS.ic_bank_sb_way_data/Q_reg[35]/D (clocked by clk_core). Large setup violations at the end of those stages might be difficult to fix during the post-placement implementation flow and could be the result of non-optimal XDC constraints or non-optimal design architecture
Related violations: <none>

TIMING-16#485 Warning
Large setup violation  
There is a large setup violation of -5.919 ns between swervolf/rvtop/veer/ifu/aln/bundle1ff/dout_reg[4]/C (clocked by clk_core) and swervolf/rvtop/mem/icache.icm/ic_data_inst/PACKED_1.BANKS_WAY[0].ECC0.size_256.WAYS.ic_bank_sb_way_data/Q_reg[46]/D (clocked by clk_core). Large setup violations at the end of those stages might be difficult to fix during the post-placement implementation flow and could be the result of non-optimal XDC constraints or non-optimal design architecture
Related violations: <none>

TIMING-16#486 Warning
Large setup violation  
There is a large setup violation of -5.920 ns between swervolf/rvtop/veer/ifu/aln/bundle1ff/dout_reg[4]/C (clocked by clk_core) and swervolf/rvtop/mem/icache.icm/ic_data_inst/PACKED_1.BANKS_WAY[0].ECC0.size_256.WAYS.ic_bank_sb_way_data/ram_core_reg_0_255_119_119/RAMS64E_D/I (clocked by clk_core). Large setup violations at the end of those stages might be difficult to fix during the post-placement implementation flow and could be the result of non-optimal XDC constraints or non-optimal design architecture
Related violations: <none>

TIMING-16#487 Warning
Large setup violation  
There is a large setup violation of -5.925 ns between swervolf/rvtop/veer/ifu/aln/bundle1ff/dout_reg[4]/C (clocked by clk_core) and swervolf/rvtop/mem/icache.icm/ic_data_inst/PACKED_1.BANKS_WAY[0].ECC0.size_256.WAYS.ic_bank_sb_way_data/ram_core_reg_0_255_12_12/RAMS64E_B/I (clocked by clk_core). Large setup violations at the end of those stages might be difficult to fix during the post-placement implementation flow and could be the result of non-optimal XDC constraints or non-optimal design architecture
Related violations: <none>

TIMING-16#488 Warning
Large setup violation  
There is a large setup violation of -5.926 ns between swervolf/rvtop/veer/ifu/aln/bundle1ff/dout_reg[4]/C (clocked by clk_core) and swervolf/rvtop/mem/icache.icm/ic_data_inst/PACKED_1.BANKS_WAY[0].ECC0.size_256.WAYS.ic_bank_sb_way_data/ram_core_reg_0_255_12_12/RAMS64E_C/I (clocked by clk_core). Large setup violations at the end of those stages might be difficult to fix during the post-placement implementation flow and could be the result of non-optimal XDC constraints or non-optimal design architecture
Related violations: <none>

TIMING-16#489 Warning
Large setup violation  
There is a large setup violation of -5.941 ns between swervolf/rvtop/veer/ifu/aln/bundle1ff/dout_reg[4]/C (clocked by clk_core) and swervolf/rvtop/mem/icache.icm/ic_data_inst/PACKED_1.BANKS_WAY[0].ECC0.size_256.WAYS.ic_bank_sb_way_data/ram_core_reg_0_255_100_100/RAMS64E_D/I (clocked by clk_core). Large setup violations at the end of those stages might be difficult to fix during the post-placement implementation flow and could be the result of non-optimal XDC constraints or non-optimal design architecture
Related violations: <none>

TIMING-16#490 Warning
Large setup violation  
There is a large setup violation of -5.952 ns between swervolf/rvtop/veer/ifu/aln/bundle1ff/dout_reg[4]/C (clocked by clk_core) and swervolf/rvtop/mem/icache.icm/ic_data_inst/PACKED_1.BANKS_WAY[0].ECC0.size_256.WAYS.ic_bank_sb_way_data/Q_reg[106]/D (clocked by clk_core). Large setup violations at the end of those stages might be difficult to fix during the post-placement implementation flow and could be the result of non-optimal XDC constraints or non-optimal design architecture
Related violations: <none>

TIMING-16#491 Warning
Large setup violation  
There is a large setup violation of -5.953 ns between swervolf/rvtop/veer/ifu/aln/bundle1ff/dout_reg[4]/C (clocked by clk_core) and swervolf/rvtop/mem/icache.icm/ic_data_inst/PACKED_1.BANKS_WAY[0].ECC0.size_256.WAYS.ic_bank_sb_way_data/Q_reg[44]/D (clocked by clk_core). Large setup violations at the end of those stages might be difficult to fix during the post-placement implementation flow and could be the result of non-optimal XDC constraints or non-optimal design architecture
Related violations: <none>

TIMING-16#492 Warning
Large setup violation  
There is a large setup violation of -5.953 ns between swervolf/rvtop/veer/ifu/aln/bundle1ff/dout_reg[4]/C (clocked by clk_core) and swervolf/rvtop/mem/icache.icm/ic_data_inst/PACKED_1.BANKS_WAY[0].ECC0.size_256.WAYS.ic_bank_sb_way_data/ram_core_reg_0_255_109_109/RAMS64E_D/I (clocked by clk_core). Large setup violations at the end of those stages might be difficult to fix during the post-placement implementation flow and could be the result of non-optimal XDC constraints or non-optimal design architecture
Related violations: <none>

TIMING-16#493 Warning
Large setup violation  
There is a large setup violation of -5.983 ns between swervolf/rvtop/veer/ifu/aln/bundle1ff/dout_reg[4]/C (clocked by clk_core) and swervolf/rvtop/mem/icache.icm/ic_data_inst/PACKED_1.BANKS_WAY[0].ECC0.size_256.WAYS.ic_bank_sb_way_data/ram_core_reg_0_255_116_116/RAMS64E_A/I (clocked by clk_core). Large setup violations at the end of those stages might be difficult to fix during the post-placement implementation flow and could be the result of non-optimal XDC constraints or non-optimal design architecture
Related violations: <none>

TIMING-16#494 Warning
Large setup violation  
There is a large setup violation of -5.989 ns between swervolf/rvtop/veer/ifu/aln/bundle1ff/dout_reg[4]/C (clocked by clk_core) and swervolf/rvtop/mem/icache.icm/ic_data_inst/PACKED_1.BANKS_WAY[0].ECC0.size_256.WAYS.ic_bank_sb_way_data/ram_core_reg_0_255_102_102/RAMS64E_A/I (clocked by clk_core). Large setup violations at the end of those stages might be difficult to fix during the post-placement implementation flow and could be the result of non-optimal XDC constraints or non-optimal design architecture
Related violations: <none>

TIMING-16#495 Warning
Large setup violation  
There is a large setup violation of -5.993 ns between swervolf/rvtop/veer/ifu/aln/bundle1ff/dout_reg[4]/C (clocked by clk_core) and swervolf/rvtop/mem/icache.icm/ic_data_inst/PACKED_1.BANKS_WAY[0].ECC0.size_256.WAYS.ic_bank_sb_way_data/ram_core_reg_0_255_113_113/RAMS64E_D/I (clocked by clk_core). Large setup violations at the end of those stages might be difficult to fix during the post-placement implementation flow and could be the result of non-optimal XDC constraints or non-optimal design architecture
Related violations: <none>

TIMING-16#496 Warning
Large setup violation  
There is a large setup violation of -6.004 ns between swervolf/rvtop/veer/ifu/aln/bundle1ff/dout_reg[4]/C (clocked by clk_core) and swervolf/rvtop/mem/icache.icm/ic_data_inst/PACKED_1.BANKS_WAY[0].ECC0.size_256.WAYS.ic_bank_sb_way_data/ram_core_reg_0_255_125_125/RAMS64E_B/I (clocked by clk_core). Large setup violations at the end of those stages might be difficult to fix during the post-placement implementation flow and could be the result of non-optimal XDC constraints or non-optimal design architecture
Related violations: <none>

TIMING-16#497 Warning
Large setup violation  
There is a large setup violation of -6.005 ns between swervolf/rvtop/veer/ifu/aln/bundle1ff/dout_reg[4]/C (clocked by clk_core) and swervolf/rvtop/mem/icache.icm/ic_data_inst/PACKED_1.BANKS_WAY[0].ECC0.size_256.WAYS.ic_bank_sb_way_data/ram_core_reg_0_255_125_125/RAMS64E_C/I (clocked by clk_core). Large setup violations at the end of those stages might be difficult to fix during the post-placement implementation flow and could be the result of non-optimal XDC constraints or non-optimal design architecture
Related violations: <none>

TIMING-16#498 Warning
Large setup violation  
There is a large setup violation of -6.008 ns between swervolf/rvtop/veer/ifu/aln/bundle1ff/dout_reg[4]/C (clocked by clk_core) and swervolf/rvtop/mem/icache.icm/ic_data_inst/PACKED_1.BANKS_WAY[0].ECC0.size_256.WAYS.ic_bank_sb_way_data/ram_core_reg_0_255_127_127/RAMS64E_B/I (clocked by clk_core). Large setup violations at the end of those stages might be difficult to fix during the post-placement implementation flow and could be the result of non-optimal XDC constraints or non-optimal design architecture
Related violations: <none>

TIMING-16#499 Warning
Large setup violation  
There is a large setup violation of -6.009 ns between swervolf/rvtop/veer/ifu/aln/bundle1ff/dout_reg[4]/C (clocked by clk_core) and swervolf/rvtop/mem/icache.icm/ic_data_inst/PACKED_1.BANKS_WAY[0].ECC0.size_256.WAYS.ic_bank_sb_way_data/ram_core_reg_0_255_127_127/RAMS64E_C/I (clocked by clk_core). Large setup violations at the end of those stages might be difficult to fix during the post-placement implementation flow and could be the result of non-optimal XDC constraints or non-optimal design architecture
Related violations: <none>

TIMING-16#500 Warning
Large setup violation  
There is a large setup violation of -6.011 ns between swervolf/rvtop/veer/ifu/aln/bundle1ff/dout_reg[4]/C (clocked by clk_core) and swervolf/rvtop/mem/icache.icm/ic_data_inst/PACKED_1.BANKS_WAY[0].ECC0.size_256.WAYS.ic_bank_sb_way_data/ram_core_reg_0_255_126_126/RAMS64E_B/I (clocked by clk_core). Large setup violations at the end of those stages might be difficult to fix during the post-placement implementation flow and could be the result of non-optimal XDC constraints or non-optimal design architecture
Related violations: <none>

TIMING-16#501 Warning
Large setup violation  
There is a large setup violation of -6.012 ns between swervolf/rvtop/veer/ifu/aln/bundle1ff/dout_reg[4]/C (clocked by clk_core) and swervolf/rvtop/mem/icache.icm/ic_data_inst/PACKED_1.BANKS_WAY[0].ECC0.size_256.WAYS.ic_bank_sb_way_data/ram_core_reg_0_255_126_126/RAMS64E_C/I (clocked by clk_core). Large setup violations at the end of those stages might be difficult to fix during the post-placement implementation flow and could be the result of non-optimal XDC constraints or non-optimal design architecture
Related violations: <none>

TIMING-16#502 Warning
Large setup violation  
There is a large setup violation of -6.014 ns between swervolf/rvtop/veer/ifu/aln/bundle1ff/dout_reg[4]/C (clocked by clk_core) and swervolf/rvtop/mem/icache.icm/ic_data_inst/PACKED_1.BANKS_WAY[0].ECC0.size_256.WAYS.ic_bank_sb_way_data/Q_reg[31]/D (clocked by clk_core). Large setup violations at the end of those stages might be difficult to fix during the post-placement implementation flow and could be the result of non-optimal XDC constraints or non-optimal design architecture
Related violations: <none>

TIMING-16#503 Warning
Large setup violation  
There is a large setup violation of -6.033 ns between swervolf/rvtop/veer/ifu/aln/bundle1ff/dout_reg[4]/C (clocked by clk_core) and swervolf/rvtop/mem/icache.icm/ic_data_inst/PACKED_1.BANKS_WAY[0].ECC0.size_256.WAYS.ic_bank_sb_way_data/Q_reg[21]/D (clocked by clk_core). Large setup violations at the end of those stages might be difficult to fix during the post-placement implementation flow and could be the result of non-optimal XDC constraints or non-optimal design architecture
Related violations: <none>

TIMING-16#504 Warning
Large setup violation  
There is a large setup violation of -6.034 ns between swervolf/rvtop/veer/ifu/aln/bundle1ff/dout_reg[4]/C (clocked by clk_core) and swervolf/rvtop/mem/icache.icm/ic_data_inst/PACKED_1.BANKS_WAY[0].ECC0.size_256.WAYS.ic_bank_sb_way_data/ram_core_reg_0_255_117_117/RAMS64E_B/I (clocked by clk_core). Large setup violations at the end of those stages might be difficult to fix during the post-placement implementation flow and could be the result of non-optimal XDC constraints or non-optimal design architecture
Related violations: <none>

TIMING-16#505 Warning
Large setup violation  
There is a large setup violation of -6.035 ns between swervolf/rvtop/veer/ifu/aln/bundle1ff/dout_reg[4]/C (clocked by clk_core) and swervolf/rvtop/mem/icache.icm/ic_data_inst/PACKED_1.BANKS_WAY[0].ECC0.size_256.WAYS.ic_bank_sb_way_data/ram_core_reg_0_255_117_117/RAMS64E_C/I (clocked by clk_core). Large setup violations at the end of those stages might be difficult to fix during the post-placement implementation flow and could be the result of non-optimal XDC constraints or non-optimal design architecture
Related violations: <none>

TIMING-16#506 Warning
Large setup violation  
There is a large setup violation of -6.037 ns between swervolf/rvtop/veer/ifu/aln/bundle1ff/dout_reg[4]/C (clocked by clk_core) and swervolf/rvtop/mem/icache.icm/ic_data_inst/PACKED_1.BANKS_WAY[0].ECC0.size_256.WAYS.ic_bank_sb_way_data/ram_core_reg_0_255_123_123/RAMS64E_D/I (clocked by clk_core). Large setup violations at the end of those stages might be difficult to fix during the post-placement implementation flow and could be the result of non-optimal XDC constraints or non-optimal design architecture
Related violations: <none>

TIMING-16#507 Warning
Large setup violation  
There is a large setup violation of -6.040 ns between swervolf/rvtop/veer/ifu/aln/bundle1ff/dout_reg[4]/C (clocked by clk_core) and swervolf/rvtop/mem/icache.icm/ic_data_inst/PACKED_1.BANKS_WAY[0].ECC0.size_256.WAYS.ic_bank_sb_way_data/ram_core_reg_0_255_128_128/RAMS64E_B/I (clocked by clk_core). Large setup violations at the end of those stages might be difficult to fix during the post-placement implementation flow and could be the result of non-optimal XDC constraints or non-optimal design architecture
Related violations: <none>

TIMING-16#508 Warning
Large setup violation  
There is a large setup violation of -6.041 ns between swervolf/rvtop/veer/ifu/aln/bundle1ff/dout_reg[4]/C (clocked by clk_core) and swervolf/rvtop/mem/icache.icm/ic_data_inst/PACKED_1.BANKS_WAY[0].ECC0.size_256.WAYS.ic_bank_sb_way_data/ram_core_reg_0_255_128_128/RAMS64E_C/I (clocked by clk_core). Large setup violations at the end of those stages might be difficult to fix during the post-placement implementation flow and could be the result of non-optimal XDC constraints or non-optimal design architecture
Related violations: <none>

TIMING-16#509 Warning
Large setup violation  
There is a large setup violation of -6.042 ns between swervolf/rvtop/veer/ifu/aln/bundle1ff/dout_reg[4]/C (clocked by clk_core) and swervolf/rvtop/mem/icache.icm/ic_data_inst/PACKED_1.BANKS_WAY[0].ECC0.size_256.WAYS.ic_bank_sb_way_data/ram_core_reg_0_255_129_129/RAMS64E_A/I (clocked by clk_core). Large setup violations at the end of those stages might be difficult to fix during the post-placement implementation flow and could be the result of non-optimal XDC constraints or non-optimal design architecture
Related violations: <none>

TIMING-16#510 Warning
Large setup violation  
There is a large setup violation of -6.047 ns between swervolf/rvtop/veer/ifu/aln/bundle1ff/dout_reg[4]/C (clocked by clk_core) and swervolf/rvtop/mem/icache.icm/ic_data_inst/PACKED_1.BANKS_WAY[0].ECC0.size_256.WAYS.ic_bank_sb_way_data/Q_reg[38]/D (clocked by clk_core). Large setup violations at the end of those stages might be difficult to fix during the post-placement implementation flow and could be the result of non-optimal XDC constraints or non-optimal design architecture
Related violations: <none>

TIMING-16#511 Warning
Large setup violation  
There is a large setup violation of -6.070 ns between swervolf/rvtop/veer/ifu/aln/bundle1ff/dout_reg[4]/C (clocked by clk_core) and swervolf/rvtop/mem/icache.icm/ic_data_inst/PACKED_1.BANKS_WAY[0].ECC0.size_256.WAYS.ic_bank_sb_way_data/ram_core_reg_0_255_111_111/RAMS64E_D/I (clocked by clk_core). Large setup violations at the end of those stages might be difficult to fix during the post-placement implementation flow and could be the result of non-optimal XDC constraints or non-optimal design architecture
Related violations: <none>

TIMING-16#512 Warning
Large setup violation  
There is a large setup violation of -6.072 ns between swervolf/rvtop/veer/ifu/aln/bundle1ff/dout_reg[4]/C (clocked by clk_core) and swervolf/rvtop/mem/icache.icm/ic_data_inst/PACKED_1.BANKS_WAY[0].ECC0.size_256.WAYS.ic_bank_sb_way_data/ram_core_reg_0_255_121_121/RAMS64E_D/I (clocked by clk_core). Large setup violations at the end of those stages might be difficult to fix during the post-placement implementation flow and could be the result of non-optimal XDC constraints or non-optimal design architecture
Related violations: <none>

TIMING-16#513 Warning
Large setup violation  
There is a large setup violation of -6.086 ns between swervolf/rvtop/veer/ifu/aln/bundle1ff/dout_reg[4]/C (clocked by clk_core) and swervolf/rvtop/mem/icache.icm/ic_data_inst/PACKED_1.BANKS_WAY[0].ECC0.size_256.WAYS.ic_bank_sb_way_data/ram_core_reg_0_255_124_124/RAMS64E_D/I (clocked by clk_core). Large setup violations at the end of those stages might be difficult to fix during the post-placement implementation flow and could be the result of non-optimal XDC constraints or non-optimal design architecture
Related violations: <none>

TIMING-16#514 Warning
Large setup violation  
There is a large setup violation of -6.105 ns between swervolf/rvtop/veer/ifu/aln/bundle1ff/dout_reg[4]/C (clocked by clk_core) and swervolf/rvtop/mem/icache.icm/ic_data_inst/PACKED_1.BANKS_WAY[0].ECC0.size_256.WAYS.ic_bank_sb_way_data/ram_core_reg_0_255_132_132/RAMS64E_B/I (clocked by clk_core). Large setup violations at the end of those stages might be difficult to fix during the post-placement implementation flow and could be the result of non-optimal XDC constraints or non-optimal design architecture
Related violations: <none>

TIMING-16#515 Warning
Large setup violation  
There is a large setup violation of -6.106 ns between swervolf/rvtop/veer/ifu/aln/bundle1ff/dout_reg[4]/C (clocked by clk_core) and swervolf/rvtop/mem/icache.icm/ic_data_inst/PACKED_1.BANKS_WAY[0].ECC0.size_256.WAYS.ic_bank_sb_way_data/ram_core_reg_0_255_132_132/RAMS64E_C/I (clocked by clk_core). Large setup violations at the end of those stages might be difficult to fix during the post-placement implementation flow and could be the result of non-optimal XDC constraints or non-optimal design architecture
Related violations: <none>

TIMING-16#516 Warning
Large setup violation  
There is a large setup violation of -6.110 ns between swervolf/rvtop/veer/ifu/aln/bundle1ff/dout_reg[4]/C (clocked by clk_core) and swervolf/rvtop/mem/icache.icm/ic_data_inst/PACKED_1.BANKS_WAY[0].ECC0.size_256.WAYS.BYPASS[0].sel_hold_ff/dout_reg[0]/D (clocked by clk_core). Large setup violations at the end of those stages might be difficult to fix during the post-placement implementation flow and could be the result of non-optimal XDC constraints or non-optimal design architecture
Related violations: <none>

TIMING-16#517 Warning
Large setup violation  
There is a large setup violation of -6.117 ns between swervolf/rvtop/veer/ifu/aln/bundle1ff/dout_reg[4]/C (clocked by clk_core) and swervolf/rvtop/mem/icache.icm/ic_data_inst/PACKED_1.BANKS_WAY[0].ECC0.size_256.WAYS.ic_bank_sb_way_data/ram_core_reg_0_255_104_104/RAMS64E_B/I (clocked by clk_core). Large setup violations at the end of those stages might be difficult to fix during the post-placement implementation flow and could be the result of non-optimal XDC constraints or non-optimal design architecture
Related violations: <none>

TIMING-16#518 Warning
Large setup violation  
There is a large setup violation of -6.118 ns between swervolf/rvtop/veer/ifu/aln/bundle1ff/dout_reg[4]/C (clocked by clk_core) and swervolf/rvtop/mem/icache.icm/ic_data_inst/PACKED_1.BANKS_WAY[0].ECC0.size_256.WAYS.ic_bank_sb_way_data/ram_core_reg_0_255_104_104/RAMS64E_C/I (clocked by clk_core). Large setup violations at the end of those stages might be difficult to fix during the post-placement implementation flow and could be the result of non-optimal XDC constraints or non-optimal design architecture
Related violations: <none>

TIMING-16#519 Warning
Large setup violation  
There is a large setup violation of -6.145 ns between swervolf/rvtop/veer/ifu/aln/bundle1ff/dout_reg[4]/C (clocked by clk_core) and swervolf/rvtop/mem/icache.icm/ic_data_inst/PACKED_1.BANKS_WAY[0].ECC0.size_256.WAYS.ic_bank_sb_way_data/ram_core_reg_0_255_10_10/RAMS64E_D/I (clocked by clk_core). Large setup violations at the end of those stages might be difficult to fix during the post-placement implementation flow and could be the result of non-optimal XDC constraints or non-optimal design architecture
Related violations: <none>

TIMING-16#520 Warning
Large setup violation  
There is a large setup violation of -6.150 ns between swervolf/rvtop/veer/ifu/aln/bundle1ff/dout_reg[4]/C (clocked by clk_core) and swervolf/rvtop/mem/icache.icm/ic_data_inst/PACKED_1.BANKS_WAY[0].ECC0.size_256.WAYS.ic_bank_sb_way_data/Q_reg[103]/D (clocked by clk_core). Large setup violations at the end of those stages might be difficult to fix during the post-placement implementation flow and could be the result of non-optimal XDC constraints or non-optimal design architecture
Related violations: <none>

TIMING-16#521 Warning
Large setup violation  
There is a large setup violation of -6.154 ns between swervolf/rvtop/veer/ifu/aln/bundle1ff/dout_reg[4]/C (clocked by clk_core) and swervolf/rvtop/mem/icache.icm/ic_data_inst/PACKED_1.BANKS_WAY[0].ECC0.size_256.WAYS.ic_bank_sb_way_data/ram_core_reg_0_255_131_131/RAMS64E_D/I (clocked by clk_core). Large setup violations at the end of those stages might be difficult to fix during the post-placement implementation flow and could be the result of non-optimal XDC constraints or non-optimal design architecture
Related violations: <none>

TIMING-16#522 Warning
Large setup violation  
There is a large setup violation of -6.159 ns between swervolf/rvtop/veer/ifu/aln/bundle1ff/dout_reg[4]/C (clocked by clk_core) and swervolf/rvtop/mem/icache.icm/ic_data_inst/PACKED_1.BANKS_WAY[0].ECC0.size_256.WAYS.ic_bank_sb_way_data/ram_core_reg_0_255_101_101/RAMS64E_B/I (clocked by clk_core). Large setup violations at the end of those stages might be difficult to fix during the post-placement implementation flow and could be the result of non-optimal XDC constraints or non-optimal design architecture
Related violations: <none>

TIMING-16#523 Warning
Large setup violation  
There is a large setup violation of -6.160 ns between swervolf/rvtop/veer/ifu/aln/bundle1ff/dout_reg[4]/C (clocked by clk_core) and swervolf/rvtop/mem/icache.icm/ic_data_inst/PACKED_1.BANKS_WAY[0].ECC0.size_256.WAYS.ic_bank_sb_way_data/ram_core_reg_0_255_101_101/RAMS64E_C/I (clocked by clk_core). Large setup violations at the end of those stages might be difficult to fix during the post-placement implementation flow and could be the result of non-optimal XDC constraints or non-optimal design architecture
Related violations: <none>

TIMING-16#524 Warning
Large setup violation  
There is a large setup violation of -6.173 ns between swervolf/rvtop/veer/ifu/aln/bundle1ff/dout_reg[4]/C (clocked by clk_core) and swervolf/rvtop/mem/icache.icm/ic_data_inst/PACKED_1.BANKS_WAY[0].ECC0.size_256.WAYS.ic_bank_sb_way_data/ram_core_reg_0_255_119_119/RAMS64E_B/I (clocked by clk_core). Large setup violations at the end of those stages might be difficult to fix during the post-placement implementation flow and could be the result of non-optimal XDC constraints or non-optimal design architecture
Related violations: <none>

TIMING-16#525 Warning
Large setup violation  
There is a large setup violation of -6.174 ns between swervolf/rvtop/veer/ifu/aln/bundle1ff/dout_reg[4]/C (clocked by clk_core) and swervolf/rvtop/mem/icache.icm/ic_data_inst/PACKED_1.BANKS_WAY[0].ECC0.size_256.WAYS.ic_bank_sb_way_data/ram_core_reg_0_255_119_119/RAMS64E_C/I (clocked by clk_core). Large setup violations at the end of those stages might be difficult to fix during the post-placement implementation flow and could be the result of non-optimal XDC constraints or non-optimal design architecture
Related violations: <none>

TIMING-16#526 Warning
Large setup violation  
There is a large setup violation of -6.194 ns between swervolf/rvtop/veer/ifu/aln/bundle1ff/dout_reg[4]/C (clocked by clk_core) and swervolf/rvtop/mem/icache.icm/ic_data_inst/PACKED_1.BANKS_WAY[0].ECC0.size_256.WAYS.ic_bank_sb_way_data/ram_core_reg_0_255_100_100/RAMS64E_B/I (clocked by clk_core). Large setup violations at the end of those stages might be difficult to fix during the post-placement implementation flow and could be the result of non-optimal XDC constraints or non-optimal design architecture
Related violations: <none>

TIMING-16#527 Warning
Large setup violation  
There is a large setup violation of -6.195 ns between swervolf/rvtop/veer/ifu/aln/bundle1ff/dout_reg[4]/C (clocked by clk_core) and swervolf/rvtop/mem/icache.icm/ic_data_inst/PACKED_1.BANKS_WAY[0].ECC0.size_256.WAYS.ic_bank_sb_way_data/ram_core_reg_0_255_100_100/RAMS64E_C/I (clocked by clk_core). Large setup violations at the end of those stages might be difficult to fix during the post-placement implementation flow and could be the result of non-optimal XDC constraints or non-optimal design architecture
Related violations: <none>

TIMING-16#528 Warning
Large setup violation  
There is a large setup violation of -6.206 ns between swervolf/rvtop/veer/ifu/aln/bundle1ff/dout_reg[4]/C (clocked by clk_core) and swervolf/rvtop/mem/icache.icm/ic_data_inst/PACKED_1.BANKS_WAY[0].ECC0.size_256.WAYS.ic_bank_sb_way_data/ram_core_reg_0_255_109_109/RAMS64E_B/I (clocked by clk_core). Large setup violations at the end of those stages might be difficult to fix during the post-placement implementation flow and could be the result of non-optimal XDC constraints or non-optimal design architecture
Related violations: <none>

TIMING-16#529 Warning
Large setup violation  
There is a large setup violation of -6.207 ns between swervolf/rvtop/veer/ifu/aln/bundle1ff/dout_reg[4]/C (clocked by clk_core) and swervolf/rvtop/mem/icache.icm/ic_data_inst/PACKED_1.BANKS_WAY[0].ECC0.size_256.WAYS.ic_bank_sb_way_data/ram_core_reg_0_255_109_109/RAMS64E_C/I (clocked by clk_core). Large setup violations at the end of those stages might be difficult to fix during the post-placement implementation flow and could be the result of non-optimal XDC constraints or non-optimal design architecture
Related violations: <none>

TIMING-16#530 Warning
Large setup violation  
There is a large setup violation of -6.213 ns between swervolf/rvtop/veer/ifu/aln/bundle1ff/dout_reg[4]/C (clocked by clk_core) and swervolf/rvtop/mem/icache.icm/ic_data_inst/PACKED_1.BANKS_WAY[0].ECC0.size_256.WAYS.ic_bank_sb_way_data/ram_core_reg_0_255_12_12/RAMS64E_A/I (clocked by clk_core). Large setup violations at the end of those stages might be difficult to fix during the post-placement implementation flow and could be the result of non-optimal XDC constraints or non-optimal design architecture
Related violations: <none>

TIMING-16#531 Warning
Large setup violation  
There is a large setup violation of -6.224 ns between swervolf/rvtop/veer/ifu/aln/bundle1ff/dout_reg[4]/C (clocked by clk_core) and swervolf/rvtop/mem/icache.icm/ic_data_inst/PACKED_1.BANKS_WAY[0].ECC0.size_256.WAYS.ic_bank_sb_way_data/ram_core_reg_0_255_108_108/RAMS64E_D/I (clocked by clk_core). Large setup violations at the end of those stages might be difficult to fix during the post-placement implementation flow and could be the result of non-optimal XDC constraints or non-optimal design architecture
Related violations: <none>

TIMING-16#532 Warning
Large setup violation  
There is a large setup violation of -6.242 ns between swervolf/rvtop/veer/ifu/aln/bundle1ff/dout_reg[4]/C (clocked by clk_core) and swervolf/rvtop/mem/icache.icm/ic_data_inst/PACKED_1.BANKS_WAY[0].ECC0.size_256.WAYS.ic_bank_sb_way_data/ram_core_reg_0_255_118_118/RAMS64E_D/I (clocked by clk_core). Large setup violations at the end of those stages might be difficult to fix during the post-placement implementation flow and could be the result of non-optimal XDC constraints or non-optimal design architecture
Related violations: <none>

TIMING-16#533 Warning
Large setup violation  
There is a large setup violation of -6.246 ns between swervolf/rvtop/veer/ifu/aln/bundle1ff/dout_reg[4]/C (clocked by clk_core) and swervolf/rvtop/mem/icache.icm/ic_data_inst/PACKED_1.BANKS_WAY[0].ECC0.size_256.WAYS.ic_bank_sb_way_data/ram_core_reg_0_255_113_113/RAMS64E_B/I (clocked by clk_core). Large setup violations at the end of those stages might be difficult to fix during the post-placement implementation flow and could be the result of non-optimal XDC constraints or non-optimal design architecture
Related violations: <none>

TIMING-16#534 Warning
Large setup violation  
There is a large setup violation of -6.247 ns between swervolf/rvtop/veer/ifu/aln/bundle1ff/dout_reg[4]/C (clocked by clk_core) and swervolf/rvtop/mem/icache.icm/ic_data_inst/PACKED_1.BANKS_WAY[0].ECC0.size_256.WAYS.ic_bank_sb_way_data/ram_core_reg_0_255_113_113/RAMS64E_C/I (clocked by clk_core). Large setup violations at the end of those stages might be difficult to fix during the post-placement implementation flow and could be the result of non-optimal XDC constraints or non-optimal design architecture
Related violations: <none>

TIMING-16#535 Warning
Large setup violation  
There is a large setup violation of -6.250 ns between swervolf/rvtop/veer/ifu/aln/bundle1ff/dout_reg[4]/C (clocked by clk_core) and swervolf/rvtop/mem/icache.icm/ic_data_inst/PACKED_1.BANKS_WAY[0].ECC0.size_256.WAYS.ic_bank_sb_way_data/ram_core_reg_0_255_110_110/RAMS64E_D/I (clocked by clk_core). Large setup violations at the end of those stages might be difficult to fix during the post-placement implementation flow and could be the result of non-optimal XDC constraints or non-optimal design architecture
Related violations: <none>

TIMING-16#536 Warning
Large setup violation  
There is a large setup violation of -6.266 ns between swervolf/rvtop/veer/ifu/aln/bundle1ff/dout_reg[4]/C (clocked by clk_core) and swervolf/rvtop/mem/icache.icm/ic_data_inst/PACKED_1.BANKS_WAY[0].ECC0.size_256.WAYS.ic_bank_sb_way_data/ram_core_reg_0_255_11_11/RAMS64E_D/I (clocked by clk_core). Large setup violations at the end of those stages might be difficult to fix during the post-placement implementation flow and could be the result of non-optimal XDC constraints or non-optimal design architecture
Related violations: <none>

TIMING-16#537 Warning
Large setup violation  
There is a large setup violation of -6.276 ns between swervolf/rvtop/veer/ifu/aln/bundle1ff/dout_reg[4]/C (clocked by clk_core) and swervolf/rvtop/mem/icache.icm/ic_data_inst/PACKED_1.BANKS_WAY[0].ECC0.size_256.WAYS.ic_bank_sb_way_data/ram_core_reg_0_255_105_105/RAMS64E_D/I (clocked by clk_core). Large setup violations at the end of those stages might be difficult to fix during the post-placement implementation flow and could be the result of non-optimal XDC constraints or non-optimal design architecture
Related violations: <none>

TIMING-16#538 Warning
Large setup violation  
There is a large setup violation of -6.285 ns between swervolf/rvtop/veer/ifu/aln/bundle1ff/dout_reg[4]/C (clocked by clk_core) and swervolf/rvtop/mem/icache.icm/ic_data_inst/PACKED_1.BANKS_WAY[0].ECC0.size_256.WAYS.ic_bank_sb_way_data/ram_core_reg_0_255_107_107/RAMS64E_D/I (clocked by clk_core). Large setup violations at the end of those stages might be difficult to fix during the post-placement implementation flow and could be the result of non-optimal XDC constraints or non-optimal design architecture
Related violations: <none>

TIMING-16#539 Warning
Large setup violation  
There is a large setup violation of -6.289 ns between swervolf/rvtop/veer/ifu/aln/bundle1ff/dout_reg[4]/C (clocked by clk_core) and swervolf/rvtop/mem/icache.icm/ic_data_inst/PACKED_1.BANKS_WAY[0].ECC0.size_256.WAYS.ic_bank_sb_way_data/ram_core_reg_0_255_0_0/RAMS64E_D/I (clocked by clk_core). Large setup violations at the end of those stages might be difficult to fix during the post-placement implementation flow and could be the result of non-optimal XDC constraints or non-optimal design architecture
Related violations: <none>

TIMING-16#540 Warning
Large setup violation  
There is a large setup violation of -6.290 ns between swervolf/rvtop/veer/ifu/aln/bundle1ff/dout_reg[4]/C (clocked by clk_core) and swervolf/rvtop/mem/icache.icm/ic_data_inst/PACKED_1.BANKS_WAY[0].ECC0.size_256.WAYS.ic_bank_sb_way_data/ram_core_reg_0_255_123_123/RAMS64E_B/I (clocked by clk_core). Large setup violations at the end of those stages might be difficult to fix during the post-placement implementation flow and could be the result of non-optimal XDC constraints or non-optimal design architecture
Related violations: <none>

TIMING-16#541 Warning
Large setup violation  
There is a large setup violation of -6.291 ns between swervolf/rvtop/veer/ifu/aln/bundle1ff/dout_reg[4]/C (clocked by clk_core) and swervolf/rvtop/mem/icache.icm/ic_data_inst/PACKED_1.BANKS_WAY[0].ECC0.size_256.WAYS.ic_bank_sb_way_data/ram_core_reg_0_255_123_123/RAMS64E_C/I (clocked by clk_core). Large setup violations at the end of those stages might be difficult to fix during the post-placement implementation flow and could be the result of non-optimal XDC constraints or non-optimal design architecture
Related violations: <none>

TIMING-16#542 Warning
Large setup violation  
There is a large setup violation of -6.292 ns between swervolf/rvtop/veer/ifu/aln/bundle1ff/dout_reg[4]/C (clocked by clk_core) and swervolf/rvtop/mem/icache.icm/ic_data_inst/PACKED_1.BANKS_WAY[0].ECC0.size_256.WAYS.ic_bank_sb_way_data/ram_core_reg_0_255_125_125/RAMS64E_A/I (clocked by clk_core). Large setup violations at the end of those stages might be difficult to fix during the post-placement implementation flow and could be the result of non-optimal XDC constraints or non-optimal design architecture
Related violations: <none>

TIMING-16#543 Warning
Large setup violation  
There is a large setup violation of -6.296 ns between swervolf/rvtop/veer/ifu/aln/bundle1ff/dout_reg[4]/C (clocked by clk_core) and swervolf/rvtop/mem/icache.icm/ic_data_inst/PACKED_1.BANKS_WAY[0].ECC0.size_256.WAYS.ic_bank_sb_way_data/ram_core_reg_0_255_127_127/RAMS64E_A/I (clocked by clk_core). Large setup violations at the end of those stages might be difficult to fix during the post-placement implementation flow and could be the result of non-optimal XDC constraints or non-optimal design architecture
Related violations: <none>

TIMING-16#544 Warning
Large setup violation  
There is a large setup violation of -6.299 ns between swervolf/rvtop/veer/ifu/aln/bundle1ff/dout_reg[4]/C (clocked by clk_core) and swervolf/rvtop/mem/icache.icm/ic_data_inst/PACKED_1.BANKS_WAY[0].ECC0.size_256.WAYS.ic_bank_sb_way_data/ram_core_reg_0_255_126_126/RAMS64E_A/I (clocked by clk_core). Large setup violations at the end of those stages might be difficult to fix during the post-placement implementation flow and could be the result of non-optimal XDC constraints or non-optimal design architecture
Related violations: <none>

TIMING-16#545 Warning
Large setup violation  
There is a large setup violation of -6.301 ns between swervolf/rvtop/veer/ifu/aln/bundle1ff/dout_reg[4]/C (clocked by clk_core) and swervolf/rvtop/mem/icache.icm/ic_data_inst/PACKED_1.BANKS_WAY[0].ECC0.size_256.WAYS.ic_bank_sb_way_data/ram_core_reg_0_255_115_115/RAMS64E_D/I (clocked by clk_core). Large setup violations at the end of those stages might be difficult to fix during the post-placement implementation flow and could be the result of non-optimal XDC constraints or non-optimal design architecture
Related violations: <none>

TIMING-16#546 Warning
Large setup violation  
There is a large setup violation of -6.322 ns between swervolf/rvtop/veer/ifu/aln/bundle1ff/dout_reg[4]/C (clocked by clk_core) and swervolf/rvtop/mem/icache.icm/ic_data_inst/PACKED_1.BANKS_WAY[0].ECC0.size_256.WAYS.ic_bank_sb_way_data/ram_core_reg_0_255_117_117/RAMS64E_A/I (clocked by clk_core). Large setup violations at the end of those stages might be difficult to fix during the post-placement implementation flow and could be the result of non-optimal XDC constraints or non-optimal design architecture
Related violations: <none>

TIMING-16#547 Warning
Large setup violation  
There is a large setup violation of -6.323 ns between swervolf/rvtop/veer/ifu/aln/bundle1ff/dout_reg[4]/C (clocked by clk_core) and swervolf/rvtop/mem/icache.icm/ic_data_inst/PACKED_1.BANKS_WAY[0].ECC0.size_256.WAYS.ic_bank_sb_way_data/ram_core_reg_0_255_111_111/RAMS64E_B/I (clocked by clk_core). Large setup violations at the end of those stages might be difficult to fix during the post-placement implementation flow and could be the result of non-optimal XDC constraints or non-optimal design architecture
Related violations: <none>

TIMING-16#548 Warning
Large setup violation  
There is a large setup violation of -6.324 ns between swervolf/rvtop/veer/ifu/aln/bundle1ff/dout_reg[4]/C (clocked by clk_core) and swervolf/rvtop/mem/icache.icm/ic_data_inst/PACKED_1.BANKS_WAY[0].ECC0.size_256.WAYS.ic_bank_sb_way_data/ram_core_reg_0_255_111_111/RAMS64E_C/I (clocked by clk_core). Large setup violations at the end of those stages might be difficult to fix during the post-placement implementation flow and could be the result of non-optimal XDC constraints or non-optimal design architecture
Related violations: <none>

TIMING-16#549 Warning
Large setup violation  
There is a large setup violation of -6.325 ns between swervolf/rvtop/veer/ifu/aln/bundle1ff/dout_reg[4]/C (clocked by clk_core) and swervolf/rvtop/mem/icache.icm/ic_data_inst/PACKED_1.BANKS_WAY[0].ECC0.size_256.WAYS.ic_bank_sb_way_data/ram_core_reg_0_255_121_121/RAMS64E_B/I (clocked by clk_core). Large setup violations at the end of those stages might be difficult to fix during the post-placement implementation flow and could be the result of non-optimal XDC constraints or non-optimal design architecture
Related violations: <none>

TIMING-16#550 Warning
Large setup violation  
There is a large setup violation of -6.326 ns between swervolf/rvtop/veer/ifu/aln/bundle1ff/dout_reg[4]/C (clocked by clk_core) and swervolf/rvtop/mem/icache.icm/ic_data_inst/PACKED_1.BANKS_WAY[0].ECC0.size_256.WAYS.ic_bank_sb_way_data/ram_core_reg_0_255_121_121/RAMS64E_C/I (clocked by clk_core). Large setup violations at the end of those stages might be difficult to fix during the post-placement implementation flow and could be the result of non-optimal XDC constraints or non-optimal design architecture
Related violations: <none>

TIMING-16#551 Warning
Large setup violation  
There is a large setup violation of -6.328 ns between swervolf/rvtop/veer/ifu/aln/bundle1ff/dout_reg[4]/C (clocked by clk_core) and swervolf/rvtop/mem/icache.icm/ic_data_inst/PACKED_1.BANKS_WAY[0].ECC0.size_256.WAYS.ic_bank_sb_way_data/ram_core_reg_0_255_128_128/RAMS64E_A/I (clocked by clk_core). Large setup violations at the end of those stages might be difficult to fix during the post-placement implementation flow and could be the result of non-optimal XDC constraints or non-optimal design architecture
Related violations: <none>

TIMING-16#552 Warning
Large setup violation  
There is a large setup violation of -6.339 ns between swervolf/rvtop/veer/ifu/aln/bundle1ff/dout_reg[4]/C (clocked by clk_core) and swervolf/rvtop/mem/icache.icm/ic_data_inst/PACKED_1.BANKS_WAY[0].ECC0.size_256.WAYS.ic_bank_sb_way_data/ram_core_reg_0_255_124_124/RAMS64E_B/I (clocked by clk_core). Large setup violations at the end of those stages might be difficult to fix during the post-placement implementation flow and could be the result of non-optimal XDC constraints or non-optimal design architecture
Related violations: <none>

TIMING-16#553 Warning
Large setup violation  
There is a large setup violation of -6.340 ns between swervolf/rvtop/veer/ifu/aln/bundle1ff/dout_reg[4]/C (clocked by clk_core) and swervolf/rvtop/mem/icache.icm/ic_data_inst/PACKED_1.BANKS_WAY[0].ECC0.size_256.WAYS.ic_bank_sb_way_data/ram_core_reg_0_255_124_124/RAMS64E_C/I (clocked by clk_core). Large setup violations at the end of those stages might be difficult to fix during the post-placement implementation flow and could be the result of non-optimal XDC constraints or non-optimal design architecture
Related violations: <none>

TIMING-16#554 Warning
Large setup violation  
There is a large setup violation of -6.384 ns between swervolf/rvtop/veer/ifu/aln/bundle1ff/dout_reg[4]/C (clocked by clk_core) and swervolf/rvtop/mem/icache.icm/ic_data_inst/PACKED_1.BANKS_WAY[0].ECC0.size_256.WAYS.ic_bank_sb_way_data/ram_core_reg_0_255_122_122/RAMS64E_D/I (clocked by clk_core). Large setup violations at the end of those stages might be difficult to fix during the post-placement implementation flow and could be the result of non-optimal XDC constraints or non-optimal design architecture
Related violations: <none>

TIMING-16#555 Warning
Large setup violation  
There is a large setup violation of -6.393 ns between swervolf/rvtop/veer/ifu/aln/bundle1ff/dout_reg[4]/C (clocked by clk_core) and swervolf/rvtop/mem/icache.icm/ic_data_inst/PACKED_1.BANKS_WAY[0].ECC0.size_256.WAYS.ic_bank_sb_way_data/ram_core_reg_0_255_132_132/RAMS64E_A/I (clocked by clk_core). Large setup violations at the end of those stages might be difficult to fix during the post-placement implementation flow and could be the result of non-optimal XDC constraints or non-optimal design architecture
Related violations: <none>

TIMING-16#556 Warning
Large setup violation  
There is a large setup violation of -6.398 ns between swervolf/rvtop/veer/ifu/aln/bundle1ff/dout_reg[4]/C (clocked by clk_core) and swervolf/rvtop/mem/icache.icm/ic_data_inst/PACKED_1.BANKS_WAY[0].ECC0.size_256.WAYS.ic_bank_sb_way_data/ram_core_reg_0_255_10_10/RAMS64E_B/I (clocked by clk_core). Large setup violations at the end of those stages might be difficult to fix during the post-placement implementation flow and could be the result of non-optimal XDC constraints or non-optimal design architecture
Related violations: <none>

TIMING-16#557 Warning
Large setup violation  
There is a large setup violation of -6.399 ns between swervolf/rvtop/veer/ifu/aln/bundle1ff/dout_reg[4]/C (clocked by clk_core) and swervolf/rvtop/mem/icache.icm/ic_data_inst/PACKED_1.BANKS_WAY[0].ECC0.size_256.WAYS.ic_bank_sb_way_data/ram_core_reg_0_255_10_10/RAMS64E_C/I (clocked by clk_core). Large setup violations at the end of those stages might be difficult to fix during the post-placement implementation flow and could be the result of non-optimal XDC constraints or non-optimal design architecture
Related violations: <none>

TIMING-16#558 Warning
Large setup violation  
There is a large setup violation of -6.405 ns between swervolf/rvtop/veer/ifu/aln/bundle1ff/dout_reg[4]/C (clocked by clk_core) and swervolf/rvtop/mem/icache.icm/ic_data_inst/PACKED_1.BANKS_WAY[0].ECC0.size_256.WAYS.ic_bank_sb_way_data/ram_core_reg_0_255_104_104/RAMS64E_A/I (clocked by clk_core). Large setup violations at the end of those stages might be difficult to fix during the post-placement implementation flow and could be the result of non-optimal XDC constraints or non-optimal design architecture
Related violations: <none>

TIMING-16#559 Warning
Large setup violation  
There is a large setup violation of -6.407 ns between swervolf/rvtop/veer/ifu/aln/bundle1ff/dout_reg[4]/C (clocked by clk_core) and swervolf/rvtop/mem/icache.icm/ic_data_inst/PACKED_1.BANKS_WAY[0].ECC0.size_256.WAYS.ic_bank_sb_way_data/ram_core_reg_0_255_131_131/RAMS64E_B/I (clocked by clk_core). Large setup violations at the end of those stages might be difficult to fix during the post-placement implementation flow and could be the result of non-optimal XDC constraints or non-optimal design architecture
Related violations: <none>

TIMING-16#560 Warning
Large setup violation  
There is a large setup violation of -6.408 ns between swervolf/rvtop/veer/ifu/aln/bundle1ff/dout_reg[4]/C (clocked by clk_core) and swervolf/rvtop/mem/icache.icm/ic_data_inst/PACKED_1.BANKS_WAY[0].ECC0.size_256.WAYS.ic_bank_sb_way_data/ram_core_reg_0_255_131_131/RAMS64E_C/I (clocked by clk_core). Large setup violations at the end of those stages might be difficult to fix during the post-placement implementation flow and could be the result of non-optimal XDC constraints or non-optimal design architecture
Related violations: <none>

TIMING-16#561 Warning
Large setup violation  
There is a large setup violation of -6.446 ns between swervolf/rvtop/veer/ifu/aln/bundle1ff/dout_reg[4]/C (clocked by clk_core) and swervolf/rvtop/mem/icache.icm/ic_data_inst/PACKED_1.BANKS_WAY[0].ECC0.size_256.WAYS.ic_bank_sb_way_data/ram_core_reg_0_255_106_106/RAMS64E_D/I (clocked by clk_core). Large setup violations at the end of those stages might be difficult to fix during the post-placement implementation flow and could be the result of non-optimal XDC constraints or non-optimal design architecture
Related violations: <none>

TIMING-16#562 Warning
Large setup violation  
There is a large setup violation of -6.447 ns between swervolf/rvtop/veer/ifu/aln/bundle1ff/dout_reg[4]/C (clocked by clk_core) and swervolf/rvtop/mem/icache.icm/ic_data_inst/PACKED_1.BANKS_WAY[0].ECC0.size_256.WAYS.ic_bank_sb_way_data/ram_core_reg_0_255_101_101/RAMS64E_A/I (clocked by clk_core). Large setup violations at the end of those stages might be difficult to fix during the post-placement implementation flow and could be the result of non-optimal XDC constraints or non-optimal design architecture
Related violations: <none>

TIMING-16#563 Warning
Large setup violation  
There is a large setup violation of -6.457 ns between swervolf/rvtop/veer/ifu/aln/bundle1ff/dout_reg[4]/C (clocked by clk_core) and swervolf/rvtop/mem/icache.icm/ic_data_inst/PACKED_1.BANKS_WAY[0].ECC0.size_256.WAYS.BYPASS[0].write_bypass_ff/dout_reg[0]/D (clocked by clk_core). Large setup violations at the end of those stages might be difficult to fix during the post-placement implementation flow and could be the result of non-optimal XDC constraints or non-optimal design architecture
Related violations: <none>

TIMING-16#564 Warning
Large setup violation  
There is a large setup violation of -6.461 ns between swervolf/rvtop/veer/ifu/aln/bundle1ff/dout_reg[4]/C (clocked by clk_core) and swervolf/rvtop/mem/icache.icm/ic_data_inst/PACKED_1.BANKS_WAY[0].ECC0.size_256.WAYS.ic_bank_sb_way_data/ram_core_reg_0_255_119_119/RAMS64E_A/I (clocked by clk_core). Large setup violations at the end of those stages might be difficult to fix during the post-placement implementation flow and could be the result of non-optimal XDC constraints or non-optimal design architecture
Related violations: <none>

TIMING-16#565 Warning
Large setup violation  
There is a large setup violation of -6.471 ns between swervolf/rvtop/veer/ifu/aln/bundle1ff/dout_reg[4]/C (clocked by clk_core) and swervolf/rvtop/mem/icache.icm/ic_data_inst/PACKED_1.BANKS_WAY[0].ECC0.size_256.WAYS.ic_bank_sb_way_data/ram_core_reg_0_255_133_133/RAMS64E_D/I (clocked by clk_core). Large setup violations at the end of those stages might be difficult to fix during the post-placement implementation flow and could be the result of non-optimal XDC constraints or non-optimal design architecture
Related violations: <none>

TIMING-16#566 Warning
Large setup violation  
There is a large setup violation of -6.471 ns between swervolf/rvtop/veer/ifu/aln/bundle1ff/dout_reg[4]/C (clocked by clk_core) and swervolf/rvtop/mem/icache.icm/ic_data_inst/PACKED_1.BANKS_WAY[0].ECC0.size_256.WAYS.ic_bank_sb_way_data/ram_core_reg_0_255_134_134/RAMS64E_D/I (clocked by clk_core). Large setup violations at the end of those stages might be difficult to fix during the post-placement implementation flow and could be the result of non-optimal XDC constraints or non-optimal design architecture
Related violations: <none>

TIMING-16#567 Warning
Large setup violation  
There is a large setup violation of -6.477 ns between swervolf/rvtop/veer/ifu/aln/bundle1ff/dout_reg[4]/C (clocked by clk_core) and swervolf/rvtop/mem/icache.icm/ic_data_inst/PACKED_1.BANKS_WAY[0].ECC0.size_256.WAYS.ic_bank_sb_way_data/ram_core_reg_0_255_108_108/RAMS64E_B/I (clocked by clk_core). Large setup violations at the end of those stages might be difficult to fix during the post-placement implementation flow and could be the result of non-optimal XDC constraints or non-optimal design architecture
Related violations: <none>

TIMING-16#568 Warning
Large setup violation  
There is a large setup violation of -6.478 ns between swervolf/rvtop/veer/ifu/aln/bundle1ff/dout_reg[4]/C (clocked by clk_core) and swervolf/rvtop/mem/icache.icm/ic_data_inst/PACKED_1.BANKS_WAY[0].ECC0.size_256.WAYS.ic_bank_sb_way_data/ram_core_reg_0_255_108_108/RAMS64E_C/I (clocked by clk_core). Large setup violations at the end of those stages might be difficult to fix during the post-placement implementation flow and could be the result of non-optimal XDC constraints or non-optimal design architecture
Related violations: <none>

TIMING-16#569 Warning
Large setup violation  
There is a large setup violation of -6.482 ns between swervolf/rvtop/veer/ifu/aln/bundle1ff/dout_reg[4]/C (clocked by clk_core) and swervolf/rvtop/mem/icache.icm/ic_data_inst/PACKED_1.BANKS_WAY[0].ECC0.size_256.WAYS.ic_bank_sb_way_data/ram_core_reg_0_255_100_100/RAMS64E_A/I (clocked by clk_core). Large setup violations at the end of those stages might be difficult to fix during the post-placement implementation flow and could be the result of non-optimal XDC constraints or non-optimal design architecture
Related violations: <none>

TIMING-16#570 Warning
Large setup violation  
There is a large setup violation of -6.487 ns between swervolf/rvtop/veer/ifu/aln/bundle1ff/dout_reg[4]/C (clocked by clk_core) and swervolf/rvtop/mem/icache.icm/ic_data_inst/PACKED_1.BANKS_WAY[0].ECC0.size_256.WAYS.ic_bank_sb_way_data/ram_core_reg_0_255_130_130/RAMS64E_D/I (clocked by clk_core). Large setup violations at the end of those stages might be difficult to fix during the post-placement implementation flow and could be the result of non-optimal XDC constraints or non-optimal design architecture
Related violations: <none>

TIMING-16#571 Warning
Large setup violation  
There is a large setup violation of -6.494 ns between swervolf/rvtop/veer/ifu/aln/bundle1ff/dout_reg[4]/C (clocked by clk_core) and swervolf/rvtop/mem/icache.icm/ic_data_inst/PACKED_1.BANKS_WAY[0].ECC0.size_256.WAYS.ic_bank_sb_way_data/ram_core_reg_0_255_109_109/RAMS64E_A/I (clocked by clk_core). Large setup violations at the end of those stages might be difficult to fix during the post-placement implementation flow and could be the result of non-optimal XDC constraints or non-optimal design architecture
Related violations: <none>

TIMING-16#572 Warning
Large setup violation  
There is a large setup violation of -6.495 ns between swervolf/rvtop/veer/ifu/aln/bundle1ff/dout_reg[4]/C (clocked by clk_core) and swervolf/rvtop/mem/icache.icm/ic_data_inst/PACKED_1.BANKS_WAY[0].ECC0.size_256.WAYS.ic_bank_sb_way_data/ram_core_reg_0_255_118_118/RAMS64E_B/I (clocked by clk_core). Large setup violations at the end of those stages might be difficult to fix during the post-placement implementation flow and could be the result of non-optimal XDC constraints or non-optimal design architecture
Related violations: <none>

TIMING-16#573 Warning
Large setup violation  
There is a large setup violation of -6.496 ns between swervolf/rvtop/veer/ifu/aln/bundle1ff/dout_reg[4]/C (clocked by clk_core) and swervolf/rvtop/mem/icache.icm/ic_data_inst/PACKED_1.BANKS_WAY[0].ECC0.size_256.WAYS.ic_bank_sb_way_data/ram_core_reg_0_255_118_118/RAMS64E_C/I (clocked by clk_core). Large setup violations at the end of those stages might be difficult to fix during the post-placement implementation flow and could be the result of non-optimal XDC constraints or non-optimal design architecture
Related violations: <none>

TIMING-16#574 Warning
Large setup violation  
There is a large setup violation of -6.503 ns between swervolf/rvtop/veer/ifu/aln/bundle1ff/dout_reg[4]/C (clocked by clk_core) and swervolf/rvtop/mem/icache.icm/ic_data_inst/PACKED_1.BANKS_WAY[0].ECC0.size_256.WAYS.ic_bank_sb_way_data/ram_core_reg_0_255_110_110/RAMS64E_B/I (clocked by clk_core). Large setup violations at the end of those stages might be difficult to fix during the post-placement implementation flow and could be the result of non-optimal XDC constraints or non-optimal design architecture
Related violations: <none>

TIMING-16#575 Warning
Large setup violation  
There is a large setup violation of -6.504 ns between swervolf/rvtop/veer/ifu/aln/bundle1ff/dout_reg[4]/C (clocked by clk_core) and swervolf/rvtop/mem/icache.icm/ic_data_inst/PACKED_1.BANKS_WAY[0].ECC0.size_256.WAYS.ic_bank_sb_way_data/ram_core_reg_0_255_110_110/RAMS64E_C/I (clocked by clk_core). Large setup violations at the end of those stages might be difficult to fix during the post-placement implementation flow and could be the result of non-optimal XDC constraints or non-optimal design architecture
Related violations: <none>

TIMING-16#576 Warning
Large setup violation  
There is a large setup violation of -6.512 ns between swervolf/rvtop/veer/ifu/aln/bundle1ff/dout_reg[4]/C (clocked by clk_core) and swervolf/rvtop/mem/icache.icm/ic_data_inst/PACKED_1.BANKS_WAY[0].ECC0.size_256.WAYS.ic_bank_sb_way_data/ram_core_reg_0_255_13_13/RAMS64E_D/I (clocked by clk_core). Large setup violations at the end of those stages might be difficult to fix during the post-placement implementation flow and could be the result of non-optimal XDC constraints or non-optimal design architecture
Related violations: <none>

TIMING-16#577 Warning
Large setup violation  
There is a large setup violation of -6.519 ns between swervolf/rvtop/veer/ifu/aln/bundle1ff/dout_reg[4]/C (clocked by clk_core) and swervolf/rvtop/mem/icache.icm/ic_data_inst/PACKED_1.BANKS_WAY[0].ECC0.size_256.WAYS.ic_bank_sb_way_data/ram_core_reg_0_255_11_11/RAMS64E_B/I (clocked by clk_core). Large setup violations at the end of those stages might be difficult to fix during the post-placement implementation flow and could be the result of non-optimal XDC constraints or non-optimal design architecture
Related violations: <none>

TIMING-16#578 Warning
Large setup violation  
There is a large setup violation of -6.520 ns between swervolf/rvtop/veer/ifu/aln/bundle1ff/dout_reg[4]/C (clocked by clk_core) and swervolf/rvtop/mem/icache.icm/ic_data_inst/PACKED_1.BANKS_WAY[0].ECC0.size_256.WAYS.ic_bank_sb_way_data/ram_core_reg_0_255_11_11/RAMS64E_C/I (clocked by clk_core). Large setup violations at the end of those stages might be difficult to fix during the post-placement implementation flow and could be the result of non-optimal XDC constraints or non-optimal design architecture
Related violations: <none>

TIMING-16#579 Warning
Large setup violation  
There is a large setup violation of -6.520 ns between swervolf/rvtop/veer/ifu/aln/bundle1ff/dout_reg[4]/C (clocked by clk_core) and swervolf/rvtop/mem/icache.icm/ic_data_inst/PACKED_1.BANKS_WAY[0].ECC0.size_256.WAYS.ic_bank_sb_way_data/ram_core_reg_0_255_120_120/RAMS64E_D/I (clocked by clk_core). Large setup violations at the end of those stages might be difficult to fix during the post-placement implementation flow and could be the result of non-optimal XDC constraints or non-optimal design architecture
Related violations: <none>

TIMING-16#580 Warning
Large setup violation  
There is a large setup violation of -6.529 ns between swervolf/rvtop/veer/ifu/aln/bundle1ff/dout_reg[4]/C (clocked by clk_core) and swervolf/rvtop/mem/icache.icm/ic_data_inst/PACKED_1.BANKS_WAY[0].ECC0.size_256.WAYS.ic_bank_sb_way_data/ram_core_reg_0_255_105_105/RAMS64E_B/I (clocked by clk_core). Large setup violations at the end of those stages might be difficult to fix during the post-placement implementation flow and could be the result of non-optimal XDC constraints or non-optimal design architecture
Related violations: <none>

TIMING-16#581 Warning
Large setup violation  
There is a large setup violation of -6.530 ns between swervolf/rvtop/veer/ifu/aln/bundle1ff/dout_reg[4]/C (clocked by clk_core) and swervolf/rvtop/mem/icache.icm/ic_data_inst/PACKED_1.BANKS_WAY[0].ECC0.size_256.WAYS.ic_bank_sb_way_data/ram_core_reg_0_255_105_105/RAMS64E_C/I (clocked by clk_core). Large setup violations at the end of those stages might be difficult to fix during the post-placement implementation flow and could be the result of non-optimal XDC constraints or non-optimal design architecture
Related violations: <none>

TIMING-16#582 Warning
Large setup violation  
There is a large setup violation of -6.533 ns between swervolf/rvtop/veer/ifu/aln/bundle1ff/dout_reg[4]/C (clocked by clk_core) and swervolf/rvtop/mem/icache.icm/ic_data_inst/PACKED_1.BANKS_WAY[0].ECC0.size_256.WAYS.BYPASS[0].ic_addr_index/genblock.genblock.dff/genblock.dffs/dout_reg[10]/CE (clocked by clk_core). Large setup violations at the end of those stages might be difficult to fix during the post-placement implementation flow and could be the result of non-optimal XDC constraints or non-optimal design architecture
Related violations: <none>

TIMING-16#583 Warning
Large setup violation  
There is a large setup violation of -6.533 ns between swervolf/rvtop/veer/ifu/aln/bundle1ff/dout_reg[4]/C (clocked by clk_core) and swervolf/rvtop/mem/icache.icm/ic_data_inst/PACKED_1.BANKS_WAY[0].ECC0.size_256.WAYS.BYPASS[0].ic_addr_index/genblock.genblock.dff/genblock.dffs/dout_reg[11]/CE (clocked by clk_core). Large setup violations at the end of those stages might be difficult to fix during the post-placement implementation flow and could be the result of non-optimal XDC constraints or non-optimal design architecture
Related violations: <none>

TIMING-16#584 Warning
Large setup violation  
There is a large setup violation of -6.533 ns between swervolf/rvtop/veer/ifu/aln/bundle1ff/dout_reg[4]/C (clocked by clk_core) and swervolf/rvtop/mem/icache.icm/ic_data_inst/PACKED_1.BANKS_WAY[0].ECC0.size_256.WAYS.BYPASS[0].ic_addr_index/genblock.genblock.dff/genblock.dffs/dout_reg[8]/CE (clocked by clk_core). Large setup violations at the end of those stages might be difficult to fix during the post-placement implementation flow and could be the result of non-optimal XDC constraints or non-optimal design architecture
Related violations: <none>

TIMING-16#585 Warning
Large setup violation  
There is a large setup violation of -6.533 ns between swervolf/rvtop/veer/ifu/aln/bundle1ff/dout_reg[4]/C (clocked by clk_core) and swervolf/rvtop/mem/icache.icm/ic_data_inst/PACKED_1.BANKS_WAY[0].ECC0.size_256.WAYS.BYPASS[0].ic_addr_index/genblock.genblock.dff/genblock.dffs/dout_reg[9]/CE (clocked by clk_core). Large setup violations at the end of those stages might be difficult to fix during the post-placement implementation flow and could be the result of non-optimal XDC constraints or non-optimal design architecture
Related violations: <none>

TIMING-16#586 Warning
Large setup violation  
There is a large setup violation of -6.534 ns between swervolf/rvtop/veer/ifu/aln/bundle1ff/dout_reg[4]/C (clocked by clk_core) and swervolf/rvtop/mem/icache.icm/ic_data_inst/PACKED_1.BANKS_WAY[0].ECC0.size_256.WAYS.ic_bank_sb_way_data/ram_core_reg_0_255_113_113/RAMS64E_A/I (clocked by clk_core). Large setup violations at the end of those stages might be difficult to fix during the post-placement implementation flow and could be the result of non-optimal XDC constraints or non-optimal design architecture
Related violations: <none>

TIMING-16#587 Warning
Large setup violation  
There is a large setup violation of -6.538 ns between swervolf/rvtop/veer/ifu/aln/bundle1ff/dout_reg[4]/C (clocked by clk_core) and swervolf/rvtop/mem/icache.icm/ic_data_inst/PACKED_1.BANKS_WAY[0].ECC0.size_256.WAYS.ic_bank_sb_way_data/ram_core_reg_0_255_107_107/RAMS64E_B/I (clocked by clk_core). Large setup violations at the end of those stages might be difficult to fix during the post-placement implementation flow and could be the result of non-optimal XDC constraints or non-optimal design architecture
Related violations: <none>

TIMING-16#588 Warning
Large setup violation  
There is a large setup violation of -6.539 ns between swervolf/rvtop/veer/ifu/aln/bundle1ff/dout_reg[4]/C (clocked by clk_core) and swervolf/rvtop/mem/icache.icm/ic_data_inst/PACKED_1.BANKS_WAY[0].ECC0.size_256.WAYS.ic_bank_sb_way_data/ram_core_reg_0_255_107_107/RAMS64E_C/I (clocked by clk_core). Large setup violations at the end of those stages might be difficult to fix during the post-placement implementation flow and could be the result of non-optimal XDC constraints or non-optimal design architecture
Related violations: <none>

TIMING-16#589 Warning
Large setup violation  
There is a large setup violation of -6.542 ns between swervolf/rvtop/veer/ifu/aln/bundle1ff/dout_reg[4]/C (clocked by clk_core) and swervolf/rvtop/mem/icache.icm/ic_data_inst/PACKED_1.BANKS_WAY[0].ECC0.size_256.WAYS.ic_bank_sb_way_data/ram_core_reg_0_255_0_0/RAMS64E_B/I (clocked by clk_core). Large setup violations at the end of those stages might be difficult to fix during the post-placement implementation flow and could be the result of non-optimal XDC constraints or non-optimal design architecture
Related violations: <none>

TIMING-16#590 Warning
Large setup violation  
There is a large setup violation of -6.543 ns between swervolf/rvtop/veer/ifu/aln/bundle1ff/dout_reg[4]/C (clocked by clk_core) and swervolf/rvtop/mem/icache.icm/ic_data_inst/PACKED_1.BANKS_WAY[0].ECC0.size_256.WAYS.ic_bank_sb_way_data/ram_core_reg_0_255_0_0/RAMS64E_C/I (clocked by clk_core). Large setup violations at the end of those stages might be difficult to fix during the post-placement implementation flow and could be the result of non-optimal XDC constraints or non-optimal design architecture
Related violations: <none>

TIMING-16#591 Warning
Large setup violation  
There is a large setup violation of -6.549 ns between swervolf/rvtop/veer/ifu/aln/bundle1ff/dout_reg[4]/C (clocked by clk_core) and swervolf/rvtop/mem/icache.icm/ic_data_inst/PACKED_1.BANKS_WAY[0].ECC0.size_256.WAYS.ic_bank_sb_way_data/ram_core_reg_0_255_114_114/RAMS64E_D/I (clocked by clk_core). Large setup violations at the end of those stages might be difficult to fix during the post-placement implementation flow and could be the result of non-optimal XDC constraints or non-optimal design architecture
Related violations: <none>

TIMING-16#592 Warning
Large setup violation  
There is a large setup violation of -6.554 ns between swervolf/rvtop/veer/ifu/aln/bundle1ff/dout_reg[4]/C (clocked by clk_core) and swervolf/rvtop/mem/icache.icm/ic_data_inst/PACKED_1.BANKS_WAY[0].ECC0.size_256.WAYS.ic_bank_sb_way_data/ram_core_reg_0_255_115_115/RAMS64E_B/I (clocked by clk_core). Large setup violations at the end of those stages might be difficult to fix during the post-placement implementation flow and could be the result of non-optimal XDC constraints or non-optimal design architecture
Related violations: <none>

TIMING-16#593 Warning
Large setup violation  
There is a large setup violation of -6.555 ns between swervolf/rvtop/veer/ifu/aln/bundle1ff/dout_reg[4]/C (clocked by clk_core) and swervolf/rvtop/mem/icache.icm/ic_data_inst/PACKED_1.BANKS_WAY[0].ECC0.size_256.WAYS.ic_bank_sb_way_data/ram_core_reg_0_255_115_115/RAMS64E_C/I (clocked by clk_core). Large setup violations at the end of those stages might be difficult to fix during the post-placement implementation flow and could be the result of non-optimal XDC constraints or non-optimal design architecture
Related violations: <none>

TIMING-16#594 Warning
Large setup violation  
There is a large setup violation of -6.578 ns between swervolf/rvtop/veer/ifu/aln/bundle1ff/dout_reg[4]/C (clocked by clk_core) and swervolf/rvtop/mem/icache.icm/ic_data_inst/PACKED_1.BANKS_WAY[0].ECC0.size_256.WAYS.ic_bank_sb_way_data/ram_core_reg_0_255_123_123/RAMS64E_A/I (clocked by clk_core). Large setup violations at the end of those stages might be difficult to fix during the post-placement implementation flow and could be the result of non-optimal XDC constraints or non-optimal design architecture
Related violations: <none>

TIMING-16#595 Warning
Large setup violation  
There is a large setup violation of -6.596 ns between swervolf/rvtop/veer/ifu/aln/bundle1ff/dout_reg[4]/C (clocked by clk_core) and swervolf/rvtop/mem/icache.icm/ic_data_inst/PACKED_1.BANKS_WAY[0].ECC0.size_256.WAYS.ic_bank_sb_way_data/ram_core_reg_0_255_135_135/RAMS64E_D/I (clocked by clk_core). Large setup violations at the end of those stages might be difficult to fix during the post-placement implementation flow and could be the result of non-optimal XDC constraints or non-optimal design architecture
Related violations: <none>

TIMING-16#596 Warning
Large setup violation  
There is a large setup violation of -6.611 ns between swervolf/rvtop/veer/ifu/aln/bundle1ff/dout_reg[4]/C (clocked by clk_core) and swervolf/rvtop/mem/icache.icm/ic_data_inst/PACKED_1.BANKS_WAY[0].ECC0.size_256.WAYS.ic_bank_sb_way_data/ram_core_reg_0_255_111_111/RAMS64E_A/I (clocked by clk_core). Large setup violations at the end of those stages might be difficult to fix during the post-placement implementation flow and could be the result of non-optimal XDC constraints or non-optimal design architecture
Related violations: <none>

TIMING-16#597 Warning
Large setup violation  
There is a large setup violation of -6.612 ns between swervolf/rvtop/veer/ifu/aln/bundle1ff/dout_reg[4]/C (clocked by clk_core) and swervolf/rvtop/mem/icache.icm/ic_data_inst/PACKED_1.BANKS_WAY[0].ECC0.size_256.WAYS.BYPASS[0].index_val_ff/genblock.dffs/dout_reg[0]/D (clocked by clk_core). Large setup violations at the end of those stages might be difficult to fix during the post-placement implementation flow and could be the result of non-optimal XDC constraints or non-optimal design architecture
Related violations: <none>

TIMING-16#598 Warning
Large setup violation  
There is a large setup violation of -6.613 ns between swervolf/rvtop/veer/ifu/aln/bundle1ff/dout_reg[4]/C (clocked by clk_core) and swervolf/rvtop/mem/icache.icm/ic_data_inst/PACKED_1.BANKS_WAY[0].ECC0.size_256.WAYS.ic_bank_sb_way_data/ram_core_reg_0_255_121_121/RAMS64E_A/I (clocked by clk_core). Large setup violations at the end of those stages might be difficult to fix during the post-placement implementation flow and could be the result of non-optimal XDC constraints or non-optimal design architecture
Related violations: <none>

TIMING-16#599 Warning
Large setup violation  
There is a large setup violation of -6.625 ns between swervolf/rvtop/veer/ifu/aln/bundle1ff/dout_reg[4]/C (clocked by clk_core) and swervolf/rvtop/mem/icache.icm/ic_data_inst/PACKED_1.BANKS_WAY[0].ECC0.size_256.WAYS.BYPASS[1].ic_addr_index/genblock.genblock.dff/genblock.dffs/dout_reg[10]/CE (clocked by clk_core). Large setup violations at the end of those stages might be difficult to fix during the post-placement implementation flow and could be the result of non-optimal XDC constraints or non-optimal design architecture
Related violations: <none>

TIMING-16#600 Warning
Large setup violation  
There is a large setup violation of -6.625 ns between swervolf/rvtop/veer/ifu/aln/bundle1ff/dout_reg[4]/C (clocked by clk_core) and swervolf/rvtop/mem/icache.icm/ic_data_inst/PACKED_1.BANKS_WAY[0].ECC0.size_256.WAYS.BYPASS[1].ic_addr_index/genblock.genblock.dff/genblock.dffs/dout_reg[11]/CE (clocked by clk_core). Large setup violations at the end of those stages might be difficult to fix during the post-placement implementation flow and could be the result of non-optimal XDC constraints or non-optimal design architecture
Related violations: <none>

TIMING-16#601 Warning
Large setup violation  
There is a large setup violation of -6.625 ns between swervolf/rvtop/veer/ifu/aln/bundle1ff/dout_reg[4]/C (clocked by clk_core) and swervolf/rvtop/mem/icache.icm/ic_data_inst/PACKED_1.BANKS_WAY[0].ECC0.size_256.WAYS.BYPASS[1].ic_addr_index/genblock.genblock.dff/genblock.dffs/dout_reg[15]/CE (clocked by clk_core). Large setup violations at the end of those stages might be difficult to fix during the post-placement implementation flow and could be the result of non-optimal XDC constraints or non-optimal design architecture
Related violations: <none>

TIMING-16#602 Warning
Large setup violation  
There is a large setup violation of -6.625 ns between swervolf/rvtop/veer/ifu/aln/bundle1ff/dout_reg[4]/C (clocked by clk_core) and swervolf/rvtop/mem/icache.icm/ic_data_inst/PACKED_1.BANKS_WAY[0].ECC0.size_256.WAYS.BYPASS[1].ic_addr_index/genblock.genblock.dff/genblock.dffs/dout_reg[18]/CE (clocked by clk_core). Large setup violations at the end of those stages might be difficult to fix during the post-placement implementation flow and could be the result of non-optimal XDC constraints or non-optimal design architecture
Related violations: <none>

TIMING-16#603 Warning
Large setup violation  
There is a large setup violation of -6.625 ns between swervolf/rvtop/veer/ifu/aln/bundle1ff/dout_reg[4]/C (clocked by clk_core) and swervolf/rvtop/mem/icache.icm/ic_data_inst/PACKED_1.BANKS_WAY[0].ECC0.size_256.WAYS.BYPASS[1].ic_addr_index/genblock.genblock.dff/genblock.dffs/dout_reg[20]/CE (clocked by clk_core). Large setup violations at the end of those stages might be difficult to fix during the post-placement implementation flow and could be the result of non-optimal XDC constraints or non-optimal design architecture
Related violations: <none>

TIMING-16#604 Warning
Large setup violation  
There is a large setup violation of -6.625 ns between swervolf/rvtop/veer/ifu/aln/bundle1ff/dout_reg[4]/C (clocked by clk_core) and swervolf/rvtop/mem/icache.icm/ic_data_inst/PACKED_1.BANKS_WAY[0].ECC0.size_256.WAYS.BYPASS[1].ic_addr_index/genblock.genblock.dff/genblock.dffs/dout_reg[8]/CE (clocked by clk_core). Large setup violations at the end of those stages might be difficult to fix during the post-placement implementation flow and could be the result of non-optimal XDC constraints or non-optimal design architecture
Related violations: <none>

TIMING-16#605 Warning
Large setup violation  
There is a large setup violation of -6.625 ns between swervolf/rvtop/veer/ifu/aln/bundle1ff/dout_reg[4]/C (clocked by clk_core) and swervolf/rvtop/mem/icache.icm/ic_data_inst/PACKED_1.BANKS_WAY[0].ECC0.size_256.WAYS.BYPASS[1].ic_addr_index/genblock.genblock.dff/genblock.dffs/dout_reg[9]/CE (clocked by clk_core). Large setup violations at the end of those stages might be difficult to fix during the post-placement implementation flow and could be the result of non-optimal XDC constraints or non-optimal design architecture
Related violations: <none>

TIMING-16#606 Warning
Large setup violation  
There is a large setup violation of -6.627 ns between swervolf/rvtop/veer/ifu/aln/bundle1ff/dout_reg[4]/C (clocked by clk_core) and swervolf/rvtop/mem/icache.icm/ic_data_inst/PACKED_1.BANKS_WAY[0].ECC0.size_256.WAYS.ic_bank_sb_way_data/ram_core_reg_0_255_124_124/RAMS64E_A/I (clocked by clk_core). Large setup violations at the end of those stages might be difficult to fix during the post-placement implementation flow and could be the result of non-optimal XDC constraints or non-optimal design architecture
Related violations: <none>

TIMING-16#607 Warning
Large setup violation  
There is a large setup violation of -6.637 ns between swervolf/rvtop/veer/ifu/aln/bundle1ff/dout_reg[4]/C (clocked by clk_core) and swervolf/rvtop/mem/icache.icm/ic_data_inst/PACKED_1.BANKS_WAY[0].ECC0.size_256.WAYS.ic_bank_sb_way_data/ram_core_reg_0_255_122_122/RAMS64E_B/I (clocked by clk_core). Large setup violations at the end of those stages might be difficult to fix during the post-placement implementation flow and could be the result of non-optimal XDC constraints or non-optimal design architecture
Related violations: <none>

TIMING-16#608 Warning
Large setup violation  
There is a large setup violation of -6.638 ns between swervolf/rvtop/veer/ifu/aln/bundle1ff/dout_reg[4]/C (clocked by clk_core) and swervolf/rvtop/mem/icache.icm/ic_data_inst/PACKED_1.BANKS_WAY[0].ECC0.size_256.WAYS.ic_bank_sb_way_data/ram_core_reg_0_255_122_122/RAMS64E_C/I (clocked by clk_core). Large setup violations at the end of those stages might be difficult to fix during the post-placement implementation flow and could be the result of non-optimal XDC constraints or non-optimal design architecture
Related violations: <none>

TIMING-16#609 Warning
Large setup violation  
There is a large setup violation of -6.647 ns between swervolf/rvtop/veer/ifu/aln/bundle1ff/dout_reg[4]/C (clocked by clk_core) and swervolf/rvtop/mem/icache.icm/ic_data_inst/PACKED_1.BANKS_WAY[0].ECC0.size_256.WAYS.BYPASS[1].write_bypass_ff/dout_reg[0]/D (clocked by clk_core). Large setup violations at the end of those stages might be difficult to fix during the post-placement implementation flow and could be the result of non-optimal XDC constraints or non-optimal design architecture
Related violations: <none>

TIMING-16#610 Warning
Large setup violation  
There is a large setup violation of -6.654 ns between swervolf/rvtop/veer/ifu/aln/bundle1ff/dout_reg[4]/C (clocked by clk_core) and swervolf/rvtop/mem/icache.icm/ic_data_inst/PACKED_1.BANKS_WAY[0].ECC0.size_256.WAYS.BYPASS[0].ic_addr_index/genblock.genblock.dff/genblock.dffs/dout_reg[12]/CE (clocked by clk_core). Large setup violations at the end of those stages might be difficult to fix during the post-placement implementation flow and could be the result of non-optimal XDC constraints or non-optimal design architecture
Related violations: <none>

TIMING-16#611 Warning
Large setup violation  
There is a large setup violation of -6.654 ns between swervolf/rvtop/veer/ifu/aln/bundle1ff/dout_reg[4]/C (clocked by clk_core) and swervolf/rvtop/mem/icache.icm/ic_data_inst/PACKED_1.BANKS_WAY[0].ECC0.size_256.WAYS.BYPASS[0].ic_addr_index/genblock.genblock.dff/genblock.dffs/dout_reg[15]/CE (clocked by clk_core). Large setup violations at the end of those stages might be difficult to fix during the post-placement implementation flow and could be the result of non-optimal XDC constraints or non-optimal design architecture
Related violations: <none>

TIMING-16#612 Warning
Large setup violation  
There is a large setup violation of -6.654 ns between swervolf/rvtop/veer/ifu/aln/bundle1ff/dout_reg[4]/C (clocked by clk_core) and swervolf/rvtop/mem/icache.icm/ic_data_inst/PACKED_1.BANKS_WAY[0].ECC0.size_256.WAYS.BYPASS[0].ic_addr_index/genblock.genblock.dff/genblock.dffs/dout_reg[16]/CE (clocked by clk_core). Large setup violations at the end of those stages might be difficult to fix during the post-placement implementation flow and could be the result of non-optimal XDC constraints or non-optimal design architecture
Related violations: <none>

TIMING-16#613 Warning
Large setup violation  
There is a large setup violation of -6.654 ns between swervolf/rvtop/veer/ifu/aln/bundle1ff/dout_reg[4]/C (clocked by clk_core) and swervolf/rvtop/mem/icache.icm/ic_data_inst/PACKED_1.BANKS_WAY[0].ECC0.size_256.WAYS.BYPASS[0].ic_addr_index/genblock.genblock.dff/genblock.dffs/dout_reg[17]/CE (clocked by clk_core). Large setup violations at the end of those stages might be difficult to fix during the post-placement implementation flow and could be the result of non-optimal XDC constraints or non-optimal design architecture
Related violations: <none>

TIMING-16#614 Warning
Large setup violation  
There is a large setup violation of -6.654 ns between swervolf/rvtop/veer/ifu/aln/bundle1ff/dout_reg[4]/C (clocked by clk_core) and swervolf/rvtop/mem/icache.icm/ic_data_inst/PACKED_1.BANKS_WAY[0].ECC0.size_256.WAYS.BYPASS[0].ic_addr_index/genblock.genblock.dff/genblock.dffs/dout_reg[18]/CE (clocked by clk_core). Large setup violations at the end of those stages might be difficult to fix during the post-placement implementation flow and could be the result of non-optimal XDC constraints or non-optimal design architecture
Related violations: <none>

TIMING-16#615 Warning
Large setup violation  
There is a large setup violation of -6.654 ns between swervolf/rvtop/veer/ifu/aln/bundle1ff/dout_reg[4]/C (clocked by clk_core) and swervolf/rvtop/mem/icache.icm/ic_data_inst/PACKED_1.BANKS_WAY[0].ECC0.size_256.WAYS.BYPASS[0].ic_addr_index/genblock.genblock.dff/genblock.dffs/dout_reg[19]/CE (clocked by clk_core). Large setup violations at the end of those stages might be difficult to fix during the post-placement implementation flow and could be the result of non-optimal XDC constraints or non-optimal design architecture
Related violations: <none>

TIMING-16#616 Warning
Large setup violation  
There is a large setup violation of -6.654 ns between swervolf/rvtop/veer/ifu/aln/bundle1ff/dout_reg[4]/C (clocked by clk_core) and swervolf/rvtop/mem/icache.icm/ic_data_inst/PACKED_1.BANKS_WAY[0].ECC0.size_256.WAYS.BYPASS[0].ic_addr_index/genblock.genblock.dff/genblock.dffs/dout_reg[20]/CE (clocked by clk_core). Large setup violations at the end of those stages might be difficult to fix during the post-placement implementation flow and could be the result of non-optimal XDC constraints or non-optimal design architecture
Related violations: <none>

TIMING-16#617 Warning
Large setup violation  
There is a large setup violation of -6.658 ns between swervolf/rvtop/veer/ifu/aln/bundle1ff/dout_reg[4]/C (clocked by clk_core) and swervolf/rvtop/mem/icache.icm/ic_data_inst/PACKED_1.BANKS_WAY[0].ECC0.size_256.WAYS.BYPASS[1].ic_addr_index/genblock.genblock.dff/genblock.dffs/dout_reg[13]/CE (clocked by clk_core). Large setup violations at the end of those stages might be difficult to fix during the post-placement implementation flow and could be the result of non-optimal XDC constraints or non-optimal design architecture
Related violations: <none>

TIMING-16#618 Warning
Large setup violation  
There is a large setup violation of -6.658 ns between swervolf/rvtop/veer/ifu/aln/bundle1ff/dout_reg[4]/C (clocked by clk_core) and swervolf/rvtop/mem/icache.icm/ic_data_inst/PACKED_1.BANKS_WAY[0].ECC0.size_256.WAYS.BYPASS[1].ic_addr_index/genblock.genblock.dff/genblock.dffs/dout_reg[24]/CE (clocked by clk_core). Large setup violations at the end of those stages might be difficult to fix during the post-placement implementation flow and could be the result of non-optimal XDC constraints or non-optimal design architecture
Related violations: <none>

TIMING-16#619 Warning
Large setup violation  
There is a large setup violation of -6.658 ns between swervolf/rvtop/veer/ifu/aln/bundle1ff/dout_reg[4]/C (clocked by clk_core) and swervolf/rvtop/mem/icache.icm/ic_data_inst/PACKED_1.BANKS_WAY[0].ECC0.size_256.WAYS.BYPASS[1].ic_addr_index/genblock.genblock.dff/genblock.dffs/dout_reg[25]/CE (clocked by clk_core). Large setup violations at the end of those stages might be difficult to fix during the post-placement implementation flow and could be the result of non-optimal XDC constraints or non-optimal design architecture
Related violations: <none>

TIMING-16#620 Warning
Large setup violation  
There is a large setup violation of -6.667 ns between swervolf/rvtop/veer/ifu/aln/bundle1ff/dout_reg[4]/C (clocked by clk_core) and swervolf/rvtop/mem/icache.icm/ic_data_inst/PACKED_1.BANKS_WAY[0].ECC0.size_256.WAYS.BYPASS[1].index_val_ff/genblock.dffs/dout_reg[0]/D (clocked by clk_core). Large setup violations at the end of those stages might be difficult to fix during the post-placement implementation flow and could be the result of non-optimal XDC constraints or non-optimal design architecture
Related violations: <none>

TIMING-16#621 Warning
Large setup violation  
There is a large setup violation of -6.673 ns between swervolf/rvtop/veer/ifu/aln/bundle1ff/dout_reg[4]/C (clocked by clk_core) and swervolf/rvtop/mem/icache.icm/ic_data_inst/PACKED_1.BANKS_WAY[0].ECC0.size_256.WAYS.BYPASS[0].ic_addr_index/genblock.genblock.dff/genblock.dffs/dout_reg[27]/CE (clocked by clk_core). Large setup violations at the end of those stages might be difficult to fix during the post-placement implementation flow and could be the result of non-optimal XDC constraints or non-optimal design architecture
Related violations: <none>

TIMING-16#622 Warning
Large setup violation  
There is a large setup violation of -6.685 ns between swervolf/rvtop/veer/ifu/aln/bundle1ff/dout_reg[4]/C (clocked by clk_core) and swervolf/rvtop/mem/icache.icm/ic_data_inst/PACKED_1.BANKS_WAY[0].ECC0.size_256.WAYS.BYPASS[0].ic_addr_index/genblock.genblock.dff/genblock.dffs/dout_reg[0]/CE (clocked by clk_core). Large setup violations at the end of those stages might be difficult to fix during the post-placement implementation flow and could be the result of non-optimal XDC constraints or non-optimal design architecture
Related violations: <none>

TIMING-16#623 Warning
Large setup violation  
There is a large setup violation of -6.685 ns between swervolf/rvtop/veer/ifu/aln/bundle1ff/dout_reg[4]/C (clocked by clk_core) and swervolf/rvtop/mem/icache.icm/ic_data_inst/PACKED_1.BANKS_WAY[0].ECC0.size_256.WAYS.BYPASS[0].ic_addr_index/genblock.genblock.dff/genblock.dffs/dout_reg[1]/CE (clocked by clk_core). Large setup violations at the end of those stages might be difficult to fix during the post-placement implementation flow and could be the result of non-optimal XDC constraints or non-optimal design architecture
Related violations: <none>

TIMING-16#624 Warning
Large setup violation  
There is a large setup violation of -6.685 ns between swervolf/rvtop/veer/ifu/aln/bundle1ff/dout_reg[4]/C (clocked by clk_core) and swervolf/rvtop/mem/icache.icm/ic_data_inst/PACKED_1.BANKS_WAY[0].ECC0.size_256.WAYS.BYPASS[0].ic_addr_index/genblock.genblock.dff/genblock.dffs/dout_reg[2]/CE (clocked by clk_core). Large setup violations at the end of those stages might be difficult to fix during the post-placement implementation flow and could be the result of non-optimal XDC constraints or non-optimal design architecture
Related violations: <none>

TIMING-16#625 Warning
Large setup violation  
There is a large setup violation of -6.685 ns between swervolf/rvtop/veer/ifu/aln/bundle1ff/dout_reg[4]/C (clocked by clk_core) and swervolf/rvtop/mem/icache.icm/ic_data_inst/PACKED_1.BANKS_WAY[0].ECC0.size_256.WAYS.BYPASS[0].ic_addr_index/genblock.genblock.dff/genblock.dffs/dout_reg[3]/CE (clocked by clk_core). Large setup violations at the end of those stages might be difficult to fix during the post-placement implementation flow and could be the result of non-optimal XDC constraints or non-optimal design architecture
Related violations: <none>

TIMING-16#626 Warning
Large setup violation  
There is a large setup violation of -6.685 ns between swervolf/rvtop/veer/ifu/aln/bundle1ff/dout_reg[4]/C (clocked by clk_core) and swervolf/rvtop/mem/icache.icm/ic_data_inst/PACKED_1.BANKS_WAY[0].ECC0.size_256.WAYS.BYPASS[0].ic_addr_index/genblock.genblock.dff/genblock.dffs/dout_reg[4]/CE (clocked by clk_core). Large setup violations at the end of those stages might be difficult to fix during the post-placement implementation flow and could be the result of non-optimal XDC constraints or non-optimal design architecture
Related violations: <none>

TIMING-16#627 Warning
Large setup violation  
There is a large setup violation of -6.685 ns between swervolf/rvtop/veer/ifu/aln/bundle1ff/dout_reg[4]/C (clocked by clk_core) and swervolf/rvtop/mem/icache.icm/ic_data_inst/PACKED_1.BANKS_WAY[0].ECC0.size_256.WAYS.BYPASS[0].ic_addr_index/genblock.genblock.dff/genblock.dffs/dout_reg[5]/CE (clocked by clk_core). Large setup violations at the end of those stages might be difficult to fix during the post-placement implementation flow and could be the result of non-optimal XDC constraints or non-optimal design architecture
Related violations: <none>

TIMING-16#628 Warning
Large setup violation  
There is a large setup violation of -6.685 ns between swervolf/rvtop/veer/ifu/aln/bundle1ff/dout_reg[4]/C (clocked by clk_core) and swervolf/rvtop/mem/icache.icm/ic_data_inst/PACKED_1.BANKS_WAY[0].ECC0.size_256.WAYS.BYPASS[0].ic_addr_index/genblock.genblock.dff/genblock.dffs/dout_reg[6]/CE (clocked by clk_core). Large setup violations at the end of those stages might be difficult to fix during the post-placement implementation flow and could be the result of non-optimal XDC constraints or non-optimal design architecture
Related violations: <none>

TIMING-16#629 Warning
Large setup violation  
There is a large setup violation of -6.685 ns between swervolf/rvtop/veer/ifu/aln/bundle1ff/dout_reg[4]/C (clocked by clk_core) and swervolf/rvtop/mem/icache.icm/ic_data_inst/PACKED_1.BANKS_WAY[0].ECC0.size_256.WAYS.BYPASS[0].ic_addr_index/genblock.genblock.dff/genblock.dffs/dout_reg[7]/CE (clocked by clk_core). Large setup violations at the end of those stages might be difficult to fix during the post-placement implementation flow and could be the result of non-optimal XDC constraints or non-optimal design architecture
Related violations: <none>

TIMING-16#630 Warning
Large setup violation  
There is a large setup violation of -6.685 ns between swervolf/rvtop/veer/ifu/aln/bundle1ff/dout_reg[4]/C (clocked by clk_core) and swervolf/rvtop/mem/icache.icm/ic_data_inst/PACKED_1.BANKS_WAY[0].ECC0.size_256.WAYS.BYPASS[1].ic_addr_index/genblock.genblock.dff/genblock.dffs/dout_reg[12]/CE (clocked by clk_core). Large setup violations at the end of those stages might be difficult to fix during the post-placement implementation flow and could be the result of non-optimal XDC constraints or non-optimal design architecture
Related violations: <none>

TIMING-16#631 Warning
Large setup violation  
There is a large setup violation of -6.685 ns between swervolf/rvtop/veer/ifu/aln/bundle1ff/dout_reg[4]/C (clocked by clk_core) and swervolf/rvtop/mem/icache.icm/ic_data_inst/PACKED_1.BANKS_WAY[0].ECC0.size_256.WAYS.BYPASS[1].ic_addr_index/genblock.genblock.dff/genblock.dffs/dout_reg[14]/CE (clocked by clk_core). Large setup violations at the end of those stages might be difficult to fix during the post-placement implementation flow and could be the result of non-optimal XDC constraints or non-optimal design architecture
Related violations: <none>

TIMING-16#632 Warning
Large setup violation  
There is a large setup violation of -6.685 ns between swervolf/rvtop/veer/ifu/aln/bundle1ff/dout_reg[4]/C (clocked by clk_core) and swervolf/rvtop/mem/icache.icm/ic_data_inst/PACKED_1.BANKS_WAY[0].ECC0.size_256.WAYS.BYPASS[1].ic_addr_index/genblock.genblock.dff/genblock.dffs/dout_reg[16]/CE (clocked by clk_core). Large setup violations at the end of those stages might be difficult to fix during the post-placement implementation flow and could be the result of non-optimal XDC constraints or non-optimal design architecture
Related violations: <none>

TIMING-16#633 Warning
Large setup violation  
There is a large setup violation of -6.685 ns between swervolf/rvtop/veer/ifu/aln/bundle1ff/dout_reg[4]/C (clocked by clk_core) and swervolf/rvtop/mem/icache.icm/ic_data_inst/PACKED_1.BANKS_WAY[0].ECC0.size_256.WAYS.BYPASS[1].ic_addr_index/genblock.genblock.dff/genblock.dffs/dout_reg[17]/CE (clocked by clk_core). Large setup violations at the end of those stages might be difficult to fix during the post-placement implementation flow and could be the result of non-optimal XDC constraints or non-optimal design architecture
Related violations: <none>

TIMING-16#634 Warning
Large setup violation  
There is a large setup violation of -6.685 ns between swervolf/rvtop/veer/ifu/aln/bundle1ff/dout_reg[4]/C (clocked by clk_core) and swervolf/rvtop/mem/icache.icm/ic_data_inst/PACKED_1.BANKS_WAY[0].ECC0.size_256.WAYS.BYPASS[1].ic_addr_index/genblock.genblock.dff/genblock.dffs/dout_reg[19]/CE (clocked by clk_core). Large setup violations at the end of those stages might be difficult to fix during the post-placement implementation flow and could be the result of non-optimal XDC constraints or non-optimal design architecture
Related violations: <none>

TIMING-16#635 Warning
Large setup violation  
There is a large setup violation of -6.685 ns between swervolf/rvtop/veer/ifu/aln/bundle1ff/dout_reg[4]/C (clocked by clk_core) and swervolf/rvtop/mem/icache.icm/ic_data_inst/PACKED_1.BANKS_WAY[0].ECC0.size_256.WAYS.BYPASS[1].ic_addr_index/genblock.genblock.dff/genblock.dffs/dout_reg[21]/CE (clocked by clk_core). Large setup violations at the end of those stages might be difficult to fix during the post-placement implementation flow and could be the result of non-optimal XDC constraints or non-optimal design architecture
Related violations: <none>

TIMING-16#636 Warning
Large setup violation  
There is a large setup violation of -6.685 ns between swervolf/rvtop/veer/ifu/aln/bundle1ff/dout_reg[4]/C (clocked by clk_core) and swervolf/rvtop/mem/icache.icm/ic_data_inst/PACKED_1.BANKS_WAY[0].ECC0.size_256.WAYS.BYPASS[1].ic_addr_index/genblock.genblock.dff/genblock.dffs/dout_reg[22]/CE (clocked by clk_core). Large setup violations at the end of those stages might be difficult to fix during the post-placement implementation flow and could be the result of non-optimal XDC constraints or non-optimal design architecture
Related violations: <none>

TIMING-16#637 Warning
Large setup violation  
There is a large setup violation of -6.685 ns between swervolf/rvtop/veer/ifu/aln/bundle1ff/dout_reg[4]/C (clocked by clk_core) and swervolf/rvtop/mem/icache.icm/ic_data_inst/PACKED_1.BANKS_WAY[0].ECC0.size_256.WAYS.BYPASS[1].ic_addr_index/genblock.genblock.dff/genblock.dffs/dout_reg[23]/CE (clocked by clk_core). Large setup violations at the end of those stages might be difficult to fix during the post-placement implementation flow and could be the result of non-optimal XDC constraints or non-optimal design architecture
Related violations: <none>

TIMING-16#638 Warning
Large setup violation  
There is a large setup violation of -6.686 ns between swervolf/rvtop/veer/ifu/aln/bundle1ff/dout_reg[4]/C (clocked by clk_core) and swervolf/rvtop/mem/icache.icm/ic_data_inst/PACKED_1.BANKS_WAY[0].ECC0.size_256.WAYS.ic_bank_sb_way_data/ram_core_reg_0_255_10_10/RAMS64E_A/I (clocked by clk_core). Large setup violations at the end of those stages might be difficult to fix during the post-placement implementation flow and could be the result of non-optimal XDC constraints or non-optimal design architecture
Related violations: <none>

TIMING-16#639 Warning
Large setup violation  
There is a large setup violation of -6.687 ns between swervolf/rvtop/veer/ifu/aln/bundle1ff/dout_reg[4]/C (clocked by clk_core) and swervolf/rvtop/mem/icache.icm/ic_data_inst/PACKED_1.BANKS_WAY[0].ECC0.size_256.WAYS.BYPASS[0].ic_addr_index/genblock.genblock.dff/genblock.dffs/dout_reg[24]/CE (clocked by clk_core). Large setup violations at the end of those stages might be difficult to fix during the post-placement implementation flow and could be the result of non-optimal XDC constraints or non-optimal design architecture
Related violations: <none>

TIMING-16#640 Warning
Large setup violation  
There is a large setup violation of -6.687 ns between swervolf/rvtop/veer/ifu/aln/bundle1ff/dout_reg[4]/C (clocked by clk_core) and swervolf/rvtop/mem/icache.icm/ic_data_inst/PACKED_1.BANKS_WAY[0].ECC0.size_256.WAYS.BYPASS[0].ic_addr_index/genblock.genblock.dff/genblock.dffs/dout_reg[25]/CE (clocked by clk_core). Large setup violations at the end of those stages might be difficult to fix during the post-placement implementation flow and could be the result of non-optimal XDC constraints or non-optimal design architecture
Related violations: <none>

TIMING-16#641 Warning
Large setup violation  
There is a large setup violation of -6.687 ns between swervolf/rvtop/veer/ifu/aln/bundle1ff/dout_reg[4]/C (clocked by clk_core) and swervolf/rvtop/mem/icache.icm/ic_data_inst/PACKED_1.BANKS_WAY[0].ECC0.size_256.WAYS.BYPASS[0].ic_addr_index/genblock.genblock.dff/genblock.dffs/dout_reg[26]/CE (clocked by clk_core). Large setup violations at the end of those stages might be difficult to fix during the post-placement implementation flow and could be the result of non-optimal XDC constraints or non-optimal design architecture
Related violations: <none>

TIMING-16#642 Warning
Large setup violation  
There is a large setup violation of -6.687 ns between swervolf/rvtop/veer/ifu/aln/bundle1ff/dout_reg[4]/C (clocked by clk_core) and swervolf/rvtop/mem/icache.icm/ic_data_inst/PACKED_1.BANKS_WAY[0].ECC0.size_256.WAYS.BYPASS[1].ic_addr_index/genblock.genblock.dff/genblock.dffs/dout_reg[26]/CE (clocked by clk_core). Large setup violations at the end of those stages might be difficult to fix during the post-placement implementation flow and could be the result of non-optimal XDC constraints or non-optimal design architecture
Related violations: <none>

TIMING-16#643 Warning
Large setup violation  
There is a large setup violation of -6.687 ns between swervolf/rvtop/veer/ifu/aln/bundle1ff/dout_reg[4]/C (clocked by clk_core) and swervolf/rvtop/mem/icache.icm/ic_data_inst/PACKED_1.BANKS_WAY[0].ECC0.size_256.WAYS.BYPASS[1].ic_addr_index/genblock.genblock.dff/genblock.dffs/dout_reg[27]/CE (clocked by clk_core). Large setup violations at the end of those stages might be difficult to fix during the post-placement implementation flow and could be the result of non-optimal XDC constraints or non-optimal design architecture
Related violations: <none>

TIMING-16#644 Warning
Large setup violation  
There is a large setup violation of -6.688 ns between swervolf/rvtop/veer/ifu/aln/bundle1ff/dout_reg[4]/C (clocked by clk_core) and swervolf/rvtop/mem/icache.icm/ic_data_inst/PACKED_1.BANKS_WAY[0].ECC0.size_256.WAYS.ic_bank_sb_way_data/ram_core_reg_0_255_112_112/RAMS64E_D/I (clocked by clk_core). Large setup violations at the end of those stages might be difficult to fix during the post-placement implementation flow and could be the result of non-optimal XDC constraints or non-optimal design architecture
Related violations: <none>

TIMING-16#645 Warning
Large setup violation  
There is a large setup violation of -6.695 ns between swervolf/rvtop/veer/ifu/aln/bundle1ff/dout_reg[4]/C (clocked by clk_core) and swervolf/rvtop/mem/icache.icm/ic_data_inst/PACKED_1.BANKS_WAY[0].ECC0.size_256.WAYS.ic_bank_sb_way_data/ram_core_reg_0_255_131_131/RAMS64E_A/I (clocked by clk_core). Large setup violations at the end of those stages might be difficult to fix during the post-placement implementation flow and could be the result of non-optimal XDC constraints or non-optimal design architecture
Related violations: <none>

TIMING-16#646 Warning
Large setup violation  
There is a large setup violation of -6.699 ns between swervolf/rvtop/veer/ifu/aln/bundle1ff/dout_reg[4]/C (clocked by clk_core) and swervolf/rvtop/mem/icache.icm/ic_data_inst/PACKED_1.BANKS_WAY[0].ECC0.size_256.WAYS.ic_bank_sb_way_data/ram_core_reg_0_255_106_106/RAMS64E_B/I (clocked by clk_core). Large setup violations at the end of those stages might be difficult to fix during the post-placement implementation flow and could be the result of non-optimal XDC constraints or non-optimal design architecture
Related violations: <none>

TIMING-16#647 Warning
Large setup violation  
There is a large setup violation of -6.700 ns between swervolf/rvtop/veer/ifu/aln/bundle1ff/dout_reg[4]/C (clocked by clk_core) and swervolf/rvtop/mem/icache.icm/ic_data_inst/PACKED_1.BANKS_WAY[0].ECC0.size_256.WAYS.ic_bank_sb_way_data/ram_core_reg_0_255_106_106/RAMS64E_C/I (clocked by clk_core). Large setup violations at the end of those stages might be difficult to fix during the post-placement implementation flow and could be the result of non-optimal XDC constraints or non-optimal design architecture
Related violations: <none>

TIMING-16#648 Warning
Large setup violation  
There is a large setup violation of -6.701 ns between swervolf/rvtop/veer/ifu/aln/bundle1ff/dout_reg[4]/C (clocked by clk_core) and swervolf/rvtop/mem/icache.icm/ic_data_inst/PACKED_1.BANKS_WAY[0].ECC0.size_256.WAYS.BYPASS[0].ic_addr_index/genblock.genblock.dff/genblock.dffs/dout_reg[13]/CE (clocked by clk_core). Large setup violations at the end of those stages might be difficult to fix during the post-placement implementation flow and could be the result of non-optimal XDC constraints or non-optimal design architecture
Related violations: <none>

TIMING-16#649 Warning
Large setup violation  
There is a large setup violation of -6.701 ns between swervolf/rvtop/veer/ifu/aln/bundle1ff/dout_reg[4]/C (clocked by clk_core) and swervolf/rvtop/mem/icache.icm/ic_data_inst/PACKED_1.BANKS_WAY[0].ECC0.size_256.WAYS.BYPASS[0].ic_addr_index/genblock.genblock.dff/genblock.dffs/dout_reg[14]/CE (clocked by clk_core). Large setup violations at the end of those stages might be difficult to fix during the post-placement implementation flow and could be the result of non-optimal XDC constraints or non-optimal design architecture
Related violations: <none>

TIMING-16#650 Warning
Large setup violation  
There is a large setup violation of -6.701 ns between swervolf/rvtop/veer/ifu/aln/bundle1ff/dout_reg[4]/C (clocked by clk_core) and swervolf/rvtop/mem/icache.icm/ic_data_inst/PACKED_1.BANKS_WAY[0].ECC0.size_256.WAYS.BYPASS[0].ic_addr_index/genblock.genblock.dff/genblock.dffs/dout_reg[21]/CE (clocked by clk_core). Large setup violations at the end of those stages might be difficult to fix during the post-placement implementation flow and could be the result of non-optimal XDC constraints or non-optimal design architecture
Related violations: <none>

TIMING-16#651 Warning
Large setup violation  
There is a large setup violation of -6.701 ns between swervolf/rvtop/veer/ifu/aln/bundle1ff/dout_reg[4]/C (clocked by clk_core) and swervolf/rvtop/mem/icache.icm/ic_data_inst/PACKED_1.BANKS_WAY[0].ECC0.size_256.WAYS.BYPASS[0].ic_addr_index/genblock.genblock.dff/genblock.dffs/dout_reg[22]/CE (clocked by clk_core). Large setup violations at the end of those stages might be difficult to fix during the post-placement implementation flow and could be the result of non-optimal XDC constraints or non-optimal design architecture
Related violations: <none>

TIMING-16#652 Warning
Large setup violation  
There is a large setup violation of -6.701 ns between swervolf/rvtop/veer/ifu/aln/bundle1ff/dout_reg[4]/C (clocked by clk_core) and swervolf/rvtop/mem/icache.icm/ic_data_inst/PACKED_1.BANKS_WAY[0].ECC0.size_256.WAYS.BYPASS[0].ic_addr_index/genblock.genblock.dff/genblock.dffs/dout_reg[23]/CE (clocked by clk_core). Large setup violations at the end of those stages might be difficult to fix during the post-placement implementation flow and could be the result of non-optimal XDC constraints or non-optimal design architecture
Related violations: <none>

TIMING-16#653 Warning
Large setup violation  
There is a large setup violation of -6.724 ns between swervolf/rvtop/veer/ifu/aln/bundle1ff/dout_reg[4]/C (clocked by clk_core) and swervolf/rvtop/mem/icache.icm/ic_data_inst/PACKED_1.BANKS_WAY[0].ECC0.size_256.WAYS.ic_bank_sb_way_data/ram_core_reg_0_255_133_133/RAMS64E_B/I (clocked by clk_core). Large setup violations at the end of those stages might be difficult to fix during the post-placement implementation flow and could be the result of non-optimal XDC constraints or non-optimal design architecture
Related violations: <none>

TIMING-16#654 Warning
Large setup violation  
There is a large setup violation of -6.724 ns between swervolf/rvtop/veer/ifu/aln/bundle1ff/dout_reg[4]/C (clocked by clk_core) and swervolf/rvtop/mem/icache.icm/ic_data_inst/PACKED_1.BANKS_WAY[0].ECC0.size_256.WAYS.ic_bank_sb_way_data/ram_core_reg_0_255_134_134/RAMS64E_B/I (clocked by clk_core). Large setup violations at the end of those stages might be difficult to fix during the post-placement implementation flow and could be the result of non-optimal XDC constraints or non-optimal design architecture
Related violations: <none>

TIMING-16#655 Warning
Large setup violation  
There is a large setup violation of -6.725 ns between swervolf/rvtop/veer/ifu/aln/bundle1ff/dout_reg[4]/C (clocked by clk_core) and swervolf/rvtop/mem/icache.icm/ic_data_inst/PACKED_1.BANKS_WAY[0].ECC0.size_256.WAYS.ic_bank_sb_way_data/ram_core_reg_0_255_133_133/RAMS64E_C/I (clocked by clk_core). Large setup violations at the end of those stages might be difficult to fix during the post-placement implementation flow and could be the result of non-optimal XDC constraints or non-optimal design architecture
Related violations: <none>

TIMING-16#656 Warning
Large setup violation  
There is a large setup violation of -6.725 ns between swervolf/rvtop/veer/ifu/aln/bundle1ff/dout_reg[4]/C (clocked by clk_core) and swervolf/rvtop/mem/icache.icm/ic_data_inst/PACKED_1.BANKS_WAY[0].ECC0.size_256.WAYS.ic_bank_sb_way_data/ram_core_reg_0_255_134_134/RAMS64E_C/I (clocked by clk_core). Large setup violations at the end of those stages might be difficult to fix during the post-placement implementation flow and could be the result of non-optimal XDC constraints or non-optimal design architecture
Related violations: <none>

TIMING-16#657 Warning
Large setup violation  
There is a large setup violation of -6.740 ns between swervolf/rvtop/veer/ifu/aln/bundle1ff/dout_reg[4]/C (clocked by clk_core) and swervolf/rvtop/mem/icache.icm/ic_data_inst/PACKED_1.BANKS_WAY[0].ECC0.size_256.WAYS.ic_bank_sb_way_data/ram_core_reg_0_255_130_130/RAMS64E_B/I (clocked by clk_core). Large setup violations at the end of those stages might be difficult to fix during the post-placement implementation flow and could be the result of non-optimal XDC constraints or non-optimal design architecture
Related violations: <none>

TIMING-16#658 Warning
Large setup violation  
There is a large setup violation of -6.741 ns between swervolf/rvtop/veer/ifu/aln/bundle1ff/dout_reg[4]/C (clocked by clk_core) and swervolf/rvtop/mem/icache.icm/ic_data_inst/PACKED_1.BANKS_WAY[0].ECC0.size_256.WAYS.ic_bank_sb_way_data/ram_core_reg_0_255_130_130/RAMS64E_C/I (clocked by clk_core). Large setup violations at the end of those stages might be difficult to fix during the post-placement implementation flow and could be the result of non-optimal XDC constraints or non-optimal design architecture
Related violations: <none>

TIMING-16#659 Warning
Large setup violation  
There is a large setup violation of -6.743 ns between swervolf/rvtop/veer/ifu/aln/bundle1ff/dout_reg[4]/C (clocked by clk_core) and swervolf/rvtop/mem/icache.icm/ic_data_inst/PACKED_1.BANKS_WAY[0].ECC0.size_256.WAYS.ic_bank_sb_way_data/ram_core_reg_0_255_103_103/RAMS64E_D/I (clocked by clk_core). Large setup violations at the end of those stages might be difficult to fix during the post-placement implementation flow and could be the result of non-optimal XDC constraints or non-optimal design architecture
Related violations: <none>

TIMING-16#660 Warning
Large setup violation  
There is a large setup violation of -6.765 ns between swervolf/rvtop/veer/ifu/aln/bundle1ff/dout_reg[4]/C (clocked by clk_core) and swervolf/rvtop/mem/icache.icm/ic_data_inst/PACKED_1.BANKS_WAY[0].ECC0.size_256.WAYS.ic_bank_sb_way_data/ram_core_reg_0_255_108_108/RAMS64E_A/I (clocked by clk_core). Large setup violations at the end of those stages might be difficult to fix during the post-placement implementation flow and could be the result of non-optimal XDC constraints or non-optimal design architecture
Related violations: <none>

TIMING-16#661 Warning
Large setup violation  
There is a large setup violation of -6.765 ns between swervolf/rvtop/veer/ifu/aln/bundle1ff/dout_reg[4]/C (clocked by clk_core) and swervolf/rvtop/mem/icache.icm/ic_data_inst/PACKED_1.BANKS_WAY[0].ECC0.size_256.WAYS.ic_bank_sb_way_data/ram_core_reg_0_255_13_13/RAMS64E_B/I (clocked by clk_core). Large setup violations at the end of those stages might be difficult to fix during the post-placement implementation flow and could be the result of non-optimal XDC constraints or non-optimal design architecture
Related violations: <none>

TIMING-16#662 Warning
Large setup violation  
There is a large setup violation of -6.766 ns between swervolf/rvtop/veer/ifu/aln/bundle1ff/dout_reg[4]/C (clocked by clk_core) and swervolf/rvtop/mem/icache.icm/ic_data_inst/PACKED_1.BANKS_WAY[0].ECC0.size_256.WAYS.ic_bank_sb_way_data/ram_core_reg_0_255_13_13/RAMS64E_C/I (clocked by clk_core). Large setup violations at the end of those stages might be difficult to fix during the post-placement implementation flow and could be the result of non-optimal XDC constraints or non-optimal design architecture
Related violations: <none>

TIMING-16#663 Warning
Large setup violation  
There is a large setup violation of -6.770 ns between swervolf/rvtop/veer/ifu/aln/bundle1ff/dout_reg[4]/C (clocked by clk_core) and swervolf/rvtop/mem/icache.icm/ic_data_inst/PACKED_1.BANKS_WAY[0].ECC0.size_256.WAYS.ic_bank_sb_way_data/ram_core_reg_0_255_14_14/RAMS64E_A/I (clocked by clk_core). Large setup violations at the end of those stages might be difficult to fix during the post-placement implementation flow and could be the result of non-optimal XDC constraints or non-optimal design architecture
Related violations: <none>

TIMING-16#664 Warning
Large setup violation  
There is a large setup violation of -6.773 ns between swervolf/rvtop/veer/ifu/aln/bundle1ff/dout_reg[4]/C (clocked by clk_core) and swervolf/rvtop/mem/icache.icm/ic_data_inst/PACKED_1.BANKS_WAY[0].ECC0.size_256.WAYS.ic_bank_sb_way_data/ram_core_reg_0_255_120_120/RAMS64E_B/I (clocked by clk_core). Large setup violations at the end of those stages might be difficult to fix during the post-placement implementation flow and could be the result of non-optimal XDC constraints or non-optimal design architecture
Related violations: <none>

TIMING-16#665 Warning
Large setup violation  
There is a large setup violation of -6.774 ns between swervolf/rvtop/veer/ifu/aln/bundle1ff/dout_reg[4]/C (clocked by clk_core) and swervolf/rvtop/mem/icache.icm/ic_data_inst/PACKED_1.BANKS_WAY[0].ECC0.size_256.WAYS.ic_bank_sb_way_data/ram_core_reg_0_255_120_120/RAMS64E_C/I (clocked by clk_core). Large setup violations at the end of those stages might be difficult to fix during the post-placement implementation flow and could be the result of non-optimal XDC constraints or non-optimal design architecture
Related violations: <none>

TIMING-16#666 Warning
Large setup violation  
There is a large setup violation of -6.783 ns between swervolf/rvtop/veer/ifu/aln/bundle1ff/dout_reg[4]/C (clocked by clk_core) and swervolf/rvtop/mem/icache.icm/ic_data_inst/PACKED_1.BANKS_WAY[0].ECC0.size_256.WAYS.ic_bank_sb_way_data/ram_core_reg_0_255_118_118/RAMS64E_A/I (clocked by clk_core). Large setup violations at the end of those stages might be difficult to fix during the post-placement implementation flow and could be the result of non-optimal XDC constraints or non-optimal design architecture
Related violations: <none>

TIMING-16#667 Warning
Large setup violation  
There is a large setup violation of -6.791 ns between swervolf/rvtop/veer/ifu/aln/bundle1ff/dout_reg[4]/C (clocked by clk_core) and swervolf/rvtop/mem/icache.icm/ic_data_inst/PACKED_1.BANKS_WAY[0].ECC0.size_256.WAYS.ic_bank_sb_way_data/ram_core_reg_0_255_110_110/RAMS64E_A/I (clocked by clk_core). Large setup violations at the end of those stages might be difficult to fix during the post-placement implementation flow and could be the result of non-optimal XDC constraints or non-optimal design architecture
Related violations: <none>

TIMING-16#668 Warning
Large setup violation  
There is a large setup violation of -6.802 ns between swervolf/rvtop/veer/ifu/aln/bundle1ff/dout_reg[4]/C (clocked by clk_core) and swervolf/rvtop/mem/icache.icm/ic_data_inst/PACKED_1.BANKS_WAY[0].ECC0.size_256.WAYS.ic_bank_sb_way_data/ram_core_reg_0_255_114_114/RAMS64E_B/I (clocked by clk_core). Large setup violations at the end of those stages might be difficult to fix during the post-placement implementation flow and could be the result of non-optimal XDC constraints or non-optimal design architecture
Related violations: <none>

TIMING-16#669 Warning
Large setup violation  
There is a large setup violation of -6.803 ns between swervolf/rvtop/veer/ifu/aln/bundle1ff/dout_reg[4]/C (clocked by clk_core) and swervolf/rvtop/mem/icache.icm/ic_data_inst/PACKED_1.BANKS_WAY[0].ECC0.size_256.WAYS.ic_bank_sb_way_data/ram_core_reg_0_255_114_114/RAMS64E_C/I (clocked by clk_core). Large setup violations at the end of those stages might be difficult to fix during the post-placement implementation flow and could be the result of non-optimal XDC constraints or non-optimal design architecture
Related violations: <none>

TIMING-16#670 Warning
Large setup violation  
There is a large setup violation of -6.807 ns between swervolf/rvtop/veer/ifu/aln/bundle1ff/dout_reg[4]/C (clocked by clk_core) and swervolf/rvtop/mem/icache.icm/ic_data_inst/PACKED_1.BANKS_WAY[0].ECC0.size_256.WAYS.ic_bank_sb_way_data/ram_core_reg_0_255_11_11/RAMS64E_A/I (clocked by clk_core). Large setup violations at the end of those stages might be difficult to fix during the post-placement implementation flow and could be the result of non-optimal XDC constraints or non-optimal design architecture
Related violations: <none>

TIMING-16#671 Warning
Large setup violation  
There is a large setup violation of -6.817 ns between swervolf/rvtop/veer/ifu/aln/bundle1ff/dout_reg[4]/C (clocked by clk_core) and swervolf/rvtop/mem/icache.icm/ic_data_inst/PACKED_1.BANKS_WAY[0].ECC0.size_256.WAYS.ic_bank_sb_way_data/ram_core_reg_0_255_105_105/RAMS64E_A/I (clocked by clk_core). Large setup violations at the end of those stages might be difficult to fix during the post-placement implementation flow and could be the result of non-optimal XDC constraints or non-optimal design architecture
Related violations: <none>

TIMING-16#672 Warning
Large setup violation  
There is a large setup violation of -6.826 ns between swervolf/rvtop/veer/ifu/aln/bundle1ff/dout_reg[4]/C (clocked by clk_core) and swervolf/rvtop/mem/icache.icm/ic_data_inst/PACKED_1.BANKS_WAY[0].ECC0.size_256.WAYS.ic_bank_sb_way_data/ram_core_reg_0_255_107_107/RAMS64E_A/I (clocked by clk_core). Large setup violations at the end of those stages might be difficult to fix during the post-placement implementation flow and could be the result of non-optimal XDC constraints or non-optimal design architecture
Related violations: <none>

TIMING-16#673 Warning
Large setup violation  
There is a large setup violation of -6.828 ns between swervolf/rvtop/veer/ifu/aln/bundle1ff/dout_reg[4]/C (clocked by clk_core) and swervolf/rvtop/mem/icache.icm/ic_data_inst/PACKED_1.BANKS_WAY[0].ECC0.size_256.WAYS.BYPASS[1].ic_addr_index/genblock.genblock.dff/genblock.dffs/dout_reg[6]/CE (clocked by clk_core). Large setup violations at the end of those stages might be difficult to fix during the post-placement implementation flow and could be the result of non-optimal XDC constraints or non-optimal design architecture
Related violations: <none>

TIMING-16#674 Warning
Large setup violation  
There is a large setup violation of -6.830 ns between swervolf/rvtop/veer/ifu/aln/bundle1ff/dout_reg[4]/C (clocked by clk_core) and swervolf/rvtop/mem/icache.icm/ic_data_inst/PACKED_1.BANKS_WAY[0].ECC0.size_256.WAYS.ic_bank_sb_way_data/ram_core_reg_0_255_0_0/RAMS64E_A/I (clocked by clk_core). Large setup violations at the end of those stages might be difficult to fix during the post-placement implementation flow and could be the result of non-optimal XDC constraints or non-optimal design architecture
Related violations: <none>

TIMING-16#675 Warning
Large setup violation  
There is a large setup violation of -6.842 ns between swervolf/rvtop/veer/ifu/aln/bundle1ff/dout_reg[4]/C (clocked by clk_core) and swervolf/rvtop/mem/icache.icm/ic_data_inst/PACKED_1.BANKS_WAY[0].ECC0.size_256.WAYS.ic_bank_sb_way_data/ram_core_reg_0_255_115_115/RAMS64E_A/I (clocked by clk_core). Large setup violations at the end of those stages might be difficult to fix during the post-placement implementation flow and could be the result of non-optimal XDC constraints or non-optimal design architecture
Related violations: <none>

TIMING-16#676 Warning
Large setup violation  
There is a large setup violation of -6.849 ns between swervolf/rvtop/veer/ifu/aln/bundle1ff/dout_reg[4]/C (clocked by clk_core) and swervolf/rvtop/mem/icache.icm/ic_data_inst/PACKED_1.BANKS_WAY[0].ECC0.size_256.WAYS.ic_bank_sb_way_data/ram_core_reg_0_255_135_135/RAMS64E_B/I (clocked by clk_core). Large setup violations at the end of those stages might be difficult to fix during the post-placement implementation flow and could be the result of non-optimal XDC constraints or non-optimal design architecture
Related violations: <none>

TIMING-16#677 Warning
Large setup violation  
There is a large setup violation of -6.850 ns between swervolf/rvtop/veer/ifu/aln/bundle1ff/dout_reg[4]/C (clocked by clk_core) and swervolf/rvtop/mem/icache.icm/ic_data_inst/PACKED_1.BANKS_WAY[0].ECC0.size_256.WAYS.BYPASS[1].ic_addr_index/genblock.genblock.dff/genblock.dffs/dout_reg[0]/CE (clocked by clk_core). Large setup violations at the end of those stages might be difficult to fix during the post-placement implementation flow and could be the result of non-optimal XDC constraints or non-optimal design architecture
Related violations: <none>

TIMING-16#678 Warning
Large setup violation  
There is a large setup violation of -6.850 ns between swervolf/rvtop/veer/ifu/aln/bundle1ff/dout_reg[4]/C (clocked by clk_core) and swervolf/rvtop/mem/icache.icm/ic_data_inst/PACKED_1.BANKS_WAY[0].ECC0.size_256.WAYS.BYPASS[1].ic_addr_index/genblock.genblock.dff/genblock.dffs/dout_reg[1]/CE (clocked by clk_core). Large setup violations at the end of those stages might be difficult to fix during the post-placement implementation flow and could be the result of non-optimal XDC constraints or non-optimal design architecture
Related violations: <none>

TIMING-16#679 Warning
Large setup violation  
There is a large setup violation of -6.850 ns between swervolf/rvtop/veer/ifu/aln/bundle1ff/dout_reg[4]/C (clocked by clk_core) and swervolf/rvtop/mem/icache.icm/ic_data_inst/PACKED_1.BANKS_WAY[0].ECC0.size_256.WAYS.BYPASS[1].ic_addr_index/genblock.genblock.dff/genblock.dffs/dout_reg[2]/CE (clocked by clk_core). Large setup violations at the end of those stages might be difficult to fix during the post-placement implementation flow and could be the result of non-optimal XDC constraints or non-optimal design architecture
Related violations: <none>

TIMING-16#680 Warning
Large setup violation  
There is a large setup violation of -6.850 ns between swervolf/rvtop/veer/ifu/aln/bundle1ff/dout_reg[4]/C (clocked by clk_core) and swervolf/rvtop/mem/icache.icm/ic_data_inst/PACKED_1.BANKS_WAY[0].ECC0.size_256.WAYS.BYPASS[1].ic_addr_index/genblock.genblock.dff/genblock.dffs/dout_reg[3]/CE (clocked by clk_core). Large setup violations at the end of those stages might be difficult to fix during the post-placement implementation flow and could be the result of non-optimal XDC constraints or non-optimal design architecture
Related violations: <none>

TIMING-16#681 Warning
Large setup violation  
There is a large setup violation of -6.850 ns between swervolf/rvtop/veer/ifu/aln/bundle1ff/dout_reg[4]/C (clocked by clk_core) and swervolf/rvtop/mem/icache.icm/ic_data_inst/PACKED_1.BANKS_WAY[0].ECC0.size_256.WAYS.BYPASS[1].ic_addr_index/genblock.genblock.dff/genblock.dffs/dout_reg[4]/CE (clocked by clk_core). Large setup violations at the end of those stages might be difficult to fix during the post-placement implementation flow and could be the result of non-optimal XDC constraints or non-optimal design architecture
Related violations: <none>

TIMING-16#682 Warning
Large setup violation  
There is a large setup violation of -6.850 ns between swervolf/rvtop/veer/ifu/aln/bundle1ff/dout_reg[4]/C (clocked by clk_core) and swervolf/rvtop/mem/icache.icm/ic_data_inst/PACKED_1.BANKS_WAY[0].ECC0.size_256.WAYS.BYPASS[1].ic_addr_index/genblock.genblock.dff/genblock.dffs/dout_reg[5]/CE (clocked by clk_core). Large setup violations at the end of those stages might be difficult to fix during the post-placement implementation flow and could be the result of non-optimal XDC constraints or non-optimal design architecture
Related violations: <none>

TIMING-16#683 Warning
Large setup violation  
There is a large setup violation of -6.850 ns between swervolf/rvtop/veer/ifu/aln/bundle1ff/dout_reg[4]/C (clocked by clk_core) and swervolf/rvtop/mem/icache.icm/ic_data_inst/PACKED_1.BANKS_WAY[0].ECC0.size_256.WAYS.BYPASS[1].ic_addr_index/genblock.genblock.dff/genblock.dffs/dout_reg[7]/CE (clocked by clk_core). Large setup violations at the end of those stages might be difficult to fix during the post-placement implementation flow and could be the result of non-optimal XDC constraints or non-optimal design architecture
Related violations: <none>

TIMING-16#684 Warning
Large setup violation  
There is a large setup violation of -6.850 ns between swervolf/rvtop/veer/ifu/aln/bundle1ff/dout_reg[4]/C (clocked by clk_core) and swervolf/rvtop/mem/icache.icm/ic_data_inst/PACKED_1.BANKS_WAY[0].ECC0.size_256.WAYS.ic_bank_sb_way_data/ram_core_reg_0_255_135_135/RAMS64E_C/I (clocked by clk_core). Large setup violations at the end of those stages might be difficult to fix during the post-placement implementation flow and could be the result of non-optimal XDC constraints or non-optimal design architecture
Related violations: <none>

TIMING-16#685 Warning
Large setup violation  
There is a large setup violation of -6.925 ns between swervolf/rvtop/veer/ifu/aln/bundle1ff/dout_reg[4]/C (clocked by clk_core) and swervolf/rvtop/mem/icache.icm/ic_data_inst/PACKED_1.BANKS_WAY[0].ECC0.size_256.WAYS.ic_bank_sb_way_data/ram_core_reg_0_255_122_122/RAMS64E_A/I (clocked by clk_core). Large setup violations at the end of those stages might be difficult to fix during the post-placement implementation flow and could be the result of non-optimal XDC constraints or non-optimal design architecture
Related violations: <none>

TIMING-16#686 Warning
Large setup violation  
There is a large setup violation of -6.941 ns between swervolf/rvtop/veer/ifu/aln/bundle1ff/dout_reg[4]/C (clocked by clk_core) and swervolf/rvtop/mem/icache.icm/ic_data_inst/PACKED_1.BANKS_WAY[0].ECC0.size_256.WAYS.ic_bank_sb_way_data/ram_core_reg_0_255_112_112/RAMS64E_B/I (clocked by clk_core). Large setup violations at the end of those stages might be difficult to fix during the post-placement implementation flow and could be the result of non-optimal XDC constraints or non-optimal design architecture
Related violations: <none>

TIMING-16#687 Warning
Large setup violation  
There is a large setup violation of -6.942 ns between swervolf/rvtop/veer/ifu/aln/bundle1ff/dout_reg[4]/C (clocked by clk_core) and swervolf/rvtop/mem/icache.icm/ic_data_inst/PACKED_1.BANKS_WAY[0].ECC0.size_256.WAYS.ic_bank_sb_way_data/ram_core_reg_0_255_112_112/RAMS64E_C/I (clocked by clk_core). Large setup violations at the end of those stages might be difficult to fix during the post-placement implementation flow and could be the result of non-optimal XDC constraints or non-optimal design architecture
Related violations: <none>

TIMING-16#688 Warning
Large setup violation  
There is a large setup violation of -6.987 ns between swervolf/rvtop/veer/ifu/aln/bundle1ff/dout_reg[4]/C (clocked by clk_core) and swervolf/rvtop/mem/icache.icm/ic_data_inst/PACKED_1.BANKS_WAY[0].ECC0.size_256.WAYS.ic_bank_sb_way_data/ram_core_reg_0_255_106_106/RAMS64E_A/I (clocked by clk_core). Large setup violations at the end of those stages might be difficult to fix during the post-placement implementation flow and could be the result of non-optimal XDC constraints or non-optimal design architecture
Related violations: <none>

TIMING-16#689 Warning
Large setup violation  
There is a large setup violation of -6.996 ns between swervolf/rvtop/veer/ifu/aln/bundle1ff/dout_reg[4]/C (clocked by clk_core) and swervolf/rvtop/mem/icache.icm/ic_data_inst/PACKED_1.BANKS_WAY[0].ECC0.size_256.WAYS.ic_bank_sb_way_data/ram_core_reg_0_255_103_103/RAMS64E_B/I (clocked by clk_core). Large setup violations at the end of those stages might be difficult to fix during the post-placement implementation flow and could be the result of non-optimal XDC constraints or non-optimal design architecture
Related violations: <none>

TIMING-16#690 Warning
Large setup violation  
There is a large setup violation of -6.997 ns between swervolf/rvtop/veer/ifu/aln/bundle1ff/dout_reg[4]/C (clocked by clk_core) and swervolf/rvtop/mem/icache.icm/ic_data_inst/PACKED_1.BANKS_WAY[0].ECC0.size_256.WAYS.ic_bank_sb_way_data/ram_core_reg_0_255_103_103/RAMS64E_C/I (clocked by clk_core). Large setup violations at the end of those stages might be difficult to fix during the post-placement implementation flow and could be the result of non-optimal XDC constraints or non-optimal design architecture
Related violations: <none>

TIMING-16#691 Warning
Large setup violation  
There is a large setup violation of -7.012 ns between swervolf/rvtop/veer/ifu/aln/bundle1ff/dout_reg[4]/C (clocked by clk_core) and swervolf/rvtop/mem/icache.icm/ic_data_inst/PACKED_1.BANKS_WAY[0].ECC0.size_256.WAYS.ic_bank_sb_way_data/ram_core_reg_0_255_133_133/RAMS64E_A/I (clocked by clk_core). Large setup violations at the end of those stages might be difficult to fix during the post-placement implementation flow and could be the result of non-optimal XDC constraints or non-optimal design architecture
Related violations: <none>

TIMING-16#692 Warning
Large setup violation  
There is a large setup violation of -7.012 ns between swervolf/rvtop/veer/ifu/aln/bundle1ff/dout_reg[4]/C (clocked by clk_core) and swervolf/rvtop/mem/icache.icm/ic_data_inst/PACKED_1.BANKS_WAY[0].ECC0.size_256.WAYS.ic_bank_sb_way_data/ram_core_reg_0_255_134_134/RAMS64E_A/I (clocked by clk_core). Large setup violations at the end of those stages might be difficult to fix during the post-placement implementation flow and could be the result of non-optimal XDC constraints or non-optimal design architecture
Related violations: <none>

TIMING-16#693 Warning
Large setup violation  
There is a large setup violation of -7.028 ns between swervolf/rvtop/veer/ifu/aln/bundle1ff/dout_reg[4]/C (clocked by clk_core) and swervolf/rvtop/mem/icache.icm/ic_data_inst/PACKED_1.BANKS_WAY[0].ECC0.size_256.WAYS.ic_bank_sb_way_data/ram_core_reg_0_255_130_130/RAMS64E_A/I (clocked by clk_core). Large setup violations at the end of those stages might be difficult to fix during the post-placement implementation flow and could be the result of non-optimal XDC constraints or non-optimal design architecture
Related violations: <none>

TIMING-16#694 Warning
Large setup violation  
There is a large setup violation of -7.053 ns between swervolf/rvtop/veer/ifu/aln/bundle1ff/dout_reg[4]/C (clocked by clk_core) and swervolf/rvtop/mem/icache.icm/ic_data_inst/PACKED_1.BANKS_WAY[0].ECC0.size_256.WAYS.ic_bank_sb_way_data/ram_core_reg_0_255_13_13/RAMS64E_A/I (clocked by clk_core). Large setup violations at the end of those stages might be difficult to fix during the post-placement implementation flow and could be the result of non-optimal XDC constraints or non-optimal design architecture
Related violations: <none>

TIMING-16#695 Warning
Large setup violation  
There is a large setup violation of -7.061 ns between swervolf/rvtop/veer/ifu/aln/bundle1ff/dout_reg[4]/C (clocked by clk_core) and swervolf/rvtop/mem/icache.icm/ic_data_inst/PACKED_1.BANKS_WAY[0].ECC0.size_256.WAYS.ic_bank_sb_way_data/ram_core_reg_0_255_120_120/RAMS64E_A/I (clocked by clk_core). Large setup violations at the end of those stages might be difficult to fix during the post-placement implementation flow and could be the result of non-optimal XDC constraints or non-optimal design architecture
Related violations: <none>

TIMING-16#696 Warning
Large setup violation  
There is a large setup violation of -7.090 ns between swervolf/rvtop/veer/ifu/aln/bundle1ff/dout_reg[4]/C (clocked by clk_core) and swervolf/rvtop/mem/icache.icm/ic_data_inst/PACKED_1.BANKS_WAY[0].ECC0.size_256.WAYS.ic_bank_sb_way_data/ram_core_reg_0_255_114_114/RAMS64E_A/I (clocked by clk_core). Large setup violations at the end of those stages might be difficult to fix during the post-placement implementation flow and could be the result of non-optimal XDC constraints or non-optimal design architecture
Related violations: <none>

TIMING-16#697 Warning
Large setup violation  
There is a large setup violation of -7.137 ns between swervolf/rvtop/veer/ifu/aln/bundle1ff/dout_reg[4]/C (clocked by clk_core) and swervolf/rvtop/mem/icache.icm/ic_data_inst/PACKED_1.BANKS_WAY[0].ECC0.size_256.WAYS.ic_bank_sb_way_data/ram_core_reg_0_255_135_135/RAMS64E_A/I (clocked by clk_core). Large setup violations at the end of those stages might be difficult to fix during the post-placement implementation flow and could be the result of non-optimal XDC constraints or non-optimal design architecture
Related violations: <none>

TIMING-16#698 Warning
Large setup violation  
There is a large setup violation of -7.229 ns between swervolf/rvtop/veer/ifu/aln/bundle1ff/dout_reg[4]/C (clocked by clk_core) and swervolf/rvtop/mem/icache.icm/ic_data_inst/PACKED_1.BANKS_WAY[0].ECC0.size_256.WAYS.ic_bank_sb_way_data/ram_core_reg_0_255_112_112/RAMS64E_A/I (clocked by clk_core). Large setup violations at the end of those stages might be difficult to fix during the post-placement implementation flow and could be the result of non-optimal XDC constraints or non-optimal design architecture
Related violations: <none>

TIMING-16#699 Warning
Large setup violation  
There is a large setup violation of -7.284 ns between swervolf/rvtop/veer/ifu/aln/bundle1ff/dout_reg[4]/C (clocked by clk_core) and swervolf/rvtop/mem/icache.icm/ic_data_inst/PACKED_1.BANKS_WAY[0].ECC0.size_256.WAYS.ic_bank_sb_way_data/ram_core_reg_0_255_103_103/RAMS64E_A/I (clocked by clk_core). Large setup violations at the end of those stages might be difficult to fix during the post-placement implementation flow and could be the result of non-optimal XDC constraints or non-optimal design architecture
Related violations: <none>

TIMING-16#700 Warning
Large setup violation  
There is a large setup violation of -7.561 ns between swervolf/rvtop/veer/ifu/aln/bundle1ff/dout_reg[4]/C (clocked by clk_core) and swervolf/rvtop/mem/icache.icm/ic_data_inst/PACKED_1.BANKS_WAY[0].ECC0.size_256.WAYS.ic_bank_sb_way_data/Q_reg[36]/CE (clocked by clk_core). Large setup violations at the end of those stages might be difficult to fix during the post-placement implementation flow and could be the result of non-optimal XDC constraints or non-optimal design architecture
Related violations: <none>

TIMING-16#701 Warning
Large setup violation  
There is a large setup violation of -7.700 ns between swervolf/rvtop/veer/ifu/aln/bundle1ff/dout_reg[4]/C (clocked by clk_core) and swervolf/rvtop/mem/icache.icm/ic_data_inst/PACKED_1.BANKS_WAY[0].ECC0.size_256.WAYS.ic_bank_sb_way_data/ram_core_reg_0_255_112_112/RAMS64E_A/WE (clocked by clk_core). Large setup violations at the end of those stages might be difficult to fix during the post-placement implementation flow and could be the result of non-optimal XDC constraints or non-optimal design architecture
Related violations: <none>

TIMING-16#702 Warning
Large setup violation  
There is a large setup violation of -7.700 ns between swervolf/rvtop/veer/ifu/aln/bundle1ff/dout_reg[4]/C (clocked by clk_core) and swervolf/rvtop/mem/icache.icm/ic_data_inst/PACKED_1.BANKS_WAY[0].ECC0.size_256.WAYS.ic_bank_sb_way_data/ram_core_reg_0_255_112_112/RAMS64E_B/WE (clocked by clk_core). Large setup violations at the end of those stages might be difficult to fix during the post-placement implementation flow and could be the result of non-optimal XDC constraints or non-optimal design architecture
Related violations: <none>

TIMING-16#703 Warning
Large setup violation  
There is a large setup violation of -7.700 ns between swervolf/rvtop/veer/ifu/aln/bundle1ff/dout_reg[4]/C (clocked by clk_core) and swervolf/rvtop/mem/icache.icm/ic_data_inst/PACKED_1.BANKS_WAY[0].ECC0.size_256.WAYS.ic_bank_sb_way_data/ram_core_reg_0_255_112_112/RAMS64E_C/WE (clocked by clk_core). Large setup violations at the end of those stages might be difficult to fix during the post-placement implementation flow and could be the result of non-optimal XDC constraints or non-optimal design architecture
Related violations: <none>

TIMING-16#704 Warning
Large setup violation  
There is a large setup violation of -7.700 ns between swervolf/rvtop/veer/ifu/aln/bundle1ff/dout_reg[4]/C (clocked by clk_core) and swervolf/rvtop/mem/icache.icm/ic_data_inst/PACKED_1.BANKS_WAY[0].ECC0.size_256.WAYS.ic_bank_sb_way_data/ram_core_reg_0_255_112_112/RAMS64E_D/WE (clocked by clk_core). Large setup violations at the end of those stages might be difficult to fix during the post-placement implementation flow and could be the result of non-optimal XDC constraints or non-optimal design architecture
Related violations: <none>

TIMING-16#705 Warning
Large setup violation  
There is a large setup violation of -7.702 ns between swervolf/rvtop/veer/ifu/aln/bundle1ff/dout_reg[4]/C (clocked by clk_core) and swervolf/rvtop/mem/icache.icm/ic_data_inst/PACKED_1.BANKS_WAY[0].ECC0.size_256.WAYS.ic_bank_sb_way_data/Q_reg[112]/CE (clocked by clk_core). Large setup violations at the end of those stages might be difficult to fix during the post-placement implementation flow and could be the result of non-optimal XDC constraints or non-optimal design architecture
Related violations: <none>

TIMING-16#706 Warning
Large setup violation  
There is a large setup violation of -7.722 ns between swervolf/rvtop/veer/ifu/aln/bundle1ff/dout_reg[4]/C (clocked by clk_core) and swervolf/rvtop/mem/icache.icm/ic_data_inst/PACKED_1.BANKS_WAY[0].ECC0.size_256.WAYS.ic_bank_sb_way_data/Q_reg[109]/CE (clocked by clk_core). Large setup violations at the end of those stages might be difficult to fix during the post-placement implementation flow and could be the result of non-optimal XDC constraints or non-optimal design architecture
Related violations: <none>

TIMING-16#707 Warning
Large setup violation  
There is a large setup violation of -7.722 ns between swervolf/rvtop/veer/ifu/aln/bundle1ff/dout_reg[4]/C (clocked by clk_core) and swervolf/rvtop/mem/icache.icm/ic_data_inst/PACKED_1.BANKS_WAY[0].ECC0.size_256.WAYS.ic_bank_sb_way_data/Q_reg[41]/CE (clocked by clk_core). Large setup violations at the end of those stages might be difficult to fix during the post-placement implementation flow and could be the result of non-optimal XDC constraints or non-optimal design architecture
Related violations: <none>

TIMING-16#708 Warning
Large setup violation  
There is a large setup violation of -7.724 ns between swervolf/rvtop/veer/ifu/aln/bundle1ff/dout_reg[4]/C (clocked by clk_core) and swervolf/rvtop/mem/icache.icm/ic_data_inst/PACKED_1.BANKS_WAY[0].ECC0.size_256.WAYS.ic_bank_sb_way_data/Q_reg[113]/CE (clocked by clk_core). Large setup violations at the end of those stages might be difficult to fix during the post-placement implementation flow and could be the result of non-optimal XDC constraints or non-optimal design architecture
Related violations: <none>

TIMING-16#709 Warning
Large setup violation  
There is a large setup violation of -7.724 ns between swervolf/rvtop/veer/ifu/aln/bundle1ff/dout_reg[4]/C (clocked by clk_core) and swervolf/rvtop/mem/icache.icm/ic_data_inst/PACKED_1.BANKS_WAY[0].ECC0.size_256.WAYS.ic_bank_sb_way_data/Q_reg[44]/CE (clocked by clk_core). Large setup violations at the end of those stages might be difficult to fix during the post-placement implementation flow and could be the result of non-optimal XDC constraints or non-optimal design architecture
Related violations: <none>

TIMING-16#710 Warning
Large setup violation  
There is a large setup violation of -7.724 ns between swervolf/rvtop/veer/ifu/aln/bundle1ff/dout_reg[4]/C (clocked by clk_core) and swervolf/rvtop/mem/icache.icm/ic_data_inst/PACKED_1.BANKS_WAY[0].ECC0.size_256.WAYS.ic_bank_sb_way_data/Q_reg[45]/CE (clocked by clk_core). Large setup violations at the end of those stages might be difficult to fix during the post-placement implementation flow and could be the result of non-optimal XDC constraints or non-optimal design architecture
Related violations: <none>

TIMING-16#711 Warning
Large setup violation  
There is a large setup violation of -7.724 ns between swervolf/rvtop/veer/ifu/aln/bundle1ff/dout_reg[4]/C (clocked by clk_core) and swervolf/rvtop/mem/icache.icm/ic_data_inst/PACKED_1.BANKS_WAY[0].ECC0.size_256.WAYS.ic_bank_sb_way_data/Q_reg[66]/CE (clocked by clk_core). Large setup violations at the end of those stages might be difficult to fix during the post-placement implementation flow and could be the result of non-optimal XDC constraints or non-optimal design architecture
Related violations: <none>

TIMING-16#712 Warning
Large setup violation  
There is a large setup violation of -7.757 ns between swervolf/rvtop/veer/ifu/aln/bundle1ff/dout_reg[4]/C (clocked by clk_core) and swervolf/rvtop/mem/icache.icm/ic_data_inst/PACKED_1.BANKS_WAY[0].ECC0.size_256.WAYS.ic_bank_sb_way_data/ram_core_reg_0_255_104_104/RAMS64E_A/WE (clocked by clk_core). Large setup violations at the end of those stages might be difficult to fix during the post-placement implementation flow and could be the result of non-optimal XDC constraints or non-optimal design architecture
Related violations: <none>

TIMING-16#713 Warning
Large setup violation  
There is a large setup violation of -7.757 ns between swervolf/rvtop/veer/ifu/aln/bundle1ff/dout_reg[4]/C (clocked by clk_core) and swervolf/rvtop/mem/icache.icm/ic_data_inst/PACKED_1.BANKS_WAY[0].ECC0.size_256.WAYS.ic_bank_sb_way_data/ram_core_reg_0_255_104_104/RAMS64E_B/WE (clocked by clk_core). Large setup violations at the end of those stages might be difficult to fix during the post-placement implementation flow and could be the result of non-optimal XDC constraints or non-optimal design architecture
Related violations: <none>

TIMING-16#714 Warning
Large setup violation  
There is a large setup violation of -7.757 ns between swervolf/rvtop/veer/ifu/aln/bundle1ff/dout_reg[4]/C (clocked by clk_core) and swervolf/rvtop/mem/icache.icm/ic_data_inst/PACKED_1.BANKS_WAY[0].ECC0.size_256.WAYS.ic_bank_sb_way_data/ram_core_reg_0_255_104_104/RAMS64E_C/WE (clocked by clk_core). Large setup violations at the end of those stages might be difficult to fix during the post-placement implementation flow and could be the result of non-optimal XDC constraints or non-optimal design architecture
Related violations: <none>

TIMING-16#715 Warning
Large setup violation  
There is a large setup violation of -7.757 ns between swervolf/rvtop/veer/ifu/aln/bundle1ff/dout_reg[4]/C (clocked by clk_core) and swervolf/rvtop/mem/icache.icm/ic_data_inst/PACKED_1.BANKS_WAY[0].ECC0.size_256.WAYS.ic_bank_sb_way_data/ram_core_reg_0_255_104_104/RAMS64E_D/WE (clocked by clk_core). Large setup violations at the end of those stages might be difficult to fix during the post-placement implementation flow and could be the result of non-optimal XDC constraints or non-optimal design architecture
Related violations: <none>

TIMING-16#716 Warning
Large setup violation  
There is a large setup violation of -7.769 ns between swervolf/rvtop/veer/ifu/aln/bundle1ff/dout_reg[4]/C (clocked by clk_core) and swervolf/rvtop/mem/icache.icm/ic_data_inst/PACKED_1.BANKS_WAY[0].ECC0.size_256.WAYS.ic_bank_sb_way_data/Q_reg[105]/CE (clocked by clk_core). Large setup violations at the end of those stages might be difficult to fix during the post-placement implementation flow and could be the result of non-optimal XDC constraints or non-optimal design architecture
Related violations: <none>

TIMING-16#717 Warning
Large setup violation  
There is a large setup violation of -7.786 ns between swervolf/rvtop/veer/ifu/aln/bundle1ff/dout_reg[4]/C (clocked by clk_core) and swervolf/rvtop/mem/icache.icm/ic_data_inst/PACKED_1.BANKS_WAY[0].ECC0.size_256.WAYS.ic_bank_sb_way_data/Q_reg[114]/CE (clocked by clk_core). Large setup violations at the end of those stages might be difficult to fix during the post-placement implementation flow and could be the result of non-optimal XDC constraints or non-optimal design architecture
Related violations: <none>

TIMING-16#718 Warning
Large setup violation  
There is a large setup violation of -7.786 ns between swervolf/rvtop/veer/ifu/aln/bundle1ff/dout_reg[4]/C (clocked by clk_core) and swervolf/rvtop/mem/icache.icm/ic_data_inst/PACKED_1.BANKS_WAY[0].ECC0.size_256.WAYS.ic_bank_sb_way_data/Q_reg[46]/CE (clocked by clk_core). Large setup violations at the end of those stages might be difficult to fix during the post-placement implementation flow and could be the result of non-optimal XDC constraints or non-optimal design architecture
Related violations: <none>

TIMING-16#719 Warning
Large setup violation  
There is a large setup violation of -7.795 ns between swervolf/rvtop/veer/ifu/aln/bundle1ff/dout_reg[4]/C (clocked by clk_core) and swervolf/rvtop/mem/icache.icm/ic_data_inst/PACKED_1.BANKS_WAY[0].ECC0.size_256.WAYS.ic_bank_sb_way_data/Q_reg[39]/CE (clocked by clk_core). Large setup violations at the end of those stages might be difficult to fix during the post-placement implementation flow and could be the result of non-optimal XDC constraints or non-optimal design architecture
Related violations: <none>

TIMING-16#720 Warning
Large setup violation  
There is a large setup violation of -7.828 ns between swervolf/rvtop/veer/ifu/aln/bundle1ff/dout_reg[4]/C (clocked by clk_core) and swervolf/rvtop/mem/icache.icm/ic_data_inst/PACKED_1.BANKS_WAY[0].ECC0.size_256.WAYS.ic_bank_sb_way_data/Q_reg[108]/CE (clocked by clk_core). Large setup violations at the end of those stages might be difficult to fix during the post-placement implementation flow and could be the result of non-optimal XDC constraints or non-optimal design architecture
Related violations: <none>

TIMING-16#721 Warning
Large setup violation  
There is a large setup violation of -7.828 ns between swervolf/rvtop/veer/ifu/aln/bundle1ff/dout_reg[4]/C (clocked by clk_core) and swervolf/rvtop/mem/icache.icm/ic_data_inst/PACKED_1.BANKS_WAY[0].ECC0.size_256.WAYS.ic_bank_sb_way_data/Q_reg[110]/CE (clocked by clk_core). Large setup violations at the end of those stages might be difficult to fix during the post-placement implementation flow and could be the result of non-optimal XDC constraints or non-optimal design architecture
Related violations: <none>

TIMING-16#722 Warning
Large setup violation  
There is a large setup violation of -7.828 ns between swervolf/rvtop/veer/ifu/aln/bundle1ff/dout_reg[4]/C (clocked by clk_core) and swervolf/rvtop/mem/icache.icm/ic_data_inst/PACKED_1.BANKS_WAY[0].ECC0.size_256.WAYS.ic_bank_sb_way_data/Q_reg[111]/CE (clocked by clk_core). Large setup violations at the end of those stages might be difficult to fix during the post-placement implementation flow and could be the result of non-optimal XDC constraints or non-optimal design architecture
Related violations: <none>

TIMING-16#723 Warning
Large setup violation  
There is a large setup violation of -7.828 ns between swervolf/rvtop/veer/ifu/aln/bundle1ff/dout_reg[4]/C (clocked by clk_core) and swervolf/rvtop/mem/icache.icm/ic_data_inst/PACKED_1.BANKS_WAY[0].ECC0.size_256.WAYS.ic_bank_sb_way_data/Q_reg[42]/CE (clocked by clk_core). Large setup violations at the end of those stages might be difficult to fix during the post-placement implementation flow and could be the result of non-optimal XDC constraints or non-optimal design architecture
Related violations: <none>

TIMING-16#724 Warning
Large setup violation  
There is a large setup violation of -7.828 ns between swervolf/rvtop/veer/ifu/aln/bundle1ff/dout_reg[4]/C (clocked by clk_core) and swervolf/rvtop/mem/icache.icm/ic_data_inst/PACKED_1.BANKS_WAY[0].ECC0.size_256.WAYS.ic_bank_sb_way_data/Q_reg[43]/CE (clocked by clk_core). Large setup violations at the end of those stages might be difficult to fix during the post-placement implementation flow and could be the result of non-optimal XDC constraints or non-optimal design architecture
Related violations: <none>

TIMING-16#725 Warning
Large setup violation  
There is a large setup violation of -7.829 ns between swervolf/rvtop/veer/ifu/aln/bundle1ff/dout_reg[4]/C (clocked by clk_core) and swervolf/rvtop/mem/icache.icm/ic_data_inst/PACKED_1.BANKS_WAY[0].ECC0.size_256.WAYS.ic_bank_sb_way_data/Q_reg[14]/CE (clocked by clk_core). Large setup violations at the end of those stages might be difficult to fix during the post-placement implementation flow and could be the result of non-optimal XDC constraints or non-optimal design architecture
Related violations: <none>

TIMING-16#726 Warning
Large setup violation  
There is a large setup violation of -7.829 ns between swervolf/rvtop/veer/ifu/aln/bundle1ff/dout_reg[4]/C (clocked by clk_core) and swervolf/rvtop/mem/icache.icm/ic_data_inst/PACKED_1.BANKS_WAY[0].ECC0.size_256.WAYS.ic_bank_sb_way_data/Q_reg[54]/CE (clocked by clk_core). Large setup violations at the end of those stages might be difficult to fix during the post-placement implementation flow and could be the result of non-optimal XDC constraints or non-optimal design architecture
Related violations: <none>

TIMING-16#727 Warning
Large setup violation  
There is a large setup violation of -7.829 ns between swervolf/rvtop/veer/ifu/aln/bundle1ff/dout_reg[4]/C (clocked by clk_core) and swervolf/rvtop/mem/icache.icm/ic_data_inst/PACKED_1.BANKS_WAY[0].ECC0.size_256.WAYS.ic_bank_sb_way_data/Q_reg[5]/CE (clocked by clk_core). Large setup violations at the end of those stages might be difficult to fix during the post-placement implementation flow and could be the result of non-optimal XDC constraints or non-optimal design architecture
Related violations: <none>

TIMING-16#728 Warning
Large setup violation  
There is a large setup violation of -7.829 ns between swervolf/rvtop/veer/ifu/aln/bundle1ff/dout_reg[4]/C (clocked by clk_core) and swervolf/rvtop/mem/icache.icm/ic_data_inst/PACKED_1.BANKS_WAY[0].ECC0.size_256.WAYS.ic_bank_sb_way_data/Q_reg[63]/CE (clocked by clk_core). Large setup violations at the end of those stages might be difficult to fix during the post-placement implementation flow and could be the result of non-optimal XDC constraints or non-optimal design architecture
Related violations: <none>

TIMING-16#729 Warning
Large setup violation  
There is a large setup violation of -7.832 ns between swervolf/rvtop/veer/ifu/aln/bundle1ff/dout_reg[4]/C (clocked by clk_core) and swervolf/rvtop/mem/icache.icm/ic_data_inst/PACKED_1.BANKS_WAY[0].ECC0.size_256.WAYS.ic_bank_sb_way_data/Q_reg[134]/CE (clocked by clk_core). Large setup violations at the end of those stages might be difficult to fix during the post-placement implementation flow and could be the result of non-optimal XDC constraints or non-optimal design architecture
Related violations: <none>

TIMING-16#730 Warning
Large setup violation  
There is a large setup violation of -7.832 ns between swervolf/rvtop/veer/ifu/aln/bundle1ff/dout_reg[4]/C (clocked by clk_core) and swervolf/rvtop/mem/icache.icm/ic_data_inst/PACKED_1.BANKS_WAY[0].ECC0.size_256.WAYS.ic_bank_sb_way_data/Q_reg[73]/CE (clocked by clk_core). Large setup violations at the end of those stages might be difficult to fix during the post-placement implementation flow and could be the result of non-optimal XDC constraints or non-optimal design architecture
Related violations: <none>

TIMING-16#731 Warning
Large setup violation  
There is a large setup violation of -7.832 ns between swervolf/rvtop/veer/ifu/aln/bundle1ff/dout_reg[4]/C (clocked by clk_core) and swervolf/rvtop/mem/icache.icm/ic_data_inst/PACKED_1.BANKS_WAY[0].ECC0.size_256.WAYS.ic_bank_sb_way_data/Q_reg[82]/CE (clocked by clk_core). Large setup violations at the end of those stages might be difficult to fix during the post-placement implementation flow and could be the result of non-optimal XDC constraints or non-optimal design architecture
Related violations: <none>

TIMING-16#732 Warning
Large setup violation  
There is a large setup violation of -7.842 ns between swervolf/rvtop/veer/ifu/aln/bundle1ff/dout_reg[4]/C (clocked by clk_core) and swervolf/rvtop/mem/icache.icm/ic_data_inst/PACKED_1.BANKS_WAY[0].ECC0.size_256.WAYS.ic_bank_sb_way_data/Q_reg[6]/CE (clocked by clk_core). Large setup violations at the end of those stages might be difficult to fix during the post-placement implementation flow and could be the result of non-optimal XDC constraints or non-optimal design architecture
Related violations: <none>

TIMING-16#733 Warning
Large setup violation  
There is a large setup violation of -7.844 ns between swervolf/rvtop/veer/ifu/aln/bundle1ff/dout_reg[4]/C (clocked by clk_core) and swervolf/rvtop/mem/icache.icm/ic_data_inst/PACKED_1.BANKS_WAY[0].ECC0.size_256.WAYS.ic_bank_sb_way_data/Q_reg[122]/CE (clocked by clk_core). Large setup violations at the end of those stages might be difficult to fix during the post-placement implementation flow and could be the result of non-optimal XDC constraints or non-optimal design architecture
Related violations: <none>

TIMING-16#734 Warning
Large setup violation  
There is a large setup violation of -7.844 ns between swervolf/rvtop/veer/ifu/aln/bundle1ff/dout_reg[4]/C (clocked by clk_core) and swervolf/rvtop/mem/icache.icm/ic_data_inst/PACKED_1.BANKS_WAY[0].ECC0.size_256.WAYS.ic_bank_sb_way_data/Q_reg[123]/CE (clocked by clk_core). Large setup violations at the end of those stages might be difficult to fix during the post-placement implementation flow and could be the result of non-optimal XDC constraints or non-optimal design architecture
Related violations: <none>

TIMING-16#735 Warning
Large setup violation  
There is a large setup violation of -7.850 ns between swervolf/rvtop/veer/ifu/aln/bundle1ff/dout_reg[4]/C (clocked by clk_core) and swervolf/rvtop/mem/icache.icm/ic_data_inst/PACKED_1.BANKS_WAY[0].ECC0.size_256.WAYS.ic_bank_sb_way_data/ram_core_reg_0_255_113_113/RAMS64E_A/WE (clocked by clk_core). Large setup violations at the end of those stages might be difficult to fix during the post-placement implementation flow and could be the result of non-optimal XDC constraints or non-optimal design architecture
Related violations: <none>

TIMING-16#736 Warning
Large setup violation  
There is a large setup violation of -7.850 ns between swervolf/rvtop/veer/ifu/aln/bundle1ff/dout_reg[4]/C (clocked by clk_core) and swervolf/rvtop/mem/icache.icm/ic_data_inst/PACKED_1.BANKS_WAY[0].ECC0.size_256.WAYS.ic_bank_sb_way_data/ram_core_reg_0_255_113_113/RAMS64E_B/WE (clocked by clk_core). Large setup violations at the end of those stages might be difficult to fix during the post-placement implementation flow and could be the result of non-optimal XDC constraints or non-optimal design architecture
Related violations: <none>

TIMING-16#737 Warning
Large setup violation  
There is a large setup violation of -7.850 ns between swervolf/rvtop/veer/ifu/aln/bundle1ff/dout_reg[4]/C (clocked by clk_core) and swervolf/rvtop/mem/icache.icm/ic_data_inst/PACKED_1.BANKS_WAY[0].ECC0.size_256.WAYS.ic_bank_sb_way_data/ram_core_reg_0_255_113_113/RAMS64E_C/WE (clocked by clk_core). Large setup violations at the end of those stages might be difficult to fix during the post-placement implementation flow and could be the result of non-optimal XDC constraints or non-optimal design architecture
Related violations: <none>

TIMING-16#738 Warning
Large setup violation  
There is a large setup violation of -7.850 ns between swervolf/rvtop/veer/ifu/aln/bundle1ff/dout_reg[4]/C (clocked by clk_core) and swervolf/rvtop/mem/icache.icm/ic_data_inst/PACKED_1.BANKS_WAY[0].ECC0.size_256.WAYS.ic_bank_sb_way_data/ram_core_reg_0_255_113_113/RAMS64E_D/WE (clocked by clk_core). Large setup violations at the end of those stages might be difficult to fix during the post-placement implementation flow and could be the result of non-optimal XDC constraints or non-optimal design architecture
Related violations: <none>

TIMING-16#739 Warning
Large setup violation  
There is a large setup violation of -7.869 ns between swervolf/rvtop/veer/ifu/aln/bundle1ff/dout_reg[4]/C (clocked by clk_core) and swervolf/rvtop/mem/icache.icm/ic_data_inst/PACKED_1.BANKS_WAY[0].ECC0.size_256.WAYS.ic_bank_sb_way_data/Q_reg[104]/CE (clocked by clk_core). Large setup violations at the end of those stages might be difficult to fix during the post-placement implementation flow and could be the result of non-optimal XDC constraints or non-optimal design architecture
Related violations: <none>

TIMING-16#740 Warning
Large setup violation  
There is a large setup violation of -7.869 ns between swervolf/rvtop/veer/ifu/aln/bundle1ff/dout_reg[4]/C (clocked by clk_core) and swervolf/rvtop/mem/icache.icm/ic_data_inst/PACKED_1.BANKS_WAY[0].ECC0.size_256.WAYS.ic_bank_sb_way_data/Q_reg[107]/CE (clocked by clk_core). Large setup violations at the end of those stages might be difficult to fix during the post-placement implementation flow and could be the result of non-optimal XDC constraints or non-optimal design architecture
Related violations: <none>

TIMING-16#741 Warning
Large setup violation  
There is a large setup violation of -7.869 ns between swervolf/rvtop/veer/ifu/aln/bundle1ff/dout_reg[4]/C (clocked by clk_core) and swervolf/rvtop/mem/icache.icm/ic_data_inst/PACKED_1.BANKS_WAY[0].ECC0.size_256.WAYS.ic_bank_sb_way_data/Q_reg[47]/CE (clocked by clk_core). Large setup violations at the end of those stages might be difficult to fix during the post-placement implementation flow and could be the result of non-optimal XDC constraints or non-optimal design architecture
Related violations: <none>

TIMING-16#742 Warning
Large setup violation  
There is a large setup violation of -7.869 ns between swervolf/rvtop/veer/ifu/aln/bundle1ff/dout_reg[4]/C (clocked by clk_core) and swervolf/rvtop/mem/icache.icm/ic_data_inst/PACKED_1.BANKS_WAY[0].ECC0.size_256.WAYS.ic_bank_sb_way_data/Q_reg[4]/CE (clocked by clk_core). Large setup violations at the end of those stages might be difficult to fix during the post-placement implementation flow and could be the result of non-optimal XDC constraints or non-optimal design architecture
Related violations: <none>

TIMING-16#743 Warning
Large setup violation  
There is a large setup violation of -7.884 ns between swervolf/rvtop/veer/ifu/aln/bundle1ff/dout_reg[4]/C (clocked by clk_core) and swervolf/rvtop/mem/icache.icm/ic_data_inst/PACKED_1.BANKS_WAY[0].ECC0.size_256.WAYS.ic_bank_sb_way_data/ram_core_reg_0_255_114_114/RAMS64E_A/WE (clocked by clk_core). Large setup violations at the end of those stages might be difficult to fix during the post-placement implementation flow and could be the result of non-optimal XDC constraints or non-optimal design architecture
Related violations: <none>

TIMING-16#744 Warning
Large setup violation  
There is a large setup violation of -7.884 ns between swervolf/rvtop/veer/ifu/aln/bundle1ff/dout_reg[4]/C (clocked by clk_core) and swervolf/rvtop/mem/icache.icm/ic_data_inst/PACKED_1.BANKS_WAY[0].ECC0.size_256.WAYS.ic_bank_sb_way_data/ram_core_reg_0_255_114_114/RAMS64E_B/WE (clocked by clk_core). Large setup violations at the end of those stages might be difficult to fix during the post-placement implementation flow and could be the result of non-optimal XDC constraints or non-optimal design architecture
Related violations: <none>

TIMING-16#745 Warning
Large setup violation  
There is a large setup violation of -7.884 ns between swervolf/rvtop/veer/ifu/aln/bundle1ff/dout_reg[4]/C (clocked by clk_core) and swervolf/rvtop/mem/icache.icm/ic_data_inst/PACKED_1.BANKS_WAY[0].ECC0.size_256.WAYS.ic_bank_sb_way_data/ram_core_reg_0_255_114_114/RAMS64E_C/WE (clocked by clk_core). Large setup violations at the end of those stages might be difficult to fix during the post-placement implementation flow and could be the result of non-optimal XDC constraints or non-optimal design architecture
Related violations: <none>

TIMING-16#746 Warning
Large setup violation  
There is a large setup violation of -7.884 ns between swervolf/rvtop/veer/ifu/aln/bundle1ff/dout_reg[4]/C (clocked by clk_core) and swervolf/rvtop/mem/icache.icm/ic_data_inst/PACKED_1.BANKS_WAY[0].ECC0.size_256.WAYS.ic_bank_sb_way_data/ram_core_reg_0_255_114_114/RAMS64E_D/WE (clocked by clk_core). Large setup violations at the end of those stages might be difficult to fix during the post-placement implementation flow and could be the result of non-optimal XDC constraints or non-optimal design architecture
Related violations: <none>

TIMING-16#747 Warning
Large setup violation  
There is a large setup violation of -7.935 ns between swervolf/rvtop/veer/ifu/aln/bundle1ff/dout_reg[4]/C (clocked by clk_core) and swervolf/rvtop/mem/icache.icm/ic_data_inst/PACKED_1.BANKS_WAY[0].ECC0.size_256.WAYS.ic_bank_sb_way_data/Q_reg[37]/CE (clocked by clk_core). Large setup violations at the end of those stages might be difficult to fix during the post-placement implementation flow and could be the result of non-optimal XDC constraints or non-optimal design architecture
Related violations: <none>

TIMING-16#748 Warning
Large setup violation  
There is a large setup violation of -7.935 ns between swervolf/rvtop/veer/ifu/aln/bundle1ff/dout_reg[4]/C (clocked by clk_core) and swervolf/rvtop/mem/icache.icm/ic_data_inst/PACKED_1.BANKS_WAY[0].ECC0.size_256.WAYS.ic_bank_sb_way_data/Q_reg[72]/CE (clocked by clk_core). Large setup violations at the end of those stages might be difficult to fix during the post-placement implementation flow and could be the result of non-optimal XDC constraints or non-optimal design architecture
Related violations: <none>

TIMING-16#749 Warning
Large setup violation  
There is a large setup violation of -7.937 ns between swervolf/rvtop/veer/ifu/aln/bundle1ff/dout_reg[4]/C (clocked by clk_core) and swervolf/rvtop/mem/icache.icm/ic_data_inst/PACKED_1.BANKS_WAY[0].ECC0.size_256.WAYS.ic_bank_sb_way_data/ram_core_reg_0_255_111_111/RAMS64E_A/WE (clocked by clk_core). Large setup violations at the end of those stages might be difficult to fix during the post-placement implementation flow and could be the result of non-optimal XDC constraints or non-optimal design architecture
Related violations: <none>

TIMING-16#750 Warning
Large setup violation  
There is a large setup violation of -7.937 ns between swervolf/rvtop/veer/ifu/aln/bundle1ff/dout_reg[4]/C (clocked by clk_core) and swervolf/rvtop/mem/icache.icm/ic_data_inst/PACKED_1.BANKS_WAY[0].ECC0.size_256.WAYS.ic_bank_sb_way_data/ram_core_reg_0_255_111_111/RAMS64E_B/WE (clocked by clk_core). Large setup violations at the end of those stages might be difficult to fix during the post-placement implementation flow and could be the result of non-optimal XDC constraints or non-optimal design architecture
Related violations: <none>

TIMING-16#751 Warning
Large setup violation  
There is a large setup violation of -7.937 ns between swervolf/rvtop/veer/ifu/aln/bundle1ff/dout_reg[4]/C (clocked by clk_core) and swervolf/rvtop/mem/icache.icm/ic_data_inst/PACKED_1.BANKS_WAY[0].ECC0.size_256.WAYS.ic_bank_sb_way_data/ram_core_reg_0_255_111_111/RAMS64E_C/WE (clocked by clk_core). Large setup violations at the end of those stages might be difficult to fix during the post-placement implementation flow and could be the result of non-optimal XDC constraints or non-optimal design architecture
Related violations: <none>

TIMING-16#752 Warning
Large setup violation  
There is a large setup violation of -7.937 ns between swervolf/rvtop/veer/ifu/aln/bundle1ff/dout_reg[4]/C (clocked by clk_core) and swervolf/rvtop/mem/icache.icm/ic_data_inst/PACKED_1.BANKS_WAY[0].ECC0.size_256.WAYS.ic_bank_sb_way_data/ram_core_reg_0_255_111_111/RAMS64E_D/WE (clocked by clk_core). Large setup violations at the end of those stages might be difficult to fix during the post-placement implementation flow and could be the result of non-optimal XDC constraints or non-optimal design architecture
Related violations: <none>

TIMING-16#753 Warning
Large setup violation  
There is a large setup violation of -7.947 ns between swervolf/rvtop/veer/ifu/aln/bundle1ff/dout_reg[4]/C (clocked by clk_core) and swervolf/rvtop/mem/icache.icm/ic_data_inst/PACKED_1.BANKS_WAY[0].ECC0.size_256.WAYS.ic_bank_sb_way_data/ram_core_reg_0_255_134_134/RAMS64E_A/WE (clocked by clk_core). Large setup violations at the end of those stages might be difficult to fix during the post-placement implementation flow and could be the result of non-optimal XDC constraints or non-optimal design architecture
Related violations: <none>

TIMING-16#754 Warning
Large setup violation  
There is a large setup violation of -7.947 ns between swervolf/rvtop/veer/ifu/aln/bundle1ff/dout_reg[4]/C (clocked by clk_core) and swervolf/rvtop/mem/icache.icm/ic_data_inst/PACKED_1.BANKS_WAY[0].ECC0.size_256.WAYS.ic_bank_sb_way_data/ram_core_reg_0_255_134_134/RAMS64E_B/WE (clocked by clk_core). Large setup violations at the end of those stages might be difficult to fix during the post-placement implementation flow and could be the result of non-optimal XDC constraints or non-optimal design architecture
Related violations: <none>

TIMING-16#755 Warning
Large setup violation  
There is a large setup violation of -7.947 ns between swervolf/rvtop/veer/ifu/aln/bundle1ff/dout_reg[4]/C (clocked by clk_core) and swervolf/rvtop/mem/icache.icm/ic_data_inst/PACKED_1.BANKS_WAY[0].ECC0.size_256.WAYS.ic_bank_sb_way_data/ram_core_reg_0_255_134_134/RAMS64E_C/WE (clocked by clk_core). Large setup violations at the end of those stages might be difficult to fix during the post-placement implementation flow and could be the result of non-optimal XDC constraints or non-optimal design architecture
Related violations: <none>

TIMING-16#756 Warning
Large setup violation  
There is a large setup violation of -7.947 ns between swervolf/rvtop/veer/ifu/aln/bundle1ff/dout_reg[4]/C (clocked by clk_core) and swervolf/rvtop/mem/icache.icm/ic_data_inst/PACKED_1.BANKS_WAY[0].ECC0.size_256.WAYS.ic_bank_sb_way_data/ram_core_reg_0_255_134_134/RAMS64E_D/WE (clocked by clk_core). Large setup violations at the end of those stages might be difficult to fix during the post-placement implementation flow and could be the result of non-optimal XDC constraints or non-optimal design architecture
Related violations: <none>

TIMING-16#757 Warning
Large setup violation  
There is a large setup violation of -7.949 ns between swervolf/rvtop/veer/ifu/aln/bundle1ff/dout_reg[4]/C (clocked by clk_core) and swervolf/rvtop/mem/icache.icm/ic_data_inst/PACKED_1.BANKS_WAY[0].ECC0.size_256.WAYS.ic_bank_sb_way_data/Q_reg[100]/CE (clocked by clk_core). Large setup violations at the end of those stages might be difficult to fix during the post-placement implementation flow and could be the result of non-optimal XDC constraints or non-optimal design architecture
Related violations: <none>

TIMING-16#758 Warning
Large setup violation  
There is a large setup violation of -7.949 ns between swervolf/rvtop/veer/ifu/aln/bundle1ff/dout_reg[4]/C (clocked by clk_core) and swervolf/rvtop/mem/icache.icm/ic_data_inst/PACKED_1.BANKS_WAY[0].ECC0.size_256.WAYS.ic_bank_sb_way_data/Q_reg[3]/CE (clocked by clk_core). Large setup violations at the end of those stages might be difficult to fix during the post-placement implementation flow and could be the result of non-optimal XDC constraints or non-optimal design architecture
Related violations: <none>

TIMING-16#759 Warning
Large setup violation  
There is a large setup violation of -7.949 ns between swervolf/rvtop/veer/ifu/aln/bundle1ff/dout_reg[4]/C (clocked by clk_core) and swervolf/rvtop/mem/icache.icm/ic_data_inst/PACKED_1.BANKS_WAY[0].ECC0.size_256.WAYS.ic_bank_sb_way_data/Q_reg[40]/CE (clocked by clk_core). Large setup violations at the end of those stages might be difficult to fix during the post-placement implementation flow and could be the result of non-optimal XDC constraints or non-optimal design architecture
Related violations: <none>

TIMING-16#760 Warning
Large setup violation  
There is a large setup violation of -7.949 ns between swervolf/rvtop/veer/ifu/aln/bundle1ff/dout_reg[4]/C (clocked by clk_core) and swervolf/rvtop/mem/icache.icm/ic_data_inst/PACKED_1.BANKS_WAY[0].ECC0.size_256.WAYS.ic_bank_sb_way_data/Q_reg[71]/CE (clocked by clk_core). Large setup violations at the end of those stages might be difficult to fix during the post-placement implementation flow and could be the result of non-optimal XDC constraints or non-optimal design architecture
Related violations: <none>

TIMING-16#761 Warning
Large setup violation  
There is a large setup violation of -7.949 ns between swervolf/rvtop/veer/ifu/aln/bundle1ff/dout_reg[4]/C (clocked by clk_core) and swervolf/rvtop/mem/icache.icm/ic_data_inst/PACKED_1.BANKS_WAY[0].ECC0.size_256.WAYS.ic_bank_sb_way_data/Q_reg[76]/CE (clocked by clk_core). Large setup violations at the end of those stages might be difficult to fix during the post-placement implementation flow and could be the result of non-optimal XDC constraints or non-optimal design architecture
Related violations: <none>

TIMING-16#762 Warning
Large setup violation  
There is a large setup violation of -7.949 ns between swervolf/rvtop/veer/ifu/aln/bundle1ff/dout_reg[4]/C (clocked by clk_core) and swervolf/rvtop/mem/icache.icm/ic_data_inst/PACKED_1.BANKS_WAY[0].ECC0.size_256.WAYS.ic_bank_sb_way_data/Q_reg[8]/CE (clocked by clk_core). Large setup violations at the end of those stages might be difficult to fix during the post-placement implementation flow and could be the result of non-optimal XDC constraints or non-optimal design architecture
Related violations: <none>

TIMING-16#763 Warning
Large setup violation  
There is a large setup violation of -7.956 ns between swervolf/rvtop/veer/ifu/aln/bundle1ff/dout_reg[4]/C (clocked by clk_core) and swervolf/rvtop/mem/icache.icm/ic_data_inst/PACKED_1.BANKS_WAY[0].ECC0.size_256.WAYS.ic_bank_sb_way_data/Q_reg[32]/CE (clocked by clk_core). Large setup violations at the end of those stages might be difficult to fix during the post-placement implementation flow and could be the result of non-optimal XDC constraints or non-optimal design architecture
Related violations: <none>

TIMING-16#764 Warning
Large setup violation  
There is a large setup violation of -7.956 ns between swervolf/rvtop/veer/ifu/aln/bundle1ff/dout_reg[4]/C (clocked by clk_core) and swervolf/rvtop/mem/icache.icm/ic_data_inst/PACKED_1.BANKS_WAY[0].ECC0.size_256.WAYS.ic_bank_sb_way_data/ram_core_reg_0_255_105_105/RAMS64E_A/WE (clocked by clk_core). Large setup violations at the end of those stages might be difficult to fix during the post-placement implementation flow and could be the result of non-optimal XDC constraints or non-optimal design architecture
Related violations: <none>

TIMING-16#765 Warning
Large setup violation  
There is a large setup violation of -7.956 ns between swervolf/rvtop/veer/ifu/aln/bundle1ff/dout_reg[4]/C (clocked by clk_core) and swervolf/rvtop/mem/icache.icm/ic_data_inst/PACKED_1.BANKS_WAY[0].ECC0.size_256.WAYS.ic_bank_sb_way_data/ram_core_reg_0_255_105_105/RAMS64E_B/WE (clocked by clk_core). Large setup violations at the end of those stages might be difficult to fix during the post-placement implementation flow and could be the result of non-optimal XDC constraints or non-optimal design architecture
Related violations: <none>

TIMING-16#766 Warning
Large setup violation  
There is a large setup violation of -7.956 ns between swervolf/rvtop/veer/ifu/aln/bundle1ff/dout_reg[4]/C (clocked by clk_core) and swervolf/rvtop/mem/icache.icm/ic_data_inst/PACKED_1.BANKS_WAY[0].ECC0.size_256.WAYS.ic_bank_sb_way_data/ram_core_reg_0_255_105_105/RAMS64E_C/WE (clocked by clk_core). Large setup violations at the end of those stages might be difficult to fix during the post-placement implementation flow and could be the result of non-optimal XDC constraints or non-optimal design architecture
Related violations: <none>

TIMING-16#767 Warning
Large setup violation  
There is a large setup violation of -7.956 ns between swervolf/rvtop/veer/ifu/aln/bundle1ff/dout_reg[4]/C (clocked by clk_core) and swervolf/rvtop/mem/icache.icm/ic_data_inst/PACKED_1.BANKS_WAY[0].ECC0.size_256.WAYS.ic_bank_sb_way_data/ram_core_reg_0_255_105_105/RAMS64E_D/WE (clocked by clk_core). Large setup violations at the end of those stages might be difficult to fix during the post-placement implementation flow and could be the result of non-optimal XDC constraints or non-optimal design architecture
Related violations: <none>

TIMING-16#768 Warning
Large setup violation  
There is a large setup violation of -7.980 ns between swervolf/rvtop/veer/ifu/aln/bundle1ff/dout_reg[4]/C (clocked by clk_core) and swervolf/rvtop/mem/icache.icm/ic_data_inst/PACKED_1.BANKS_WAY[0].ECC0.size_256.WAYS.ic_bank_sb_way_data/Q_reg[12]/CE (clocked by clk_core). Large setup violations at the end of those stages might be difficult to fix during the post-placement implementation flow and could be the result of non-optimal XDC constraints or non-optimal design architecture
Related violations: <none>

TIMING-16#769 Warning
Large setup violation  
There is a large setup violation of -7.980 ns between swervolf/rvtop/veer/ifu/aln/bundle1ff/dout_reg[4]/C (clocked by clk_core) and swervolf/rvtop/mem/icache.icm/ic_data_inst/PACKED_1.BANKS_WAY[0].ECC0.size_256.WAYS.ic_bank_sb_way_data/Q_reg[80]/CE (clocked by clk_core). Large setup violations at the end of those stages might be difficult to fix during the post-placement implementation flow and could be the result of non-optimal XDC constraints or non-optimal design architecture
Related violations: <none>

TIMING-16#770 Warning
Large setup violation  
There is a large setup violation of -7.990 ns between swervolf/rvtop/veer/ifu/aln/bundle1ff/dout_reg[4]/C (clocked by clk_core) and swervolf/rvtop/mem/icache.icm/ic_data_inst/PACKED_1.BANKS_WAY[0].ECC0.size_256.WAYS.ic_bank_sb_way_data/Q_reg[70]/CE (clocked by clk_core). Large setup violations at the end of those stages might be difficult to fix during the post-placement implementation flow and could be the result of non-optimal XDC constraints or non-optimal design architecture
Related violations: <none>

TIMING-16#771 Warning
Large setup violation  
There is a large setup violation of -7.992 ns between swervolf/rvtop/veer/ifu/aln/bundle1ff/dout_reg[4]/C (clocked by clk_core) and swervolf/rvtop/mem/icache.icm/ic_data_inst/PACKED_1.BANKS_WAY[0].ECC0.size_256.WAYS.ic_bank_sb_way_data/Q_reg[101]/CE (clocked by clk_core). Large setup violations at the end of those stages might be difficult to fix during the post-placement implementation flow and could be the result of non-optimal XDC constraints or non-optimal design architecture
Related violations: <none>

TIMING-16#772 Warning
Large setup violation  
There is a large setup violation of -7.992 ns between swervolf/rvtop/veer/ifu/aln/bundle1ff/dout_reg[4]/C (clocked by clk_core) and swervolf/rvtop/mem/icache.icm/ic_data_inst/PACKED_1.BANKS_WAY[0].ECC0.size_256.WAYS.ic_bank_sb_way_data/Q_reg[33]/CE (clocked by clk_core). Large setup violations at the end of those stages might be difficult to fix during the post-placement implementation flow and could be the result of non-optimal XDC constraints or non-optimal design architecture
Related violations: <none>

TIMING-16#773 Warning
Large setup violation  
There is a large setup violation of -7.994 ns between swervolf/rvtop/veer/ifu/aln/bundle1ff/dout_reg[4]/C (clocked by clk_core) and swervolf/rvtop/mem/icache.icm/ic_data_inst/PACKED_1.BANKS_WAY[0].ECC0.size_256.WAYS.ic_bank_sb_way_data/Q_reg[120]/CE (clocked by clk_core). Large setup violations at the end of those stages might be difficult to fix during the post-placement implementation flow and could be the result of non-optimal XDC constraints or non-optimal design architecture
Related violations: <none>

TIMING-16#774 Warning
Large setup violation  
There is a large setup violation of -7.994 ns between swervolf/rvtop/veer/ifu/aln/bundle1ff/dout_reg[4]/C (clocked by clk_core) and swervolf/rvtop/mem/icache.icm/ic_data_inst/PACKED_1.BANKS_WAY[0].ECC0.size_256.WAYS.ic_bank_sb_way_data/Q_reg[75]/CE (clocked by clk_core). Large setup violations at the end of those stages might be difficult to fix during the post-placement implementation flow and could be the result of non-optimal XDC constraints or non-optimal design architecture
Related violations: <none>

TIMING-16#775 Warning
Large setup violation  
There is a large setup violation of -7.999 ns between swervolf/rvtop/veer/ifu/aln/bundle1ff/dout_reg[4]/C (clocked by clk_core) and swervolf/rvtop/mem/icache.icm/ic_data_inst/PACKED_1.BANKS_WAY[0].ECC0.size_256.WAYS.ic_bank_sb_way_data/ram_core_reg_0_255_122_122/RAMS64E_A/WE (clocked by clk_core). Large setup violations at the end of those stages might be difficult to fix during the post-placement implementation flow and could be the result of non-optimal XDC constraints or non-optimal design architecture
Related violations: <none>

TIMING-16#776 Warning
Large setup violation  
There is a large setup violation of -7.999 ns between swervolf/rvtop/veer/ifu/aln/bundle1ff/dout_reg[4]/C (clocked by clk_core) and swervolf/rvtop/mem/icache.icm/ic_data_inst/PACKED_1.BANKS_WAY[0].ECC0.size_256.WAYS.ic_bank_sb_way_data/ram_core_reg_0_255_122_122/RAMS64E_B/WE (clocked by clk_core). Large setup violations at the end of those stages might be difficult to fix during the post-placement implementation flow and could be the result of non-optimal XDC constraints or non-optimal design architecture
Related violations: <none>

TIMING-16#777 Warning
Large setup violation  
There is a large setup violation of -7.999 ns between swervolf/rvtop/veer/ifu/aln/bundle1ff/dout_reg[4]/C (clocked by clk_core) and swervolf/rvtop/mem/icache.icm/ic_data_inst/PACKED_1.BANKS_WAY[0].ECC0.size_256.WAYS.ic_bank_sb_way_data/ram_core_reg_0_255_122_122/RAMS64E_C/WE (clocked by clk_core). Large setup violations at the end of those stages might be difficult to fix during the post-placement implementation flow and could be the result of non-optimal XDC constraints or non-optimal design architecture
Related violations: <none>

TIMING-16#778 Warning
Large setup violation  
There is a large setup violation of -7.999 ns between swervolf/rvtop/veer/ifu/aln/bundle1ff/dout_reg[4]/C (clocked by clk_core) and swervolf/rvtop/mem/icache.icm/ic_data_inst/PACKED_1.BANKS_WAY[0].ECC0.size_256.WAYS.ic_bank_sb_way_data/ram_core_reg_0_255_122_122/RAMS64E_D/WE (clocked by clk_core). Large setup violations at the end of those stages might be difficult to fix during the post-placement implementation flow and could be the result of non-optimal XDC constraints or non-optimal design architecture
Related violations: <none>

TIMING-16#779 Warning
Large setup violation  
There is a large setup violation of -8.040 ns between swervolf/rvtop/veer/ifu/aln/bundle1ff/dout_reg[4]/C (clocked by clk_core) and swervolf/rvtop/mem/icache.icm/ic_data_inst/PACKED_1.BANKS_WAY[0].ECC0.size_256.WAYS.ic_bank_sb_way_data/ram_core_reg_0_255_103_103/RAMS64E_A/WE (clocked by clk_core). Large setup violations at the end of those stages might be difficult to fix during the post-placement implementation flow and could be the result of non-optimal XDC constraints or non-optimal design architecture
Related violations: <none>

TIMING-16#780 Warning
Large setup violation  
There is a large setup violation of -8.040 ns between swervolf/rvtop/veer/ifu/aln/bundle1ff/dout_reg[4]/C (clocked by clk_core) and swervolf/rvtop/mem/icache.icm/ic_data_inst/PACKED_1.BANKS_WAY[0].ECC0.size_256.WAYS.ic_bank_sb_way_data/ram_core_reg_0_255_103_103/RAMS64E_B/WE (clocked by clk_core). Large setup violations at the end of those stages might be difficult to fix during the post-placement implementation flow and could be the result of non-optimal XDC constraints or non-optimal design architecture
Related violations: <none>

TIMING-16#781 Warning
Large setup violation  
There is a large setup violation of -8.040 ns between swervolf/rvtop/veer/ifu/aln/bundle1ff/dout_reg[4]/C (clocked by clk_core) and swervolf/rvtop/mem/icache.icm/ic_data_inst/PACKED_1.BANKS_WAY[0].ECC0.size_256.WAYS.ic_bank_sb_way_data/ram_core_reg_0_255_103_103/RAMS64E_C/WE (clocked by clk_core). Large setup violations at the end of those stages might be difficult to fix during the post-placement implementation flow and could be the result of non-optimal XDC constraints or non-optimal design architecture
Related violations: <none>

TIMING-16#782 Warning
Large setup violation  
There is a large setup violation of -8.040 ns between swervolf/rvtop/veer/ifu/aln/bundle1ff/dout_reg[4]/C (clocked by clk_core) and swervolf/rvtop/mem/icache.icm/ic_data_inst/PACKED_1.BANKS_WAY[0].ECC0.size_256.WAYS.ic_bank_sb_way_data/ram_core_reg_0_255_103_103/RAMS64E_D/WE (clocked by clk_core). Large setup violations at the end of those stages might be difficult to fix during the post-placement implementation flow and could be the result of non-optimal XDC constraints or non-optimal design architecture
Related violations: <none>

TIMING-16#783 Warning
Large setup violation  
There is a large setup violation of -8.051 ns between swervolf/rvtop/veer/ifu/aln/bundle1ff/dout_reg[4]/C (clocked by clk_core) and swervolf/rvtop/mem/icache.icm/ic_data_inst/PACKED_1.BANKS_WAY[0].ECC0.size_256.WAYS.ic_bank_sb_way_data/Q_reg[106]/CE (clocked by clk_core). Large setup violations at the end of those stages might be difficult to fix during the post-placement implementation flow and could be the result of non-optimal XDC constraints or non-optimal design architecture
Related violations: <none>

TIMING-16#784 Warning
Large setup violation  
There is a large setup violation of -8.051 ns between swervolf/rvtop/veer/ifu/aln/bundle1ff/dout_reg[4]/C (clocked by clk_core) and swervolf/rvtop/mem/icache.icm/ic_data_inst/PACKED_1.BANKS_WAY[0].ECC0.size_256.WAYS.ic_bank_sb_way_data/Q_reg[115]/CE (clocked by clk_core). Large setup violations at the end of those stages might be difficult to fix during the post-placement implementation flow and could be the result of non-optimal XDC constraints or non-optimal design architecture
Related violations: <none>

TIMING-16#785 Warning
Large setup violation  
There is a large setup violation of -8.051 ns between swervolf/rvtop/veer/ifu/aln/bundle1ff/dout_reg[4]/C (clocked by clk_core) and swervolf/rvtop/mem/icache.icm/ic_data_inst/PACKED_1.BANKS_WAY[0].ECC0.size_256.WAYS.ic_bank_sb_way_data/Q_reg[38]/CE (clocked by clk_core). Large setup violations at the end of those stages might be difficult to fix during the post-placement implementation flow and could be the result of non-optimal XDC constraints or non-optimal design architecture
Related violations: <none>

TIMING-16#786 Warning
Large setup violation  
There is a large setup violation of -8.065 ns between swervolf/rvtop/veer/ifu/aln/bundle1ff/dout_reg[4]/C (clocked by clk_core) and swervolf/rvtop/mem/icache.icm/ic_data_inst/PACKED_1.BANKS_WAY[0].ECC0.size_256.WAYS.ic_bank_sb_way_data/ram_core_reg_0_255_118_118/RAMS64E_A/WE (clocked by clk_core). Large setup violations at the end of those stages might be difficult to fix during the post-placement implementation flow and could be the result of non-optimal XDC constraints or non-optimal design architecture
Related violations: <none>

TIMING-16#787 Warning
Large setup violation  
There is a large setup violation of -8.065 ns between swervolf/rvtop/veer/ifu/aln/bundle1ff/dout_reg[4]/C (clocked by clk_core) and swervolf/rvtop/mem/icache.icm/ic_data_inst/PACKED_1.BANKS_WAY[0].ECC0.size_256.WAYS.ic_bank_sb_way_data/ram_core_reg_0_255_118_118/RAMS64E_B/WE (clocked by clk_core). Large setup violations at the end of those stages might be difficult to fix during the post-placement implementation flow and could be the result of non-optimal XDC constraints or non-optimal design architecture
Related violations: <none>

TIMING-16#788 Warning
Large setup violation  
There is a large setup violation of -8.065 ns between swervolf/rvtop/veer/ifu/aln/bundle1ff/dout_reg[4]/C (clocked by clk_core) and swervolf/rvtop/mem/icache.icm/ic_data_inst/PACKED_1.BANKS_WAY[0].ECC0.size_256.WAYS.ic_bank_sb_way_data/ram_core_reg_0_255_118_118/RAMS64E_C/WE (clocked by clk_core). Large setup violations at the end of those stages might be difficult to fix during the post-placement implementation flow and could be the result of non-optimal XDC constraints or non-optimal design architecture
Related violations: <none>

TIMING-16#789 Warning
Large setup violation  
There is a large setup violation of -8.065 ns between swervolf/rvtop/veer/ifu/aln/bundle1ff/dout_reg[4]/C (clocked by clk_core) and swervolf/rvtop/mem/icache.icm/ic_data_inst/PACKED_1.BANKS_WAY[0].ECC0.size_256.WAYS.ic_bank_sb_way_data/ram_core_reg_0_255_118_118/RAMS64E_D/WE (clocked by clk_core). Large setup violations at the end of those stages might be difficult to fix during the post-placement implementation flow and could be the result of non-optimal XDC constraints or non-optimal design architecture
Related violations: <none>

TIMING-16#790 Warning
Large setup violation  
There is a large setup violation of -8.068 ns between swervolf/rvtop/veer/ifu/aln/bundle1ff/dout_reg[4]/C (clocked by clk_core) and swervolf/rvtop/mem/icache.icm/ic_data_inst/PACKED_1.BANKS_WAY[0].ECC0.size_256.WAYS.ic_bank_sb_way_data/Q_reg[55]/CE (clocked by clk_core). Large setup violations at the end of those stages might be difficult to fix during the post-placement implementation flow and could be the result of non-optimal XDC constraints or non-optimal design architecture
Related violations: <none>

TIMING-16#791 Warning
Large setup violation  
There is a large setup violation of -8.070 ns between swervolf/rvtop/veer/ifu/aln/bundle1ff/dout_reg[4]/C (clocked by clk_core) and swervolf/rvtop/mem/icache.icm/ic_data_inst/PACKED_1.BANKS_WAY[0].ECC0.size_256.WAYS.ic_bank_sb_way_data/Q_reg[102]/CE (clocked by clk_core). Large setup violations at the end of those stages might be difficult to fix during the post-placement implementation flow and could be the result of non-optimal XDC constraints or non-optimal design architecture
Related violations: <none>

TIMING-16#792 Warning
Large setup violation  
There is a large setup violation of -8.070 ns between swervolf/rvtop/veer/ifu/aln/bundle1ff/dout_reg[4]/C (clocked by clk_core) and swervolf/rvtop/mem/icache.icm/ic_data_inst/PACKED_1.BANKS_WAY[0].ECC0.size_256.WAYS.ic_bank_sb_way_data/Q_reg[116]/CE (clocked by clk_core). Large setup violations at the end of those stages might be difficult to fix during the post-placement implementation flow and could be the result of non-optimal XDC constraints or non-optimal design architecture
Related violations: <none>

TIMING-16#793 Warning
Large setup violation  
There is a large setup violation of -8.070 ns between swervolf/rvtop/veer/ifu/aln/bundle1ff/dout_reg[4]/C (clocked by clk_core) and swervolf/rvtop/mem/icache.icm/ic_data_inst/PACKED_1.BANKS_WAY[0].ECC0.size_256.WAYS.ic_bank_sb_way_data/Q_reg[61]/CE (clocked by clk_core). Large setup violations at the end of those stages might be difficult to fix during the post-placement implementation flow and could be the result of non-optimal XDC constraints or non-optimal design architecture
Related violations: <none>

TIMING-16#794 Warning
Large setup violation  
There is a large setup violation of -8.072 ns between swervolf/rvtop/veer/ifu/aln/bundle1ff/dout_reg[4]/C (clocked by clk_core) and swervolf/rvtop/mem/icache.icm/ic_data_inst/PACKED_1.BANKS_WAY[0].ECC0.size_256.WAYS.ic_bank_sb_way_data/ram_core_reg_0_255_14_14/RAMS64E_A/WE (clocked by clk_core). Large setup violations at the end of those stages might be difficult to fix during the post-placement implementation flow and could be the result of non-optimal XDC constraints or non-optimal design architecture
Related violations: <none>

TIMING-16#795 Warning
Large setup violation  
There is a large setup violation of -8.099 ns between swervolf/rvtop/veer/ifu/aln/bundle1ff/dout_reg[4]/C (clocked by clk_core) and swervolf/rvtop/mem/icache.icm/ic_data_inst/PACKED_1.BANKS_WAY[0].ECC0.size_256.WAYS.ic_bank_sb_way_data/Q_reg[129]/CE (clocked by clk_core). Large setup violations at the end of those stages might be difficult to fix during the post-placement implementation flow and could be the result of non-optimal XDC constraints or non-optimal design architecture
Related violations: <none>

TIMING-16#796 Warning
Large setup violation  
There is a large setup violation of -8.099 ns between swervolf/rvtop/veer/ifu/aln/bundle1ff/dout_reg[4]/C (clocked by clk_core) and swervolf/rvtop/mem/icache.icm/ic_data_inst/PACKED_1.BANKS_WAY[0].ECC0.size_256.WAYS.ic_bank_sb_way_data/Q_reg[49]/CE (clocked by clk_core). Large setup violations at the end of those stages might be difficult to fix during the post-placement implementation flow and could be the result of non-optimal XDC constraints or non-optimal design architecture
Related violations: <none>

TIMING-16#797 Warning
Large setup violation  
There is a large setup violation of -8.110 ns between swervolf/rvtop/veer/ifu/aln/bundle1ff/dout_reg[4]/C (clocked by clk_core) and swervolf/rvtop/mem/icache.icm/ic_data_inst/PACKED_1.BANKS_WAY[0].ECC0.size_256.WAYS.ic_bank_sb_way_data/Q_reg[133]/CE (clocked by clk_core). Large setup violations at the end of those stages might be difficult to fix during the post-placement implementation flow and could be the result of non-optimal XDC constraints or non-optimal design architecture
Related violations: <none>

TIMING-16#798 Warning
Large setup violation  
There is a large setup violation of -8.110 ns between swervolf/rvtop/veer/ifu/aln/bundle1ff/dout_reg[4]/C (clocked by clk_core) and swervolf/rvtop/mem/icache.icm/ic_data_inst/PACKED_1.BANKS_WAY[0].ECC0.size_256.WAYS.ic_bank_sb_way_data/Q_reg[19]/CE (clocked by clk_core). Large setup violations at the end of those stages might be difficult to fix during the post-placement implementation flow and could be the result of non-optimal XDC constraints or non-optimal design architecture
Related violations: <none>

TIMING-16#799 Warning
Large setup violation  
There is a large setup violation of -8.110 ns between swervolf/rvtop/veer/ifu/aln/bundle1ff/dout_reg[4]/C (clocked by clk_core) and swervolf/rvtop/mem/icache.icm/ic_data_inst/PACKED_1.BANKS_WAY[0].ECC0.size_256.WAYS.ic_bank_sb_way_data/Q_reg[29]/CE (clocked by clk_core). Large setup violations at the end of those stages might be difficult to fix during the post-placement implementation flow and could be the result of non-optimal XDC constraints or non-optimal design architecture
Related violations: <none>

TIMING-16#800 Warning
Large setup violation  
There is a large setup violation of -8.110 ns between swervolf/rvtop/veer/ifu/aln/bundle1ff/dout_reg[4]/C (clocked by clk_core) and swervolf/rvtop/mem/icache.icm/ic_data_inst/PACKED_1.BANKS_WAY[0].ECC0.size_256.WAYS.ic_bank_sb_way_data/Q_reg[87]/CE (clocked by clk_core). Large setup violations at the end of those stages might be difficult to fix during the post-placement implementation flow and could be the result of non-optimal XDC constraints or non-optimal design architecture
Related violations: <none>

TIMING-16#801 Warning
Large setup violation  
There is a large setup violation of -8.110 ns between swervolf/rvtop/veer/ifu/aln/bundle1ff/dout_reg[4]/C (clocked by clk_core) and swervolf/rvtop/mem/icache.icm/ic_data_inst/PACKED_1.BANKS_WAY[0].ECC0.size_256.WAYS.ic_bank_sb_way_data/Q_reg[96]/CE (clocked by clk_core). Large setup violations at the end of those stages might be difficult to fix during the post-placement implementation flow and could be the result of non-optimal XDC constraints or non-optimal design architecture
Related violations: <none>

TIMING-16#802 Warning
Large setup violation  
There is a large setup violation of -8.113 ns between swervolf/rvtop/veer/ifu/aln/bundle1ff/dout_reg[4]/C (clocked by clk_core) and swervolf/rvtop/mem/icache.icm/ic_data_inst/PACKED_1.BANKS_WAY[0].ECC0.size_256.WAYS.ic_bank_sb_way_data/Q_reg[20]/CE (clocked by clk_core). Large setup violations at the end of those stages might be difficult to fix during the post-placement implementation flow and could be the result of non-optimal XDC constraints or non-optimal design architecture
Related violations: <none>

TIMING-16#803 Warning
Large setup violation  
There is a large setup violation of -8.116 ns between swervolf/rvtop/veer/ifu/aln/bundle1ff/dout_reg[4]/C (clocked by clk_core) and swervolf/rvtop/mem/icache.icm/ic_data_inst/PACKED_1.BANKS_WAY[0].ECC0.size_256.WAYS.ic_bank_sb_way_data/ram_core_reg_0_255_107_107/RAMS64E_A/WE (clocked by clk_core). Large setup violations at the end of those stages might be difficult to fix during the post-placement implementation flow and could be the result of non-optimal XDC constraints or non-optimal design architecture
Related violations: <none>

TIMING-16#804 Warning
Large setup violation  
There is a large setup violation of -8.116 ns between swervolf/rvtop/veer/ifu/aln/bundle1ff/dout_reg[4]/C (clocked by clk_core) and swervolf/rvtop/mem/icache.icm/ic_data_inst/PACKED_1.BANKS_WAY[0].ECC0.size_256.WAYS.ic_bank_sb_way_data/ram_core_reg_0_255_107_107/RAMS64E_B/WE (clocked by clk_core). Large setup violations at the end of those stages might be difficult to fix during the post-placement implementation flow and could be the result of non-optimal XDC constraints or non-optimal design architecture
Related violations: <none>

TIMING-16#805 Warning
Large setup violation  
There is a large setup violation of -8.116 ns between swervolf/rvtop/veer/ifu/aln/bundle1ff/dout_reg[4]/C (clocked by clk_core) and swervolf/rvtop/mem/icache.icm/ic_data_inst/PACKED_1.BANKS_WAY[0].ECC0.size_256.WAYS.ic_bank_sb_way_data/ram_core_reg_0_255_107_107/RAMS64E_C/WE (clocked by clk_core). Large setup violations at the end of those stages might be difficult to fix during the post-placement implementation flow and could be the result of non-optimal XDC constraints or non-optimal design architecture
Related violations: <none>

TIMING-16#806 Warning
Large setup violation  
There is a large setup violation of -8.116 ns between swervolf/rvtop/veer/ifu/aln/bundle1ff/dout_reg[4]/C (clocked by clk_core) and swervolf/rvtop/mem/icache.icm/ic_data_inst/PACKED_1.BANKS_WAY[0].ECC0.size_256.WAYS.ic_bank_sb_way_data/ram_core_reg_0_255_107_107/RAMS64E_D/WE (clocked by clk_core). Large setup violations at the end of those stages might be difficult to fix during the post-placement implementation flow and could be the result of non-optimal XDC constraints or non-optimal design architecture
Related violations: <none>

TIMING-16#807 Warning
Large setup violation  
There is a large setup violation of -8.130 ns between swervolf/rvtop/veer/ifu/aln/bundle1ff/dout_reg[4]/C (clocked by clk_core) and swervolf/rvtop/mem/icache.icm/ic_data_inst/PACKED_1.BANKS_WAY[0].ECC0.size_256.WAYS.ic_bank_sb_way_data/ram_core_reg_0_255_117_117/RAMS64E_A/WE (clocked by clk_core). Large setup violations at the end of those stages might be difficult to fix during the post-placement implementation flow and could be the result of non-optimal XDC constraints or non-optimal design architecture
Related violations: <none>

TIMING-16#808 Warning
Large setup violation  
There is a large setup violation of -8.130 ns between swervolf/rvtop/veer/ifu/aln/bundle1ff/dout_reg[4]/C (clocked by clk_core) and swervolf/rvtop/mem/icache.icm/ic_data_inst/PACKED_1.BANKS_WAY[0].ECC0.size_256.WAYS.ic_bank_sb_way_data/ram_core_reg_0_255_117_117/RAMS64E_B/WE (clocked by clk_core). Large setup violations at the end of those stages might be difficult to fix during the post-placement implementation flow and could be the result of non-optimal XDC constraints or non-optimal design architecture
Related violations: <none>

TIMING-16#809 Warning
Large setup violation  
There is a large setup violation of -8.130 ns between swervolf/rvtop/veer/ifu/aln/bundle1ff/dout_reg[4]/C (clocked by clk_core) and swervolf/rvtop/mem/icache.icm/ic_data_inst/PACKED_1.BANKS_WAY[0].ECC0.size_256.WAYS.ic_bank_sb_way_data/ram_core_reg_0_255_117_117/RAMS64E_C/WE (clocked by clk_core). Large setup violations at the end of those stages might be difficult to fix during the post-placement implementation flow and could be the result of non-optimal XDC constraints or non-optimal design architecture
Related violations: <none>

TIMING-16#810 Warning
Large setup violation  
There is a large setup violation of -8.130 ns between swervolf/rvtop/veer/ifu/aln/bundle1ff/dout_reg[4]/C (clocked by clk_core) and swervolf/rvtop/mem/icache.icm/ic_data_inst/PACKED_1.BANKS_WAY[0].ECC0.size_256.WAYS.ic_bank_sb_way_data/ram_core_reg_0_255_117_117/RAMS64E_D/WE (clocked by clk_core). Large setup violations at the end of those stages might be difficult to fix during the post-placement implementation flow and could be the result of non-optimal XDC constraints or non-optimal design architecture
Related violations: <none>

TIMING-16#811 Warning
Large setup violation  
There is a large setup violation of -8.134 ns between swervolf/rvtop/veer/ifu/aln/bundle1ff/dout_reg[4]/C (clocked by clk_core) and swervolf/rvtop/mem/icache.icm/ic_data_inst/PACKED_1.BANKS_WAY[0].ECC0.size_256.WAYS.ic_bank_sb_way_data/Q_reg[117]/CE (clocked by clk_core). Large setup violations at the end of those stages might be difficult to fix during the post-placement implementation flow and could be the result of non-optimal XDC constraints or non-optimal design architecture
Related violations: <none>

TIMING-16#812 Warning
Large setup violation  
There is a large setup violation of -8.134 ns between swervolf/rvtop/veer/ifu/aln/bundle1ff/dout_reg[4]/C (clocked by clk_core) and swervolf/rvtop/mem/icache.icm/ic_data_inst/PACKED_1.BANKS_WAY[0].ECC0.size_256.WAYS.ic_bank_sb_way_data/Q_reg[2]/CE (clocked by clk_core). Large setup violations at the end of those stages might be difficult to fix during the post-placement implementation flow and could be the result of non-optimal XDC constraints or non-optimal design architecture
Related violations: <none>

TIMING-16#813 Warning
Large setup violation  
There is a large setup violation of -8.134 ns between swervolf/rvtop/veer/ifu/aln/bundle1ff/dout_reg[4]/C (clocked by clk_core) and swervolf/rvtop/mem/icache.icm/ic_data_inst/PACKED_1.BANKS_WAY[0].ECC0.size_256.WAYS.ic_bank_sb_way_data/Q_reg[7]/CE (clocked by clk_core). Large setup violations at the end of those stages might be difficult to fix during the post-placement implementation flow and could be the result of non-optimal XDC constraints or non-optimal design architecture
Related violations: <none>

TIMING-16#814 Warning
Large setup violation  
There is a large setup violation of -8.135 ns between swervolf/rvtop/veer/ifu/aln/bundle1ff/dout_reg[4]/C (clocked by clk_core) and swervolf/rvtop/mem/icache.icm/ic_data_inst/PACKED_1.BANKS_WAY[0].ECC0.size_256.WAYS.ic_bank_sb_way_data/Q_reg[103]/CE (clocked by clk_core). Large setup violations at the end of those stages might be difficult to fix during the post-placement implementation flow and could be the result of non-optimal XDC constraints or non-optimal design architecture
Related violations: <none>

TIMING-16#815 Warning
Large setup violation  
There is a large setup violation of -8.136 ns between swervolf/rvtop/veer/ifu/aln/bundle1ff/dout_reg[4]/C (clocked by clk_core) and swervolf/rvtop/mem/icache.icm/ic_data_inst/PACKED_1.BANKS_WAY[0].ECC0.size_256.WAYS.ic_bank_sb_way_data/Q_reg[34]/CE (clocked by clk_core). Large setup violations at the end of those stages might be difficult to fix during the post-placement implementation flow and could be the result of non-optimal XDC constraints or non-optimal design architecture
Related violations: <none>

TIMING-16#816 Warning
Large setup violation  
There is a large setup violation of -8.136 ns between swervolf/rvtop/veer/ifu/aln/bundle1ff/dout_reg[4]/C (clocked by clk_core) and swervolf/rvtop/mem/icache.icm/ic_data_inst/PACKED_1.BANKS_WAY[0].ECC0.size_256.WAYS.ic_bank_sb_way_data/Q_reg[74]/CE (clocked by clk_core). Large setup violations at the end of those stages might be difficult to fix during the post-placement implementation flow and could be the result of non-optimal XDC constraints or non-optimal design architecture
Related violations: <none>

TIMING-16#817 Warning
Large setup violation  
There is a large setup violation of -8.139 ns between swervolf/rvtop/veer/ifu/aln/bundle1ff/dout_reg[4]/C (clocked by clk_core) and swervolf/rvtop/mem/icache.icm/ic_data_inst/PACKED_1.BANKS_WAY[0].ECC0.size_256.WAYS.ic_bank_sb_way_data/Q_reg[35]/CE (clocked by clk_core). Large setup violations at the end of those stages might be difficult to fix during the post-placement implementation flow and could be the result of non-optimal XDC constraints or non-optimal design architecture
Related violations: <none>

TIMING-16#818 Warning
Large setup violation  
There is a large setup violation of -8.140 ns between swervolf/rvtop/veer/ifu/aln/bundle1ff/dout_reg[4]/C (clocked by clk_core) and swervolf/rvtop/mem/icache.icm/ic_data_inst/PACKED_1.BANKS_WAY[0].ECC0.size_256.WAYS.ic_bank_sb_way_data/ram_core_reg_0_255_110_110/RAMS64E_A/WE (clocked by clk_core). Large setup violations at the end of those stages might be difficult to fix during the post-placement implementation flow and could be the result of non-optimal XDC constraints or non-optimal design architecture
Related violations: <none>

TIMING-16#819 Warning
Large setup violation  
There is a large setup violation of -8.140 ns between swervolf/rvtop/veer/ifu/aln/bundle1ff/dout_reg[4]/C (clocked by clk_core) and swervolf/rvtop/mem/icache.icm/ic_data_inst/PACKED_1.BANKS_WAY[0].ECC0.size_256.WAYS.ic_bank_sb_way_data/ram_core_reg_0_255_110_110/RAMS64E_B/WE (clocked by clk_core). Large setup violations at the end of those stages might be difficult to fix during the post-placement implementation flow and could be the result of non-optimal XDC constraints or non-optimal design architecture
Related violations: <none>

TIMING-16#820 Warning
Large setup violation  
There is a large setup violation of -8.140 ns between swervolf/rvtop/veer/ifu/aln/bundle1ff/dout_reg[4]/C (clocked by clk_core) and swervolf/rvtop/mem/icache.icm/ic_data_inst/PACKED_1.BANKS_WAY[0].ECC0.size_256.WAYS.ic_bank_sb_way_data/ram_core_reg_0_255_110_110/RAMS64E_C/WE (clocked by clk_core). Large setup violations at the end of those stages might be difficult to fix during the post-placement implementation flow and could be the result of non-optimal XDC constraints or non-optimal design architecture
Related violations: <none>

TIMING-16#821 Warning
Large setup violation  
There is a large setup violation of -8.140 ns between swervolf/rvtop/veer/ifu/aln/bundle1ff/dout_reg[4]/C (clocked by clk_core) and swervolf/rvtop/mem/icache.icm/ic_data_inst/PACKED_1.BANKS_WAY[0].ECC0.size_256.WAYS.ic_bank_sb_way_data/ram_core_reg_0_255_110_110/RAMS64E_D/WE (clocked by clk_core). Large setup violations at the end of those stages might be difficult to fix during the post-placement implementation flow and could be the result of non-optimal XDC constraints or non-optimal design architecture
Related violations: <none>

TIMING-16#822 Warning
Large setup violation  
There is a large setup violation of -8.154 ns between swervolf/rvtop/veer/ifu/aln/bundle1ff/dout_reg[4]/C (clocked by clk_core) and swervolf/rvtop/mem/icache.icm/ic_data_inst/PACKED_1.BANKS_WAY[0].ECC0.size_256.WAYS.ic_bank_sb_way_data/Q_reg[26]/CE (clocked by clk_core). Large setup violations at the end of those stages might be difficult to fix during the post-placement implementation flow and could be the result of non-optimal XDC constraints or non-optimal design architecture
Related violations: <none>

TIMING-16#823 Warning
Large setup violation  
There is a large setup violation of -8.158 ns between swervolf/rvtop/veer/ifu/aln/bundle1ff/dout_reg[4]/C (clocked by clk_core) and swervolf/rvtop/mem/icache.icm/ic_data_inst/PACKED_1.BANKS_WAY[0].ECC0.size_256.WAYS.ic_bank_sb_way_data/Q_reg[118]/CE (clocked by clk_core). Large setup violations at the end of those stages might be difficult to fix during the post-placement implementation flow and could be the result of non-optimal XDC constraints or non-optimal design architecture
Related violations: <none>

TIMING-16#824 Warning
Large setup violation  
There is a large setup violation of -8.158 ns between swervolf/rvtop/veer/ifu/aln/bundle1ff/dout_reg[4]/C (clocked by clk_core) and swervolf/rvtop/mem/icache.icm/ic_data_inst/PACKED_1.BANKS_WAY[0].ECC0.size_256.WAYS.ic_bank_sb_way_data/Q_reg[50]/CE (clocked by clk_core). Large setup violations at the end of those stages might be difficult to fix during the post-placement implementation flow and could be the result of non-optimal XDC constraints or non-optimal design architecture
Related violations: <none>

TIMING-16#825 Warning
Large setup violation  
There is a large setup violation of -8.177 ns between swervolf/rvtop/veer/ifu/aln/bundle1ff/dout_reg[4]/C (clocked by clk_core) and swervolf/rvtop/mem/icache.icm/ic_data_inst/PACKED_1.BANKS_WAY[0].ECC0.size_256.WAYS.ic_bank_sb_way_data/Q_reg[62]/CE (clocked by clk_core). Large setup violations at the end of those stages might be difficult to fix during the post-placement implementation flow and could be the result of non-optimal XDC constraints or non-optimal design architecture
Related violations: <none>

TIMING-16#826 Warning
Large setup violation  
There is a large setup violation of -8.196 ns between swervolf/rvtop/veer/ifu/aln/bundle1ff/dout_reg[4]/C (clocked by clk_core) and swervolf/rvtop/mem/icache.icm/ic_data_inst/PACKED_1.BANKS_WAY[0].ECC0.size_256.WAYS.ic_bank_sb_way_data/Q_reg[119]/CE (clocked by clk_core). Large setup violations at the end of those stages might be difficult to fix during the post-placement implementation flow and could be the result of non-optimal XDC constraints or non-optimal design architecture
Related violations: <none>

TIMING-16#827 Warning
Large setup violation  
There is a large setup violation of -8.196 ns between swervolf/rvtop/veer/ifu/aln/bundle1ff/dout_reg[4]/C (clocked by clk_core) and swervolf/rvtop/mem/icache.icm/ic_data_inst/PACKED_1.BANKS_WAY[0].ECC0.size_256.WAYS.ic_bank_sb_way_data/Q_reg[51]/CE (clocked by clk_core). Large setup violations at the end of those stages might be difficult to fix during the post-placement implementation flow and could be the result of non-optimal XDC constraints or non-optimal design architecture
Related violations: <none>

TIMING-16#828 Warning
Large setup violation  
There is a large setup violation of -8.196 ns between swervolf/rvtop/veer/ifu/aln/bundle1ff/dout_reg[4]/C (clocked by clk_core) and swervolf/rvtop/mem/icache.icm/ic_data_inst/PACKED_1.BANKS_WAY[0].ECC0.size_256.WAYS.ic_bank_sb_way_data/Q_reg[85]/CE (clocked by clk_core). Large setup violations at the end of those stages might be difficult to fix during the post-placement implementation flow and could be the result of non-optimal XDC constraints or non-optimal design architecture
Related violations: <none>

TIMING-16#829 Warning
Large setup violation  
There is a large setup violation of -8.207 ns between swervolf/rvtop/veer/ifu/aln/bundle1ff/dout_reg[4]/C (clocked by clk_core) and swervolf/rvtop/mem/icache.icm/ic_data_inst/PACKED_1.BANKS_WAY[0].ECC0.size_256.WAYS.ic_bank_sb_way_data/ram_core_reg_0_255_123_123/RAMS64E_A/WE (clocked by clk_core). Large setup violations at the end of those stages might be difficult to fix during the post-placement implementation flow and could be the result of non-optimal XDC constraints or non-optimal design architecture
Related violations: <none>

TIMING-16#830 Warning
Large setup violation  
There is a large setup violation of -8.207 ns between swervolf/rvtop/veer/ifu/aln/bundle1ff/dout_reg[4]/C (clocked by clk_core) and swervolf/rvtop/mem/icache.icm/ic_data_inst/PACKED_1.BANKS_WAY[0].ECC0.size_256.WAYS.ic_bank_sb_way_data/ram_core_reg_0_255_123_123/RAMS64E_B/WE (clocked by clk_core). Large setup violations at the end of those stages might be difficult to fix during the post-placement implementation flow and could be the result of non-optimal XDC constraints or non-optimal design architecture
Related violations: <none>

TIMING-16#831 Warning
Large setup violation  
There is a large setup violation of -8.207 ns between swervolf/rvtop/veer/ifu/aln/bundle1ff/dout_reg[4]/C (clocked by clk_core) and swervolf/rvtop/mem/icache.icm/ic_data_inst/PACKED_1.BANKS_WAY[0].ECC0.size_256.WAYS.ic_bank_sb_way_data/ram_core_reg_0_255_123_123/RAMS64E_C/WE (clocked by clk_core). Large setup violations at the end of those stages might be difficult to fix during the post-placement implementation flow and could be the result of non-optimal XDC constraints or non-optimal design architecture
Related violations: <none>

TIMING-16#832 Warning
Large setup violation  
There is a large setup violation of -8.207 ns between swervolf/rvtop/veer/ifu/aln/bundle1ff/dout_reg[4]/C (clocked by clk_core) and swervolf/rvtop/mem/icache.icm/ic_data_inst/PACKED_1.BANKS_WAY[0].ECC0.size_256.WAYS.ic_bank_sb_way_data/ram_core_reg_0_255_123_123/RAMS64E_D/WE (clocked by clk_core). Large setup violations at the end of those stages might be difficult to fix during the post-placement implementation flow and could be the result of non-optimal XDC constraints or non-optimal design architecture
Related violations: <none>

TIMING-16#833 Warning
Large setup violation  
There is a large setup violation of -8.209 ns between swervolf/rvtop/veer/ifu/aln/bundle1ff/dout_reg[4]/C (clocked by clk_core) and swervolf/rvtop/mem/icache.icm/ic_data_inst/PACKED_1.BANKS_WAY[0].ECC0.size_256.WAYS.ic_bank_sb_way_data/ram_core_reg_0_255_108_108/RAMS64E_A/WE (clocked by clk_core). Large setup violations at the end of those stages might be difficult to fix during the post-placement implementation flow and could be the result of non-optimal XDC constraints or non-optimal design architecture
Related violations: <none>

TIMING-16#834 Warning
Large setup violation  
There is a large setup violation of -8.209 ns between swervolf/rvtop/veer/ifu/aln/bundle1ff/dout_reg[4]/C (clocked by clk_core) and swervolf/rvtop/mem/icache.icm/ic_data_inst/PACKED_1.BANKS_WAY[0].ECC0.size_256.WAYS.ic_bank_sb_way_data/ram_core_reg_0_255_108_108/RAMS64E_B/WE (clocked by clk_core). Large setup violations at the end of those stages might be difficult to fix during the post-placement implementation flow and could be the result of non-optimal XDC constraints or non-optimal design architecture
Related violations: <none>

TIMING-16#835 Warning
Large setup violation  
There is a large setup violation of -8.209 ns between swervolf/rvtop/veer/ifu/aln/bundle1ff/dout_reg[4]/C (clocked by clk_core) and swervolf/rvtop/mem/icache.icm/ic_data_inst/PACKED_1.BANKS_WAY[0].ECC0.size_256.WAYS.ic_bank_sb_way_data/ram_core_reg_0_255_108_108/RAMS64E_C/WE (clocked by clk_core). Large setup violations at the end of those stages might be difficult to fix during the post-placement implementation flow and could be the result of non-optimal XDC constraints or non-optimal design architecture
Related violations: <none>

TIMING-16#836 Warning
Large setup violation  
There is a large setup violation of -8.209 ns between swervolf/rvtop/veer/ifu/aln/bundle1ff/dout_reg[4]/C (clocked by clk_core) and swervolf/rvtop/mem/icache.icm/ic_data_inst/PACKED_1.BANKS_WAY[0].ECC0.size_256.WAYS.ic_bank_sb_way_data/ram_core_reg_0_255_108_108/RAMS64E_D/WE (clocked by clk_core). Large setup violations at the end of those stages might be difficult to fix during the post-placement implementation flow and could be the result of non-optimal XDC constraints or non-optimal design architecture
Related violations: <none>

TIMING-16#837 Warning
Large setup violation  
There is a large setup violation of -8.214 ns between swervolf/rvtop/veer/ifu/aln/bundle1ff/dout_reg[4]/C (clocked by clk_core) and swervolf/rvtop/mem/icache.icm/ic_data_inst/PACKED_1.BANKS_WAY[0].ECC0.size_256.WAYS.ic_bank_sb_way_data/Q_reg[59]/CE (clocked by clk_core). Large setup violations at the end of those stages might be difficult to fix during the post-placement implementation flow and could be the result of non-optimal XDC constraints or non-optimal design architecture
Related violations: <none>

TIMING-16#838 Warning
Large setup violation  
There is a large setup violation of -8.217 ns between swervolf/rvtop/veer/ifu/aln/bundle1ff/dout_reg[4]/C (clocked by clk_core) and swervolf/rvtop/mem/icache.icm/ic_data_inst/PACKED_1.BANKS_WAY[0].ECC0.size_256.WAYS.ic_bank_sb_way_data/ram_core_reg_0_255_115_115/RAMS64E_A/WE (clocked by clk_core). Large setup violations at the end of those stages might be difficult to fix during the post-placement implementation flow and could be the result of non-optimal XDC constraints or non-optimal design architecture
Related violations: <none>

TIMING-16#839 Warning
Large setup violation  
There is a large setup violation of -8.217 ns between swervolf/rvtop/veer/ifu/aln/bundle1ff/dout_reg[4]/C (clocked by clk_core) and swervolf/rvtop/mem/icache.icm/ic_data_inst/PACKED_1.BANKS_WAY[0].ECC0.size_256.WAYS.ic_bank_sb_way_data/ram_core_reg_0_255_115_115/RAMS64E_B/WE (clocked by clk_core). Large setup violations at the end of those stages might be difficult to fix during the post-placement implementation flow and could be the result of non-optimal XDC constraints or non-optimal design architecture
Related violations: <none>

TIMING-16#840 Warning
Large setup violation  
There is a large setup violation of -8.217 ns between swervolf/rvtop/veer/ifu/aln/bundle1ff/dout_reg[4]/C (clocked by clk_core) and swervolf/rvtop/mem/icache.icm/ic_data_inst/PACKED_1.BANKS_WAY[0].ECC0.size_256.WAYS.ic_bank_sb_way_data/ram_core_reg_0_255_115_115/RAMS64E_C/WE (clocked by clk_core). Large setup violations at the end of those stages might be difficult to fix during the post-placement implementation flow and could be the result of non-optimal XDC constraints or non-optimal design architecture
Related violations: <none>

TIMING-16#841 Warning
Large setup violation  
There is a large setup violation of -8.217 ns between swervolf/rvtop/veer/ifu/aln/bundle1ff/dout_reg[4]/C (clocked by clk_core) and swervolf/rvtop/mem/icache.icm/ic_data_inst/PACKED_1.BANKS_WAY[0].ECC0.size_256.WAYS.ic_bank_sb_way_data/ram_core_reg_0_255_115_115/RAMS64E_D/WE (clocked by clk_core). Large setup violations at the end of those stages might be difficult to fix during the post-placement implementation flow and could be the result of non-optimal XDC constraints or non-optimal design architecture
Related violations: <none>

TIMING-16#842 Warning
Large setup violation  
There is a large setup violation of -8.253 ns between swervolf/rvtop/veer/ifu/aln/bundle1ff/dout_reg[4]/C (clocked by clk_core) and swervolf/rvtop/mem/icache.icm/ic_data_inst/PACKED_1.BANKS_WAY[0].ECC0.size_256.WAYS.ic_bank_sb_way_data/ram_core_reg_0_255_120_120/RAMS64E_A/WE (clocked by clk_core). Large setup violations at the end of those stages might be difficult to fix during the post-placement implementation flow and could be the result of non-optimal XDC constraints or non-optimal design architecture
Related violations: <none>

TIMING-16#843 Warning
Large setup violation  
There is a large setup violation of -8.253 ns between swervolf/rvtop/veer/ifu/aln/bundle1ff/dout_reg[4]/C (clocked by clk_core) and swervolf/rvtop/mem/icache.icm/ic_data_inst/PACKED_1.BANKS_WAY[0].ECC0.size_256.WAYS.ic_bank_sb_way_data/ram_core_reg_0_255_120_120/RAMS64E_B/WE (clocked by clk_core). Large setup violations at the end of those stages might be difficult to fix during the post-placement implementation flow and could be the result of non-optimal XDC constraints or non-optimal design architecture
Related violations: <none>

TIMING-16#844 Warning
Large setup violation  
There is a large setup violation of -8.253 ns between swervolf/rvtop/veer/ifu/aln/bundle1ff/dout_reg[4]/C (clocked by clk_core) and swervolf/rvtop/mem/icache.icm/ic_data_inst/PACKED_1.BANKS_WAY[0].ECC0.size_256.WAYS.ic_bank_sb_way_data/ram_core_reg_0_255_120_120/RAMS64E_C/WE (clocked by clk_core). Large setup violations at the end of those stages might be difficult to fix during the post-placement implementation flow and could be the result of non-optimal XDC constraints or non-optimal design architecture
Related violations: <none>

TIMING-16#845 Warning
Large setup violation  
There is a large setup violation of -8.253 ns between swervolf/rvtop/veer/ifu/aln/bundle1ff/dout_reg[4]/C (clocked by clk_core) and swervolf/rvtop/mem/icache.icm/ic_data_inst/PACKED_1.BANKS_WAY[0].ECC0.size_256.WAYS.ic_bank_sb_way_data/ram_core_reg_0_255_120_120/RAMS64E_D/WE (clocked by clk_core). Large setup violations at the end of those stages might be difficult to fix during the post-placement implementation flow and could be the result of non-optimal XDC constraints or non-optimal design architecture
Related violations: <none>

TIMING-16#846 Warning
Large setup violation  
There is a large setup violation of -8.255 ns between swervolf/rvtop/veer/ifu/aln/bundle1ff/dout_reg[4]/C (clocked by clk_core) and swervolf/rvtop/mem/icache.icm/ic_data_inst/PACKED_1.BANKS_WAY[0].ECC0.size_256.WAYS.ic_bank_sb_way_data/Q_reg[23]/CE (clocked by clk_core). Large setup violations at the end of those stages might be difficult to fix during the post-placement implementation flow and could be the result of non-optimal XDC constraints or non-optimal design architecture
Related violations: <none>

TIMING-16#847 Warning
Large setup violation  
There is a large setup violation of -8.255 ns between swervolf/rvtop/veer/ifu/aln/bundle1ff/dout_reg[4]/C (clocked by clk_core) and swervolf/rvtop/mem/icache.icm/ic_data_inst/PACKED_1.BANKS_WAY[0].ECC0.size_256.WAYS.ic_bank_sb_way_data/Q_reg[91]/CE (clocked by clk_core). Large setup violations at the end of those stages might be difficult to fix during the post-placement implementation flow and could be the result of non-optimal XDC constraints or non-optimal design architecture
Related violations: <none>

TIMING-16#848 Warning
Large setup violation  
There is a large setup violation of -8.259 ns between swervolf/rvtop/veer/ifu/aln/bundle1ff/dout_reg[4]/C (clocked by clk_core) and swervolf/rvtop/mem/icache.icm/ic_data_inst/PACKED_1.BANKS_WAY[0].ECC0.size_256.WAYS.ic_bank_sb_way_data/ram_core_reg_0_255_129_129/RAMS64E_A/WE (clocked by clk_core). Large setup violations at the end of those stages might be difficult to fix during the post-placement implementation flow and could be the result of non-optimal XDC constraints or non-optimal design architecture
Related violations: <none>

TIMING-16#849 Warning
Large setup violation  
There is a large setup violation of -8.259 ns between swervolf/rvtop/veer/ifu/aln/bundle1ff/dout_reg[4]/C (clocked by clk_core) and swervolf/rvtop/mem/icache.icm/ic_data_inst/PACKED_1.BANKS_WAY[0].ECC0.size_256.WAYS.ic_bank_sb_way_data/ram_core_reg_0_255_129_129/RAMS64E_B/WE (clocked by clk_core). Large setup violations at the end of those stages might be difficult to fix during the post-placement implementation flow and could be the result of non-optimal XDC constraints or non-optimal design architecture
Related violations: <none>

TIMING-16#850 Warning
Large setup violation  
There is a large setup violation of -8.259 ns between swervolf/rvtop/veer/ifu/aln/bundle1ff/dout_reg[4]/C (clocked by clk_core) and swervolf/rvtop/mem/icache.icm/ic_data_inst/PACKED_1.BANKS_WAY[0].ECC0.size_256.WAYS.ic_bank_sb_way_data/ram_core_reg_0_255_129_129/RAMS64E_C/WE (clocked by clk_core). Large setup violations at the end of those stages might be difficult to fix during the post-placement implementation flow and could be the result of non-optimal XDC constraints or non-optimal design architecture
Related violations: <none>

TIMING-16#851 Warning
Large setup violation  
There is a large setup violation of -8.259 ns between swervolf/rvtop/veer/ifu/aln/bundle1ff/dout_reg[4]/C (clocked by clk_core) and swervolf/rvtop/mem/icache.icm/ic_data_inst/PACKED_1.BANKS_WAY[0].ECC0.size_256.WAYS.ic_bank_sb_way_data/ram_core_reg_0_255_129_129/RAMS64E_D/WE (clocked by clk_core). Large setup violations at the end of those stages might be difficult to fix during the post-placement implementation flow and could be the result of non-optimal XDC constraints or non-optimal design architecture
Related violations: <none>

TIMING-16#852 Warning
Large setup violation  
There is a large setup violation of -8.267 ns between swervolf/rvtop/veer/ifu/aln/bundle1ff/dout_reg[4]/C (clocked by clk_core) and swervolf/rvtop/mem/icache.icm/ic_data_inst/PACKED_1.BANKS_WAY[0].ECC0.size_256.WAYS.ic_bank_sb_way_data/ram_core_reg_0_255_101_101/RAMS64E_A/WE (clocked by clk_core). Large setup violations at the end of those stages might be difficult to fix during the post-placement implementation flow and could be the result of non-optimal XDC constraints or non-optimal design architecture
Related violations: <none>

TIMING-16#853 Warning
Large setup violation  
There is a large setup violation of -8.267 ns between swervolf/rvtop/veer/ifu/aln/bundle1ff/dout_reg[4]/C (clocked by clk_core) and swervolf/rvtop/mem/icache.icm/ic_data_inst/PACKED_1.BANKS_WAY[0].ECC0.size_256.WAYS.ic_bank_sb_way_data/ram_core_reg_0_255_101_101/RAMS64E_B/WE (clocked by clk_core). Large setup violations at the end of those stages might be difficult to fix during the post-placement implementation flow and could be the result of non-optimal XDC constraints or non-optimal design architecture
Related violations: <none>

TIMING-16#854 Warning
Large setup violation  
There is a large setup violation of -8.267 ns between swervolf/rvtop/veer/ifu/aln/bundle1ff/dout_reg[4]/C (clocked by clk_core) and swervolf/rvtop/mem/icache.icm/ic_data_inst/PACKED_1.BANKS_WAY[0].ECC0.size_256.WAYS.ic_bank_sb_way_data/ram_core_reg_0_255_101_101/RAMS64E_C/WE (clocked by clk_core). Large setup violations at the end of those stages might be difficult to fix during the post-placement implementation flow and could be the result of non-optimal XDC constraints or non-optimal design architecture
Related violations: <none>

TIMING-16#855 Warning
Large setup violation  
There is a large setup violation of -8.267 ns between swervolf/rvtop/veer/ifu/aln/bundle1ff/dout_reg[4]/C (clocked by clk_core) and swervolf/rvtop/mem/icache.icm/ic_data_inst/PACKED_1.BANKS_WAY[0].ECC0.size_256.WAYS.ic_bank_sb_way_data/ram_core_reg_0_255_101_101/RAMS64E_D/WE (clocked by clk_core). Large setup violations at the end of those stages might be difficult to fix during the post-placement implementation flow and could be the result of non-optimal XDC constraints or non-optimal design architecture
Related violations: <none>

TIMING-16#856 Warning
Large setup violation  
There is a large setup violation of -8.270 ns between swervolf/rvtop/veer/ifu/aln/bundle1ff/dout_reg[4]/C (clocked by clk_core) and swervolf/rvtop/mem/icache.icm/ic_data_inst/PACKED_1.BANKS_WAY[0].ECC0.size_256.WAYS.ic_bank_sb_way_data/Q_reg[135]/CE (clocked by clk_core). Large setup violations at the end of those stages might be difficult to fix during the post-placement implementation flow and could be the result of non-optimal XDC constraints or non-optimal design architecture
Related violations: <none>

TIMING-16#857 Warning
Large setup violation  
There is a large setup violation of -8.270 ns between swervolf/rvtop/veer/ifu/aln/bundle1ff/dout_reg[4]/C (clocked by clk_core) and swervolf/rvtop/mem/icache.icm/ic_data_inst/PACKED_1.BANKS_WAY[0].ECC0.size_256.WAYS.ic_bank_sb_way_data/Q_reg[67]/CE (clocked by clk_core). Large setup violations at the end of those stages might be difficult to fix during the post-placement implementation flow and could be the result of non-optimal XDC constraints or non-optimal design architecture
Related violations: <none>

TIMING-16#858 Warning
Large setup violation  
There is a large setup violation of -8.283 ns between swervolf/rvtop/veer/ifu/aln/bundle1ff/dout_reg[4]/C (clocked by clk_core) and swervolf/rvtop/mem/icache.icm/ic_data_inst/PACKED_1.BANKS_WAY[0].ECC0.size_256.WAYS.ic_bank_sb_way_data/Q_reg[58]/CE (clocked by clk_core). Large setup violations at the end of those stages might be difficult to fix during the post-placement implementation flow and could be the result of non-optimal XDC constraints or non-optimal design architecture
Related violations: <none>

TIMING-16#859 Warning
Large setup violation  
There is a large setup violation of -8.292 ns between swervolf/rvtop/veer/ifu/aln/bundle1ff/dout_reg[4]/C (clocked by clk_core) and swervolf/rvtop/mem/icache.icm/ic_data_inst/PACKED_1.BANKS_WAY[0].ECC0.size_256.WAYS.ic_bank_sb_way_data/Q_reg[69]/CE (clocked by clk_core). Large setup violations at the end of those stages might be difficult to fix during the post-placement implementation flow and could be the result of non-optimal XDC constraints or non-optimal design architecture
Related violations: <none>

TIMING-16#860 Warning
Large setup violation  
There is a large setup violation of -8.292 ns between swervolf/rvtop/veer/ifu/aln/bundle1ff/dout_reg[4]/C (clocked by clk_core) and swervolf/rvtop/mem/icache.icm/ic_data_inst/PACKED_1.BANKS_WAY[0].ECC0.size_256.WAYS.ic_bank_sb_way_data/Q_reg[77]/CE (clocked by clk_core). Large setup violations at the end of those stages might be difficult to fix during the post-placement implementation flow and could be the result of non-optimal XDC constraints or non-optimal design architecture
Related violations: <none>

TIMING-16#861 Warning
Large setup violation  
There is a large setup violation of -8.292 ns between swervolf/rvtop/veer/ifu/aln/bundle1ff/dout_reg[4]/C (clocked by clk_core) and swervolf/rvtop/mem/icache.icm/ic_data_inst/PACKED_1.BANKS_WAY[0].ECC0.size_256.WAYS.ic_bank_sb_way_data/Q_reg[9]/CE (clocked by clk_core). Large setup violations at the end of those stages might be difficult to fix during the post-placement implementation flow and could be the result of non-optimal XDC constraints or non-optimal design architecture
Related violations: <none>

TIMING-16#862 Warning
Large setup violation  
There is a large setup violation of -8.297 ns between swervolf/rvtop/veer/ifu/aln/bundle1ff/dout_reg[4]/C (clocked by clk_core) and swervolf/rvtop/mem/icache.icm/ic_data_inst/PACKED_1.BANKS_WAY[0].ECC0.size_256.WAYS.ic_bank_sb_way_data/ram_core_reg_0_255_109_109/RAMS64E_A/WE (clocked by clk_core). Large setup violations at the end of those stages might be difficult to fix during the post-placement implementation flow and could be the result of non-optimal XDC constraints or non-optimal design architecture
Related violations: <none>

TIMING-16#863 Warning
Large setup violation  
There is a large setup violation of -8.297 ns between swervolf/rvtop/veer/ifu/aln/bundle1ff/dout_reg[4]/C (clocked by clk_core) and swervolf/rvtop/mem/icache.icm/ic_data_inst/PACKED_1.BANKS_WAY[0].ECC0.size_256.WAYS.ic_bank_sb_way_data/ram_core_reg_0_255_109_109/RAMS64E_B/WE (clocked by clk_core). Large setup violations at the end of those stages might be difficult to fix during the post-placement implementation flow and could be the result of non-optimal XDC constraints or non-optimal design architecture
Related violations: <none>

TIMING-16#864 Warning
Large setup violation  
There is a large setup violation of -8.297 ns between swervolf/rvtop/veer/ifu/aln/bundle1ff/dout_reg[4]/C (clocked by clk_core) and swervolf/rvtop/mem/icache.icm/ic_data_inst/PACKED_1.BANKS_WAY[0].ECC0.size_256.WAYS.ic_bank_sb_way_data/ram_core_reg_0_255_109_109/RAMS64E_C/WE (clocked by clk_core). Large setup violations at the end of those stages might be difficult to fix during the post-placement implementation flow and could be the result of non-optimal XDC constraints or non-optimal design architecture
Related violations: <none>

TIMING-16#865 Warning
Large setup violation  
There is a large setup violation of -8.297 ns between swervolf/rvtop/veer/ifu/aln/bundle1ff/dout_reg[4]/C (clocked by clk_core) and swervolf/rvtop/mem/icache.icm/ic_data_inst/PACKED_1.BANKS_WAY[0].ECC0.size_256.WAYS.ic_bank_sb_way_data/ram_core_reg_0_255_109_109/RAMS64E_D/WE (clocked by clk_core). Large setup violations at the end of those stages might be difficult to fix during the post-placement implementation flow and could be the result of non-optimal XDC constraints or non-optimal design architecture
Related violations: <none>

TIMING-16#866 Warning
Large setup violation  
There is a large setup violation of -8.301 ns between swervolf/rvtop/veer/ifu/aln/bundle1ff/dout_reg[4]/C (clocked by clk_core) and swervolf/rvtop/mem/icache.icm/ic_data_inst/PACKED_1.BANKS_WAY[0].ECC0.size_256.WAYS.ic_bank_sb_way_data/Q_reg[125]/CE (clocked by clk_core). Large setup violations at the end of those stages might be difficult to fix during the post-placement implementation flow and could be the result of non-optimal XDC constraints or non-optimal design architecture
Related violations: <none>

TIMING-16#867 Warning
Large setup violation  
There is a large setup violation of -8.304 ns between swervolf/rvtop/veer/ifu/aln/bundle1ff/dout_reg[4]/C (clocked by clk_core) and swervolf/rvtop/mem/icache.icm/ic_data_inst/PACKED_1.BANKS_WAY[0].ECC0.size_256.WAYS.ic_bank_sb_way_data/Q_reg[126]/CE (clocked by clk_core). Large setup violations at the end of those stages might be difficult to fix during the post-placement implementation flow and could be the result of non-optimal XDC constraints or non-optimal design architecture
Related violations: <none>

TIMING-16#868 Warning
Large setup violation  
There is a large setup violation of -8.304 ns between swervolf/rvtop/veer/ifu/aln/bundle1ff/dout_reg[4]/C (clocked by clk_core) and swervolf/rvtop/mem/icache.icm/ic_data_inst/PACKED_1.BANKS_WAY[0].ECC0.size_256.WAYS.ic_bank_sb_way_data/Q_reg[127]/CE (clocked by clk_core). Large setup violations at the end of those stages might be difficult to fix during the post-placement implementation flow and could be the result of non-optimal XDC constraints or non-optimal design architecture
Related violations: <none>

TIMING-16#869 Warning
Large setup violation  
There is a large setup violation of -8.304 ns between swervolf/rvtop/veer/ifu/aln/bundle1ff/dout_reg[4]/C (clocked by clk_core) and swervolf/rvtop/mem/icache.icm/ic_data_inst/PACKED_1.BANKS_WAY[0].ECC0.size_256.WAYS.ic_bank_sb_way_data/Q_reg[132]/CE (clocked by clk_core). Large setup violations at the end of those stages might be difficult to fix during the post-placement implementation flow and could be the result of non-optimal XDC constraints or non-optimal design architecture
Related violations: <none>

TIMING-16#870 Warning
Large setup violation  
There is a large setup violation of -8.304 ns between swervolf/rvtop/veer/ifu/aln/bundle1ff/dout_reg[4]/C (clocked by clk_core) and swervolf/rvtop/mem/icache.icm/ic_data_inst/PACKED_1.BANKS_WAY[0].ECC0.size_256.WAYS.ic_bank_sb_way_data/Q_reg[15]/CE (clocked by clk_core). Large setup violations at the end of those stages might be difficult to fix during the post-placement implementation flow and could be the result of non-optimal XDC constraints or non-optimal design architecture
Related violations: <none>

TIMING-16#871 Warning
Large setup violation  
There is a large setup violation of -8.306 ns between swervolf/rvtop/veer/ifu/aln/bundle1ff/dout_reg[4]/C (clocked by clk_core) and swervolf/rvtop/mem/icache.icm/ic_data_inst/PACKED_1.BANKS_WAY[0].ECC0.size_256.WAYS.ic_bank_sb_way_data/Q_reg[0]/CE (clocked by clk_core). Large setup violations at the end of those stages might be difficult to fix during the post-placement implementation flow and could be the result of non-optimal XDC constraints or non-optimal design architecture
Related violations: <none>

TIMING-16#872 Warning
Large setup violation  
There is a large setup violation of -8.306 ns between swervolf/rvtop/veer/ifu/aln/bundle1ff/dout_reg[4]/C (clocked by clk_core) and swervolf/rvtop/mem/icache.icm/ic_data_inst/PACKED_1.BANKS_WAY[0].ECC0.size_256.WAYS.ic_bank_sb_way_data/Q_reg[1]/CE (clocked by clk_core). Large setup violations at the end of those stages might be difficult to fix during the post-placement implementation flow and could be the result of non-optimal XDC constraints or non-optimal design architecture
Related violations: <none>

TIMING-16#873 Warning
Large setup violation  
There is a large setup violation of -8.306 ns between swervolf/rvtop/veer/ifu/aln/bundle1ff/dout_reg[4]/C (clocked by clk_core) and swervolf/rvtop/mem/icache.icm/ic_data_inst/PACKED_1.BANKS_WAY[0].ECC0.size_256.WAYS.ic_bank_sb_way_data/Q_reg[64]/CE (clocked by clk_core). Large setup violations at the end of those stages might be difficult to fix during the post-placement implementation flow and could be the result of non-optimal XDC constraints or non-optimal design architecture
Related violations: <none>

TIMING-16#874 Warning
Large setup violation  
There is a large setup violation of -8.306 ns between swervolf/rvtop/veer/ifu/aln/bundle1ff/dout_reg[4]/C (clocked by clk_core) and swervolf/rvtop/mem/icache.icm/ic_data_inst/PACKED_1.BANKS_WAY[0].ECC0.size_256.WAYS.ic_bank_sb_way_data/Q_reg[68]/CE (clocked by clk_core). Large setup violations at the end of those stages might be difficult to fix during the post-placement implementation flow and could be the result of non-optimal XDC constraints or non-optimal design architecture
Related violations: <none>

TIMING-16#875 Warning
Large setup violation  
There is a large setup violation of -8.314 ns between swervolf/rvtop/veer/ifu/aln/bundle1ff/dout_reg[4]/C (clocked by clk_core) and swervolf/rvtop/mem/icache.icm/ic_data_inst/PACKED_1.BANKS_WAY[0].ECC0.size_256.WAYS.ic_bank_sb_way_data/Q_reg[25]/CE (clocked by clk_core). Large setup violations at the end of those stages might be difficult to fix during the post-placement implementation flow and could be the result of non-optimal XDC constraints or non-optimal design architecture
Related violations: <none>

TIMING-16#876 Warning
Large setup violation  
There is a large setup violation of -8.314 ns between swervolf/rvtop/veer/ifu/aln/bundle1ff/dout_reg[4]/C (clocked by clk_core) and swervolf/rvtop/mem/icache.icm/ic_data_inst/PACKED_1.BANKS_WAY[0].ECC0.size_256.WAYS.ic_bank_sb_way_data/Q_reg[27]/CE (clocked by clk_core). Large setup violations at the end of those stages might be difficult to fix during the post-placement implementation flow and could be the result of non-optimal XDC constraints or non-optimal design architecture
Related violations: <none>

TIMING-16#877 Warning
Large setup violation  
There is a large setup violation of -8.314 ns between swervolf/rvtop/veer/ifu/aln/bundle1ff/dout_reg[4]/C (clocked by clk_core) and swervolf/rvtop/mem/icache.icm/ic_data_inst/PACKED_1.BANKS_WAY[0].ECC0.size_256.WAYS.ic_bank_sb_way_data/Q_reg[31]/CE (clocked by clk_core). Large setup violations at the end of those stages might be difficult to fix during the post-placement implementation flow and could be the result of non-optimal XDC constraints or non-optimal design architecture
Related violations: <none>

TIMING-16#878 Warning
Large setup violation  
There is a large setup violation of -8.320 ns between swervolf/rvtop/veer/ifu/aln/bundle1ff/dout_reg[4]/C (clocked by clk_core) and swervolf/rvtop/mem/icache.icm/ic_data_inst/PACKED_1.BANKS_WAY[0].ECC0.size_256.WAYS.ic_bank_sb_way_data/Q_reg[88]/CE (clocked by clk_core). Large setup violations at the end of those stages might be difficult to fix during the post-placement implementation flow and could be the result of non-optimal XDC constraints or non-optimal design architecture
Related violations: <none>

TIMING-16#879 Warning
Large setup violation  
There is a large setup violation of -8.323 ns between swervolf/rvtop/veer/ifu/aln/bundle1ff/dout_reg[4]/C (clocked by clk_core) and swervolf/rvtop/mem/icache.icm/ic_data_inst/PACKED_1.BANKS_WAY[0].ECC0.size_256.WAYS.ic_bank_sb_way_data/Q_reg[130]/CE (clocked by clk_core). Large setup violations at the end of those stages might be difficult to fix during the post-placement implementation flow and could be the result of non-optimal XDC constraints or non-optimal design architecture
Related violations: <none>

TIMING-16#880 Warning
Large setup violation  
There is a large setup violation of -8.323 ns between swervolf/rvtop/veer/ifu/aln/bundle1ff/dout_reg[4]/C (clocked by clk_core) and swervolf/rvtop/mem/icache.icm/ic_data_inst/PACKED_1.BANKS_WAY[0].ECC0.size_256.WAYS.ic_bank_sb_way_data/Q_reg[131]/CE (clocked by clk_core). Large setup violations at the end of those stages might be difficult to fix during the post-placement implementation flow and could be the result of non-optimal XDC constraints or non-optimal design architecture
Related violations: <none>

TIMING-16#881 Warning
Large setup violation  
There is a large setup violation of -8.341 ns between swervolf/rvtop/veer/ifu/aln/bundle1ff/dout_reg[4]/C (clocked by clk_core) and swervolf/rvtop/mem/icache.icm/ic_data_inst/PACKED_1.BANKS_WAY[0].ECC0.size_256.WAYS.ic_bank_sb_way_data/ram_core_reg_0_255_106_106/RAMS64E_A/WE (clocked by clk_core). Large setup violations at the end of those stages might be difficult to fix during the post-placement implementation flow and could be the result of non-optimal XDC constraints or non-optimal design architecture
Related violations: <none>

TIMING-16#882 Warning
Large setup violation  
There is a large setup violation of -8.341 ns between swervolf/rvtop/veer/ifu/aln/bundle1ff/dout_reg[4]/C (clocked by clk_core) and swervolf/rvtop/mem/icache.icm/ic_data_inst/PACKED_1.BANKS_WAY[0].ECC0.size_256.WAYS.ic_bank_sb_way_data/ram_core_reg_0_255_106_106/RAMS64E_B/WE (clocked by clk_core). Large setup violations at the end of those stages might be difficult to fix during the post-placement implementation flow and could be the result of non-optimal XDC constraints or non-optimal design architecture
Related violations: <none>

TIMING-16#883 Warning
Large setup violation  
There is a large setup violation of -8.341 ns between swervolf/rvtop/veer/ifu/aln/bundle1ff/dout_reg[4]/C (clocked by clk_core) and swervolf/rvtop/mem/icache.icm/ic_data_inst/PACKED_1.BANKS_WAY[0].ECC0.size_256.WAYS.ic_bank_sb_way_data/ram_core_reg_0_255_106_106/RAMS64E_C/WE (clocked by clk_core). Large setup violations at the end of those stages might be difficult to fix during the post-placement implementation flow and could be the result of non-optimal XDC constraints or non-optimal design architecture
Related violations: <none>

TIMING-16#884 Warning
Large setup violation  
There is a large setup violation of -8.341 ns between swervolf/rvtop/veer/ifu/aln/bundle1ff/dout_reg[4]/C (clocked by clk_core) and swervolf/rvtop/mem/icache.icm/ic_data_inst/PACKED_1.BANKS_WAY[0].ECC0.size_256.WAYS.ic_bank_sb_way_data/ram_core_reg_0_255_106_106/RAMS64E_D/WE (clocked by clk_core). Large setup violations at the end of those stages might be difficult to fix during the post-placement implementation flow and could be the result of non-optimal XDC constraints or non-optimal design architecture
Related violations: <none>

TIMING-16#885 Warning
Large setup violation  
There is a large setup violation of -8.348 ns between swervolf/rvtop/veer/ifu/aln/bundle1ff/dout_reg[4]/C (clocked by clk_core) and swervolf/rvtop/mem/icache.icm/ic_data_inst/PACKED_1.BANKS_WAY[0].ECC0.size_256.WAYS.ic_bank_sb_way_data/Q_reg[10]/CE (clocked by clk_core). Large setup violations at the end of those stages might be difficult to fix during the post-placement implementation flow and could be the result of non-optimal XDC constraints or non-optimal design architecture
Related violations: <none>

TIMING-16#886 Warning
Large setup violation  
There is a large setup violation of -8.348 ns between swervolf/rvtop/veer/ifu/aln/bundle1ff/dout_reg[4]/C (clocked by clk_core) and swervolf/rvtop/mem/icache.icm/ic_data_inst/PACKED_1.BANKS_WAY[0].ECC0.size_256.WAYS.ic_bank_sb_way_data/Q_reg[124]/CE (clocked by clk_core). Large setup violations at the end of those stages might be difficult to fix during the post-placement implementation flow and could be the result of non-optimal XDC constraints or non-optimal design architecture
Related violations: <none>

TIMING-16#887 Warning
Large setup violation  
There is a large setup violation of -8.348 ns between swervolf/rvtop/veer/ifu/aln/bundle1ff/dout_reg[4]/C (clocked by clk_core) and swervolf/rvtop/mem/icache.icm/ic_data_inst/PACKED_1.BANKS_WAY[0].ECC0.size_256.WAYS.ic_bank_sb_way_data/Q_reg[13]/CE (clocked by clk_core). Large setup violations at the end of those stages might be difficult to fix during the post-placement implementation flow and could be the result of non-optimal XDC constraints or non-optimal design architecture
Related violations: <none>

TIMING-16#888 Warning
Large setup violation  
There is a large setup violation of -8.348 ns between swervolf/rvtop/veer/ifu/aln/bundle1ff/dout_reg[4]/C (clocked by clk_core) and swervolf/rvtop/mem/icache.icm/ic_data_inst/PACKED_1.BANKS_WAY[0].ECC0.size_256.WAYS.ic_bank_sb_way_data/Q_reg[56]/CE (clocked by clk_core). Large setup violations at the end of those stages might be difficult to fix during the post-placement implementation flow and could be the result of non-optimal XDC constraints or non-optimal design architecture
Related violations: <none>

TIMING-16#889 Warning
Large setup violation  
There is a large setup violation of -8.348 ns between swervolf/rvtop/veer/ifu/aln/bundle1ff/dout_reg[4]/C (clocked by clk_core) and swervolf/rvtop/mem/icache.icm/ic_data_inst/PACKED_1.BANKS_WAY[0].ECC0.size_256.WAYS.ic_bank_sb_way_data/Q_reg[78]/CE (clocked by clk_core). Large setup violations at the end of those stages might be difficult to fix during the post-placement implementation flow and could be the result of non-optimal XDC constraints or non-optimal design architecture
Related violations: <none>

TIMING-16#890 Warning
Large setup violation  
There is a large setup violation of -8.348 ns between swervolf/rvtop/veer/ifu/aln/bundle1ff/dout_reg[4]/C (clocked by clk_core) and swervolf/rvtop/mem/icache.icm/ic_data_inst/PACKED_1.BANKS_WAY[0].ECC0.size_256.WAYS.ic_bank_sb_way_data/Q_reg[81]/CE (clocked by clk_core). Large setup violations at the end of those stages might be difficult to fix during the post-placement implementation flow and could be the result of non-optimal XDC constraints or non-optimal design architecture
Related violations: <none>

TIMING-16#891 Warning
Large setup violation  
There is a large setup violation of -8.351 ns between swervolf/rvtop/veer/ifu/aln/bundle1ff/dout_reg[4]/C (clocked by clk_core) and swervolf/rvtop/mem/icache.icm/ic_data_inst/PACKED_1.BANKS_WAY[0].ECC0.size_256.WAYS.ic_bank_sb_way_data/Q_reg[16]/CE (clocked by clk_core). Large setup violations at the end of those stages might be difficult to fix during the post-placement implementation flow and could be the result of non-optimal XDC constraints or non-optimal design architecture
Related violations: <none>

TIMING-16#892 Warning
Large setup violation  
There is a large setup violation of -8.351 ns between swervolf/rvtop/veer/ifu/aln/bundle1ff/dout_reg[4]/C (clocked by clk_core) and swervolf/rvtop/mem/icache.icm/ic_data_inst/PACKED_1.BANKS_WAY[0].ECC0.size_256.WAYS.ic_bank_sb_way_data/Q_reg[28]/CE (clocked by clk_core). Large setup violations at the end of those stages might be difficult to fix during the post-placement implementation flow and could be the result of non-optimal XDC constraints or non-optimal design architecture
Related violations: <none>

TIMING-16#893 Warning
Large setup violation  
There is a large setup violation of -8.351 ns between swervolf/rvtop/veer/ifu/aln/bundle1ff/dout_reg[4]/C (clocked by clk_core) and swervolf/rvtop/mem/icache.icm/ic_data_inst/PACKED_1.BANKS_WAY[0].ECC0.size_256.WAYS.ic_bank_sb_way_data/Q_reg[84]/CE (clocked by clk_core). Large setup violations at the end of those stages might be difficult to fix during the post-placement implementation flow and could be the result of non-optimal XDC constraints or non-optimal design architecture
Related violations: <none>

TIMING-16#894 Warning
Large setup violation  
There is a large setup violation of -8.362 ns between swervolf/rvtop/veer/ifu/aln/bundle1ff/dout_reg[4]/C (clocked by clk_core) and swervolf/rvtop/mem/icache.icm/ic_data_inst/PACKED_1.BANKS_WAY[0].ECC0.size_256.WAYS.ic_bank_sb_way_data/ram_core_reg_0_255_100_100/RAMS64E_A/WE (clocked by clk_core). Large setup violations at the end of those stages might be difficult to fix during the post-placement implementation flow and could be the result of non-optimal XDC constraints or non-optimal design architecture
Related violations: <none>

TIMING-16#895 Warning
Large setup violation  
There is a large setup violation of -8.362 ns between swervolf/rvtop/veer/ifu/aln/bundle1ff/dout_reg[4]/C (clocked by clk_core) and swervolf/rvtop/mem/icache.icm/ic_data_inst/PACKED_1.BANKS_WAY[0].ECC0.size_256.WAYS.ic_bank_sb_way_data/ram_core_reg_0_255_100_100/RAMS64E_B/WE (clocked by clk_core). Large setup violations at the end of those stages might be difficult to fix during the post-placement implementation flow and could be the result of non-optimal XDC constraints or non-optimal design architecture
Related violations: <none>

TIMING-16#896 Warning
Large setup violation  
There is a large setup violation of -8.362 ns between swervolf/rvtop/veer/ifu/aln/bundle1ff/dout_reg[4]/C (clocked by clk_core) and swervolf/rvtop/mem/icache.icm/ic_data_inst/PACKED_1.BANKS_WAY[0].ECC0.size_256.WAYS.ic_bank_sb_way_data/ram_core_reg_0_255_100_100/RAMS64E_C/WE (clocked by clk_core). Large setup violations at the end of those stages might be difficult to fix during the post-placement implementation flow and could be the result of non-optimal XDC constraints or non-optimal design architecture
Related violations: <none>

TIMING-16#897 Warning
Large setup violation  
There is a large setup violation of -8.362 ns between swervolf/rvtop/veer/ifu/aln/bundle1ff/dout_reg[4]/C (clocked by clk_core) and swervolf/rvtop/mem/icache.icm/ic_data_inst/PACKED_1.BANKS_WAY[0].ECC0.size_256.WAYS.ic_bank_sb_way_data/ram_core_reg_0_255_100_100/RAMS64E_D/WE (clocked by clk_core). Large setup violations at the end of those stages might be difficult to fix during the post-placement implementation flow and could be the result of non-optimal XDC constraints or non-optimal design architecture
Related violations: <none>

TIMING-16#898 Warning
Large setup violation  
There is a large setup violation of -8.390 ns between swervolf/rvtop/veer/ifu/aln/bundle1ff/dout_reg[4]/C (clocked by clk_core) and swervolf/rvtop/mem/icache.icm/ic_data_inst/PACKED_1.BANKS_WAY[0].ECC0.size_256.WAYS.ic_bank_sb_way_data/Q_reg[30]/CE (clocked by clk_core). Large setup violations at the end of those stages might be difficult to fix during the post-placement implementation flow and could be the result of non-optimal XDC constraints or non-optimal design architecture
Related violations: <none>

TIMING-16#899 Warning
Large setup violation  
There is a large setup violation of -8.390 ns between swervolf/rvtop/veer/ifu/aln/bundle1ff/dout_reg[4]/C (clocked by clk_core) and swervolf/rvtop/mem/icache.icm/ic_data_inst/PACKED_1.BANKS_WAY[0].ECC0.size_256.WAYS.ic_bank_sb_way_data/Q_reg[97]/CE (clocked by clk_core). Large setup violations at the end of those stages might be difficult to fix during the post-placement implementation flow and could be the result of non-optimal XDC constraints or non-optimal design architecture
Related violations: <none>

TIMING-16#900 Warning
Large setup violation  
There is a large setup violation of -8.390 ns between swervolf/rvtop/veer/ifu/aln/bundle1ff/dout_reg[4]/C (clocked by clk_core) and swervolf/rvtop/mem/icache.icm/ic_data_inst/PACKED_1.BANKS_WAY[0].ECC0.size_256.WAYS.ic_bank_sb_way_data/Q_reg[98]/CE (clocked by clk_core). Large setup violations at the end of those stages might be difficult to fix during the post-placement implementation flow and could be the result of non-optimal XDC constraints or non-optimal design architecture
Related violations: <none>

TIMING-16#901 Warning
Large setup violation  
There is a large setup violation of -8.391 ns between swervolf/rvtop/veer/ifu/aln/bundle1ff/dout_reg[4]/C (clocked by clk_core) and swervolf/rvtop/mem/icache.icm/ic_data_inst/PACKED_1.BANKS_WAY[0].ECC0.size_256.WAYS.ic_bank_sb_way_data/Q_reg[22]/CE (clocked by clk_core). Large setup violations at the end of those stages might be difficult to fix during the post-placement implementation flow and could be the result of non-optimal XDC constraints or non-optimal design architecture
Related violations: <none>

TIMING-16#902 Warning
Large setup violation  
There is a large setup violation of -8.391 ns between swervolf/rvtop/veer/ifu/aln/bundle1ff/dout_reg[4]/C (clocked by clk_core) and swervolf/rvtop/mem/icache.icm/ic_data_inst/PACKED_1.BANKS_WAY[0].ECC0.size_256.WAYS.ic_bank_sb_way_data/ram_core_reg_0_255_125_125/RAMS64E_A/WE (clocked by clk_core). Large setup violations at the end of those stages might be difficult to fix during the post-placement implementation flow and could be the result of non-optimal XDC constraints or non-optimal design architecture
Related violations: <none>

TIMING-16#903 Warning
Large setup violation  
There is a large setup violation of -8.391 ns between swervolf/rvtop/veer/ifu/aln/bundle1ff/dout_reg[4]/C (clocked by clk_core) and swervolf/rvtop/mem/icache.icm/ic_data_inst/PACKED_1.BANKS_WAY[0].ECC0.size_256.WAYS.ic_bank_sb_way_data/ram_core_reg_0_255_125_125/RAMS64E_B/WE (clocked by clk_core). Large setup violations at the end of those stages might be difficult to fix during the post-placement implementation flow and could be the result of non-optimal XDC constraints or non-optimal design architecture
Related violations: <none>

TIMING-16#904 Warning
Large setup violation  
There is a large setup violation of -8.391 ns between swervolf/rvtop/veer/ifu/aln/bundle1ff/dout_reg[4]/C (clocked by clk_core) and swervolf/rvtop/mem/icache.icm/ic_data_inst/PACKED_1.BANKS_WAY[0].ECC0.size_256.WAYS.ic_bank_sb_way_data/ram_core_reg_0_255_125_125/RAMS64E_C/WE (clocked by clk_core). Large setup violations at the end of those stages might be difficult to fix during the post-placement implementation flow and could be the result of non-optimal XDC constraints or non-optimal design architecture
Related violations: <none>

TIMING-16#905 Warning
Large setup violation  
There is a large setup violation of -8.391 ns between swervolf/rvtop/veer/ifu/aln/bundle1ff/dout_reg[4]/C (clocked by clk_core) and swervolf/rvtop/mem/icache.icm/ic_data_inst/PACKED_1.BANKS_WAY[0].ECC0.size_256.WAYS.ic_bank_sb_way_data/ram_core_reg_0_255_125_125/RAMS64E_D/WE (clocked by clk_core). Large setup violations at the end of those stages might be difficult to fix during the post-placement implementation flow and could be the result of non-optimal XDC constraints or non-optimal design architecture
Related violations: <none>

TIMING-16#906 Warning
Large setup violation  
There is a large setup violation of -8.401 ns between swervolf/rvtop/veer/ifu/aln/bundle1ff/dout_reg[4]/C (clocked by clk_core) and swervolf/rvtop/mem/icache.icm/ic_data_inst/PACKED_1.BANKS_WAY[0].ECC0.size_256.WAYS.ic_bank_sb_way_data/Q_reg[99]/CE (clocked by clk_core). Large setup violations at the end of those stages might be difficult to fix during the post-placement implementation flow and could be the result of non-optimal XDC constraints or non-optimal design architecture
Related violations: <none>

TIMING-16#907 Warning
Large setup violation  
There is a large setup violation of -8.404 ns between swervolf/rvtop/veer/ifu/aln/bundle1ff/dout_reg[4]/C (clocked by clk_core) and swervolf/rvtop/mem/icache.icm/ic_data_inst/PACKED_1.BANKS_WAY[0].ECC0.size_256.WAYS.ic_bank_sb_way_data/Q_reg[17]/CE (clocked by clk_core). Large setup violations at the end of those stages might be difficult to fix during the post-placement implementation flow and could be the result of non-optimal XDC constraints or non-optimal design architecture
Related violations: <none>

TIMING-16#908 Warning
Large setup violation  
There is a large setup violation of -8.404 ns between swervolf/rvtop/veer/ifu/aln/bundle1ff/dout_reg[4]/C (clocked by clk_core) and swervolf/rvtop/mem/icache.icm/ic_data_inst/PACKED_1.BANKS_WAY[0].ECC0.size_256.WAYS.ic_bank_sb_way_data/Q_reg[52]/CE (clocked by clk_core). Large setup violations at the end of those stages might be difficult to fix during the post-placement implementation flow and could be the result of non-optimal XDC constraints or non-optimal design architecture
Related violations: <none>

TIMING-16#909 Warning
Large setup violation  
There is a large setup violation of -8.418 ns between swervolf/rvtop/veer/ifu/aln/bundle1ff/dout_reg[4]/C (clocked by clk_core) and swervolf/rvtop/mem/icache.icm/ic_data_inst/PACKED_1.BANKS_WAY[0].ECC0.size_256.WAYS.ic_bank_sb_way_data/ram_core_reg_0_255_131_131/RAMS64E_A/WE (clocked by clk_core). Large setup violations at the end of those stages might be difficult to fix during the post-placement implementation flow and could be the result of non-optimal XDC constraints or non-optimal design architecture
Related violations: <none>

TIMING-16#910 Warning
Large setup violation  
There is a large setup violation of -8.418 ns between swervolf/rvtop/veer/ifu/aln/bundle1ff/dout_reg[4]/C (clocked by clk_core) and swervolf/rvtop/mem/icache.icm/ic_data_inst/PACKED_1.BANKS_WAY[0].ECC0.size_256.WAYS.ic_bank_sb_way_data/ram_core_reg_0_255_131_131/RAMS64E_B/WE (clocked by clk_core). Large setup violations at the end of those stages might be difficult to fix during the post-placement implementation flow and could be the result of non-optimal XDC constraints or non-optimal design architecture
Related violations: <none>

TIMING-16#911 Warning
Large setup violation  
There is a large setup violation of -8.418 ns between swervolf/rvtop/veer/ifu/aln/bundle1ff/dout_reg[4]/C (clocked by clk_core) and swervolf/rvtop/mem/icache.icm/ic_data_inst/PACKED_1.BANKS_WAY[0].ECC0.size_256.WAYS.ic_bank_sb_way_data/ram_core_reg_0_255_131_131/RAMS64E_C/WE (clocked by clk_core). Large setup violations at the end of those stages might be difficult to fix during the post-placement implementation flow and could be the result of non-optimal XDC constraints or non-optimal design architecture
Related violations: <none>

TIMING-16#912 Warning
Large setup violation  
There is a large setup violation of -8.418 ns between swervolf/rvtop/veer/ifu/aln/bundle1ff/dout_reg[4]/C (clocked by clk_core) and swervolf/rvtop/mem/icache.icm/ic_data_inst/PACKED_1.BANKS_WAY[0].ECC0.size_256.WAYS.ic_bank_sb_way_data/ram_core_reg_0_255_131_131/RAMS64E_D/WE (clocked by clk_core). Large setup violations at the end of those stages might be difficult to fix during the post-placement implementation flow and could be the result of non-optimal XDC constraints or non-optimal design architecture
Related violations: <none>

TIMING-16#913 Warning
Large setup violation  
There is a large setup violation of -8.420 ns between swervolf/rvtop/veer/ifu/aln/bundle1ff/dout_reg[4]/C (clocked by clk_core) and swervolf/rvtop/mem/icache.icm/ic_data_inst/PACKED_1.BANKS_WAY[0].ECC0.size_256.WAYS.ic_bank_sb_way_data/ram_core_reg_0_255_126_126/RAMS64E_A/WE (clocked by clk_core). Large setup violations at the end of those stages might be difficult to fix during the post-placement implementation flow and could be the result of non-optimal XDC constraints or non-optimal design architecture
Related violations: <none>

TIMING-16#914 Warning
Large setup violation  
There is a large setup violation of -8.420 ns between swervolf/rvtop/veer/ifu/aln/bundle1ff/dout_reg[4]/C (clocked by clk_core) and swervolf/rvtop/mem/icache.icm/ic_data_inst/PACKED_1.BANKS_WAY[0].ECC0.size_256.WAYS.ic_bank_sb_way_data/ram_core_reg_0_255_126_126/RAMS64E_B/WE (clocked by clk_core). Large setup violations at the end of those stages might be difficult to fix during the post-placement implementation flow and could be the result of non-optimal XDC constraints or non-optimal design architecture
Related violations: <none>

TIMING-16#915 Warning
Large setup violation  
There is a large setup violation of -8.420 ns between swervolf/rvtop/veer/ifu/aln/bundle1ff/dout_reg[4]/C (clocked by clk_core) and swervolf/rvtop/mem/icache.icm/ic_data_inst/PACKED_1.BANKS_WAY[0].ECC0.size_256.WAYS.ic_bank_sb_way_data/ram_core_reg_0_255_126_126/RAMS64E_C/WE (clocked by clk_core). Large setup violations at the end of those stages might be difficult to fix during the post-placement implementation flow and could be the result of non-optimal XDC constraints or non-optimal design architecture
Related violations: <none>

TIMING-16#916 Warning
Large setup violation  
There is a large setup violation of -8.420 ns between swervolf/rvtop/veer/ifu/aln/bundle1ff/dout_reg[4]/C (clocked by clk_core) and swervolf/rvtop/mem/icache.icm/ic_data_inst/PACKED_1.BANKS_WAY[0].ECC0.size_256.WAYS.ic_bank_sb_way_data/ram_core_reg_0_255_126_126/RAMS64E_D/WE (clocked by clk_core). Large setup violations at the end of those stages might be difficult to fix during the post-placement implementation flow and could be the result of non-optimal XDC constraints or non-optimal design architecture
Related violations: <none>

TIMING-16#917 Warning
Large setup violation  
There is a large setup violation of -8.434 ns between swervolf/rvtop/veer/ifu/aln/bundle1ff/dout_reg[4]/C (clocked by clk_core) and swervolf/rvtop/mem/icache.icm/ic_data_inst/PACKED_1.BANKS_WAY[0].ECC0.size_256.WAYS.ic_bank_sb_way_data/Q_reg[48]/CE (clocked by clk_core). Large setup violations at the end of those stages might be difficult to fix during the post-placement implementation flow and could be the result of non-optimal XDC constraints or non-optimal design architecture
Related violations: <none>

TIMING-16#918 Warning
Large setup violation  
There is a large setup violation of -8.434 ns between swervolf/rvtop/veer/ifu/aln/bundle1ff/dout_reg[4]/C (clocked by clk_core) and swervolf/rvtop/mem/icache.icm/ic_data_inst/PACKED_1.BANKS_WAY[0].ECC0.size_256.WAYS.ic_bank_sb_way_data/Q_reg[57]/CE (clocked by clk_core). Large setup violations at the end of those stages might be difficult to fix during the post-placement implementation flow and could be the result of non-optimal XDC constraints or non-optimal design architecture
Related violations: <none>

TIMING-16#919 Warning
Large setup violation  
There is a large setup violation of -8.441 ns between swervolf/rvtop/veer/ifu/aln/bundle1ff/dout_reg[4]/C (clocked by clk_core) and swervolf/rvtop/mem/icache.icm/ic_data_inst/PACKED_1.BANKS_WAY[0].ECC0.size_256.WAYS.ic_bank_sb_way_data/Q_reg[128]/CE (clocked by clk_core). Large setup violations at the end of those stages might be difficult to fix during the post-placement implementation flow and could be the result of non-optimal XDC constraints or non-optimal design architecture
Related violations: <none>

TIMING-16#920 Warning
Large setup violation  
There is a large setup violation of -8.441 ns between swervolf/rvtop/veer/ifu/aln/bundle1ff/dout_reg[4]/C (clocked by clk_core) and swervolf/rvtop/mem/icache.icm/ic_data_inst/PACKED_1.BANKS_WAY[0].ECC0.size_256.WAYS.ic_bank_sb_way_data/Q_reg[18]/CE (clocked by clk_core). Large setup violations at the end of those stages might be difficult to fix during the post-placement implementation flow and could be the result of non-optimal XDC constraints or non-optimal design architecture
Related violations: <none>

TIMING-16#921 Warning
Large setup violation  
There is a large setup violation of -8.441 ns between swervolf/rvtop/veer/ifu/aln/bundle1ff/dout_reg[4]/C (clocked by clk_core) and swervolf/rvtop/mem/icache.icm/ic_data_inst/PACKED_1.BANKS_WAY[0].ECC0.size_256.WAYS.ic_bank_sb_way_data/Q_reg[60]/CE (clocked by clk_core). Large setup violations at the end of those stages might be difficult to fix during the post-placement implementation flow and could be the result of non-optimal XDC constraints or non-optimal design architecture
Related violations: <none>

TIMING-16#922 Warning
Large setup violation  
There is a large setup violation of -8.441 ns between swervolf/rvtop/veer/ifu/aln/bundle1ff/dout_reg[4]/C (clocked by clk_core) and swervolf/rvtop/mem/icache.icm/ic_data_inst/PACKED_1.BANKS_WAY[0].ECC0.size_256.WAYS.ic_bank_sb_way_data/Q_reg[65]/CE (clocked by clk_core). Large setup violations at the end of those stages might be difficult to fix during the post-placement implementation flow and could be the result of non-optimal XDC constraints or non-optimal design architecture
Related violations: <none>

TIMING-16#923 Warning
Large setup violation  
There is a large setup violation of -8.441 ns between swervolf/rvtop/veer/ifu/aln/bundle1ff/dout_reg[4]/C (clocked by clk_core) and swervolf/rvtop/mem/icache.icm/ic_data_inst/PACKED_1.BANKS_WAY[0].ECC0.size_256.WAYS.ic_bank_sb_way_data/Q_reg[86]/CE (clocked by clk_core). Large setup violations at the end of those stages might be difficult to fix during the post-placement implementation flow and could be the result of non-optimal XDC constraints or non-optimal design architecture
Related violations: <none>

TIMING-16#924 Warning
Large setup violation  
There is a large setup violation of -8.451 ns between swervolf/rvtop/veer/ifu/aln/bundle1ff/dout_reg[4]/C (clocked by clk_core) and swervolf/rvtop/mem/icache.icm/ic_data_inst/PACKED_1.BANKS_WAY[0].ECC0.size_256.WAYS.ic_bank_sb_way_data/ram_core_reg_0_255_119_119/RAMS64E_A/WE (clocked by clk_core). Large setup violations at the end of those stages might be difficult to fix during the post-placement implementation flow and could be the result of non-optimal XDC constraints or non-optimal design architecture
Related violations: <none>

TIMING-16#925 Warning
Large setup violation  
There is a large setup violation of -8.451 ns between swervolf/rvtop/veer/ifu/aln/bundle1ff/dout_reg[4]/C (clocked by clk_core) and swervolf/rvtop/mem/icache.icm/ic_data_inst/PACKED_1.BANKS_WAY[0].ECC0.size_256.WAYS.ic_bank_sb_way_data/ram_core_reg_0_255_119_119/RAMS64E_B/WE (clocked by clk_core). Large setup violations at the end of those stages might be difficult to fix during the post-placement implementation flow and could be the result of non-optimal XDC constraints or non-optimal design architecture
Related violations: <none>

TIMING-16#926 Warning
Large setup violation  
There is a large setup violation of -8.451 ns between swervolf/rvtop/veer/ifu/aln/bundle1ff/dout_reg[4]/C (clocked by clk_core) and swervolf/rvtop/mem/icache.icm/ic_data_inst/PACKED_1.BANKS_WAY[0].ECC0.size_256.WAYS.ic_bank_sb_way_data/ram_core_reg_0_255_119_119/RAMS64E_C/WE (clocked by clk_core). Large setup violations at the end of those stages might be difficult to fix during the post-placement implementation flow and could be the result of non-optimal XDC constraints or non-optimal design architecture
Related violations: <none>

TIMING-16#927 Warning
Large setup violation  
There is a large setup violation of -8.451 ns between swervolf/rvtop/veer/ifu/aln/bundle1ff/dout_reg[4]/C (clocked by clk_core) and swervolf/rvtop/mem/icache.icm/ic_data_inst/PACKED_1.BANKS_WAY[0].ECC0.size_256.WAYS.ic_bank_sb_way_data/ram_core_reg_0_255_119_119/RAMS64E_D/WE (clocked by clk_core). Large setup violations at the end of those stages might be difficult to fix during the post-placement implementation flow and could be the result of non-optimal XDC constraints or non-optimal design architecture
Related violations: <none>

TIMING-16#928 Warning
Large setup violation  
There is a large setup violation of -8.459 ns between swervolf/rvtop/veer/ifu/aln/bundle1ff/dout_reg[4]/C (clocked by clk_core) and swervolf/rvtop/mem/icache.icm/ic_data_inst/PACKED_1.BANKS_WAY[0].ECC0.size_256.WAYS.ic_bank_sb_way_data/Q_reg[11]/CE (clocked by clk_core). Large setup violations at the end of those stages might be difficult to fix during the post-placement implementation flow and could be the result of non-optimal XDC constraints or non-optimal design architecture
Related violations: <none>

TIMING-16#929 Warning
Large setup violation  
There is a large setup violation of -8.459 ns between swervolf/rvtop/veer/ifu/aln/bundle1ff/dout_reg[4]/C (clocked by clk_core) and swervolf/rvtop/mem/icache.icm/ic_data_inst/PACKED_1.BANKS_WAY[0].ECC0.size_256.WAYS.ic_bank_sb_way_data/Q_reg[79]/CE (clocked by clk_core). Large setup violations at the end of those stages might be difficult to fix during the post-placement implementation flow and could be the result of non-optimal XDC constraints or non-optimal design architecture
Related violations: <none>

TIMING-16#930 Warning
Large setup violation  
There is a large setup violation of -8.461 ns between swervolf/rvtop/veer/ifu/aln/bundle1ff/dout_reg[4]/C (clocked by clk_core) and swervolf/rvtop/mem/icache.icm/ic_data_inst/PACKED_1.BANKS_WAY[0].ECC0.size_256.WAYS.ic_bank_sb_way_data/ram_core_reg_0_255_135_135/RAMS64E_A/WE (clocked by clk_core). Large setup violations at the end of those stages might be difficult to fix during the post-placement implementation flow and could be the result of non-optimal XDC constraints or non-optimal design architecture
Related violations: <none>

TIMING-16#931 Warning
Large setup violation  
There is a large setup violation of -8.461 ns between swervolf/rvtop/veer/ifu/aln/bundle1ff/dout_reg[4]/C (clocked by clk_core) and swervolf/rvtop/mem/icache.icm/ic_data_inst/PACKED_1.BANKS_WAY[0].ECC0.size_256.WAYS.ic_bank_sb_way_data/ram_core_reg_0_255_135_135/RAMS64E_B/WE (clocked by clk_core). Large setup violations at the end of those stages might be difficult to fix during the post-placement implementation flow and could be the result of non-optimal XDC constraints or non-optimal design architecture
Related violations: <none>

TIMING-16#932 Warning
Large setup violation  
There is a large setup violation of -8.461 ns between swervolf/rvtop/veer/ifu/aln/bundle1ff/dout_reg[4]/C (clocked by clk_core) and swervolf/rvtop/mem/icache.icm/ic_data_inst/PACKED_1.BANKS_WAY[0].ECC0.size_256.WAYS.ic_bank_sb_way_data/ram_core_reg_0_255_135_135/RAMS64E_C/WE (clocked by clk_core). Large setup violations at the end of those stages might be difficult to fix during the post-placement implementation flow and could be the result of non-optimal XDC constraints or non-optimal design architecture
Related violations: <none>

TIMING-16#933 Warning
Large setup violation  
There is a large setup violation of -8.461 ns between swervolf/rvtop/veer/ifu/aln/bundle1ff/dout_reg[4]/C (clocked by clk_core) and swervolf/rvtop/mem/icache.icm/ic_data_inst/PACKED_1.BANKS_WAY[0].ECC0.size_256.WAYS.ic_bank_sb_way_data/ram_core_reg_0_255_135_135/RAMS64E_D/WE (clocked by clk_core). Large setup violations at the end of those stages might be difficult to fix during the post-placement implementation flow and could be the result of non-optimal XDC constraints or non-optimal design architecture
Related violations: <none>

TIMING-16#934 Warning
Large setup violation  
There is a large setup violation of -8.488 ns between swervolf/rvtop/veer/ifu/aln/bundle1ff/dout_reg[4]/C (clocked by clk_core) and swervolf/rvtop/mem/icache.icm/ic_data_inst/PACKED_1.BANKS_WAY[0].ECC0.size_256.WAYS.ic_bank_sb_way_data/ram_core_reg_0_255_12_12/RAMS64E_A/WE (clocked by clk_core). Large setup violations at the end of those stages might be difficult to fix during the post-placement implementation flow and could be the result of non-optimal XDC constraints or non-optimal design architecture
Related violations: <none>

TIMING-16#935 Warning
Large setup violation  
There is a large setup violation of -8.488 ns between swervolf/rvtop/veer/ifu/aln/bundle1ff/dout_reg[4]/C (clocked by clk_core) and swervolf/rvtop/mem/icache.icm/ic_data_inst/PACKED_1.BANKS_WAY[0].ECC0.size_256.WAYS.ic_bank_sb_way_data/ram_core_reg_0_255_12_12/RAMS64E_B/WE (clocked by clk_core). Large setup violations at the end of those stages might be difficult to fix during the post-placement implementation flow and could be the result of non-optimal XDC constraints or non-optimal design architecture
Related violations: <none>

TIMING-16#936 Warning
Large setup violation  
There is a large setup violation of -8.488 ns between swervolf/rvtop/veer/ifu/aln/bundle1ff/dout_reg[4]/C (clocked by clk_core) and swervolf/rvtop/mem/icache.icm/ic_data_inst/PACKED_1.BANKS_WAY[0].ECC0.size_256.WAYS.ic_bank_sb_way_data/ram_core_reg_0_255_12_12/RAMS64E_C/WE (clocked by clk_core). Large setup violations at the end of those stages might be difficult to fix during the post-placement implementation flow and could be the result of non-optimal XDC constraints or non-optimal design architecture
Related violations: <none>

TIMING-16#937 Warning
Large setup violation  
There is a large setup violation of -8.488 ns between swervolf/rvtop/veer/ifu/aln/bundle1ff/dout_reg[4]/C (clocked by clk_core) and swervolf/rvtop/mem/icache.icm/ic_data_inst/PACKED_1.BANKS_WAY[0].ECC0.size_256.WAYS.ic_bank_sb_way_data/ram_core_reg_0_255_12_12/RAMS64E_D/WE (clocked by clk_core). Large setup violations at the end of those stages might be difficult to fix during the post-placement implementation flow and could be the result of non-optimal XDC constraints or non-optimal design architecture
Related violations: <none>

TIMING-16#938 Warning
Large setup violation  
There is a large setup violation of -8.499 ns between swervolf/rvtop/veer/ifu/aln/bundle1ff/dout_reg[4]/C (clocked by clk_core) and swervolf/rvtop/mem/icache.icm/ic_data_inst/PACKED_1.BANKS_WAY[0].ECC0.size_256.WAYS.ic_bank_sb_way_data/Q_reg[121]/CE (clocked by clk_core). Large setup violations at the end of those stages might be difficult to fix during the post-placement implementation flow and could be the result of non-optimal XDC constraints or non-optimal design architecture
Related violations: <none>

TIMING-16#939 Warning
Large setup violation  
There is a large setup violation of -8.499 ns between swervolf/rvtop/veer/ifu/aln/bundle1ff/dout_reg[4]/C (clocked by clk_core) and swervolf/rvtop/mem/icache.icm/ic_data_inst/PACKED_1.BANKS_WAY[0].ECC0.size_256.WAYS.ic_bank_sb_way_data/Q_reg[53]/CE (clocked by clk_core). Large setup violations at the end of those stages might be difficult to fix during the post-placement implementation flow and could be the result of non-optimal XDC constraints or non-optimal design architecture
Related violations: <none>

TIMING-16#940 Warning
Large setup violation  
There is a large setup violation of -8.499 ns between swervolf/rvtop/veer/ifu/aln/bundle1ff/dout_reg[4]/C (clocked by clk_core) and swervolf/rvtop/mem/icache.icm/ic_data_inst/PACKED_1.BANKS_WAY[0].ECC0.size_256.WAYS.ic_bank_sb_way_data/Q_reg[83]/CE (clocked by clk_core). Large setup violations at the end of those stages might be difficult to fix during the post-placement implementation flow and could be the result of non-optimal XDC constraints or non-optimal design architecture
Related violations: <none>

TIMING-16#941 Warning
Large setup violation  
There is a large setup violation of -8.525 ns between swervolf/rvtop/veer/ifu/aln/bundle1ff/dout_reg[4]/C (clocked by clk_core) and swervolf/rvtop/mem/icache.icm/ic_data_inst/PACKED_1.BANKS_WAY[0].ECC0.size_256.WAYS.ic_bank_sb_way_data/Q_reg[21]/CE (clocked by clk_core). Large setup violations at the end of those stages might be difficult to fix during the post-placement implementation flow and could be the result of non-optimal XDC constraints or non-optimal design architecture
Related violations: <none>

TIMING-16#942 Warning
Large setup violation  
There is a large setup violation of -8.525 ns between swervolf/rvtop/veer/ifu/aln/bundle1ff/dout_reg[4]/C (clocked by clk_core) and swervolf/rvtop/mem/icache.icm/ic_data_inst/PACKED_1.BANKS_WAY[0].ECC0.size_256.WAYS.ic_bank_sb_way_data/Q_reg[89]/CE (clocked by clk_core). Large setup violations at the end of those stages might be difficult to fix during the post-placement implementation flow and could be the result of non-optimal XDC constraints or non-optimal design architecture
Related violations: <none>

TIMING-16#943 Warning
Large setup violation  
There is a large setup violation of -8.525 ns between swervolf/rvtop/veer/ifu/aln/bundle1ff/dout_reg[4]/C (clocked by clk_core) and swervolf/rvtop/mem/icache.icm/ic_data_inst/PACKED_1.BANKS_WAY[0].ECC0.size_256.WAYS.ic_bank_sb_way_data/Q_reg[90]/CE (clocked by clk_core). Large setup violations at the end of those stages might be difficult to fix during the post-placement implementation flow and could be the result of non-optimal XDC constraints or non-optimal design architecture
Related violations: <none>

TIMING-16#944 Warning
Large setup violation  
There is a large setup violation of -8.525 ns between swervolf/rvtop/veer/ifu/aln/bundle1ff/dout_reg[4]/C (clocked by clk_core) and swervolf/rvtop/mem/icache.icm/ic_data_inst/PACKED_1.BANKS_WAY[0].ECC0.size_256.WAYS.ic_bank_sb_way_data/Q_reg[93]/CE (clocked by clk_core). Large setup violations at the end of those stages might be difficult to fix during the post-placement implementation flow and could be the result of non-optimal XDC constraints or non-optimal design architecture
Related violations: <none>

TIMING-16#945 Warning
Large setup violation  
There is a large setup violation of -8.525 ns between swervolf/rvtop/veer/ifu/aln/bundle1ff/dout_reg[4]/C (clocked by clk_core) and swervolf/rvtop/mem/icache.icm/ic_data_inst/PACKED_1.BANKS_WAY[0].ECC0.size_256.WAYS.ic_bank_sb_way_data/Q_reg[94]/CE (clocked by clk_core). Large setup violations at the end of those stages might be difficult to fix during the post-placement implementation flow and could be the result of non-optimal XDC constraints or non-optimal design architecture
Related violations: <none>

TIMING-16#946 Warning
Large setup violation  
There is a large setup violation of -8.525 ns between swervolf/rvtop/veer/ifu/aln/bundle1ff/dout_reg[4]/C (clocked by clk_core) and swervolf/rvtop/mem/icache.icm/ic_data_inst/PACKED_1.BANKS_WAY[0].ECC0.size_256.WAYS.ic_bank_sb_way_data/Q_reg[95]/CE (clocked by clk_core). Large setup violations at the end of those stages might be difficult to fix during the post-placement implementation flow and could be the result of non-optimal XDC constraints or non-optimal design architecture
Related violations: <none>

TIMING-16#947 Warning
Large setup violation  
There is a large setup violation of -8.542 ns between swervolf/rvtop/veer/ifu/aln/bundle1ff/dout_reg[4]/C (clocked by clk_core) and swervolf/rvtop/mem/icache.icm/ic_data_inst/PACKED_1.BANKS_WAY[0].ECC0.size_256.WAYS.ic_bank_sb_way_data/ram_core_reg_0_255_102_102/RAMS64E_A/WE (clocked by clk_core). Large setup violations at the end of those stages might be difficult to fix during the post-placement implementation flow and could be the result of non-optimal XDC constraints or non-optimal design architecture
Related violations: <none>

TIMING-16#948 Warning
Large setup violation  
There is a large setup violation of -8.542 ns between swervolf/rvtop/veer/ifu/aln/bundle1ff/dout_reg[4]/C (clocked by clk_core) and swervolf/rvtop/mem/icache.icm/ic_data_inst/PACKED_1.BANKS_WAY[0].ECC0.size_256.WAYS.ic_bank_sb_way_data/ram_core_reg_0_255_102_102/RAMS64E_B/WE (clocked by clk_core). Large setup violations at the end of those stages might be difficult to fix during the post-placement implementation flow and could be the result of non-optimal XDC constraints or non-optimal design architecture
Related violations: <none>

TIMING-16#949 Warning
Large setup violation  
There is a large setup violation of -8.542 ns between swervolf/rvtop/veer/ifu/aln/bundle1ff/dout_reg[4]/C (clocked by clk_core) and swervolf/rvtop/mem/icache.icm/ic_data_inst/PACKED_1.BANKS_WAY[0].ECC0.size_256.WAYS.ic_bank_sb_way_data/ram_core_reg_0_255_102_102/RAMS64E_C/WE (clocked by clk_core). Large setup violations at the end of those stages might be difficult to fix during the post-placement implementation flow and could be the result of non-optimal XDC constraints or non-optimal design architecture
Related violations: <none>

TIMING-16#950 Warning
Large setup violation  
There is a large setup violation of -8.542 ns between swervolf/rvtop/veer/ifu/aln/bundle1ff/dout_reg[4]/C (clocked by clk_core) and swervolf/rvtop/mem/icache.icm/ic_data_inst/PACKED_1.BANKS_WAY[0].ECC0.size_256.WAYS.ic_bank_sb_way_data/ram_core_reg_0_255_102_102/RAMS64E_D/WE (clocked by clk_core). Large setup violations at the end of those stages might be difficult to fix during the post-placement implementation flow and could be the result of non-optimal XDC constraints or non-optimal design architecture
Related violations: <none>

TIMING-16#951 Warning
Large setup violation  
There is a large setup violation of -8.548 ns between swervolf/rvtop/veer/ifu/aln/bundle1ff/dout_reg[4]/C (clocked by clk_core) and swervolf/rvtop/mem/icache.icm/ic_data_inst/PACKED_1.BANKS_WAY[0].ECC0.size_256.WAYS.ic_bank_sb_way_data/ram_core_reg_0_255_128_128/RAMS64E_A/WE (clocked by clk_core). Large setup violations at the end of those stages might be difficult to fix during the post-placement implementation flow and could be the result of non-optimal XDC constraints or non-optimal design architecture
Related violations: <none>

TIMING-16#952 Warning
Large setup violation  
There is a large setup violation of -8.548 ns between swervolf/rvtop/veer/ifu/aln/bundle1ff/dout_reg[4]/C (clocked by clk_core) and swervolf/rvtop/mem/icache.icm/ic_data_inst/PACKED_1.BANKS_WAY[0].ECC0.size_256.WAYS.ic_bank_sb_way_data/ram_core_reg_0_255_128_128/RAMS64E_B/WE (clocked by clk_core). Large setup violations at the end of those stages might be difficult to fix during the post-placement implementation flow and could be the result of non-optimal XDC constraints or non-optimal design architecture
Related violations: <none>

TIMING-16#953 Warning
Large setup violation  
There is a large setup violation of -8.548 ns between swervolf/rvtop/veer/ifu/aln/bundle1ff/dout_reg[4]/C (clocked by clk_core) and swervolf/rvtop/mem/icache.icm/ic_data_inst/PACKED_1.BANKS_WAY[0].ECC0.size_256.WAYS.ic_bank_sb_way_data/ram_core_reg_0_255_128_128/RAMS64E_C/WE (clocked by clk_core). Large setup violations at the end of those stages might be difficult to fix during the post-placement implementation flow and could be the result of non-optimal XDC constraints or non-optimal design architecture
Related violations: <none>

TIMING-16#954 Warning
Large setup violation  
There is a large setup violation of -8.548 ns between swervolf/rvtop/veer/ifu/aln/bundle1ff/dout_reg[4]/C (clocked by clk_core) and swervolf/rvtop/mem/icache.icm/ic_data_inst/PACKED_1.BANKS_WAY[0].ECC0.size_256.WAYS.ic_bank_sb_way_data/ram_core_reg_0_255_128_128/RAMS64E_D/WE (clocked by clk_core). Large setup violations at the end of those stages might be difficult to fix during the post-placement implementation flow and could be the result of non-optimal XDC constraints or non-optimal design architecture
Related violations: <none>

TIMING-16#955 Warning
Large setup violation  
There is a large setup violation of -8.566 ns between swervolf/rvtop/veer/ifu/aln/bundle1ff/dout_reg[4]/C (clocked by clk_core) and swervolf/rvtop/mem/icache.icm/ic_data_inst/PACKED_1.BANKS_WAY[0].ECC0.size_256.WAYS.ic_bank_sb_way_data/ram_core_reg_0_255_133_133/RAMS64E_A/WE (clocked by clk_core). Large setup violations at the end of those stages might be difficult to fix during the post-placement implementation flow and could be the result of non-optimal XDC constraints or non-optimal design architecture
Related violations: <none>

TIMING-16#956 Warning
Large setup violation  
There is a large setup violation of -8.566 ns between swervolf/rvtop/veer/ifu/aln/bundle1ff/dout_reg[4]/C (clocked by clk_core) and swervolf/rvtop/mem/icache.icm/ic_data_inst/PACKED_1.BANKS_WAY[0].ECC0.size_256.WAYS.ic_bank_sb_way_data/ram_core_reg_0_255_133_133/RAMS64E_B/WE (clocked by clk_core). Large setup violations at the end of those stages might be difficult to fix during the post-placement implementation flow and could be the result of non-optimal XDC constraints or non-optimal design architecture
Related violations: <none>

TIMING-16#957 Warning
Large setup violation  
There is a large setup violation of -8.566 ns between swervolf/rvtop/veer/ifu/aln/bundle1ff/dout_reg[4]/C (clocked by clk_core) and swervolf/rvtop/mem/icache.icm/ic_data_inst/PACKED_1.BANKS_WAY[0].ECC0.size_256.WAYS.ic_bank_sb_way_data/ram_core_reg_0_255_133_133/RAMS64E_C/WE (clocked by clk_core). Large setup violations at the end of those stages might be difficult to fix during the post-placement implementation flow and could be the result of non-optimal XDC constraints or non-optimal design architecture
Related violations: <none>

TIMING-16#958 Warning
Large setup violation  
There is a large setup violation of -8.566 ns between swervolf/rvtop/veer/ifu/aln/bundle1ff/dout_reg[4]/C (clocked by clk_core) and swervolf/rvtop/mem/icache.icm/ic_data_inst/PACKED_1.BANKS_WAY[0].ECC0.size_256.WAYS.ic_bank_sb_way_data/ram_core_reg_0_255_133_133/RAMS64E_D/WE (clocked by clk_core). Large setup violations at the end of those stages might be difficult to fix during the post-placement implementation flow and could be the result of non-optimal XDC constraints or non-optimal design architecture
Related violations: <none>

TIMING-16#959 Warning
Large setup violation  
There is a large setup violation of -8.570 ns between swervolf/rvtop/veer/ifu/aln/bundle1ff/dout_reg[4]/C (clocked by clk_core) and swervolf/rvtop/mem/icache.icm/ic_data_inst/PACKED_1.BANKS_WAY[0].ECC0.size_256.WAYS.ic_bank_sb_way_data/Q_reg[24]/CE (clocked by clk_core). Large setup violations at the end of those stages might be difficult to fix during the post-placement implementation flow and could be the result of non-optimal XDC constraints or non-optimal design architecture
Related violations: <none>

TIMING-16#960 Warning
Large setup violation  
There is a large setup violation of -8.570 ns between swervolf/rvtop/veer/ifu/aln/bundle1ff/dout_reg[4]/C (clocked by clk_core) and swervolf/rvtop/mem/icache.icm/ic_data_inst/PACKED_1.BANKS_WAY[0].ECC0.size_256.WAYS.ic_bank_sb_way_data/Q_reg[92]/CE (clocked by clk_core). Large setup violations at the end of those stages might be difficult to fix during the post-placement implementation flow and could be the result of non-optimal XDC constraints or non-optimal design architecture
Related violations: <none>

TIMING-16#961 Warning
Large setup violation  
There is a large setup violation of -8.596 ns between swervolf/rvtop/veer/ifu/aln/bundle1ff/dout_reg[4]/C (clocked by clk_core) and swervolf/rvtop/mem/icache.icm/ic_data_inst/PACKED_1.BANKS_WAY[0].ECC0.size_256.WAYS.ic_bank_sb_way_data/ram_core_reg_0_255_127_127/RAMS64E_A/WE (clocked by clk_core). Large setup violations at the end of those stages might be difficult to fix during the post-placement implementation flow and could be the result of non-optimal XDC constraints or non-optimal design architecture
Related violations: <none>

TIMING-16#962 Warning
Large setup violation  
There is a large setup violation of -8.596 ns between swervolf/rvtop/veer/ifu/aln/bundle1ff/dout_reg[4]/C (clocked by clk_core) and swervolf/rvtop/mem/icache.icm/ic_data_inst/PACKED_1.BANKS_WAY[0].ECC0.size_256.WAYS.ic_bank_sb_way_data/ram_core_reg_0_255_127_127/RAMS64E_B/WE (clocked by clk_core). Large setup violations at the end of those stages might be difficult to fix during the post-placement implementation flow and could be the result of non-optimal XDC constraints or non-optimal design architecture
Related violations: <none>

TIMING-16#963 Warning
Large setup violation  
There is a large setup violation of -8.596 ns between swervolf/rvtop/veer/ifu/aln/bundle1ff/dout_reg[4]/C (clocked by clk_core) and swervolf/rvtop/mem/icache.icm/ic_data_inst/PACKED_1.BANKS_WAY[0].ECC0.size_256.WAYS.ic_bank_sb_way_data/ram_core_reg_0_255_127_127/RAMS64E_C/WE (clocked by clk_core). Large setup violations at the end of those stages might be difficult to fix during the post-placement implementation flow and could be the result of non-optimal XDC constraints or non-optimal design architecture
Related violations: <none>

TIMING-16#964 Warning
Large setup violation  
There is a large setup violation of -8.596 ns between swervolf/rvtop/veer/ifu/aln/bundle1ff/dout_reg[4]/C (clocked by clk_core) and swervolf/rvtop/mem/icache.icm/ic_data_inst/PACKED_1.BANKS_WAY[0].ECC0.size_256.WAYS.ic_bank_sb_way_data/ram_core_reg_0_255_127_127/RAMS64E_D/WE (clocked by clk_core). Large setup violations at the end of those stages might be difficult to fix during the post-placement implementation flow and could be the result of non-optimal XDC constraints or non-optimal design architecture
Related violations: <none>

TIMING-16#965 Warning
Large setup violation  
There is a large setup violation of -8.601 ns between swervolf/rvtop/veer/ifu/aln/bundle1ff/dout_reg[4]/C (clocked by clk_core) and swervolf/rvtop/mem/icache.icm/ic_data_inst/PACKED_1.BANKS_WAY[0].ECC0.size_256.WAYS.ic_bank_sb_way_data/ram_core_reg_0_255_11_11/RAMS64E_A/WE (clocked by clk_core). Large setup violations at the end of those stages might be difficult to fix during the post-placement implementation flow and could be the result of non-optimal XDC constraints or non-optimal design architecture
Related violations: <none>

TIMING-16#966 Warning
Large setup violation  
There is a large setup violation of -8.601 ns between swervolf/rvtop/veer/ifu/aln/bundle1ff/dout_reg[4]/C (clocked by clk_core) and swervolf/rvtop/mem/icache.icm/ic_data_inst/PACKED_1.BANKS_WAY[0].ECC0.size_256.WAYS.ic_bank_sb_way_data/ram_core_reg_0_255_11_11/RAMS64E_B/WE (clocked by clk_core). Large setup violations at the end of those stages might be difficult to fix during the post-placement implementation flow and could be the result of non-optimal XDC constraints or non-optimal design architecture
Related violations: <none>

TIMING-16#967 Warning
Large setup violation  
There is a large setup violation of -8.601 ns between swervolf/rvtop/veer/ifu/aln/bundle1ff/dout_reg[4]/C (clocked by clk_core) and swervolf/rvtop/mem/icache.icm/ic_data_inst/PACKED_1.BANKS_WAY[0].ECC0.size_256.WAYS.ic_bank_sb_way_data/ram_core_reg_0_255_11_11/RAMS64E_C/WE (clocked by clk_core). Large setup violations at the end of those stages might be difficult to fix during the post-placement implementation flow and could be the result of non-optimal XDC constraints or non-optimal design architecture
Related violations: <none>

TIMING-16#968 Warning
Large setup violation  
There is a large setup violation of -8.601 ns between swervolf/rvtop/veer/ifu/aln/bundle1ff/dout_reg[4]/C (clocked by clk_core) and swervolf/rvtop/mem/icache.icm/ic_data_inst/PACKED_1.BANKS_WAY[0].ECC0.size_256.WAYS.ic_bank_sb_way_data/ram_core_reg_0_255_11_11/RAMS64E_D/WE (clocked by clk_core). Large setup violations at the end of those stages might be difficult to fix during the post-placement implementation flow and could be the result of non-optimal XDC constraints or non-optimal design architecture
Related violations: <none>

TIMING-16#969 Warning
Large setup violation  
There is a large setup violation of -8.623 ns between swervolf/rvtop/veer/ifu/aln/bundle1ff/dout_reg[4]/C (clocked by clk_core) and swervolf/rvtop/mem/icache.icm/ic_data_inst/PACKED_1.BANKS_WAY[0].ECC0.size_256.WAYS.ic_bank_sb_way_data/ram_core_reg_0_255_0_0/RAMS64E_A/WE (clocked by clk_core). Large setup violations at the end of those stages might be difficult to fix during the post-placement implementation flow and could be the result of non-optimal XDC constraints or non-optimal design architecture
Related violations: <none>

TIMING-16#970 Warning
Large setup violation  
There is a large setup violation of -8.623 ns between swervolf/rvtop/veer/ifu/aln/bundle1ff/dout_reg[4]/C (clocked by clk_core) and swervolf/rvtop/mem/icache.icm/ic_data_inst/PACKED_1.BANKS_WAY[0].ECC0.size_256.WAYS.ic_bank_sb_way_data/ram_core_reg_0_255_0_0/RAMS64E_B/WE (clocked by clk_core). Large setup violations at the end of those stages might be difficult to fix during the post-placement implementation flow and could be the result of non-optimal XDC constraints or non-optimal design architecture
Related violations: <none>

TIMING-16#971 Warning
Large setup violation  
There is a large setup violation of -8.623 ns between swervolf/rvtop/veer/ifu/aln/bundle1ff/dout_reg[4]/C (clocked by clk_core) and swervolf/rvtop/mem/icache.icm/ic_data_inst/PACKED_1.BANKS_WAY[0].ECC0.size_256.WAYS.ic_bank_sb_way_data/ram_core_reg_0_255_0_0/RAMS64E_C/WE (clocked by clk_core). Large setup violations at the end of those stages might be difficult to fix during the post-placement implementation flow and could be the result of non-optimal XDC constraints or non-optimal design architecture
Related violations: <none>

TIMING-16#972 Warning
Large setup violation  
There is a large setup violation of -8.623 ns between swervolf/rvtop/veer/ifu/aln/bundle1ff/dout_reg[4]/C (clocked by clk_core) and swervolf/rvtop/mem/icache.icm/ic_data_inst/PACKED_1.BANKS_WAY[0].ECC0.size_256.WAYS.ic_bank_sb_way_data/ram_core_reg_0_255_0_0/RAMS64E_D/WE (clocked by clk_core). Large setup violations at the end of those stages might be difficult to fix during the post-placement implementation flow and could be the result of non-optimal XDC constraints or non-optimal design architecture
Related violations: <none>

TIMING-16#973 Warning
Large setup violation  
There is a large setup violation of -8.647 ns between swervolf/rvtop/veer/ifu/aln/bundle1ff/dout_reg[4]/C (clocked by clk_core) and swervolf/rvtop/mem/icache.icm/ic_data_inst/PACKED_1.BANKS_WAY[0].ECC0.size_256.WAYS.ic_bank_sb_way_data/ram_core_reg_0_255_116_116/RAMS64E_A/WE (clocked by clk_core). Large setup violations at the end of those stages might be difficult to fix during the post-placement implementation flow and could be the result of non-optimal XDC constraints or non-optimal design architecture
Related violations: <none>

TIMING-16#974 Warning
Large setup violation  
There is a large setup violation of -8.647 ns between swervolf/rvtop/veer/ifu/aln/bundle1ff/dout_reg[4]/C (clocked by clk_core) and swervolf/rvtop/mem/icache.icm/ic_data_inst/PACKED_1.BANKS_WAY[0].ECC0.size_256.WAYS.ic_bank_sb_way_data/ram_core_reg_0_255_116_116/RAMS64E_B/WE (clocked by clk_core). Large setup violations at the end of those stages might be difficult to fix during the post-placement implementation flow and could be the result of non-optimal XDC constraints or non-optimal design architecture
Related violations: <none>

TIMING-16#975 Warning
Large setup violation  
There is a large setup violation of -8.647 ns between swervolf/rvtop/veer/ifu/aln/bundle1ff/dout_reg[4]/C (clocked by clk_core) and swervolf/rvtop/mem/icache.icm/ic_data_inst/PACKED_1.BANKS_WAY[0].ECC0.size_256.WAYS.ic_bank_sb_way_data/ram_core_reg_0_255_116_116/RAMS64E_C/WE (clocked by clk_core). Large setup violations at the end of those stages might be difficult to fix during the post-placement implementation flow and could be the result of non-optimal XDC constraints or non-optimal design architecture
Related violations: <none>

TIMING-16#976 Warning
Large setup violation  
There is a large setup violation of -8.647 ns between swervolf/rvtop/veer/ifu/aln/bundle1ff/dout_reg[4]/C (clocked by clk_core) and swervolf/rvtop/mem/icache.icm/ic_data_inst/PACKED_1.BANKS_WAY[0].ECC0.size_256.WAYS.ic_bank_sb_way_data/ram_core_reg_0_255_116_116/RAMS64E_D/WE (clocked by clk_core). Large setup violations at the end of those stages might be difficult to fix during the post-placement implementation flow and could be the result of non-optimal XDC constraints or non-optimal design architecture
Related violations: <none>

TIMING-16#977 Warning
Large setup violation  
There is a large setup violation of -8.651 ns between swervolf/rvtop/veer/ifu/aln/bundle1ff/dout_reg[4]/C (clocked by clk_core) and swervolf/rvtop/mem/icache.icm/ic_data_inst/PACKED_1.BANKS_WAY[0].ECC0.size_256.WAYS.ic_bank_sb_way_data/ram_core_reg_0_255_130_130/RAMS64E_A/WE (clocked by clk_core). Large setup violations at the end of those stages might be difficult to fix during the post-placement implementation flow and could be the result of non-optimal XDC constraints or non-optimal design architecture
Related violations: <none>

TIMING-16#978 Warning
Large setup violation  
There is a large setup violation of -8.651 ns between swervolf/rvtop/veer/ifu/aln/bundle1ff/dout_reg[4]/C (clocked by clk_core) and swervolf/rvtop/mem/icache.icm/ic_data_inst/PACKED_1.BANKS_WAY[0].ECC0.size_256.WAYS.ic_bank_sb_way_data/ram_core_reg_0_255_130_130/RAMS64E_B/WE (clocked by clk_core). Large setup violations at the end of those stages might be difficult to fix during the post-placement implementation flow and could be the result of non-optimal XDC constraints or non-optimal design architecture
Related violations: <none>

TIMING-16#979 Warning
Large setup violation  
There is a large setup violation of -8.651 ns between swervolf/rvtop/veer/ifu/aln/bundle1ff/dout_reg[4]/C (clocked by clk_core) and swervolf/rvtop/mem/icache.icm/ic_data_inst/PACKED_1.BANKS_WAY[0].ECC0.size_256.WAYS.ic_bank_sb_way_data/ram_core_reg_0_255_130_130/RAMS64E_C/WE (clocked by clk_core). Large setup violations at the end of those stages might be difficult to fix during the post-placement implementation flow and could be the result of non-optimal XDC constraints or non-optimal design architecture
Related violations: <none>

TIMING-16#980 Warning
Large setup violation  
There is a large setup violation of -8.651 ns between swervolf/rvtop/veer/ifu/aln/bundle1ff/dout_reg[4]/C (clocked by clk_core) and swervolf/rvtop/mem/icache.icm/ic_data_inst/PACKED_1.BANKS_WAY[0].ECC0.size_256.WAYS.ic_bank_sb_way_data/ram_core_reg_0_255_130_130/RAMS64E_D/WE (clocked by clk_core). Large setup violations at the end of those stages might be difficult to fix during the post-placement implementation flow and could be the result of non-optimal XDC constraints or non-optimal design architecture
Related violations: <none>

TIMING-16#981 Warning
Large setup violation  
There is a large setup violation of -8.712 ns between swervolf/rvtop/veer/ifu/aln/bundle1ff/dout_reg[4]/C (clocked by clk_core) and swervolf/rvtop/mem/icache.icm/ic_data_inst/PACKED_1.BANKS_WAY[0].ECC0.size_256.WAYS.ic_bank_sb_way_data/ram_core_reg_0_255_121_121/RAMS64E_A/WE (clocked by clk_core). Large setup violations at the end of those stages might be difficult to fix during the post-placement implementation flow and could be the result of non-optimal XDC constraints or non-optimal design architecture
Related violations: <none>

TIMING-16#982 Warning
Large setup violation  
There is a large setup violation of -8.712 ns between swervolf/rvtop/veer/ifu/aln/bundle1ff/dout_reg[4]/C (clocked by clk_core) and swervolf/rvtop/mem/icache.icm/ic_data_inst/PACKED_1.BANKS_WAY[0].ECC0.size_256.WAYS.ic_bank_sb_way_data/ram_core_reg_0_255_121_121/RAMS64E_B/WE (clocked by clk_core). Large setup violations at the end of those stages might be difficult to fix during the post-placement implementation flow and could be the result of non-optimal XDC constraints or non-optimal design architecture
Related violations: <none>

TIMING-16#983 Warning
Large setup violation  
There is a large setup violation of -8.712 ns between swervolf/rvtop/veer/ifu/aln/bundle1ff/dout_reg[4]/C (clocked by clk_core) and swervolf/rvtop/mem/icache.icm/ic_data_inst/PACKED_1.BANKS_WAY[0].ECC0.size_256.WAYS.ic_bank_sb_way_data/ram_core_reg_0_255_121_121/RAMS64E_C/WE (clocked by clk_core). Large setup violations at the end of those stages might be difficult to fix during the post-placement implementation flow and could be the result of non-optimal XDC constraints or non-optimal design architecture
Related violations: <none>

TIMING-16#984 Warning
Large setup violation  
There is a large setup violation of -8.712 ns between swervolf/rvtop/veer/ifu/aln/bundle1ff/dout_reg[4]/C (clocked by clk_core) and swervolf/rvtop/mem/icache.icm/ic_data_inst/PACKED_1.BANKS_WAY[0].ECC0.size_256.WAYS.ic_bank_sb_way_data/ram_core_reg_0_255_121_121/RAMS64E_D/WE (clocked by clk_core). Large setup violations at the end of those stages might be difficult to fix during the post-placement implementation flow and could be the result of non-optimal XDC constraints or non-optimal design architecture
Related violations: <none>

TIMING-16#985 Warning
Large setup violation  
There is a large setup violation of -8.758 ns between swervolf/rvtop/veer/ifu/aln/bundle1ff/dout_reg[4]/C (clocked by clk_core) and swervolf/rvtop/mem/icache.icm/ic_data_inst/PACKED_1.BANKS_WAY[0].ECC0.size_256.WAYS.ic_bank_sb_way_data/ram_core_reg_0_255_132_132/RAMS64E_A/WE (clocked by clk_core). Large setup violations at the end of those stages might be difficult to fix during the post-placement implementation flow and could be the result of non-optimal XDC constraints or non-optimal design architecture
Related violations: <none>

TIMING-16#986 Warning
Large setup violation  
There is a large setup violation of -8.758 ns between swervolf/rvtop/veer/ifu/aln/bundle1ff/dout_reg[4]/C (clocked by clk_core) and swervolf/rvtop/mem/icache.icm/ic_data_inst/PACKED_1.BANKS_WAY[0].ECC0.size_256.WAYS.ic_bank_sb_way_data/ram_core_reg_0_255_132_132/RAMS64E_B/WE (clocked by clk_core). Large setup violations at the end of those stages might be difficult to fix during the post-placement implementation flow and could be the result of non-optimal XDC constraints or non-optimal design architecture
Related violations: <none>

TIMING-16#987 Warning
Large setup violation  
There is a large setup violation of -8.758 ns between swervolf/rvtop/veer/ifu/aln/bundle1ff/dout_reg[4]/C (clocked by clk_core) and swervolf/rvtop/mem/icache.icm/ic_data_inst/PACKED_1.BANKS_WAY[0].ECC0.size_256.WAYS.ic_bank_sb_way_data/ram_core_reg_0_255_132_132/RAMS64E_C/WE (clocked by clk_core). Large setup violations at the end of those stages might be difficult to fix during the post-placement implementation flow and could be the result of non-optimal XDC constraints or non-optimal design architecture
Related violations: <none>

TIMING-16#988 Warning
Large setup violation  
There is a large setup violation of -8.758 ns between swervolf/rvtop/veer/ifu/aln/bundle1ff/dout_reg[4]/C (clocked by clk_core) and swervolf/rvtop/mem/icache.icm/ic_data_inst/PACKED_1.BANKS_WAY[0].ECC0.size_256.WAYS.ic_bank_sb_way_data/ram_core_reg_0_255_132_132/RAMS64E_D/WE (clocked by clk_core). Large setup violations at the end of those stages might be difficult to fix during the post-placement implementation flow and could be the result of non-optimal XDC constraints or non-optimal design architecture
Related violations: <none>

TIMING-16#989 Warning
Large setup violation  
There is a large setup violation of -8.815 ns between swervolf/rvtop/veer/ifu/aln/bundle1ff/dout_reg[4]/C (clocked by clk_core) and swervolf/rvtop/mem/icache.icm/ic_data_inst/PACKED_1.BANKS_WAY[0].ECC0.size_256.WAYS.ic_bank_sb_way_data/ram_core_reg_0_255_124_124/RAMS64E_A/WE (clocked by clk_core). Large setup violations at the end of those stages might be difficult to fix during the post-placement implementation flow and could be the result of non-optimal XDC constraints or non-optimal design architecture
Related violations: <none>

TIMING-16#990 Warning
Large setup violation  
There is a large setup violation of -8.815 ns between swervolf/rvtop/veer/ifu/aln/bundle1ff/dout_reg[4]/C (clocked by clk_core) and swervolf/rvtop/mem/icache.icm/ic_data_inst/PACKED_1.BANKS_WAY[0].ECC0.size_256.WAYS.ic_bank_sb_way_data/ram_core_reg_0_255_124_124/RAMS64E_B/WE (clocked by clk_core). Large setup violations at the end of those stages might be difficult to fix during the post-placement implementation flow and could be the result of non-optimal XDC constraints or non-optimal design architecture
Related violations: <none>

TIMING-16#991 Warning
Large setup violation  
There is a large setup violation of -8.815 ns between swervolf/rvtop/veer/ifu/aln/bundle1ff/dout_reg[4]/C (clocked by clk_core) and swervolf/rvtop/mem/icache.icm/ic_data_inst/PACKED_1.BANKS_WAY[0].ECC0.size_256.WAYS.ic_bank_sb_way_data/ram_core_reg_0_255_124_124/RAMS64E_C/WE (clocked by clk_core). Large setup violations at the end of those stages might be difficult to fix during the post-placement implementation flow and could be the result of non-optimal XDC constraints or non-optimal design architecture
Related violations: <none>

TIMING-16#992 Warning
Large setup violation  
There is a large setup violation of -8.815 ns between swervolf/rvtop/veer/ifu/aln/bundle1ff/dout_reg[4]/C (clocked by clk_core) and swervolf/rvtop/mem/icache.icm/ic_data_inst/PACKED_1.BANKS_WAY[0].ECC0.size_256.WAYS.ic_bank_sb_way_data/ram_core_reg_0_255_124_124/RAMS64E_D/WE (clocked by clk_core). Large setup violations at the end of those stages might be difficult to fix during the post-placement implementation flow and could be the result of non-optimal XDC constraints or non-optimal design architecture
Related violations: <none>

TIMING-16#993 Warning
Large setup violation  
There is a large setup violation of -8.889 ns between swervolf/rvtop/veer/ifu/aln/bundle1ff/dout_reg[4]/C (clocked by clk_core) and swervolf/rvtop/mem/icache.icm/ic_data_inst/PACKED_1.BANKS_WAY[0].ECC0.size_256.WAYS.ic_bank_sb_way_data/ram_core_reg_0_255_10_10/RAMS64E_A/WE (clocked by clk_core). Large setup violations at the end of those stages might be difficult to fix during the post-placement implementation flow and could be the result of non-optimal XDC constraints or non-optimal design architecture
Related violations: <none>

TIMING-16#994 Warning
Large setup violation  
There is a large setup violation of -8.889 ns between swervolf/rvtop/veer/ifu/aln/bundle1ff/dout_reg[4]/C (clocked by clk_core) and swervolf/rvtop/mem/icache.icm/ic_data_inst/PACKED_1.BANKS_WAY[0].ECC0.size_256.WAYS.ic_bank_sb_way_data/ram_core_reg_0_255_10_10/RAMS64E_B/WE (clocked by clk_core). Large setup violations at the end of those stages might be difficult to fix during the post-placement implementation flow and could be the result of non-optimal XDC constraints or non-optimal design architecture
Related violations: <none>

TIMING-16#995 Warning
Large setup violation  
There is a large setup violation of -8.889 ns between swervolf/rvtop/veer/ifu/aln/bundle1ff/dout_reg[4]/C (clocked by clk_core) and swervolf/rvtop/mem/icache.icm/ic_data_inst/PACKED_1.BANKS_WAY[0].ECC0.size_256.WAYS.ic_bank_sb_way_data/ram_core_reg_0_255_10_10/RAMS64E_C/WE (clocked by clk_core). Large setup violations at the end of those stages might be difficult to fix during the post-placement implementation flow and could be the result of non-optimal XDC constraints or non-optimal design architecture
Related violations: <none>

TIMING-16#996 Warning
Large setup violation  
There is a large setup violation of -8.889 ns between swervolf/rvtop/veer/ifu/aln/bundle1ff/dout_reg[4]/C (clocked by clk_core) and swervolf/rvtop/mem/icache.icm/ic_data_inst/PACKED_1.BANKS_WAY[0].ECC0.size_256.WAYS.ic_bank_sb_way_data/ram_core_reg_0_255_10_10/RAMS64E_D/WE (clocked by clk_core). Large setup violations at the end of those stages might be difficult to fix during the post-placement implementation flow and could be the result of non-optimal XDC constraints or non-optimal design architecture
Related violations: <none>

TIMING-16#997 Warning
Large setup violation  
There is a large setup violation of -8.913 ns between swervolf/rvtop/veer/ifu/aln/bundle1ff/dout_reg[4]/C (clocked by clk_core) and swervolf/rvtop/mem/icache.icm/ic_data_inst/PACKED_1.BANKS_WAY[0].ECC0.size_256.WAYS.ic_bank_sb_way_data/ram_core_reg_0_255_13_13/RAMS64E_A/WE (clocked by clk_core). Large setup violations at the end of those stages might be difficult to fix during the post-placement implementation flow and could be the result of non-optimal XDC constraints or non-optimal design architecture
Related violations: <none>

TIMING-16#998 Warning
Large setup violation  
There is a large setup violation of -8.913 ns between swervolf/rvtop/veer/ifu/aln/bundle1ff/dout_reg[4]/C (clocked by clk_core) and swervolf/rvtop/mem/icache.icm/ic_data_inst/PACKED_1.BANKS_WAY[0].ECC0.size_256.WAYS.ic_bank_sb_way_data/ram_core_reg_0_255_13_13/RAMS64E_B/WE (clocked by clk_core). Large setup violations at the end of those stages might be difficult to fix during the post-placement implementation flow and could be the result of non-optimal XDC constraints or non-optimal design architecture
Related violations: <none>

TIMING-16#999 Warning
Large setup violation  
There is a large setup violation of -8.913 ns between swervolf/rvtop/veer/ifu/aln/bundle1ff/dout_reg[4]/C (clocked by clk_core) and swervolf/rvtop/mem/icache.icm/ic_data_inst/PACKED_1.BANKS_WAY[0].ECC0.size_256.WAYS.ic_bank_sb_way_data/ram_core_reg_0_255_13_13/RAMS64E_C/WE (clocked by clk_core). Large setup violations at the end of those stages might be difficult to fix during the post-placement implementation flow and could be the result of non-optimal XDC constraints or non-optimal design architecture
Related violations: <none>

TIMING-16#1000 Warning
Large setup violation  
There is a large setup violation of -8.913 ns between swervolf/rvtop/veer/ifu/aln/bundle1ff/dout_reg[4]/C (clocked by clk_core) and swervolf/rvtop/mem/icache.icm/ic_data_inst/PACKED_1.BANKS_WAY[0].ECC0.size_256.WAYS.ic_bank_sb_way_data/ram_core_reg_0_255_13_13/RAMS64E_D/WE (clocked by clk_core). Large setup violations at the end of those stages might be difficult to fix during the post-placement implementation flow and could be the result of non-optimal XDC constraints or non-optimal design architecture
Related violations: <none>

TIMING-18#1 Warning
Missing input or output delay  
An input delay is missing on i_uart_rx relative to the rising and/or falling clock edge(s) of sys_clk_pin.
Related violations: <none>

TIMING-18#2 Warning
Missing input or output delay  
An input delay is missing on rstn relative to the rising and/or falling clock edge(s) of sys_clk_pin.
Related violations: <none>

TIMING-18#3 Warning
Missing input or output delay  
An output delay is missing on ddram_dq[0] relative to the rising and/or falling clock edge(s) of sys_clk_pin.
Related violations: <none>

TIMING-18#4 Warning
Missing input or output delay  
An output delay is missing on ddram_dq[10] relative to the rising and/or falling clock edge(s) of sys_clk_pin.
Related violations: <none>

TIMING-18#5 Warning
Missing input or output delay  
An output delay is missing on ddram_dq[11] relative to the rising and/or falling clock edge(s) of sys_clk_pin.
Related violations: <none>

TIMING-18#6 Warning
Missing input or output delay  
An output delay is missing on ddram_dq[12] relative to the rising and/or falling clock edge(s) of sys_clk_pin.
Related violations: <none>

TIMING-18#7 Warning
Missing input or output delay  
An output delay is missing on ddram_dq[13] relative to the rising and/or falling clock edge(s) of sys_clk_pin.
Related violations: <none>

TIMING-18#8 Warning
Missing input or output delay  
An output delay is missing on ddram_dq[14] relative to the rising and/or falling clock edge(s) of sys_clk_pin.
Related violations: <none>

TIMING-18#9 Warning
Missing input or output delay  
An output delay is missing on ddram_dq[15] relative to the rising and/or falling clock edge(s) of sys_clk_pin.
Related violations: <none>

TIMING-18#10 Warning
Missing input or output delay  
An output delay is missing on ddram_dq[1] relative to the rising and/or falling clock edge(s) of sys_clk_pin.
Related violations: <none>

TIMING-18#11 Warning
Missing input or output delay  
An output delay is missing on ddram_dq[2] relative to the rising and/or falling clock edge(s) of sys_clk_pin.
Related violations: <none>

TIMING-18#12 Warning
Missing input or output delay  
An output delay is missing on ddram_dq[3] relative to the rising and/or falling clock edge(s) of sys_clk_pin.
Related violations: <none>

TIMING-18#13 Warning
Missing input or output delay  
An output delay is missing on ddram_dq[4] relative to the rising and/or falling clock edge(s) of sys_clk_pin.
Related violations: <none>

TIMING-18#14 Warning
Missing input or output delay  
An output delay is missing on ddram_dq[5] relative to the rising and/or falling clock edge(s) of sys_clk_pin.
Related violations: <none>

TIMING-18#15 Warning
Missing input or output delay  
An output delay is missing on ddram_dq[6] relative to the rising and/or falling clock edge(s) of sys_clk_pin.
Related violations: <none>

TIMING-18#16 Warning
Missing input or output delay  
An output delay is missing on ddram_dq[7] relative to the rising and/or falling clock edge(s) of sys_clk_pin.
Related violations: <none>

TIMING-18#17 Warning
Missing input or output delay  
An output delay is missing on ddram_dq[8] relative to the rising and/or falling clock edge(s) of sys_clk_pin.
Related violations: <none>

TIMING-18#18 Warning
Missing input or output delay  
An output delay is missing on ddram_dq[9] relative to the rising and/or falling clock edge(s) of sys_clk_pin.
Related violations: <none>

TIMING-18#19 Warning
Missing input or output delay  
An output delay is missing on ddram_dqs_n[0] relative to the rising and/or falling clock edge(s) of sys_clk_pin.
Related violations: <none>

TIMING-18#20 Warning
Missing input or output delay  
An output delay is missing on ddram_dqs_n[1] relative to the rising and/or falling clock edge(s) of sys_clk_pin.
Related violations: <none>

TIMING-18#21 Warning
Missing input or output delay  
An output delay is missing on ddram_dqs_p[0] relative to the rising and/or falling clock edge(s) of sys_clk_pin.
Related violations: <none>

TIMING-18#22 Warning
Missing input or output delay  
An output delay is missing on ddram_dqs_p[1] relative to the rising and/or falling clock edge(s) of sys_clk_pin.
Related violations: <none>

TIMING-20#1 Warning
Non-clocked latch  
The latch swervolf/ledPwm/wishbone_agent/FSM_onehot_nextState_reg[0] cannot be properly analyzed as its control pin swervolf/ledPwm/wishbone_agent/FSM_onehot_nextState_reg[0]/G is not reached by a timing clock
Related violations: <none>

TIMING-20#2 Warning
Non-clocked latch  
The latch swervolf/ledPwm/wishbone_agent/FSM_onehot_nextState_reg[1] cannot be properly analyzed as its control pin swervolf/ledPwm/wishbone_agent/FSM_onehot_nextState_reg[1]/G is not reached by a timing clock
Related violations: <none>

TIMING-20#3 Warning
Non-clocked latch  
The latch swervolf/ledPwm/wishbone_agent/FSM_onehot_nextState_reg[2] cannot be properly analyzed as its control pin swervolf/ledPwm/wishbone_agent/FSM_onehot_nextState_reg[2]/G is not reached by a timing clock
Related violations: <none>

TIMING-20#4 Warning
Non-clocked latch  
The latch swervolf/myVga/vgaAgent/FSM_onehot_nextState_reg[0] cannot be properly analyzed as its control pin swervolf/myVga/vgaAgent/FSM_onehot_nextState_reg[0]/G is not reached by a timing clock
Related violations: <none>

TIMING-20#5 Warning
Non-clocked latch  
The latch swervolf/myVga/vgaAgent/FSM_onehot_nextState_reg[1] cannot be properly analyzed as its control pin swervolf/myVga/vgaAgent/FSM_onehot_nextState_reg[1]/G is not reached by a timing clock
Related violations: <none>

TIMING-20#6 Warning
Non-clocked latch  
The latch swervolf/myVga/vgaAgent/FSM_onehot_nextState_reg[2] cannot be properly analyzed as its control pin swervolf/myVga/vgaAgent/FSM_onehot_nextState_reg[2]/G is not reached by a timing clock
Related violations: <none>

LATCH-1#1 Advisory
Existing latches in the design  
There are 6 latches found in the design. Inferred latches are often the result of HDL coding mistakes, such as incomplete if or case statements.
Related violations: <none>

REQP-1959#1 Advisory
connects_SERDES_RST_driver_not_FF  
ddr2/ldc/ISERDESE2: The RST pin should only be driven by a Flip-flop.
Related violations: <none>

REQP-1959#2 Advisory
connects_SERDES_RST_driver_not_FF  
ddr2/ldc/ISERDESE2_10: The RST pin should only be driven by a Flip-flop.
Related violations: <none>

REQP-1959#3 Advisory
connects_SERDES_RST_driver_not_FF  
ddr2/ldc/ISERDESE2_11: The RST pin should only be driven by a Flip-flop.
Related violations: <none>

REQP-1959#4 Advisory
connects_SERDES_RST_driver_not_FF  
ddr2/ldc/ISERDESE2_12: The RST pin should only be driven by a Flip-flop.
Related violations: <none>

REQP-1959#5 Advisory
connects_SERDES_RST_driver_not_FF  
ddr2/ldc/ISERDESE2_13: The RST pin should only be driven by a Flip-flop.
Related violations: <none>

REQP-1959#6 Advisory
connects_SERDES_RST_driver_not_FF  
ddr2/ldc/ISERDESE2_14: The RST pin should only be driven by a Flip-flop.
Related violations: <none>

REQP-1959#7 Advisory
connects_SERDES_RST_driver_not_FF  
ddr2/ldc/ISERDESE2_15: The RST pin should only be driven by a Flip-flop.
Related violations: <none>

REQP-1959#8 Advisory
connects_SERDES_RST_driver_not_FF  
ddr2/ldc/ISERDESE2_1: The RST pin should only be driven by a Flip-flop.
Related violations: <none>

REQP-1959#9 Advisory
connects_SERDES_RST_driver_not_FF  
ddr2/ldc/ISERDESE2_2: The RST pin should only be driven by a Flip-flop.
Related violations: <none>

REQP-1959#10 Advisory
connects_SERDES_RST_driver_not_FF  
ddr2/ldc/ISERDESE2_3: The RST pin should only be driven by a Flip-flop.
Related violations: <none>

REQP-1959#11 Advisory
connects_SERDES_RST_driver_not_FF  
ddr2/ldc/ISERDESE2_4: The RST pin should only be driven by a Flip-flop.
Related violations: <none>

REQP-1959#12 Advisory
connects_SERDES_RST_driver_not_FF  
ddr2/ldc/ISERDESE2_5: The RST pin should only be driven by a Flip-flop.
Related violations: <none>

REQP-1959#13 Advisory
connects_SERDES_RST_driver_not_FF  
ddr2/ldc/ISERDESE2_6: The RST pin should only be driven by a Flip-flop.
Related violations: <none>

REQP-1959#14 Advisory
connects_SERDES_RST_driver_not_FF  
ddr2/ldc/ISERDESE2_7: The RST pin should only be driven by a Flip-flop.
Related violations: <none>

REQP-1959#15 Advisory
connects_SERDES_RST_driver_not_FF  
ddr2/ldc/ISERDESE2_8: The RST pin should only be driven by a Flip-flop.
Related violations: <none>

REQP-1959#16 Advisory
connects_SERDES_RST_driver_not_FF  
ddr2/ldc/ISERDESE2_9: The RST pin should only be driven by a Flip-flop.
Related violations: <none>


